scope,scope_value,index,position_group,bin,bin_lo,bin_hi,throws,bats,batters,pa_sum,index_mean,index_sd
all,all,run_value,P,q1,,0.10504,L,L,0,0,,
all,all,run_value,P,q1,,0.10504,L,R,0,0,,
all,all,run_value,P,q1,,0.10504,L,S,0,0,,
all,all,run_value,P,q1,,0.10504,R,L,0,0,,
all,all,run_value,P,q1,,0.10504,R,R,0,0,,
all,all,run_value,P,q1,,0.10504,R,S,0,0,,
all,all,run_value,P,q2,0.10504,0.13377,L,L,0,0,,
all,all,run_value,P,q2,0.10504,0.13377,L,R,0,0,,
all,all,run_value,P,q2,0.10504,0.13377,L,S,0,0,,
all,all,run_value,P,q2,0.10504,0.13377,R,L,0,0,,
all,all,run_value,P,q2,0.10504,0.13377,R,R,0,0,,
all,all,run_value,P,q2,0.10504,0.13377,R,S,0,0,,
all,all,run_value,P,q3,0.13377,0.16298,L,L,0,0,,
all,all,run_value,P,q3,0.13377,0.16298,L,R,0,0,,
all,all,run_value,P,q3,0.13377,0.16298,L,S,0,0,,
all,all,run_value,P,q3,0.13377,0.16298,R,L,0,0,,
all,all,run_value,P,q3,0.13377,0.16298,R,R,0,0,,
all,all,run_value,P,q3,0.13377,0.16298,R,S,0,0,,
all,all,run_value,P,q4,0.16298,0.19496,L,L,0,0,,
all,all,run_value,P,q4,0.16298,0.19496,L,R,0,0,,
all,all,run_value,P,q4,0.16298,0.19496,L,S,0,0,,
all,all,run_value,P,q4,0.16298,0.19496,R,L,0,0,,
all,all,run_value,P,q4,0.16298,0.19496,R,R,0,0,,
all,all,run_value,P,q4,0.16298,0.19496,R,S,0,0,,
all,all,run_value,P,q5,0.19496,,L,L,0,0,,
all,all,run_value,P,q5,0.19496,,L,R,0,0,,
all,all,run_value,P,q5,0.19496,,L,S,0,0,,
all,all,run_value,P,q5,0.19496,,R,L,0,0,,
all,all,run_value,P,q5,0.19496,,R,R,0,0,,
all,all,run_value,P,q5,0.19496,,R,S,0,0,,
all,all,run_value,P,lt50,,,L,L,4,17,,
all,all,run_value,P,lt50,,,L,R,1,6,,
all,all,run_value,P,lt50,,,L,S,0,0,,
all,all,run_value,P,lt50,,,R,L,0,0,,
all,all,run_value,P,lt50,,,R,R,13,71,0.02813,0.29081
all,all,run_value,P,lt50,,,R,S,0,0,,
all,all,run_value,C,q1,,0.10504,L,L,0,0,,
all,all,run_value,C,q1,,0.10504,L,R,0,0,,
all,all,run_value,C,q1,,0.10504,L,S,0,0,,
all,all,run_value,C,q1,,0.10504,R,L,9,786,0.07608,0.02055
all,all,run_value,C,q1,,0.10504,R,R,10,847,0.07069,0.02146
all,all,run_value,C,q1,,0.10504,R,S,0,0,,
all,all,run_value,C,q2,0.10504,0.13377,L,L,0,0,,
all,all,run_value,C,q2,0.10504,0.13377,L,R,0,0,,
all,all,run_value,C,q2,0.10504,0.13377,L,S,0,0,,
all,all,run_value,C,q2,0.10504,0.13377,R,L,7,745,0.11358,0.00926
all,all,run_value,C,q2,0.10504,0.13377,R,R,9,979,0.12106,0.00714
all,all,run_value,C,q2,0.10504,0.13377,R,S,3,496,,
all,all,run_value,C,q3,0.13377,0.16298,L,L,0,0,,
all,all,run_value,C,q3,0.13377,0.16298,L,R,0,0,,
all,all,run_value,C,q3,0.13377,0.16298,L,S,0,0,,
all,all,run_value,C,q3,0.13377,0.16298,R,L,7,864,0.1456,0.00592
all,all,run_value,C,q3,0.13377,0.16298,R,R,9,1076,0.14563,0.0073
all,all,run_value,C,q3,0.13377,0.16298,R,S,0,0,,
all,all,run_value,C,q4,0.16298,0.19496,L,L,0,0,,
all,all,run_value,C,q4,0.16298,0.19496,L,R,0,0,,
all,all,run_value,C,q4,0.16298,0.19496,L,S,0,0,,
all,all,run_value,C,q4,0.16298,0.19496,R,L,2,259,,
all,all,run_value,C,q4,0.16298,0.19496,R,R,13,2017,0.17445,0.00771
all,all,run_value,C,q4,0.16298,0.19496,R,S,0,0,,
all,all,run_value,C,q5,0.19496,,L,L,0,0,,
all,all,run_value,C,q5,0.19496,,L,R,0,0,,
all,all,run_value,C,q5,0.19496,,L,S,0,0,,
all,all,run_value,C,q5,0.19496,,R,L,4,357,,
all,all,run_value,C,q5,0.19496,,R,R,15,2442,0.21566,0.02045
all,all,run_value,C,q5,0.19496,,R,S,1,55,,
all,all,run_value,C,lt50,,,L,L,0,0,,
all,all,run_value,C,lt50,,,L,R,0,0,,
all,all,run_value,C,lt50,,,L,S,0,0,,
all,all,run_value,C,lt50,,,R,L,67,873,0.09751,0.18094
all,all,run_value,C,lt50,,,R,R,341,4193,0.06801,0.17323
all,all,run_value,C,lt50,,,R,S,21,290,0.05473,0.15097
all,all,run_value,1B,q1,,0.10504,L,L,0,0,,
all,all,run_value,1B,q1,,0.10504,L,R,0,0,,
all,all,run_value,1B,q1,,0.10504,L,S,0,0,,
all,all,run_value,1B,q1,,0.10504,R,L,1,51,,
all,all,run_value,1B,q1,,0.10504,R,R,0,0,,
all,all,run_value,1B,q1,,0.10504,R,S,0,0,,
all,all,run_value,1B,q2,0.10504,0.13377,L,L,1,212,,
all,all,run_value,1B,q2,0.10504,0.13377,L,R,0,0,,
all,all,run_value,1B,q2,0.10504,0.13377,L,S,0,0,,
all,all,run_value,1B,q2,0.10504,0.13377,R,L,2,198,,
all,all,run_value,1B,q2,0.10504,0.13377,R,R,0,0,,
all,all,run_value,1B,q2,0.10504,0.13377,R,S,0,0,,
all,all,run_value,1B,q3,0.13377,0.16298,L,L,1,69,,
all,all,run_value,1B,q3,0.13377,0.16298,L,R,2,149,,
all,all,run_value,1B,q3,0.13377,0.16298,L,S,0,0,,
all,all,run_value,1B,q3,0.13377,0.16298,R,L,1,236,,
all,all,run_value,1B,q3,0.13377,0.16298,R,R,0,0,,
all,all,run_value,1B,q3,0.13377,0.16298,R,S,0,0,,
all,all,run_value,1B,q4,0.16298,0.19496,L,L,0,0,,
all,all,run_value,1B,q4,0.16298,0.19496,L,R,0,0,,
all,all,run_value,1B,q4,0.16298,0.19496,L,S,1,52,,
all,all,run_value,1B,q4,0.16298,0.19496,R,L,2,382,,
all,all,run_value,1B,q4,0.16298,0.19496,R,R,1,108,,
all,all,run_value,1B,q4,0.16298,0.19496,R,S,0,0,,
all,all,run_value,1B,q5,0.19496,,L,L,1,58,,
all,all,run_value,1B,q5,0.19496,,L,R,0,0,,
all,all,run_value,1B,q5,0.19496,,L,S,0,0,,
all,all,run_value,1B,q5,0.19496,,R,L,4,585,,
all,all,run_value,1B,q5,0.19496,,R,R,2,379,,
all,all,run_value,1B,q5,0.19496,,R,S,0,0,,
all,all,run_value,1B,lt50,,,L,L,25,372,0.13928,0.18556
all,all,run_value,1B,lt50,,,L,R,0,0,,
all,all,run_value,1B,lt50,,,L,S,0,0,,
all,all,run_value,1B,lt50,,,R,L,13,236,0.15557,0.17655
all,all,run_value,1B,lt50,,,R,R,35,421,0.07301,0.22196
all,all,run_value,1B,lt50,,,R,S,2,41,,
all,all,run_value,IF,q1,,0.10504,L,L,1,55,,
all,all,run_value,IF,q1,,0.10504,L,R,0,0,,
all,all,run_value,IF,q1,,0.10504,L,S,0,0,,
all,all,run_value,IF,q1,,0.10504,R,L,21,2215,0.07662,0.02525
all,all,run_value,IF,q1,,0.10504,R,R,38,3735,0.07847,0.02844
all,all,run_value,IF,q1,,0.10504,R,S,5,424,0.08649,0.0168
all,all,run_value,IF,q2,0.10504,0.13377,L,L,1,141,,
all,all,run_value,IF,q2,0.10504,0.13377,L,R,0,0,,
all,all,run_value,IF,q2,0.10504,0.13377,L,S,0,0,,
all,all,run_value,IF,q2,0.10504,0.13377,R,L,21,2175,0.12351,0.00809
all,all,run_value,IF,q2,0.10504,0.13377,R,R,32,4700,0.12023,0.0083
all,all,run_value,IF,q2,0.10504,0.13377,R,S,3,390,,
all,all,run_value,IF,q3,0.13377,0.16298,L,L,1,173,,
all,all,run_value,IF,q3,0.13377,0.16298,L,R,0,0,,
all,all,run_value,IF,q3,0.13377,0.16298,L,S,0,0,,
all,all,run_value,IF,q3,0.13377,0.16298,R,L,20,3028,0.14845,0.00836
all,all,run_value,IF,q3,0.13377,0.16298,R,R,31,3971,0.14671,0.00847
all,all,run_value,IF,q3,0.13377,0.16298,R,S,1,201,,
all,all,run_value,IF,q4,0.16298,0.19496,L,L,3,720,,
all,all,run_value,IF,q4,0.16298,0.19496,L,R,1,66,,
all,all,run_value,IF,q4,0.16298,0.19496,L,S,1,178,,
all,all,run_value,IF,q4,0.16298,0.19496,R,L,15,2737,0.18033,0.0089
all,all,run_value,IF,q4,0.16298,0.19496,R,R,26,4203,0.17952,0.00885
all,all,run_value,IF,q4,0.16298,0.19496,R,S,5,996,0.17474,0.01185
all,all,run_value,IF,q5,0.19496,,L,L,2,348,,
all,all,run_value,IF,q5,0.19496,,L,R,0,0,,
all,all,run_value,IF,q5,0.19496,,L,S,0,0,,
all,all,run_value,IF,q5,0.19496,,R,L,11,1521,0.23259,0.02524
all,all,run_value,IF,q5,0.19496,,R,R,36,6350,0.23085,0.03201
all,all,run_value,IF,q5,0.19496,,R,S,2,371,,
all,all,run_value,IF,lt50,,,L,L,28,327,0.11344,0.1746
all,all,run_value,IF,lt50,,,L,R,0,0,,
all,all,run_value,IF,lt50,,,L,S,0,0,,
all,all,run_value,IF,lt50,,,R,L,212,3547,0.07383,0.14715
all,all,run_value,IF,lt50,,,R,R,622,8663,0.07722,0.16639
all,all,run_value,IF,lt50,,,R,S,46,690,0.0515,0.17132
all,all,run_value,OF,q1,,0.10504,L,L,5,581,0.07364,0.02238
all,all,run_value,OF,q1,,0.10504,L,R,0,0,,
all,all,run_value,OF,q1,,0.10504,L,S,0,0,,
all,all,run_value,OF,q1,,0.10504,R,L,7,519,0.07574,0.01033
all,all,run_value,OF,q1,,0.10504,R,R,13,1092,0.0784,0.02289
all,all,run_value,OF,q1,,0.10504,R,S,1,107,,
all,all,run_value,OF,q2,0.10504,0.13377,L,L,10,1583,0.12082,0.00796
all,all,run_value,OF,q2,0.10504,0.13377,L,R,1,239,,
all,all,run_value,OF,q2,0.10504,0.13377,L,S,0,0,,
all,all,run_value,OF,q2,0.10504,0.13377,R,L,5,586,0.12609,0.00878
all,all,run_value,OF,q2,0.10504,0.13377,R,R,17,2450,0.12189,0.00866
all,all,run_value,OF,q2,0.10504,0.13377,R,S,0,0,,
all,all,run_value,OF,q3,0.13377,0.16298,L,L,11,1406,0.15006,0.00852
all,all,run_value,OF,q3,0.13377,0.16298,L,R,0,0,,
all,all,run_value,OF,q3,0.13377,0.16298,L,S,0,0,,
all,all,run_value,OF,q3,0.13377,0.16298,R,L,8,1144,0.14874,0.00756
all,all,run_value,OF,q3,0.13377,0.16298,R,R,17,2823,0.14809,0.01004
all,all,run_value,OF,q3,0.13377,0.16298,R,S,3,626,,
all,all,run_value,OF,q4,0.16298,0.19496,L,L,10,1986,0.1835,0.0078
all,all,run_value,OF,q4,0.16298,0.19496,L,R,1,120,,
all,all,run_value,OF,q4,0.16298,0.19496,L,S,0,0,,
all,all,run_value,OF,q4,0.16298,0.19496,R,L,15,2401,0.18307,0.00821
all,all,run_value,OF,q4,0.16298,0.19496,R,R,16,2396,0.17873,0.0093
all,all,run_value,OF,q4,0.16298,0.19496,R,S,0,0,,
all,all,run_value,OF,q5,0.19496,,L,L,13,1978,0.22192,0.02921
all,all,run_value,OF,q5,0.19496,,L,R,1,72,,
all,all,run_value,OF,q5,0.19496,,L,S,0,0,,
all,all,run_value,OF,q5,0.19496,,R,L,6,993,0.22061,0.01799
all,all,run_value,OF,q5,0.19496,,R,R,14,1629,0.22788,0.02694
all,all,run_value,OF,q5,0.19496,,R,S,1,56,,
all,all,run_value,OF,lt50,,,L,L,152,2260,0.10145,0.17845
all,all,run_value,OF,lt50,,,L,R,12,117,0.03184,0.12428
all,all,run_value,OF,lt50,,,L,S,3,68,,
all,all,run_value,OF,lt50,,,R,L,142,2033,0.0776,0.1684
all,all,run_value,OF,lt50,,,R,R,337,4508,0.0712,0.16124
all,all,run_value,OF,lt50,,,R,S,14,208,0.04108,0.1324
all,all,run_value,UT/DH,q1,,0.10504,L,L,0,0,,
all,all,run_value,UT/DH,q1,,0.10504,L,R,0,0,,
all,all,run_value,UT/DH,q1,,0.10504,L,S,0,0,,
all,all,run_value,UT/DH,q1,,0.10504,R,L,2,214,,
all,all,run_value,UT/DH,q1,,0.10504,R,R,1,75,,
all,all,run_value,UT/DH,q1,,0.10504,R,S,0,0,,
all,all,run_value,UT/DH,q2,0.10504,0.13377,L,L,0,0,,
all,all,run_value,UT/DH,q2,0.10504,0.13377,L,R,0,0,,
all,all,run_value,UT/DH,q2,0.10504,0.13377,L,S,0,0,,
all,all,run_value,UT/DH,q2,0.10504,0.13377,R,L,2,165,,
all,all,run_value,UT/DH,q2,0.10504,0.13377,R,R,2,328,,
all,all,run_value,UT/DH,q2,0.10504,0.13377,R,S,1,95,,
all,all,run_value,UT/DH,q3,0.13377,0.16298,L,L,1,238,,
all,all,run_value,UT/DH,q3,0.13377,0.16298,L,R,0,0,,
all,all,run_value,UT/DH,q3,0.13377,0.16298,L,S,0,0,,
all,all,run_value,UT/DH,q3,0.13377,0.16298,R,L,1,149,,
all,all,run_value,UT/DH,q3,0.13377,0.16298,R,R,1,220,,
all,all,run_value,UT/DH,q3,0.13377,0.16298,R,S,0,0,,
all,all,run_value,UT/DH,q4,0.16298,0.19496,L,L,1,225,,
all,all,run_value,UT/DH,q4,0.16298,0.19496,L,R,0,0,,
all,all,run_value,UT/DH,q4,0.16298,0.19496,L,S,0,0,,
all,all,run_value,UT/DH,q4,0.16298,0.19496,R,L,2,290,,
all,all,run_value,UT/DH,q4,0.16298,0.19496,R,R,1,287,,
all,all,run_value,UT/DH,q4,0.16298,0.19496,R,S,0,0,,
all,all,run_value,UT/DH,q5,0.19496,,L,L,0,0,,
all,all,run_value,UT/DH,q5,0.19496,,L,R,0,0,,
all,all,run_value,UT/DH,q5,0.19496,,L,S,0,0,,
all,all,run_value,UT/DH,q5,0.19496,,R,L,1,104,,
all,all,run_value,UT/DH,q5,0.19496,,R,R,2,403,,
all,all,run_value,UT/DH,q5,0.19496,,R,S,0,0,,
all,all,run_value,UT/DH,lt50,,,L,L,2,21,,
all,all,run_value,UT/DH,lt50,,,L,R,1,5,,
all,all,run_value,UT/DH,lt50,,,L,S,1,4,,
all,all,run_value,UT/DH,lt50,,,R,L,30,333,0.06259,0.19517
all,all,run_value,UT/DH,lt50,,,R,R,56,612,0.09772,0.21753
all,all,run_value,UT/DH,lt50,,,R,S,2,13,,
all,all,run_value,two-way,q1,,0.10504,L,L,2,143,,
all,all,run_value,two-way,q1,,0.10504,L,R,0,0,,
all,all,run_value,two-way,q1,,0.10504,L,S,0,0,,
all,all,run_value,two-way,q1,,0.10504,R,L,0,0,,
all,all,run_value,two-way,q1,,0.10504,R,R,2,284,,
all,all,run_value,two-way,q1,,0.10504,R,S,0,0,,
all,all,run_value,two-way,q2,0.10504,0.13377,L,L,0,0,,
all,all,run_value,two-way,q2,0.10504,0.13377,L,R,0,0,,
all,all,run_value,two-way,q2,0.10504,0.13377,L,S,0,0,,
all,all,run_value,two-way,q2,0.10504,0.13377,R,L,1,104,,
all,all,run_value,two-way,q2,0.10504,0.13377,R,R,0,0,,
all,all,run_value,two-way,q2,0.10504,0.13377,R,S,0,0,,
all,all,run_value,two-way,q3,0.13377,0.16298,L,L,1,198,,
all,all,run_value,two-way,q3,0.13377,0.16298,L,R,0,0,,
all,all,run_value,two-way,q3,0.13377,0.16298,L,S,0,0,,
all,all,run_value,two-way,q3,0.13377,0.16298,R,L,0,0,,
all,all,run_value,two-way,q3,0.13377,0.16298,R,R,2,272,,
all,all,run_value,two-way,q3,0.13377,0.16298,R,S,0,0,,
all,all,run_value,two-way,q4,0.16298,0.19496,L,L,2,176,,
all,all,run_value,two-way,q4,0.16298,0.19496,L,R,0,0,,
all,all,run_value,two-way,q4,0.16298,0.19496,L,S,0,0,,
all,all,run_value,two-way,q4,0.16298,0.19496,R,L,0,0,,
all,all,run_value,two-way,q4,0.16298,0.19496,R,R,0,0,,
all,all,run_value,two-way,q4,0.16298,0.19496,R,S,0,0,,
all,all,run_value,two-way,q5,0.19496,,L,L,1,87,,
all,all,run_value,two-way,q5,0.19496,,L,R,0,0,,
all,all,run_value,two-way,q5,0.19496,,L,S,0,0,,
all,all,run_value,two-way,q5,0.19496,,R,L,0,0,,
all,all,run_value,two-way,q5,0.19496,,R,R,3,557,,
all,all,run_value,two-way,q5,0.19496,,R,S,0,0,,
all,all,run_value,two-way,lt50,,,L,L,32,358,0.08307,0.19158
all,all,run_value,two-way,lt50,,,L,R,4,31,,
all,all,run_value,two-way,lt50,,,L,S,0,0,,
all,all,run_value,two-way,lt50,,,R,L,16,145,0.04046,0.20517
all,all,run_value,two-way,lt50,,,R,R,67,781,0.07505,0.18072
all,all,run_value,two-way,lt50,,,R,S,0,0,,
all,all,run_value,unknown,q1,,0.10504,L,L,1,69,,
all,all,run_value,unknown,q1,,0.10504,L,R,0,0,,
all,all,run_value,unknown,q1,,0.10504,L,S,0,0,,
all,all,run_value,unknown,q1,,0.10504,R,L,1,219,,
all,all,run_value,unknown,q1,,0.10504,R,R,1,62,,
all,all,run_value,unknown,q1,,0.10504,R,S,0,0,,
all,all,run_value,unknown,q2,0.10504,0.13377,L,L,1,176,,
all,all,run_value,unknown,q2,0.10504,0.13377,L,R,0,0,,
all,all,run_value,unknown,q2,0.10504,0.13377,L,S,0,0,,
all,all,run_value,unknown,q2,0.10504,0.13377,R,L,1,130,,
all,all,run_value,unknown,q2,0.10504,0.13377,R,R,1,134,,
all,all,run_value,unknown,q2,0.10504,0.13377,R,S,0,0,,
all,all,run_value,unknown,q3,0.13377,0.16298,L,L,0,0,,
all,all,run_value,unknown,q3,0.13377,0.16298,L,R,0,0,,
all,all,run_value,unknown,q3,0.13377,0.16298,L,S,0,0,,
all,all,run_value,unknown,q3,0.13377,0.16298,R,L,2,342,,
all,all,run_value,unknown,q3,0.13377,0.16298,R,R,1,136,,
all,all,run_value,unknown,q3,0.13377,0.16298,R,S,0,0,,
all,all,run_value,unknown,q4,0.16298,0.19496,L,L,0,0,,
all,all,run_value,unknown,q4,0.16298,0.19496,L,R,0,0,,
all,all,run_value,unknown,q4,0.16298,0.19496,L,S,0,0,,
all,all,run_value,unknown,q4,0.16298,0.19496,R,L,1,231,,
all,all,run_value,unknown,q4,0.16298,0.19496,R,R,2,398,,
all,all,run_value,unknown,q4,0.16298,0.19496,R,S,0,0,,
all,all,run_value,unknown,q5,0.19496,,L,L,0,0,,
all,all,run_value,unknown,q5,0.19496,,L,R,0,0,,
all,all,run_value,unknown,q5,0.19496,,L,S,0,0,,
all,all,run_value,unknown,q5,0.19496,,R,L,1,237,,
all,all,run_value,unknown,q5,0.19496,,R,R,0,0,,
all,all,run_value,unknown,q5,0.19496,,R,S,0,0,,
all,all,run_value,unknown,lt50,,,L,L,0,0,,
all,all,run_value,unknown,lt50,,,L,R,0,0,,
all,all,run_value,unknown,lt50,,,L,S,0,0,,
all,all,run_value,unknown,lt50,,,R,L,2,12,,
all,all,run_value,unknown,lt50,,,R,R,7,69,0.10005,0.09774
all,all,run_value,unknown,lt50,,,R,S,1,5,,
tier,low,run_value,P,q1,,0.10504,L,L,0,0,,
tier,low,run_value,P,q1,,0.10504,L,R,0,0,,
tier,low,run_value,P,q1,,0.10504,L,S,0,0,,
tier,low,run_value,P,q1,,0.10504,R,L,0,0,,
tier,low,run_value,P,q1,,0.10504,R,R,0,0,,
tier,low,run_value,P,q1,,0.10504,R,S,0,0,,
tier,low,run_value,P,q2,0.10504,0.13377,L,L,0,0,,
tier,low,run_value,P,q2,0.10504,0.13377,L,R,0,0,,
tier,low,run_value,P,q2,0.10504,0.13377,L,S,0,0,,
tier,low,run_value,P,q2,0.10504,0.13377,R,L,0,0,,
tier,low,run_value,P,q2,0.10504,0.13377,R,R,0,0,,
tier,low,run_value,P,q2,0.10504,0.13377,R,S,0,0,,
tier,low,run_value,P,q3,0.13377,0.16298,L,L,0,0,,
tier,low,run_value,P,q3,0.13377,0.16298,L,R,0,0,,
tier,low,run_value,P,q3,0.13377,0.16298,L,S,0,0,,
tier,low,run_value,P,q3,0.13377,0.16298,R,L,0,0,,
tier,low,run_value,P,q3,0.13377,0.16298,R,R,0,0,,
tier,low,run_value,P,q3,0.13377,0.16298,R,S,0,0,,
tier,low,run_value,P,q4,0.16298,0.19496,L,L,0,0,,
tier,low,run_value,P,q4,0.16298,0.19496,L,R,0,0,,
tier,low,run_value,P,q4,0.16298,0.19496,L,S,0,0,,
tier,low,run_value,P,q4,0.16298,0.19496,R,L,0,0,,
tier,low,run_value,P,q4,0.16298,0.19496,R,R,0,0,,
tier,low,run_value,P,q4,0.16298,0.19496,R,S,0,0,,
tier,low,run_value,P,q5,0.19496,,L,L,0,0,,
tier,low,run_value,P,q5,0.19496,,L,R,0,0,,
tier,low,run_value,P,q5,0.19496,,L,S,0,0,,
tier,low,run_value,P,q5,0.19496,,R,L,0,0,,
tier,low,run_value,P,q5,0.19496,,R,R,0,0,,
tier,low,run_value,P,q5,0.19496,,R,S,0,0,,
tier,low,run_value,P,lt50,,,L,L,2,3,,
tier,low,run_value,P,lt50,,,L,R,0,0,,
tier,low,run_value,P,lt50,,,L,S,0,0,,
tier,low,run_value,P,lt50,,,R,L,0,0,,
tier,low,run_value,P,lt50,,,R,R,2,10,,
tier,low,run_value,P,lt50,,,R,S,0,0,,
tier,low,run_value,C,q1,,0.10504,L,L,0,0,,
tier,low,run_value,C,q1,,0.10504,L,R,0,0,,
tier,low,run_value,C,q1,,0.10504,L,S,0,0,,
tier,low,run_value,C,q1,,0.10504,R,L,0,0,,
tier,low,run_value,C,q1,,0.10504,R,R,1,50,,
tier,low,run_value,C,q1,,0.10504,R,S,0,0,,
tier,low,run_value,C,q2,0.10504,0.13377,L,L,0,0,,
tier,low,run_value,C,q2,0.10504,0.13377,L,R,0,0,,
tier,low,run_value,C,q2,0.10504,0.13377,L,S,0,0,,
tier,low,run_value,C,q2,0.10504,0.13377,R,L,0,0,,
tier,low,run_value,C,q2,0.10504,0.13377,R,R,0,0,,
tier,low,run_value,C,q2,0.10504,0.13377,R,S,0,0,,
tier,low,run_value,C,q3,0.13377,0.16298,L,L,0,0,,
tier,low,run_value,C,q3,0.13377,0.16298,L,R,0,0,,
tier,low,run_value,C,q3,0.13377,0.16298,L,S,0,0,,
tier,low,run_value,C,q3,0.13377,0.16298,R,L,0,0,,
tier,low,run_value,C,q3,0.13377,0.16298,R,R,0,0,,
tier,low,run_value,C,q3,0.13377,0.16298,R,S,0,0,,
tier,low,run_value,C,q4,0.16298,0.19496,L,L,0,0,,
tier,low,run_value,C,q4,0.16298,0.19496,L,R,0,0,,
tier,low,run_value,C,q4,0.16298,0.19496,L,S,0,0,,
tier,low,run_value,C,q4,0.16298,0.19496,R,L,0,0,,
tier,low,run_value,C,q4,0.16298,0.19496,R,R,0,0,,
tier,low,run_value,C,q4,0.16298,0.19496,R,S,0,0,,
tier,low,run_value,C,q5,0.19496,,L,L,0,0,,
tier,low,run_value,C,q5,0.19496,,L,R,0,0,,
tier,low,run_value,C,q5,0.19496,,L,S,0,0,,
tier,low,run_value,C,q5,0.19496,,R,L,0,0,,
tier,low,run_value,C,q5,0.19496,,R,R,0,0,,
tier,low,run_value,C,q5,0.19496,,R,S,0,0,,
tier,low,run_value,C,lt50,,,L,L,0,0,,
tier,low,run_value,C,lt50,,,L,R,0,0,,
tier,low,run_value,C,lt50,,,L,S,0,0,,
tier,low,run_value,C,lt50,,,R,L,14,118,0.07929,0.21446
tier,low,run_value,C,lt50,,,R,R,91,755,0.03358,0.16068
tier,low,run_value,C,lt50,,,R,S,4,44,,
tier,low,run_value,1B,q1,,0.10504,L,L,0,0,,
tier,low,run_value,1B,q1,,0.10504,L,R,0,0,,
tier,low,run_value,1B,q1,,0.10504,L,S,0,0,,
tier,low,run_value,1B,q1,,0.10504,R,L,0,0,,
tier,low,run_value,1B,q1,,0.10504,R,R,0,0,,
tier,low,run_value,1B,q1,,0.10504,R,S,0,0,,
tier,low,run_value,1B,q2,0.10504,0.13377,L,L,0,0,,
tier,low,run_value,1B,q2,0.10504,0.13377,L,R,0,0,,
tier,low,run_value,1B,q2,0.10504,0.13377,L,S,0,0,,
tier,low,run_value,1B,q2,0.10504,0.13377,R,L,0,0,,
tier,low,run_value,1B,q2,0.10504,0.13377,R,R,0,0,,
tier,low,run_value,1B,q2,0.10504,0.13377,R,S,0,0,,
tier,low,run_value,1B,q3,0.13377,0.16298,L,L,0,0,,
tier,low,run_value,1B,q3,0.13377,0.16298,L,R,0,0,,
tier,low,run_value,1B,q3,0.13377,0.16298,L,S,0,0,,
tier,low,run_value,1B,q3,0.13377,0.16298,R,L,0,0,,
tier,low,run_value,1B,q3,0.13377,0.16298,R,R,0,0,,
tier,low,run_value,1B,q3,0.13377,0.16298,R,S,0,0,,
tier,low,run_value,1B,q4,0.16298,0.19496,L,L,0,0,,
tier,low,run_value,1B,q4,0.16298,0.19496,L,R,0,0,,
tier,low,run_value,1B,q4,0.16298,0.19496,L,S,0,0,,
tier,low,run_value,1B,q4,0.16298,0.19496,R,L,0,0,,
tier,low,run_value,1B,q4,0.16298,0.19496,R,R,0,0,,
tier,low,run_value,1B,q4,0.16298,0.19496,R,S,0,0,,
tier,low,run_value,1B,q5,0.19496,,L,L,0,0,,
tier,low,run_value,1B,q5,0.19496,,L,R,0,0,,
tier,low,run_value,1B,q5,0.19496,,L,S,0,0,,
tier,low,run_value,1B,q5,0.19496,,R,L,0,0,,
tier,low,run_value,1B,q5,0.19496,,R,R,0,0,,
tier,low,run_value,1B,q5,0.19496,,R,S,0,0,,
tier,low,run_value,1B,lt50,,,L,L,4,48,,
tier,low,run_value,1B,lt50,,,L,R,0,0,,
tier,low,run_value,1B,lt50,,,L,S,0,0,,
tier,low,run_value,1B,lt50,,,R,L,3,33,,
tier,low,run_value,1B,lt50,,,R,R,7,66,0.23332,0.3085
tier,low,run_value,1B,lt50,,,R,S,1,4,,
tier,low,run_value,IF,q1,,0.10504,L,L,0,0,,
tier,low,run_value,IF,q1,,0.10504,L,R,0,0,,
tier,low,run_value,IF,q1,,0.10504,L,S,0,0,,
tier,low,run_value,IF,q1,,0.10504,R,L,0,0,,
tier,low,run_value,IF,q1,,0.10504,R,R,1,51,,
tier,low,run_value,IF,q1,,0.10504,R,S,0,0,,
tier,low,run_value,IF,q2,0.10504,0.13377,L,L,0,0,,
tier,low,run_value,IF,q2,0.10504,0.13377,L,R,0,0,,
tier,low,run_value,IF,q2,0.10504,0.13377,L,S,0,0,,
tier,low,run_value,IF,q2,0.10504,0.13377,R,L,0,0,,
tier,low,run_value,IF,q2,0.10504,0.13377,R,R,0,0,,
tier,low,run_value,IF,q2,0.10504,0.13377,R,S,0,0,,
tier,low,run_value,IF,q3,0.13377,0.16298,L,L,0,0,,
tier,low,run_value,IF,q3,0.13377,0.16298,L,R,0,0,,
tier,low,run_value,IF,q3,0.13377,0.16298,L,S,0,0,,
tier,low,run_value,IF,q3,0.13377,0.16298,R,L,0,0,,
tier,low,run_value,IF,q3,0.13377,0.16298,R,R,0,0,,
tier,low,run_value,IF,q3,0.13377,0.16298,R,S,0,0,,
tier,low,run_value,IF,q4,0.16298,0.19496,L,L,0,0,,
tier,low,run_value,IF,q4,0.16298,0.19496,L,R,0,0,,
tier,low,run_value,IF,q4,0.16298,0.19496,L,S,0,0,,
tier,low,run_value,IF,q4,0.16298,0.19496,R,L,0,0,,
tier,low,run_value,IF,q4,0.16298,0.19496,R,R,0,0,,
tier,low,run_value,IF,q4,0.16298,0.19496,R,S,0,0,,
tier,low,run_value,IF,q5,0.19496,,L,L,0,0,,
tier,low,run_value,IF,q5,0.19496,,L,R,0,0,,
tier,low,run_value,IF,q5,0.19496,,L,S,0,0,,
tier,low,run_value,IF,q5,0.19496,,R,L,1,62,,
tier,low,run_value,IF,q5,0.19496,,R,R,0,0,,
tier,low,run_value,IF,q5,0.19496,,R,S,0,0,,
tier,low,run_value,IF,lt50,,,L,L,10,61,0.12996,0.20633
tier,low,run_value,IF,lt50,,,L,R,0,0,,
tier,low,run_value,IF,lt50,,,L,S,0,0,,
tier,low,run_value,IF,lt50,,,R,L,51,606,0.08576,0.16194
tier,low,run_value,IF,lt50,,,R,R,171,1676,0.05706,0.18
tier,low,run_value,IF,lt50,,,R,S,10,94,-0.02383,0.13938
tier,low,run_value,OF,q1,,0.10504,L,L,0,0,,
tier,low,run_value,OF,q1,,0.10504,L,R,0,0,,
tier,low,run_value,OF,q1,,0.10504,L,S,0,0,,
tier,low,run_value,OF,q1,,0.10504,R,L,0,0,,
tier,low,run_value,OF,q1,,0.10504,R,R,0,0,,
tier,low,run_value,OF,q1,,0.10504,R,S,0,0,,
tier,low,run_value,OF,q2,0.10504,0.13377,L,L,0,0,,
tier,low,run_value,OF,q2,0.10504,0.13377,L,R,0,0,,
tier,low,run_value,OF,q2,0.10504,0.13377,L,S,0,0,,
tier,low,run_value,OF,q2,0.10504,0.13377,R,L,0,0,,
tier,low,run_value,OF,q2,0.10504,0.13377,R,R,0,0,,
tier,low,run_value,OF,q2,0.10504,0.13377,R,S,0,0,,
tier,low,run_value,OF,q3,0.13377,0.16298,L,L,0,0,,
tier,low,run_value,OF,q3,0.13377,0.16298,L,R,0,0,,
tier,low,run_value,OF,q3,0.13377,0.16298,L,S,0,0,,
tier,low,run_value,OF,q3,0.13377,0.16298,R,L,0,0,,
tier,low,run_value,OF,q3,0.13377,0.16298,R,R,0,0,,
tier,low,run_value,OF,q3,0.13377,0.16298,R,S,0,0,,
tier,low,run_value,OF,q4,0.16298,0.19496,L,L,0,0,,
tier,low,run_value,OF,q4,0.16298,0.19496,L,R,0,0,,
tier,low,run_value,OF,q4,0.16298,0.19496,L,S,0,0,,
tier,low,run_value,OF,q4,0.16298,0.19496,R,L,0,0,,
tier,low,run_value,OF,q4,0.16298,0.19496,R,R,0,0,,
tier,low,run_value,OF,q4,0.16298,0.19496,R,S,0,0,,
tier,low,run_value,OF,q5,0.19496,,L,L,1,61,,
tier,low,run_value,OF,q5,0.19496,,L,R,0,0,,
tier,low,run_value,OF,q5,0.19496,,L,S,0,0,,
tier,low,run_value,OF,q5,0.19496,,R,L,0,0,,
tier,low,run_value,OF,q5,0.19496,,R,R,1,51,,
tier,low,run_value,OF,q5,0.19496,,R,S,0,0,,
tier,low,run_value,OF,lt50,,,L,L,30,295,0.09688,0.20089
tier,low,run_value,OF,lt50,,,L,R,1,9,,
tier,low,run_value,OF,lt50,,,L,S,0,0,,
tier,low,run_value,OF,lt50,,,R,L,36,345,0.08679,0.15503
tier,low,run_value,OF,lt50,,,R,R,113,1031,0.04926,0.16611
tier,low,run_value,OF,lt50,,,R,S,1,9,,
tier,low,run_value,UT/DH,q1,,0.10504,L,L,0,0,,
tier,low,run_value,UT/DH,q1,,0.10504,L,R,0,0,,
tier,low,run_value,UT/DH,q1,,0.10504,L,S,0,0,,
tier,low,run_value,UT/DH,q1,,0.10504,R,L,0,0,,
tier,low,run_value,UT/DH,q1,,0.10504,R,R,0,0,,
tier,low,run_value,UT/DH,q1,,0.10504,R,S,0,0,,
tier,low,run_value,UT/DH,q2,0.10504,0.13377,L,L,0,0,,
tier,low,run_value,UT/DH,q2,0.10504,0.13377,L,R,0,0,,
tier,low,run_value,UT/DH,q2,0.10504,0.13377,L,S,0,0,,
tier,low,run_value,UT/DH,q2,0.10504,0.13377,R,L,0,0,,
tier,low,run_value,UT/DH,q2,0.10504,0.13377,R,R,0,0,,
tier,low,run_value,UT/DH,q2,0.10504,0.13377,R,S,0,0,,
tier,low,run_value,UT/DH,q3,0.13377,0.16298,L,L,0,0,,
tier,low,run_value,UT/DH,q3,0.13377,0.16298,L,R,0,0,,
tier,low,run_value,UT/DH,q3,0.13377,0.16298,L,S,0,0,,
tier,low,run_value,UT/DH,q3,0.13377,0.16298,R,L,0,0,,
tier,low,run_value,UT/DH,q3,0.13377,0.16298,R,R,0,0,,
tier,low,run_value,UT/DH,q3,0.13377,0.16298,R,S,0,0,,
tier,low,run_value,UT/DH,q4,0.16298,0.19496,L,L,0,0,,
tier,low,run_value,UT/DH,q4,0.16298,0.19496,L,R,0,0,,
tier,low,run_value,UT/DH,q4,0.16298,0.19496,L,S,0,0,,
tier,low,run_value,UT/DH,q4,0.16298,0.19496,R,L,0,0,,
tier,low,run_value,UT/DH,q4,0.16298,0.19496,R,R,0,0,,
tier,low,run_value,UT/DH,q4,0.16298,0.19496,R,S,0,0,,
tier,low,run_value,UT/DH,q5,0.19496,,L,L,0,0,,
tier,low,run_value,UT/DH,q5,0.19496,,L,R,0,0,,
tier,low,run_value,UT/DH,q5,0.19496,,L,S,0,0,,
tier,low,run_value,UT/DH,q5,0.19496,,R,L,0,0,,
tier,low,run_value,UT/DH,q5,0.19496,,R,R,0,0,,
tier,low,run_value,UT/DH,q5,0.19496,,R,S,0,0,,
tier,low,run_value,UT/DH,lt50,,,L,L,1,20,,
tier,low,run_value,UT/DH,lt50,,,L,R,0,0,,
tier,low,run_value,UT/DH,lt50,,,L,S,0,0,,
tier,low,run_value,UT/DH,lt50,,,R,L,9,98,0.06874,0.20225
tier,low,run_value,UT/DH,lt50,,,R,R,15,147,0.10166,0.22395
tier,low,run_value,UT/DH,lt50,,,R,S,0,0,,
tier,low,run_value,two-way,q1,,0.10504,L,L,0,0,,
tier,low,run_value,two-way,q1,,0.10504,L,R,0,0,,
tier,low,run_value,two-way,q1,,0.10504,L,S,0,0,,
tier,low,run_value,two-way,q1,,0.10504,R,L,0,0,,
tier,low,run_value,two-way,q1,,0.10504,R,R,0,0,,
tier,low,run_value,two-way,q1,,0.10504,R,S,0,0,,
tier,low,run_value,two-way,q2,0.10504,0.13377,L,L,0,0,,
tier,low,run_value,two-way,q2,0.10504,0.13377,L,R,0,0,,
tier,low,run_value,two-way,q2,0.10504,0.13377,L,S,0,0,,
tier,low,run_value,two-way,q2,0.10504,0.13377,R,L,0,0,,
tier,low,run_value,two-way,q2,0.10504,0.13377,R,R,0,0,,
tier,low,run_value,two-way,q2,0.10504,0.13377,R,S,0,0,,
tier,low,run_value,two-way,q3,0.13377,0.16298,L,L,0,0,,
tier,low,run_value,two-way,q3,0.13377,0.16298,L,R,0,0,,
tier,low,run_value,two-way,q3,0.13377,0.16298,L,S,0,0,,
tier,low,run_value,two-way,q3,0.13377,0.16298,R,L,0,0,,
tier,low,run_value,two-way,q3,0.13377,0.16298,R,R,0,0,,
tier,low,run_value,two-way,q3,0.13377,0.16298,R,S,0,0,,
tier,low,run_value,two-way,q4,0.16298,0.19496,L,L,0,0,,
tier,low,run_value,two-way,q4,0.16298,0.19496,L,R,0,0,,
tier,low,run_value,two-way,q4,0.16298,0.19496,L,S,0,0,,
tier,low,run_value,two-way,q4,0.16298,0.19496,R,L,0,0,,
tier,low,run_value,two-way,q4,0.16298,0.19496,R,R,0,0,,
tier,low,run_value,two-way,q4,0.16298,0.19496,R,S,0,0,,
tier,low,run_value,two-way,q5,0.19496,,L,L,0,0,,
tier,low,run_value,two-way,q5,0.19496,,L,R,0,0,,
tier,low,run_value,two-way,q5,0.19496,,L,S,0,0,,
tier,low,run_value,two-way,q5,0.19496,,R,L,0,0,,
tier,low,run_value,two-way,q5,0.19496,,R,R,0,0,,
tier,low,run_value,two-way,q5,0.19496,,R,S,0,0,,
tier,low,run_value,two-way,lt50,,,L,L,6,47,-0.01243,0.15236
tier,low,run_value,two-way,lt50,,,L,R,1,1,,
tier,low,run_value,two-way,lt50,,,L,S,0,0,,
tier,low,run_value,two-way,lt50,,,R,L,6,38,0.08171,0.21709
tier,low,run_value,two-way,lt50,,,R,R,16,124,0.13314,0.22724
tier,low,run_value,two-way,lt50,,,R,S,0,0,,
tier,low,run_value,unknown,q1,,0.10504,L,L,0,0,,
tier,low,run_value,unknown,q1,,0.10504,L,R,0,0,,
tier,low,run_value,unknown,q1,,0.10504,L,S,0,0,,
tier,low,run_value,unknown,q1,,0.10504,R,L,0,0,,
tier,low,run_value,unknown,q1,,0.10504,R,R,0,0,,
tier,low,run_value,unknown,q1,,0.10504,R,S,0,0,,
tier,low,run_value,unknown,q2,0.10504,0.13377,L,L,0,0,,
tier,low,run_value,unknown,q2,0.10504,0.13377,L,R,0,0,,
tier,low,run_value,unknown,q2,0.10504,0.13377,L,S,0,0,,
tier,low,run_value,unknown,q2,0.10504,0.13377,R,L,0,0,,
tier,low,run_value,unknown,q2,0.10504,0.13377,R,R,0,0,,
tier,low,run_value,unknown,q2,0.10504,0.13377,R,S,0,0,,
tier,low,run_value,unknown,q3,0.13377,0.16298,L,L,0,0,,
tier,low,run_value,unknown,q3,0.13377,0.16298,L,R,0,0,,
tier,low,run_value,unknown,q3,0.13377,0.16298,L,S,0,0,,
tier,low,run_value,unknown,q3,0.13377,0.16298,R,L,0,0,,
tier,low,run_value,unknown,q3,0.13377,0.16298,R,R,0,0,,
tier,low,run_value,unknown,q3,0.13377,0.16298,R,S,0,0,,
tier,low,run_value,unknown,q4,0.16298,0.19496,L,L,0,0,,
tier,low,run_value,unknown,q4,0.16298,0.19496,L,R,0,0,,
tier,low,run_value,unknown,q4,0.16298,0.19496,L,S,0,0,,
tier,low,run_value,unknown,q4,0.16298,0.19496,R,L,0,0,,
tier,low,run_value,unknown,q4,0.16298,0.19496,R,R,0,0,,
tier,low,run_value,unknown,q4,0.16298,0.19496,R,S,0,0,,
tier,low,run_value,unknown,q5,0.19496,,L,L,0,0,,
tier,low,run_value,unknown,q5,0.19496,,L,R,0,0,,
tier,low,run_value,unknown,q5,0.19496,,L,S,0,0,,
tier,low,run_value,unknown,q5,0.19496,,R,L,0,0,,
tier,low,run_value,unknown,q5,0.19496,,R,R,0,0,,
tier,low,run_value,unknown,q5,0.19496,,R,S,0,0,,
tier,low,run_value,unknown,lt50,,,L,L,0,0,,
tier,low,run_value,unknown,lt50,,,L,R,0,0,,
tier,low,run_value,unknown,lt50,,,L,S,0,0,,
tier,low,run_value,unknown,lt50,,,R,L,0,0,,
tier,low,run_value,unknown,lt50,,,R,R,5,39,0.10843,0.11839
tier,low,run_value,unknown,lt50,,,R,S,1,5,,
tier,mid,run_value,P,q1,,0.10504,L,L,0,0,,
tier,mid,run_value,P,q1,,0.10504,L,R,0,0,,
tier,mid,run_value,P,q1,,0.10504,L,S,0,0,,
tier,mid,run_value,P,q1,,0.10504,R,L,0,0,,
tier,mid,run_value,P,q1,,0.10504,R,R,0,0,,
tier,mid,run_value,P,q1,,0.10504,R,S,0,0,,
tier,mid,run_value,P,q2,0.10504,0.13377,L,L,0,0,,
tier,mid,run_value,P,q2,0.10504,0.13377,L,R,0,0,,
tier,mid,run_value,P,q2,0.10504,0.13377,L,S,0,0,,
tier,mid,run_value,P,q2,0.10504,0.13377,R,L,0,0,,
tier,mid,run_value,P,q2,0.10504,0.13377,R,R,0,0,,
tier,mid,run_value,P,q2,0.10504,0.13377,R,S,0,0,,
tier,mid,run_value,P,q3,0.13377,0.16298,L,L,0,0,,
tier,mid,run_value,P,q3,0.13377,0.16298,L,R,0,0,,
tier,mid,run_value,P,q3,0.13377,0.16298,L,S,0,0,,
tier,mid,run_value,P,q3,0.13377,0.16298,R,L,0,0,,
tier,mid,run_value,P,q3,0.13377,0.16298,R,R,0,0,,
tier,mid,run_value,P,q3,0.13377,0.16298,R,S,0,0,,
tier,mid,run_value,P,q4,0.16298,0.19496,L,L,0,0,,
tier,mid,run_value,P,q4,0.16298,0.19496,L,R,0,0,,
tier,mid,run_value,P,q4,0.16298,0.19496,L,S,0,0,,
tier,mid,run_value,P,q4,0.16298,0.19496,R,L,0,0,,
tier,mid,run_value,P,q4,0.16298,0.19496,R,R,0,0,,
tier,mid,run_value,P,q4,0.16298,0.19496,R,S,0,0,,
tier,mid,run_value,P,q5,0.19496,,L,L,0,0,,
tier,mid,run_value,P,q5,0.19496,,L,R,0,0,,
tier,mid,run_value,P,q5,0.19496,,L,S,0,0,,
tier,mid,run_value,P,q5,0.19496,,R,L,0,0,,
tier,mid,run_value,P,q5,0.19496,,R,R,0,0,,
tier,mid,run_value,P,q5,0.19496,,R,S,0,0,,
tier,mid,run_value,P,lt50,,,L,L,2,14,,
tier,mid,run_value,P,lt50,,,L,R,1,6,,
tier,mid,run_value,P,lt50,,,L,S,0,0,,
tier,mid,run_value,P,lt50,,,R,L,0,0,,
tier,mid,run_value,P,lt50,,,R,R,6,35,-0.07065,0.18915
tier,mid,run_value,P,lt50,,,R,S,0,0,,
tier,mid,run_value,C,q1,,0.10504,L,L,0,0,,
tier,mid,run_value,C,q1,,0.10504,L,R,0,0,,
tier,mid,run_value,C,q1,,0.10504,L,S,0,0,,
tier,mid,run_value,C,q1,,0.10504,R,L,5,386,0.078,0.02262
tier,mid,run_value,C,q1,,0.10504,R,R,3,274,,
tier,mid,run_value,C,q1,,0.10504,R,S,0,0,,
tier,mid,run_value,C,q2,0.10504,0.13377,L,L,0,0,,
tier,mid,run_value,C,q2,0.10504,0.13377,L,R,0,0,,
tier,mid,run_value,C,q2,0.10504,0.13377,L,S,0,0,,
tier,mid,run_value,C,q2,0.10504,0.13377,R,L,1,98,,
tier,mid,run_value,C,q2,0.10504,0.13377,R,R,1,86,,
tier,mid,run_value,C,q2,0.10504,0.13377,R,S,0,0,,
tier,mid,run_value,C,q3,0.13377,0.16298,L,L,0,0,,
tier,mid,run_value,C,q3,0.13377,0.16298,L,R,0,0,,
tier,mid,run_value,C,q3,0.13377,0.16298,L,S,0,0,,
tier,mid,run_value,C,q3,0.13377,0.16298,R,L,1,57,,
tier,mid,run_value,C,q3,0.13377,0.16298,R,R,1,175,,
tier,mid,run_value,C,q3,0.13377,0.16298,R,S,0,0,,
tier,mid,run_value,C,q4,0.16298,0.19496,L,L,0,0,,
tier,mid,run_value,C,q4,0.16298,0.19496,L,R,0,0,,
tier,mid,run_value,C,q4,0.16298,0.19496,L,S,0,0,,
tier,mid,run_value,C,q4,0.16298,0.19496,R,L,0,0,,
tier,mid,run_value,C,q4,0.16298,0.19496,R,R,5,816,0.17724,0.00867
tier,mid,run_value,C,q4,0.16298,0.19496,R,S,0,0,,
tier,mid,run_value,C,q5,0.19496,,L,L,0,0,,
tier,mid,run_value,C,q5,0.19496,,L,R,0,0,,
tier,mid,run_value,C,q5,0.19496,,L,S,0,0,,
tier,mid,run_value,C,q5,0.19496,,R,L,1,52,,
tier,mid,run_value,C,q5,0.19496,,R,R,1,226,,
tier,mid,run_value,C,q5,0.19496,,R,S,0,0,,
tier,mid,run_value,C,lt50,,,L,L,0,0,,
tier,mid,run_value,C,lt50,,,L,R,0,0,,
tier,mid,run_value,C,lt50,,,L,S,0,0,,
tier,mid,run_value,C,lt50,,,R,L,41,522,0.10125,0.18385
tier,mid,run_value,C,lt50,,,R,R,206,2576,0.08711,0.1813
tier,mid,run_value,C,lt50,,,R,S,9,141,0.05844,0.17663
tier,mid,run_value,1B,q1,,0.10504,L,L,0,0,,
tier,mid,run_value,1B,q1,,0.10504,L,R,0,0,,
tier,mid,run_value,1B,q1,,0.10504,L,S,0,0,,
tier,mid,run_value,1B,q1,,0.10504,R,L,1,51,,
tier,mid,run_value,1B,q1,,0.10504,R,R,0,0,,
tier,mid,run_value,1B,q1,,0.10504,R,S,0,0,,
tier,mid,run_value,1B,q2,0.10504,0.13377,L,L,0,0,,
tier,mid,run_value,1B,q2,0.10504,0.13377,L,R,0,0,,
tier,mid,run_value,1B,q2,0.10504,0.13377,L,S,0,0,,
tier,mid,run_value,1B,q2,0.10504,0.13377,R,L,0,0,,
tier,mid,run_value,1B,q2,0.10504,0.13377,R,R,0,0,,
tier,mid,run_value,1B,q2,0.10504,0.13377,R,S,0,0,,
tier,mid,run_value,1B,q3,0.13377,0.16298,L,L,0,0,,
tier,mid,run_value,1B,q3,0.13377,0.16298,L,R,0,0,,
tier,mid,run_value,1B,q3,0.13377,0.16298,L,S,0,0,,
tier,mid,run_value,1B,q3,0.13377,0.16298,R,L,0,0,,
tier,mid,run_value,1B,q3,0.13377,0.16298,R,R,0,0,,
tier,mid,run_value,1B,q3,0.13377,0.16298,R,S,0,0,,
tier,mid,run_value,1B,q4,0.16298,0.19496,L,L,0,0,,
tier,mid,run_value,1B,q4,0.16298,0.19496,L,R,0,0,,
tier,mid,run_value,1B,q4,0.16298,0.19496,L,S,0,0,,
tier,mid,run_value,1B,q4,0.16298,0.19496,R,L,0,0,,
tier,mid,run_value,1B,q4,0.16298,0.19496,R,R,0,0,,
tier,mid,run_value,1B,q4,0.16298,0.19496,R,S,0,0,,
tier,mid,run_value,1B,q5,0.19496,,L,L,0,0,,
tier,mid,run_value,1B,q5,0.19496,,L,R,0,0,,
tier,mid,run_value,1B,q5,0.19496,,L,S,0,0,,
tier,mid,run_value,1B,q5,0.19496,,R,L,2,262,,
tier,mid,run_value,1B,q5,0.19496,,R,R,1,53,,
tier,mid,run_value,1B,q5,0.19496,,R,S,0,0,,
tier,mid,run_value,1B,lt50,,,L,L,17,281,0.18217,0.19761
tier,mid,run_value,1B,lt50,,,L,R,0,0,,
tier,mid,run_value,1B,lt50,,,L,S,0,0,,
tier,mid,run_value,1B,lt50,,,R,L,9,201,0.16261,0.20228
tier,mid,run_value,1B,lt50,,,R,R,24,288,0.05554,0.17929
tier,mid,run_value,1B,lt50,,,R,S,1,37,,
tier,mid,run_value,IF,q1,,0.10504,L,L,0,0,,
tier,mid,run_value,IF,q1,,0.10504,L,R,0,0,,
tier,mid,run_value,IF,q1,,0.10504,L,S,0,0,,
tier,mid,run_value,IF,q1,,0.10504,R,L,10,1221,0.06838,0.03097
tier,mid,run_value,IF,q1,,0.10504,R,R,11,1177,0.08147,0.029
tier,mid,run_value,IF,q1,,0.10504,R,S,1,60,,
tier,mid,run_value,IF,q2,0.10504,0.13377,L,L,0,0,,
tier,mid,run_value,IF,q2,0.10504,0.13377,L,R,0,0,,
tier,mid,run_value,IF,q2,0.10504,0.13377,L,S,0,0,,
tier,mid,run_value,IF,q2,0.10504,0.13377,R,L,3,386,,
tier,mid,run_value,IF,q2,0.10504,0.13377,R,R,16,1867,0.11946,0.01013
tier,mid,run_value,IF,q2,0.10504,0.13377,R,S,0,0,,
tier,mid,run_value,IF,q3,0.13377,0.16298,L,L,0,0,,
tier,mid,run_value,IF,q3,0.13377,0.16298,L,R,0,0,,
tier,mid,run_value,IF,q3,0.13377,0.16298,L,S,0,0,,
tier,mid,run_value,IF,q3,0.13377,0.16298,R,L,4,822,,
tier,mid,run_value,IF,q3,0.13377,0.16298,R,R,7,1029,0.14587,0.00766
tier,mid,run_value,IF,q3,0.13377,0.16298,R,S,0,0,,
tier,mid,run_value,IF,q4,0.16298,0.19496,L,L,1,250,,
tier,mid,run_value,IF,q4,0.16298,0.19496,L,R,1,66,,
tier,mid,run_value,IF,q4,0.16298,0.19496,L,S,0,0,,
tier,mid,run_value,IF,q4,0.16298,0.19496,R,L,2,213,,
tier,mid,run_value,IF,q4,0.16298,0.19496,R,R,4,246,,
tier,mid,run_value,IF,q4,0.16298,0.19496,R,S,1,50,,
tier,mid,run_value,IF,q5,0.19496,,L,L,0,0,,
tier,mid,run_value,IF,q5,0.19496,,L,R,0,0,,
tier,mid,run_value,IF,q5,0.19496,,L,S,0,0,,
tier,mid,run_value,IF,q5,0.19496,,R,L,0,0,,
tier,mid,run_value,IF,q5,0.19496,,R,R,4,430,,
tier,mid,run_value,IF,q5,0.19496,,R,S,0,0,,
tier,mid,run_value,IF,lt50,,,L,L,16,196,0.09379,0.16707
tier,mid,run_value,IF,lt50,,,L,R,0,0,,
tier,mid,run_value,IF,lt50,,,L,S,0,0,,
tier,mid,run_value,IF,lt50,,,R,L,134,2308,0.07049,0.14306
tier,mid,run_value,IF,lt50,,,R,R,356,5444,0.08306,0.16009
tier,mid,run_value,IF,lt50,,,R,S,30,477,0.07132,0.19068
tier,mid,run_value,OF,q1,,0.10504,L,L,1,151,,
tier,mid,run_value,OF,q1,,0.10504,L,R,0,0,,
tier,mid,run_value,OF,q1,,0.10504,L,S,0,0,,
tier,mid,run_value,OF,q1,,0.10504,R,L,3,191,,
tier,mid,run_value,OF,q1,,0.10504,R,R,5,330,0.07517,0.02504
tier,mid,run_value,OF,q1,,0.10504,R,S,1,107,,
tier,mid,run_value,OF,q2,0.10504,0.13377,L,L,1,229,,
tier,mid,run_value,OF,q2,0.10504,0.13377,L,R,0,0,,
tier,mid,run_value,OF,q2,0.10504,0.13377,L,S,0,0,,
tier,mid,run_value,OF,q2,0.10504,0.13377,R,L,0,0,,
tier,mid,run_value,OF,q2,0.10504,0.13377,R,R,4,835,,
tier,mid,run_value,OF,q2,0.10504,0.13377,R,S,0,0,,
tier,mid,run_value,OF,q3,0.13377,0.16298,L,L,2,105,,
tier,mid,run_value,OF,q3,0.13377,0.16298,L,R,0,0,,
tier,mid,run_value,OF,q3,0.13377,0.16298,L,S,0,0,,
tier,mid,run_value,OF,q3,0.13377,0.16298,R,L,1,174,,
tier,mid,run_value,OF,q3,0.13377,0.16298,R,R,3,455,,
tier,mid,run_value,OF,q3,0.13377,0.16298,R,S,1,233,,
tier,mid,run_value,OF,q4,0.16298,0.19496,L,L,4,782,,
tier,mid,run_value,OF,q4,0.16298,0.19496,L,R,0,0,,
tier,mid,run_value,OF,q4,0.16298,0.19496,L,S,0,0,,
tier,mid,run_value,OF,q4,0.16298,0.19496,R,L,4,679,,
tier,mid,run_value,OF,q4,0.16298,0.19496,R,R,4,588,,
tier,mid,run_value,OF,q4,0.16298,0.19496,R,S,0,0,,
tier,mid,run_value,OF,q5,0.19496,,L,L,1,58,,
tier,mid,run_value,OF,q5,0.19496,,L,R,1,72,,
tier,mid,run_value,OF,q5,0.19496,,L,S,0,0,,
tier,mid,run_value,OF,q5,0.19496,,R,L,1,57,,
tier,mid,run_value,OF,q5,0.19496,,R,R,4,218,,
tier,mid,run_value,OF,q5,0.19496,,R,S,1,56,,
tier,mid,run_value,OF,lt50,,,L,L,94,1518,0.11475,0.17136
tier,mid,run_value,OF,lt50,,,L,R,9,92,0.05714,0.12048
tier,mid,run_value,OF,lt50,,,L,S,3,68,,
tier,mid,run_value,OF,lt50,,,R,L,86,1367,0.07039,0.15549
tier,mid,run_value,OF,lt50,,,R,R,183,2751,0.08165,0.15599
tier,mid,run_value,OF,lt50,,,R,S,11,167,0.03534,0.12574
tier,mid,run_value,UT/DH,q1,,0.10504,L,L,0,0,,
tier,mid,run_value,UT/DH,q1,,0.10504,L,R,0,0,,
tier,mid,run_value,UT/DH,q1,,0.10504,L,S,0,0,,
tier,mid,run_value,UT/DH,q1,,0.10504,R,L,2,214,,
tier,mid,run_value,UT/DH,q1,,0.10504,R,R,0,0,,
tier,mid,run_value,UT/DH,q1,,0.10504,R,S,0,0,,
tier,mid,run_value,UT/DH,q2,0.10504,0.13377,L,L,0,0,,
tier,mid,run_value,UT/DH,q2,0.10504,0.13377,L,R,0,0,,
tier,mid,run_value,UT/DH,q2,0.10504,0.13377,L,S,0,0,,
tier,mid,run_value,UT/DH,q2,0.10504,0.13377,R,L,0,0,,
tier,mid,run_value,UT/DH,q2,0.10504,0.13377,R,R,1,202,,
tier,mid,run_value,UT/DH,q2,0.10504,0.13377,R,S,0,0,,
tier,mid,run_value,UT/DH,q3,0.13377,0.16298,L,L,0,0,,
tier,mid,run_value,UT/DH,q3,0.13377,0.16298,L,R,0,0,,
tier,mid,run_value,UT/DH,q3,0.13377,0.16298,L,S,0,0,,
tier,mid,run_value,UT/DH,q3,0.13377,0.16298,R,L,0,0,,
tier,mid,run_value,UT/DH,q3,0.13377,0.16298,R,R,1,220,,
tier,mid,run_value,UT/DH,q3,0.13377,0.16298,R,S,0,0,,
tier,mid,run_value,UT/DH,q4,0.16298,0.19496,L,L,1,225,,
tier,mid,run_value,UT/DH,q4,0.16298,0.19496,L,R,0,0,,
tier,mid,run_value,UT/DH,q4,0.16298,0.19496,L,S,0,0,,
tier,mid,run_value,UT/DH,q4,0.16298,0.19496,R,L,0,0,,
tier,mid,run_value,UT/DH,q4,0.16298,0.19496,R,R,0,0,,
tier,mid,run_value,UT/DH,q4,0.16298,0.19496,R,S,0,0,,
tier,mid,run_value,UT/DH,q5,0.19496,,L,L,0,0,,
tier,mid,run_value,UT/DH,q5,0.19496,,L,R,0,0,,
tier,mid,run_value,UT/DH,q5,0.19496,,L,S,0,0,,
tier,mid,run_value,UT/DH,q5,0.19496,,R,L,0,0,,
tier,mid,run_value,UT/DH,q5,0.19496,,R,R,0,0,,
tier,mid,run_value,UT/DH,q5,0.19496,,R,S,0,0,,
tier,mid,run_value,UT/DH,lt50,,,L,L,1,1,,
tier,mid,run_value,UT/DH,lt50,,,L,R,1,5,,
tier,mid,run_value,UT/DH,lt50,,,L,S,1,4,,
tier,mid,run_value,UT/DH,lt50,,,R,L,17,185,0.0798,0.18929
tier,mid,run_value,UT/DH,lt50,,,R,R,35,347,0.06844,0.18871
tier,mid,run_value,UT/DH,lt50,,,R,S,0,0,,
tier,mid,run_value,two-way,q1,,0.10504,L,L,0,0,,
tier,mid,run_value,two-way,q1,,0.10504,L,R,0,0,,
tier,mid,run_value,two-way,q1,,0.10504,L,S,0,0,,
tier,mid,run_value,two-way,q1,,0.10504,R,L,0,0,,
tier,mid,run_value,two-way,q1,,0.10504,R,R,0,0,,
tier,mid,run_value,two-way,q1,,0.10504,R,S,0,0,,
tier,mid,run_value,two-way,q2,0.10504,0.13377,L,L,0,0,,
tier,mid,run_value,two-way,q2,0.10504,0.13377,L,R,0,0,,
tier,mid,run_value,two-way,q2,0.10504,0.13377,L,S,0,0,,
tier,mid,run_value,two-way,q2,0.10504,0.13377,R,L,0,0,,
tier,mid,run_value,two-way,q2,0.10504,0.13377,R,R,0,0,,
tier,mid,run_value,two-way,q2,0.10504,0.13377,R,S,0,0,,
tier,mid,run_value,two-way,q3,0.13377,0.16298,L,L,1,198,,
tier,mid,run_value,two-way,q3,0.13377,0.16298,L,R,0,0,,
tier,mid,run_value,two-way,q3,0.13377,0.16298,L,S,0,0,,
tier,mid,run_value,two-way,q3,0.13377,0.16298,R,L,0,0,,
tier,mid,run_value,two-way,q3,0.13377,0.16298,R,R,1,190,,
tier,mid,run_value,two-way,q3,0.13377,0.16298,R,S,0,0,,
tier,mid,run_value,two-way,q4,0.16298,0.19496,L,L,0,0,,
tier,mid,run_value,two-way,q4,0.16298,0.19496,L,R,0,0,,
tier,mid,run_value,two-way,q4,0.16298,0.19496,L,S,0,0,,
tier,mid,run_value,two-way,q4,0.16298,0.19496,R,L,0,0,,
tier,mid,run_value,two-way,q4,0.16298,0.19496,R,R,0,0,,
tier,mid,run_value,two-way,q4,0.16298,0.19496,R,S,0,0,,
tier,mid,run_value,two-way,q5,0.19496,,L,L,0,0,,
tier,mid,run_value,two-way,q5,0.19496,,L,R,0,0,,
tier,mid,run_value,two-way,q5,0.19496,,L,S,0,0,,
tier,mid,run_value,two-way,q5,0.19496,,R,L,0,0,,
tier,mid,run_value,two-way,q5,0.19496,,R,R,1,221,,
tier,mid,run_value,two-way,q5,0.19496,,R,S,0,0,,
tier,mid,run_value,two-way,lt50,,,L,L,22,291,0.08193,0.18872
tier,mid,run_value,two-way,lt50,,,L,R,1,6,,
tier,mid,run_value,two-way,lt50,,,L,S,0,0,,
tier,mid,run_value,two-way,lt50,,,R,L,9,103,0.03801,0.20454
tier,mid,run_value,two-way,lt50,,,R,R,40,523,0.0616,0.14762
tier,mid,run_value,two-way,lt50,,,R,S,0,0,,
tier,mid,run_value,unknown,q1,,0.10504,L,L,0,0,,
tier,mid,run_value,unknown,q1,,0.10504,L,R,0,0,,
tier,mid,run_value,unknown,q1,,0.10504,L,S,0,0,,
tier,mid,run_value,unknown,q1,,0.10504,R,L,1,219,,
tier,mid,run_value,unknown,q1,,0.10504,R,R,0,0,,
tier,mid,run_value,unknown,q1,,0.10504,R,S,0,0,,
tier,mid,run_value,unknown,q2,0.10504,0.13377,L,L,0,0,,
tier,mid,run_value,unknown,q2,0.10504,0.13377,L,R,0,0,,
tier,mid,run_value,unknown,q2,0.10504,0.13377,L,S,0,0,,
tier,mid,run_value,unknown,q2,0.10504,0.13377,R,L,0,0,,
tier,mid,run_value,unknown,q2,0.10504,0.13377,R,R,0,0,,
tier,mid,run_value,unknown,q2,0.10504,0.13377,R,S,0,0,,
tier,mid,run_value,unknown,q3,0.13377,0.16298,L,L,0,0,,
tier,mid,run_value,unknown,q3,0.13377,0.16298,L,R,0,0,,
tier,mid,run_value,unknown,q3,0.13377,0.16298,L,S,0,0,,
tier,mid,run_value,unknown,q3,0.13377,0.16298,R,L,0,0,,
tier,mid,run_value,unknown,q3,0.13377,0.16298,R,R,0,0,,
tier,mid,run_value,unknown,q3,0.13377,0.16298,R,S,0,0,,
tier,mid,run_value,unknown,q4,0.16298,0.19496,L,L,0,0,,
tier,mid,run_value,unknown,q4,0.16298,0.19496,L,R,0,0,,
tier,mid,run_value,unknown,q4,0.16298,0.19496,L,S,0,0,,
tier,mid,run_value,unknown,q4,0.16298,0.19496,R,L,0,0,,
tier,mid,run_value,unknown,q4,0.16298,0.19496,R,R,0,0,,
tier,mid,run_value,unknown,q4,0.16298,0.19496,R,S,0,0,,
tier,mid,run_value,unknown,q5,0.19496,,L,L,0,0,,
tier,mid,run_value,unknown,q5,0.19496,,L,R,0,0,,
tier,mid,run_value,unknown,q5,0.19496,,L,S,0,0,,
tier,mid,run_value,unknown,q5,0.19496,,R,L,0,0,,
tier,mid,run_value,unknown,q5,0.19496,,R,R,0,0,,
tier,mid,run_value,unknown,q5,0.19496,,R,S,0,0,,
tier,mid,run_value,unknown,lt50,,,L,L,0,0,,
tier,mid,run_value,unknown,lt50,,,L,R,0,0,,
tier,mid,run_value,unknown,lt50,,,L,S,0,0,,
tier,mid,run_value,unknown,lt50,,,R,L,1,7,,
tier,mid,run_value,unknown,lt50,,,R,R,1,20,,
tier,mid,run_value,unknown,lt50,,,R,S,0,0,,
tier,non_d1,run_value,P,q1,,0.10504,L,L,0,0,,
tier,non_d1,run_value,P,q1,,0.10504,L,R,0,0,,
tier,non_d1,run_value,P,q1,,0.10504,L,S,0,0,,
tier,non_d1,run_value,P,q1,,0.10504,R,L,0,0,,
tier,non_d1,run_value,P,q1,,0.10504,R,R,0,0,,
tier,non_d1,run_value,P,q1,,0.10504,R,S,0,0,,
tier,non_d1,run_value,P,q2,0.10504,0.13377,L,L,0,0,,
tier,non_d1,run_value,P,q2,0.10504,0.13377,L,R,0,0,,
tier,non_d1,run_value,P,q2,0.10504,0.13377,L,S,0,0,,
tier,non_d1,run_value,P,q2,0.10504,0.13377,R,L,0,0,,
tier,non_d1,run_value,P,q2,0.10504,0.13377,R,R,0,0,,
tier,non_d1,run_value,P,q2,0.10504,0.13377,R,S,0,0,,
tier,non_d1,run_value,P,q3,0.13377,0.16298,L,L,0,0,,
tier,non_d1,run_value,P,q3,0.13377,0.16298,L,R,0,0,,
tier,non_d1,run_value,P,q3,0.13377,0.16298,L,S,0,0,,
tier,non_d1,run_value,P,q3,0.13377,0.16298,R,L,0,0,,
tier,non_d1,run_value,P,q3,0.13377,0.16298,R,R,0,0,,
tier,non_d1,run_value,P,q3,0.13377,0.16298,R,S,0,0,,
tier,non_d1,run_value,P,q4,0.16298,0.19496,L,L,0,0,,
tier,non_d1,run_value,P,q4,0.16298,0.19496,L,R,0,0,,
tier,non_d1,run_value,P,q4,0.16298,0.19496,L,S,0,0,,
tier,non_d1,run_value,P,q4,0.16298,0.19496,R,L,0,0,,
tier,non_d1,run_value,P,q4,0.16298,0.19496,R,R,0,0,,
tier,non_d1,run_value,P,q4,0.16298,0.19496,R,S,0,0,,
tier,non_d1,run_value,P,q5,0.19496,,L,L,0,0,,
tier,non_d1,run_value,P,q5,0.19496,,L,R,0,0,,
tier,non_d1,run_value,P,q5,0.19496,,L,S,0,0,,
tier,non_d1,run_value,P,q5,0.19496,,R,L,0,0,,
tier,non_d1,run_value,P,q5,0.19496,,R,R,0,0,,
tier,non_d1,run_value,P,q5,0.19496,,R,S,0,0,,
tier,non_d1,run_value,P,lt50,,,L,L,0,0,,
tier,non_d1,run_value,P,lt50,,,L,R,0,0,,
tier,non_d1,run_value,P,lt50,,,L,S,0,0,,
tier,non_d1,run_value,P,lt50,,,R,L,0,0,,
tier,non_d1,run_value,P,lt50,,,R,R,0,0,,
tier,non_d1,run_value,P,lt50,,,R,S,0,0,,
tier,non_d1,run_value,C,q1,,0.10504,L,L,0,0,,
tier,non_d1,run_value,C,q1,,0.10504,L,R,0,0,,
tier,non_d1,run_value,C,q1,,0.10504,L,S,0,0,,
tier,non_d1,run_value,C,q1,,0.10504,R,L,0,0,,
tier,non_d1,run_value,C,q1,,0.10504,R,R,0,0,,
tier,non_d1,run_value,C,q1,,0.10504,R,S,0,0,,
tier,non_d1,run_value,C,q2,0.10504,0.13377,L,L,0,0,,
tier,non_d1,run_value,C,q2,0.10504,0.13377,L,R,0,0,,
tier,non_d1,run_value,C,q2,0.10504,0.13377,L,S,0,0,,
tier,non_d1,run_value,C,q2,0.10504,0.13377,R,L,0,0,,
tier,non_d1,run_value,C,q2,0.10504,0.13377,R,R,0,0,,
tier,non_d1,run_value,C,q2,0.10504,0.13377,R,S,0,0,,
tier,non_d1,run_value,C,q3,0.13377,0.16298,L,L,0,0,,
tier,non_d1,run_value,C,q3,0.13377,0.16298,L,R,0,0,,
tier,non_d1,run_value,C,q3,0.13377,0.16298,L,S,0,0,,
tier,non_d1,run_value,C,q3,0.13377,0.16298,R,L,0,0,,
tier,non_d1,run_value,C,q3,0.13377,0.16298,R,R,0,0,,
tier,non_d1,run_value,C,q3,0.13377,0.16298,R,S,0,0,,
tier,non_d1,run_value,C,q4,0.16298,0.19496,L,L,0,0,,
tier,non_d1,run_value,C,q4,0.16298,0.19496,L,R,0,0,,
tier,non_d1,run_value,C,q4,0.16298,0.19496,L,S,0,0,,
tier,non_d1,run_value,C,q4,0.16298,0.19496,R,L,0,0,,
tier,non_d1,run_value,C,q4,0.16298,0.19496,R,R,0,0,,
tier,non_d1,run_value,C,q4,0.16298,0.19496,R,S,0,0,,
tier,non_d1,run_value,C,q5,0.19496,,L,L,0,0,,
tier,non_d1,run_value,C,q5,0.19496,,L,R,0,0,,
tier,non_d1,run_value,C,q5,0.19496,,L,S,0,0,,
tier,non_d1,run_value,C,q5,0.19496,,R,L,0,0,,
tier,non_d1,run_value,C,q5,0.19496,,R,R,0,0,,
tier,non_d1,run_value,C,q5,0.19496,,R,S,0,0,,
tier,non_d1,run_value,C,lt50,,,L,L,0,0,,
tier,non_d1,run_value,C,lt50,,,L,R,0,0,,
tier,non_d1,run_value,C,lt50,,,L,S,0,0,,
tier,non_d1,run_value,C,lt50,,,R,L,1,2,,
tier,non_d1,run_value,C,lt50,,,R,R,1,1,,
tier,non_d1,run_value,C,lt50,,,R,S,0,0,,
tier,non_d1,run_value,1B,q1,,0.10504,L,L,0,0,,
tier,non_d1,run_value,1B,q1,,0.10504,L,R,0,0,,
tier,non_d1,run_value,1B,q1,,0.10504,L,S,0,0,,
tier,non_d1,run_value,1B,q1,,0.10504,R,L,0,0,,
tier,non_d1,run_value,1B,q1,,0.10504,R,R,0,0,,
tier,non_d1,run_value,1B,q1,,0.10504,R,S,0,0,,
tier,non_d1,run_value,1B,q2,0.10504,0.13377,L,L,0,0,,
tier,non_d1,run_value,1B,q2,0.10504,0.13377,L,R,0,0,,
tier,non_d1,run_value,1B,q2,0.10504,0.13377,L,S,0,0,,
tier,non_d1,run_value,1B,q2,0.10504,0.13377,R,L,0,0,,
tier,non_d1,run_value,1B,q2,0.10504,0.13377,R,R,0,0,,
tier,non_d1,run_value,1B,q2,0.10504,0.13377,R,S,0,0,,
tier,non_d1,run_value,1B,q3,0.13377,0.16298,L,L,0,0,,
tier,non_d1,run_value,1B,q3,0.13377,0.16298,L,R,0,0,,
tier,non_d1,run_value,1B,q3,0.13377,0.16298,L,S,0,0,,
tier,non_d1,run_value,1B,q3,0.13377,0.16298,R,L,0,0,,
tier,non_d1,run_value,1B,q3,0.13377,0.16298,R,R,0,0,,
tier,non_d1,run_value,1B,q3,0.13377,0.16298,R,S,0,0,,
tier,non_d1,run_value,1B,q4,0.16298,0.19496,L,L,0,0,,
tier,non_d1,run_value,1B,q4,0.16298,0.19496,L,R,0,0,,
tier,non_d1,run_value,1B,q4,0.16298,0.19496,L,S,0,0,,
tier,non_d1,run_value,1B,q4,0.16298,0.19496,R,L,0,0,,
tier,non_d1,run_value,1B,q4,0.16298,0.19496,R,R,0,0,,
tier,non_d1,run_value,1B,q4,0.16298,0.19496,R,S,0,0,,
tier,non_d1,run_value,1B,q5,0.19496,,L,L,0,0,,
tier,non_d1,run_value,1B,q5,0.19496,,L,R,0,0,,
tier,non_d1,run_value,1B,q5,0.19496,,L,S,0,0,,
tier,non_d1,run_value,1B,q5,0.19496,,R,L,0,0,,
tier,non_d1,run_value,1B,q5,0.19496,,R,R,0,0,,
tier,non_d1,run_value,1B,q5,0.19496,,R,S,0,0,,
tier,non_d1,run_value,1B,lt50,,,L,L,0,0,,
tier,non_d1,run_value,1B,lt50,,,L,R,0,0,,
tier,non_d1,run_value,1B,lt50,,,L,S,0,0,,
tier,non_d1,run_value,1B,lt50,,,R,L,0,0,,
tier,non_d1,run_value,1B,lt50,,,R,R,1,2,,
tier,non_d1,run_value,1B,lt50,,,R,S,0,0,,
tier,non_d1,run_value,IF,q1,,0.10504,L,L,0,0,,
tier,non_d1,run_value,IF,q1,,0.10504,L,R,0,0,,
tier,non_d1,run_value,IF,q1,,0.10504,L,S,0,0,,
tier,non_d1,run_value,IF,q1,,0.10504,R,L,0,0,,
tier,non_d1,run_value,IF,q1,,0.10504,R,R,0,0,,
tier,non_d1,run_value,IF,q1,,0.10504,R,S,0,0,,
tier,non_d1,run_value,IF,q2,0.10504,0.13377,L,L,0,0,,
tier,non_d1,run_value,IF,q2,0.10504,0.13377,L,R,0,0,,
tier,non_d1,run_value,IF,q2,0.10504,0.13377,L,S,0,0,,
tier,non_d1,run_value,IF,q2,0.10504,0.13377,R,L,0,0,,
tier,non_d1,run_value,IF,q2,0.10504,0.13377,R,R,0,0,,
tier,non_d1,run_value,IF,q2,0.10504,0.13377,R,S,0,0,,
tier,non_d1,run_value,IF,q3,0.13377,0.16298,L,L,0,0,,
tier,non_d1,run_value,IF,q3,0.13377,0.16298,L,R,0,0,,
tier,non_d1,run_value,IF,q3,0.13377,0.16298,L,S,0,0,,
tier,non_d1,run_value,IF,q3,0.13377,0.16298,R,L,0,0,,
tier,non_d1,run_value,IF,q3,0.13377,0.16298,R,R,0,0,,
tier,non_d1,run_value,IF,q3,0.13377,0.16298,R,S,0,0,,
tier,non_d1,run_value,IF,q4,0.16298,0.19496,L,L,0,0,,
tier,non_d1,run_value,IF,q4,0.16298,0.19496,L,R,0,0,,
tier,non_d1,run_value,IF,q4,0.16298,0.19496,L,S,0,0,,
tier,non_d1,run_value,IF,q4,0.16298,0.19496,R,L,0,0,,
tier,non_d1,run_value,IF,q4,0.16298,0.19496,R,R,0,0,,
tier,non_d1,run_value,IF,q4,0.16298,0.19496,R,S,0,0,,
tier,non_d1,run_value,IF,q5,0.19496,,L,L,0,0,,
tier,non_d1,run_value,IF,q5,0.19496,,L,R,0,0,,
tier,non_d1,run_value,IF,q5,0.19496,,L,S,0,0,,
tier,non_d1,run_value,IF,q5,0.19496,,R,L,0,0,,
tier,non_d1,run_value,IF,q5,0.19496,,R,R,0,0,,
tier,non_d1,run_value,IF,q5,0.19496,,R,S,0,0,,
tier,non_d1,run_value,IF,lt50,,,L,L,0,0,,
tier,non_d1,run_value,IF,lt50,,,L,R,0,0,,
tier,non_d1,run_value,IF,lt50,,,L,S,0,0,,
tier,non_d1,run_value,IF,lt50,,,R,L,0,0,,
tier,non_d1,run_value,IF,lt50,,,R,R,5,13,0.00089,0.24577
tier,non_d1,run_value,IF,lt50,,,R,S,0,0,,
tier,non_d1,run_value,OF,q1,,0.10504,L,L,0,0,,
tier,non_d1,run_value,OF,q1,,0.10504,L,R,0,0,,
tier,non_d1,run_value,OF,q1,,0.10504,L,S,0,0,,
tier,non_d1,run_value,OF,q1,,0.10504,R,L,0,0,,
tier,non_d1,run_value,OF,q1,,0.10504,R,R,0,0,,
tier,non_d1,run_value,OF,q1,,0.10504,R,S,0,0,,
tier,non_d1,run_value,OF,q2,0.10504,0.13377,L,L,0,0,,
tier,non_d1,run_value,OF,q2,0.10504,0.13377,L,R,0,0,,
tier,non_d1,run_value,OF,q2,0.10504,0.13377,L,S,0,0,,
tier,non_d1,run_value,OF,q2,0.10504,0.13377,R,L,0,0,,
tier,non_d1,run_value,OF,q2,0.10504,0.13377,R,R,0,0,,
tier,non_d1,run_value,OF,q2,0.10504,0.13377,R,S,0,0,,
tier,non_d1,run_value,OF,q3,0.13377,0.16298,L,L,0,0,,
tier,non_d1,run_value,OF,q3,0.13377,0.16298,L,R,0,0,,
tier,non_d1,run_value,OF,q3,0.13377,0.16298,L,S,0,0,,
tier,non_d1,run_value,OF,q3,0.13377,0.16298,R,L,0,0,,
tier,non_d1,run_value,OF,q3,0.13377,0.16298,R,R,0,0,,
tier,non_d1,run_value,OF,q3,0.13377,0.16298,R,S,0,0,,
tier,non_d1,run_value,OF,q4,0.16298,0.19496,L,L,0,0,,
tier,non_d1,run_value,OF,q4,0.16298,0.19496,L,R,0,0,,
tier,non_d1,run_value,OF,q4,0.16298,0.19496,L,S,0,0,,
tier,non_d1,run_value,OF,q4,0.16298,0.19496,R,L,0,0,,
tier,non_d1,run_value,OF,q4,0.16298,0.19496,R,R,0,0,,
tier,non_d1,run_value,OF,q4,0.16298,0.19496,R,S,0,0,,
tier,non_d1,run_value,OF,q5,0.19496,,L,L,0,0,,
tier,non_d1,run_value,OF,q5,0.19496,,L,R,0,0,,
tier,non_d1,run_value,OF,q5,0.19496,,L,S,0,0,,
tier,non_d1,run_value,OF,q5,0.19496,,R,L,0,0,,
tier,non_d1,run_value,OF,q5,0.19496,,R,R,0,0,,
tier,non_d1,run_value,OF,q5,0.19496,,R,S,0,0,,
tier,non_d1,run_value,OF,lt50,,,L,L,1,4,,
tier,non_d1,run_value,OF,lt50,,,L,R,0,0,,
tier,non_d1,run_value,OF,lt50,,,L,S,0,0,,
tier,non_d1,run_value,OF,lt50,,,R,L,0,0,,
tier,non_d1,run_value,OF,lt50,,,R,R,1,4,,
tier,non_d1,run_value,OF,lt50,,,R,S,0,0,,
tier,non_d1,run_value,UT/DH,q1,,0.10504,L,L,0,0,,
tier,non_d1,run_value,UT/DH,q1,,0.10504,L,R,0,0,,
tier,non_d1,run_value,UT/DH,q1,,0.10504,L,S,0,0,,
tier,non_d1,run_value,UT/DH,q1,,0.10504,R,L,0,0,,
tier,non_d1,run_value,UT/DH,q1,,0.10504,R,R,0,0,,
tier,non_d1,run_value,UT/DH,q1,,0.10504,R,S,0,0,,
tier,non_d1,run_value,UT/DH,q2,0.10504,0.13377,L,L,0,0,,
tier,non_d1,run_value,UT/DH,q2,0.10504,0.13377,L,R,0,0,,
tier,non_d1,run_value,UT/DH,q2,0.10504,0.13377,L,S,0,0,,
tier,non_d1,run_value,UT/DH,q2,0.10504,0.13377,R,L,0,0,,
tier,non_d1,run_value,UT/DH,q2,0.10504,0.13377,R,R,0,0,,
tier,non_d1,run_value,UT/DH,q2,0.10504,0.13377,R,S,0,0,,
tier,non_d1,run_value,UT/DH,q3,0.13377,0.16298,L,L,0,0,,
tier,non_d1,run_value,UT/DH,q3,0.13377,0.16298,L,R,0,0,,
tier,non_d1,run_value,UT/DH,q3,0.13377,0.16298,L,S,0,0,,
tier,non_d1,run_value,UT/DH,q3,0.13377,0.16298,R,L,0,0,,
tier,non_d1,run_value,UT/DH,q3,0.13377,0.16298,R,R,0,0,,
tier,non_d1,run_value,UT/DH,q3,0.13377,0.16298,R,S,0,0,,
tier,non_d1,run_value,UT/DH,q4,0.16298,0.19496,L,L,0,0,,
tier,non_d1,run_value,UT/DH,q4,0.16298,0.19496,L,R,0,0,,
tier,non_d1,run_value,UT/DH,q4,0.16298,0.19496,L,S,0,0,,
tier,non_d1,run_value,UT/DH,q4,0.16298,0.19496,R,L,0,0,,
tier,non_d1,run_value,UT/DH,q4,0.16298,0.19496,R,R,0,0,,
tier,non_d1,run_value,UT/DH,q4,0.16298,0.19496,R,S,0,0,,
tier,non_d1,run_value,UT/DH,q5,0.19496,,L,L,0,0,,
tier,non_d1,run_value,UT/DH,q5,0.19496,,L,R,0,0,,
tier,non_d1,run_value,UT/DH,q5,0.19496,,L,S,0,0,,
tier,non_d1,run_value,UT/DH,q5,0.19496,,R,L,0,0,,
tier,non_d1,run_value,UT/DH,q5,0.19496,,R,R,0,0,,
tier,non_d1,run_value,UT/DH,q5,0.19496,,R,S,0,0,,
tier,non_d1,run_value,UT/DH,lt50,,,L,L,0,0,,
tier,non_d1,run_value,UT/DH,lt50,,,L,R,0,0,,
tier,non_d1,run_value,UT/DH,lt50,,,L,S,0,0,,
tier,non_d1,run_value,UT/DH,lt50,,,R,L,1,4,,
tier,non_d1,run_value,UT/DH,lt50,,,R,R,0,0,,
tier,non_d1,run_value,UT/DH,lt50,,,R,S,0,0,,
tier,non_d1,run_value,two-way,q1,,0.10504,L,L,0,0,,
tier,non_d1,run_value,two-way,q1,,0.10504,L,R,0,0,,
tier,non_d1,run_value,two-way,q1,,0.10504,L,S,0,0,,
tier,non_d1,run_value,two-way,q1,,0.10504,R,L,0,0,,
tier,non_d1,run_value,two-way,q1,,0.10504,R,R,0,0,,
tier,non_d1,run_value,two-way,q1,,0.10504,R,S,0,0,,
tier,non_d1,run_value,two-way,q2,0.10504,0.13377,L,L,0,0,,
tier,non_d1,run_value,two-way,q2,0.10504,0.13377,L,R,0,0,,
tier,non_d1,run_value,two-way,q2,0.10504,0.13377,L,S,0,0,,
tier,non_d1,run_value,two-way,q2,0.10504,0.13377,R,L,0,0,,
tier,non_d1,run_value,two-way,q2,0.10504,0.13377,R,R,0,0,,
tier,non_d1,run_value,two-way,q2,0.10504,0.13377,R,S,0,0,,
tier,non_d1,run_value,two-way,q3,0.13377,0.16298,L,L,0,0,,
tier,non_d1,run_value,two-way,q3,0.13377,0.16298,L,R,0,0,,
tier,non_d1,run_value,two-way,q3,0.13377,0.16298,L,S,0,0,,
tier,non_d1,run_value,two-way,q3,0.13377,0.16298,R,L,0,0,,
tier,non_d1,run_value,two-way,q3,0.13377,0.16298,R,R,0,0,,
tier,non_d1,run_value,two-way,q3,0.13377,0.16298,R,S,0,0,,
tier,non_d1,run_value,two-way,q4,0.16298,0.19496,L,L,0,0,,
tier,non_d1,run_value,two-way,q4,0.16298,0.19496,L,R,0,0,,
tier,non_d1,run_value,two-way,q4,0.16298,0.19496,L,S,0,0,,
tier,non_d1,run_value,two-way,q4,0.16298,0.19496,R,L,0,0,,
tier,non_d1,run_value,two-way,q4,0.16298,0.19496,R,R,0,0,,
tier,non_d1,run_value,two-way,q4,0.16298,0.19496,R,S,0,0,,
tier,non_d1,run_value,two-way,q5,0.19496,,L,L,0,0,,
tier,non_d1,run_value,two-way,q5,0.19496,,L,R,0,0,,
tier,non_d1,run_value,two-way,q5,0.19496,,L,S,0,0,,
tier,non_d1,run_value,two-way,q5,0.19496,,R,L,0,0,,
tier,non_d1,run_value,two-way,q5,0.19496,,R,R,0,0,,
tier,non_d1,run_value,two-way,q5,0.19496,,R,S,0,0,,
tier,non_d1,run_value,two-way,lt50,,,L,L,0,0,,
tier,non_d1,run_value,two-way,lt50,,,L,R,0,0,,
tier,non_d1,run_value,two-way,lt50,,,L,S,0,0,,
tier,non_d1,run_value,two-way,lt50,,,R,L,0,0,,
tier,non_d1,run_value,two-way,lt50,,,R,R,1,3,,
tier,non_d1,run_value,two-way,lt50,,,R,S,0,0,,
tier,non_d1,run_value,unknown,q1,,0.10504,L,L,0,0,,
tier,non_d1,run_value,unknown,q1,,0.10504,L,R,0,0,,
tier,non_d1,run_value,unknown,q1,,0.10504,L,S,0,0,,
tier,non_d1,run_value,unknown,q1,,0.10504,R,L,0,0,,
tier,non_d1,run_value,unknown,q1,,0.10504,R,R,0,0,,
tier,non_d1,run_value,unknown,q1,,0.10504,R,S,0,0,,
tier,non_d1,run_value,unknown,q2,0.10504,0.13377,L,L,0,0,,
tier,non_d1,run_value,unknown,q2,0.10504,0.13377,L,R,0,0,,
tier,non_d1,run_value,unknown,q2,0.10504,0.13377,L,S,0,0,,
tier,non_d1,run_value,unknown,q2,0.10504,0.13377,R,L,0,0,,
tier,non_d1,run_value,unknown,q2,0.10504,0.13377,R,R,0,0,,
tier,non_d1,run_value,unknown,q2,0.10504,0.13377,R,S,0,0,,
tier,non_d1,run_value,unknown,q3,0.13377,0.16298,L,L,0,0,,
tier,non_d1,run_value,unknown,q3,0.13377,0.16298,L,R,0,0,,
tier,non_d1,run_value,unknown,q3,0.13377,0.16298,L,S,0,0,,
tier,non_d1,run_value,unknown,q3,0.13377,0.16298,R,L,0,0,,
tier,non_d1,run_value,unknown,q3,0.13377,0.16298,R,R,0,0,,
tier,non_d1,run_value,unknown,q3,0.13377,0.16298,R,S,0,0,,
tier,non_d1,run_value,unknown,q4,0.16298,0.19496,L,L,0,0,,
tier,non_d1,run_value,unknown,q4,0.16298,0.19496,L,R,0,0,,
tier,non_d1,run_value,unknown,q4,0.16298,0.19496,L,S,0,0,,
tier,non_d1,run_value,unknown,q4,0.16298,0.19496,R,L,0,0,,
tier,non_d1,run_value,unknown,q4,0.16298,0.19496,R,R,0,0,,
tier,non_d1,run_value,unknown,q4,0.16298,0.19496,R,S,0,0,,
tier,non_d1,run_value,unknown,q5,0.19496,,L,L,0,0,,
tier,non_d1,run_value,unknown,q5,0.19496,,L,R,0,0,,
tier,non_d1,run_value,unknown,q5,0.19496,,L,S,0,0,,
tier,non_d1,run_value,unknown,q5,0.19496,,R,L,0,0,,
tier,non_d1,run_value,unknown,q5,0.19496,,R,R,0,0,,
tier,non_d1,run_value,unknown,q5,0.19496,,R,S,0,0,,
tier,non_d1,run_value,unknown,lt50,,,L,L,0,0,,
tier,non_d1,run_value,unknown,lt50,,,L,R,0,0,,
tier,non_d1,run_value,unknown,lt50,,,L,S,0,0,,
tier,non_d1,run_value,unknown,lt50,,,R,L,0,0,,
tier,non_d1,run_value,unknown,lt50,,,R,R,0,0,,
tier,non_d1,run_value,unknown,lt50,,,R,S,0,0,,
tier,p4,run_value,P,q1,,0.10504,L,L,0,0,,
tier,p4,run_value,P,q1,,0.10504,L,R,0,0,,
tier,p4,run_value,P,q1,,0.10504,L,S,0,0,,
tier,p4,run_value,P,q1,,0.10504,R,L,0,0,,
tier,p4,run_value,P,q1,,0.10504,R,R,0,0,,
tier,p4,run_value,P,q1,,0.10504,R,S,0,0,,
tier,p4,run_value,P,q2,0.10504,0.13377,L,L,0,0,,
tier,p4,run_value,P,q2,0.10504,0.13377,L,R,0,0,,
tier,p4,run_value,P,q2,0.10504,0.13377,L,S,0,0,,
tier,p4,run_value,P,q2,0.10504,0.13377,R,L,0,0,,
tier,p4,run_value,P,q2,0.10504,0.13377,R,R,0,0,,
tier,p4,run_value,P,q2,0.10504,0.13377,R,S,0,0,,
tier,p4,run_value,P,q3,0.13377,0.16298,L,L,0,0,,
tier,p4,run_value,P,q3,0.13377,0.16298,L,R,0,0,,
tier,p4,run_value,P,q3,0.13377,0.16298,L,S,0,0,,
tier,p4,run_value,P,q3,0.13377,0.16298,R,L,0,0,,
tier,p4,run_value,P,q3,0.13377,0.16298,R,R,0,0,,
tier,p4,run_value,P,q3,0.13377,0.16298,R,S,0,0,,
tier,p4,run_value,P,q4,0.16298,0.19496,L,L,0,0,,
tier,p4,run_value,P,q4,0.16298,0.19496,L,R,0,0,,
tier,p4,run_value,P,q4,0.16298,0.19496,L,S,0,0,,
tier,p4,run_value,P,q4,0.16298,0.19496,R,L,0,0,,
tier,p4,run_value,P,q4,0.16298,0.19496,R,R,0,0,,
tier,p4,run_value,P,q4,0.16298,0.19496,R,S,0,0,,
tier,p4,run_value,P,q5,0.19496,,L,L,0,0,,
tier,p4,run_value,P,q5,0.19496,,L,R,0,0,,
tier,p4,run_value,P,q5,0.19496,,L,S,0,0,,
tier,p4,run_value,P,q5,0.19496,,R,L,0,0,,
tier,p4,run_value,P,q5,0.19496,,R,R,0,0,,
tier,p4,run_value,P,q5,0.19496,,R,S,0,0,,
tier,p4,run_value,P,lt50,,,L,L,0,0,,
tier,p4,run_value,P,lt50,,,L,R,0,0,,
tier,p4,run_value,P,lt50,,,L,S,0,0,,
tier,p4,run_value,P,lt50,,,R,L,0,0,,
tier,p4,run_value,P,lt50,,,R,R,5,26,0.20105,0.38243
tier,p4,run_value,P,lt50,,,R,S,0,0,,
tier,p4,run_value,C,q1,,0.10504,L,L,0,0,,
tier,p4,run_value,C,q1,,0.10504,L,R,0,0,,
tier,p4,run_value,C,q1,,0.10504,L,S,0,0,,
tier,p4,run_value,C,q1,,0.10504,R,L,4,400,,
tier,p4,run_value,C,q1,,0.10504,R,R,6,523,0.06406,0.02177
tier,p4,run_value,C,q1,,0.10504,R,S,0,0,,
tier,p4,run_value,C,q2,0.10504,0.13377,L,L,0,0,,
tier,p4,run_value,C,q2,0.10504,0.13377,L,R,0,0,,
tier,p4,run_value,C,q2,0.10504,0.13377,L,S,0,0,,
tier,p4,run_value,C,q2,0.10504,0.13377,R,L,6,647,0.1149,0.0094
tier,p4,run_value,C,q2,0.10504,0.13377,R,R,8,893,0.12259,0.00586
tier,p4,run_value,C,q2,0.10504,0.13377,R,S,3,496,,
tier,p4,run_value,C,q3,0.13377,0.16298,L,L,0,0,,
tier,p4,run_value,C,q3,0.13377,0.16298,L,R,0,0,,
tier,p4,run_value,C,q3,0.13377,0.16298,L,S,0,0,,
tier,p4,run_value,C,q3,0.13377,0.16298,R,L,6,807,0.14579,0.00646
tier,p4,run_value,C,q3,0.13377,0.16298,R,R,8,901,0.14566,0.00781
tier,p4,run_value,C,q3,0.13377,0.16298,R,S,0,0,,
tier,p4,run_value,C,q4,0.16298,0.19496,L,L,0,0,,
tier,p4,run_value,C,q4,0.16298,0.19496,L,R,0,0,,
tier,p4,run_value,C,q4,0.16298,0.19496,L,S,0,0,,
tier,p4,run_value,C,q4,0.16298,0.19496,R,L,2,259,,
tier,p4,run_value,C,q4,0.16298,0.19496,R,R,8,1201,0.1727,0.00707
tier,p4,run_value,C,q4,0.16298,0.19496,R,S,0,0,,
tier,p4,run_value,C,q5,0.19496,,L,L,0,0,,
tier,p4,run_value,C,q5,0.19496,,L,R,0,0,,
tier,p4,run_value,C,q5,0.19496,,L,S,0,0,,
tier,p4,run_value,C,q5,0.19496,,R,L,3,305,,
tier,p4,run_value,C,q5,0.19496,,R,R,14,2216,0.21684,0.02068
tier,p4,run_value,C,q5,0.19496,,R,S,1,55,,
tier,p4,run_value,C,lt50,,,L,L,0,0,,
tier,p4,run_value,C,lt50,,,L,R,0,0,,
tier,p4,run_value,C,lt50,,,L,S,0,0,,
tier,p4,run_value,C,lt50,,,R,L,11,231,0.13484,0.09742
tier,p4,run_value,C,lt50,,,R,R,43,861,0.05599,0.14394
tier,p4,run_value,C,lt50,,,R,S,8,105,0.06684,0.13904
tier,p4,run_value,1B,q1,,0.10504,L,L,0,0,,
tier,p4,run_value,1B,q1,,0.10504,L,R,0,0,,
tier,p4,run_value,1B,q1,,0.10504,L,S,0,0,,
tier,p4,run_value,1B,q1,,0.10504,R,L,0,0,,
tier,p4,run_value,1B,q1,,0.10504,R,R,0,0,,
tier,p4,run_value,1B,q1,,0.10504,R,S,0,0,,
tier,p4,run_value,1B,q2,0.10504,0.13377,L,L,1,212,,
tier,p4,run_value,1B,q2,0.10504,0.13377,L,R,0,0,,
tier,p4,run_value,1B,q2,0.10504,0.13377,L,S,0,0,,
tier,p4,run_value,1B,q2,0.10504,0.13377,R,L,2,198,,
tier,p4,run_value,1B,q2,0.10504,0.13377,R,R,0,0,,
tier,p4,run_value,1B,q2,0.10504,0.13377,R,S,0,0,,
tier,p4,run_value,1B,q3,0.13377,0.16298,L,L,1,69,,
tier,p4,run_value,1B,q3,0.13377,0.16298,L,R,2,149,,
tier,p4,run_value,1B,q3,0.13377,0.16298,L,S,0,0,,
tier,p4,run_value,1B,q3,0.13377,0.16298,R,L,1,236,,
tier,p4,run_value,1B,q3,0.13377,0.16298,R,R,0,0,,
tier,p4,run_value,1B,q3,0.13377,0.16298,R,S,0,0,,
tier,p4,run_value,1B,q4,0.16298,0.19496,L,L,0,0,,
tier,p4,run_value,1B,q4,0.16298,0.19496,L,R,0,0,,
tier,p4,run_value,1B,q4,0.16298,0.19496,L,S,1,52,,
tier,p4,run_value,1B,q4,0.16298,0.19496,R,L,2,382,,
tier,p4,run_value,1B,q4,0.16298,0.19496,R,R,1,108,,
tier,p4,run_value,1B,q4,0.16298,0.19496,R,S,0,0,,
tier,p4,run_value,1B,q5,0.19496,,L,L,1,58,,
tier,p4,run_value,1B,q5,0.19496,,L,R,0,0,,
tier,p4,run_value,1B,q5,0.19496,,L,S,0,0,,
tier,p4,run_value,1B,q5,0.19496,,R,L,2,323,,
tier,p4,run_value,1B,q5,0.19496,,R,R,1,326,,
tier,p4,run_value,1B,q5,0.19496,,R,S,0,0,,
tier,p4,run_value,1B,lt50,,,L,L,4,43,,
tier,p4,run_value,1B,lt50,,,L,R,0,0,,
tier,p4,run_value,1B,lt50,,,L,S,0,0,,
tier,p4,run_value,1B,lt50,,,R,L,1,2,,
tier,p4,run_value,1B,lt50,,,R,R,3,65,,
tier,p4,run_value,1B,lt50,,,R,S,0,0,,
tier,p4,run_value,IF,q1,,0.10504,L,L,1,55,,
tier,p4,run_value,IF,q1,,0.10504,L,R,0,0,,
tier,p4,run_value,IF,q1,,0.10504,L,S,0,0,,
tier,p4,run_value,IF,q1,,0.10504,R,L,11,994,0.0841,0.01681
tier,p4,run_value,IF,q1,,0.10504,R,R,26,2507,0.07663,0.02906
tier,p4,run_value,IF,q1,,0.10504,R,S,4,364,,
tier,p4,run_value,IF,q2,0.10504,0.13377,L,L,1,141,,
tier,p4,run_value,IF,q2,0.10504,0.13377,L,R,0,0,,
tier,p4,run_value,IF,q2,0.10504,0.13377,L,S,0,0,,
tier,p4,run_value,IF,q2,0.10504,0.13377,R,L,18,1789,0.12331,0.0083
tier,p4,run_value,IF,q2,0.10504,0.13377,R,R,16,2833,0.121,0.00619
tier,p4,run_value,IF,q2,0.10504,0.13377,R,S,3,390,,
tier,p4,run_value,IF,q3,0.13377,0.16298,L,L,1,173,,
tier,p4,run_value,IF,q3,0.13377,0.16298,L,R,0,0,,
tier,p4,run_value,IF,q3,0.13377,0.16298,L,S,0,0,,
tier,p4,run_value,IF,q3,0.13377,0.16298,R,L,16,2206,0.14808,0.00884
tier,p4,run_value,IF,q3,0.13377,0.16298,R,R,24,2942,0.14696,0.00883
tier,p4,run_value,IF,q3,0.13377,0.16298,R,S,1,201,,
tier,p4,run_value,IF,q4,0.16298,0.19496,L,L,2,470,,
tier,p4,run_value,IF,q4,0.16298,0.19496,L,R,0,0,,
tier,p4,run_value,IF,q4,0.16298,0.19496,L,S,1,178,,
tier,p4,run_value,IF,q4,0.16298,0.19496,R,L,13,2524,0.18153,0.00879
tier,p4,run_value,IF,q4,0.16298,0.19496,R,R,22,3957,0.17907,0.0085
tier,p4,run_value,IF,q4,0.16298,0.19496,R,S,4,946,,
tier,p4,run_value,IF,q5,0.19496,,L,L,2,348,,
tier,p4,run_value,IF,q5,0.19496,,L,R,0,0,,
tier,p4,run_value,IF,q5,0.19496,,L,S,0,0,,
tier,p4,run_value,IF,q5,0.19496,,R,L,10,1459,0.22721,0.01883
tier,p4,run_value,IF,q5,0.19496,,R,R,32,5920,0.23275,0.0323
tier,p4,run_value,IF,q5,0.19496,,R,S,2,371,,
tier,p4,run_value,IF,lt50,,,L,L,2,70,,
tier,p4,run_value,IF,lt50,,,L,R,0,0,,
tier,p4,run_value,IF,lt50,,,L,S,0,0,,
tier,p4,run_value,IF,lt50,,,R,L,27,633,0.06787,0.14227
tier,p4,run_value,IF,lt50,,,R,R,90,1530,0.09667,0.15725
tier,p4,run_value,IF,lt50,,,R,S,6,119,0.07796,0.06128
tier,p4,run_value,OF,q1,,0.10504,L,L,4,430,,
tier,p4,run_value,OF,q1,,0.10504,L,R,0,0,,
tier,p4,run_value,OF,q1,,0.10504,L,S,0,0,,
tier,p4,run_value,OF,q1,,0.10504,R,L,4,328,,
tier,p4,run_value,OF,q1,,0.10504,R,R,8,762,0.08042,0.02297
tier,p4,run_value,OF,q1,,0.10504,R,S,0,0,,
tier,p4,run_value,OF,q2,0.10504,0.13377,L,L,9,1354,0.12154,0.0081
tier,p4,run_value,OF,q2,0.10504,0.13377,L,R,1,239,,
tier,p4,run_value,OF,q2,0.10504,0.13377,L,S,0,0,,
tier,p4,run_value,OF,q2,0.10504,0.13377,R,L,5,586,0.12609,0.00878
tier,p4,run_value,OF,q2,0.10504,0.13377,R,R,13,1615,0.12398,0.00821
tier,p4,run_value,OF,q2,0.10504,0.13377,R,S,0,0,,
tier,p4,run_value,OF,q3,0.13377,0.16298,L,L,9,1301,0.15078,0.00889
tier,p4,run_value,OF,q3,0.13377,0.16298,L,R,0,0,,
tier,p4,run_value,OF,q3,0.13377,0.16298,L,S,0,0,,
tier,p4,run_value,OF,q3,0.13377,0.16298,R,L,7,970,0.14791,0.00777
tier,p4,run_value,OF,q3,0.13377,0.16298,R,R,14,2368,0.14855,0.00982
tier,p4,run_value,OF,q3,0.13377,0.16298,R,S,2,393,,
tier,p4,run_value,OF,q4,0.16298,0.19496,L,L,6,1204,0.18389,0.00494
tier,p4,run_value,OF,q4,0.16298,0.19496,L,R,1,120,,
tier,p4,run_value,OF,q4,0.16298,0.19496,L,S,0,0,,
tier,p4,run_value,OF,q4,0.16298,0.19496,R,L,11,1722,0.18238,0.00809
tier,p4,run_value,OF,q4,0.16298,0.19496,R,R,12,1808,0.17875,0.00933
tier,p4,run_value,OF,q4,0.16298,0.19496,R,S,0,0,,
tier,p4,run_value,OF,q5,0.19496,,L,L,11,1859,0.2156,0.0165
tier,p4,run_value,OF,q5,0.19496,,L,R,0,0,,
tier,p4,run_value,OF,q5,0.19496,,L,S,0,0,,
tier,p4,run_value,OF,q5,0.19496,,R,L,5,936,0.22492,0.01629
tier,p4,run_value,OF,q5,0.19496,,R,R,9,1360,0.22145,0.01951
tier,p4,run_value,OF,q5,0.19496,,R,S,0,0,,
tier,p4,run_value,OF,lt50,,,L,L,27,443,0.0709,0.17339
tier,p4,run_value,OF,lt50,,,L,R,2,16,,
tier,p4,run_value,OF,lt50,,,L,S,0,0,,
tier,p4,run_value,OF,lt50,,,R,L,20,321,0.09207,0.23959
tier,p4,run_value,OF,lt50,,,R,R,40,722,0.08221,0.16965
tier,p4,run_value,OF,lt50,,,R,S,2,32,,
tier,p4,run_value,UT/DH,q1,,0.10504,L,L,0,0,,
tier,p4,run_value,UT/DH,q1,,0.10504,L,R,0,0,,
tier,p4,run_value,UT/DH,q1,,0.10504,L,S,0,0,,
tier,p4,run_value,UT/DH,q1,,0.10504,R,L,0,0,,
tier,p4,run_value,UT/DH,q1,,0.10504,R,R,1,75,,
tier,p4,run_value,UT/DH,q1,,0.10504,R,S,0,0,,
tier,p4,run_value,UT/DH,q2,0.10504,0.13377,L,L,0,0,,
tier,p4,run_value,UT/DH,q2,0.10504,0.13377,L,R,0,0,,
tier,p4,run_value,UT/DH,q2,0.10504,0.13377,L,S,0,0,,
tier,p4,run_value,UT/DH,q2,0.10504,0.13377,R,L,2,165,,
tier,p4,run_value,UT/DH,q2,0.10504,0.13377,R,R,1,126,,
tier,p4,run_value,UT/DH,q2,0.10504,0.13377,R,S,1,95,,
tier,p4,run_value,UT/DH,q3,0.13377,0.16298,L,L,1,238,,
tier,p4,run_value,UT/DH,q3,0.13377,0.16298,L,R,0,0,,
tier,p4,run_value,UT/DH,q3,0.13377,0.16298,L,S,0,0,,
tier,p4,run_value,UT/DH,q3,0.13377,0.16298,R,L,1,149,,
tier,p4,run_value,UT/DH,q3,0.13377,0.16298,R,R,0,0,,
tier,p4,run_value,UT/DH,q3,0.13377,0.16298,R,S,0,0,,
tier,p4,run_value,UT/DH,q4,0.16298,0.19496,L,L,0,0,,
tier,p4,run_value,UT/DH,q4,0.16298,0.19496,L,R,0,0,,
tier,p4,run_value,UT/DH,q4,0.16298,0.19496,L,S,0,0,,
tier,p4,run_value,UT/DH,q4,0.16298,0.19496,R,L,2,290,,
tier,p4,run_value,UT/DH,q4,0.16298,0.19496,R,R,1,287,,
tier,p4,run_value,UT/DH,q4,0.16298,0.19496,R,S,0,0,,
tier,p4,run_value,UT/DH,q5,0.19496,,L,L,0,0,,
tier,p4,run_value,UT/DH,q5,0.19496,,L,R,0,0,,
tier,p4,run_value,UT/DH,q5,0.19496,,L,S,0,0,,
tier,p4,run_value,UT/DH,q5,0.19496,,R,L,1,104,,
tier,p4,run_value,UT/DH,q5,0.19496,,R,R,2,403,,
tier,p4,run_value,UT/DH,q5,0.19496,,R,S,0,0,,
tier,p4,run_value,UT/DH,lt50,,,L,L,0,0,,
tier,p4,run_value,UT/DH,lt50,,,L,R,0,0,,
tier,p4,run_value,UT/DH,lt50,,,L,S,0,0,,
tier,p4,run_value,UT/DH,lt50,,,R,L,3,46,,
tier,p4,run_value,UT/DH,lt50,,,R,R,6,118,0.25864,0.31753
tier,p4,run_value,UT/DH,lt50,,,R,S,2,13,,
tier,p4,run_value,two-way,q1,,0.10504,L,L,2,143,,
tier,p4,run_value,two-way,q1,,0.10504,L,R,0,0,,
tier,p4,run_value,two-way,q1,,0.10504,L,S,0,0,,
tier,p4,run_value,two-way,q1,,0.10504,R,L,0,0,,
tier,p4,run_value,two-way,q1,,0.10504,R,R,2,284,,
tier,p4,run_value,two-way,q1,,0.10504,R,S,0,0,,
tier,p4,run_value,two-way,q2,0.10504,0.13377,L,L,0,0,,
tier,p4,run_value,two-way,q2,0.10504,0.13377,L,R,0,0,,
tier,p4,run_value,two-way,q2,0.10504,0.13377,L,S,0,0,,
tier,p4,run_value,two-way,q2,0.10504,0.13377,R,L,1,104,,
tier,p4,run_value,two-way,q2,0.10504,0.13377,R,R,0,0,,
tier,p4,run_value,two-way,q2,0.10504,0.13377,R,S,0,0,,
tier,p4,run_value,two-way,q3,0.13377,0.16298,L,L,0,0,,
tier,p4,run_value,two-way,q3,0.13377,0.16298,L,R,0,0,,
tier,p4,run_value,two-way,q3,0.13377,0.16298,L,S,0,0,,
tier,p4,run_value,two-way,q3,0.13377,0.16298,R,L,0,0,,
tier,p4,run_value,two-way,q3,0.13377,0.16298,R,R,1,82,,
tier,p4,run_value,two-way,q3,0.13377,0.16298,R,S,0,0,,
tier,p4,run_value,two-way,q4,0.16298,0.19496,L,L,2,176,,
tier,p4,run_value,two-way,q4,0.16298,0.19496,L,R,0,0,,
tier,p4,run_value,two-way,q4,0.16298,0.19496,L,S,0,0,,
tier,p4,run_value,two-way,q4,0.16298,0.19496,R,L,0,0,,
tier,p4,run_value,two-way,q4,0.16298,0.19496,R,R,0,0,,
tier,p4,run_value,two-way,q4,0.16298,0.19496,R,S,0,0,,
tier,p4,run_value,two-way,q5,0.19496,,L,L,1,87,,
tier,p4,run_value,two-way,q5,0.19496,,L,R,0,0,,
tier,p4,run_value,two-way,q5,0.19496,,L,S,0,0,,
tier,p4,run_value,two-way,q5,0.19496,,R,L,0,0,,
tier,p4,run_value,two-way,q5,0.19496,,R,R,2,336,,
tier,p4,run_value,two-way,q5,0.19496,,R,S,0,0,,
tier,p4,run_value,two-way,lt50,,,L,L,4,20,,
tier,p4,run_value,two-way,lt50,,,L,R,2,24,,
tier,p4,run_value,two-way,lt50,,,L,S,0,0,,
tier,p4,run_value,two-way,lt50,,,R,L,1,4,,
tier,p4,run_value,two-way,lt50,,,R,R,10,131,0.02568,0.21982
tier,p4,run_value,two-way,lt50,,,R,S,0,0,,
tier,p4,run_value,unknown,q1,,0.10504,L,L,1,69,,
tier,p4,run_value,unknown,q1,,0.10504,L,R,0,0,,
tier,p4,run_value,unknown,q1,,0.10504,L,S,0,0,,
tier,p4,run_value,unknown,q1,,0.10504,R,L,0,0,,
tier,p4,run_value,unknown,q1,,0.10504,R,R,1,62,,
tier,p4,run_value,unknown,q1,,0.10504,R,S,0,0,,
tier,p4,run_value,unknown,q2,0.10504,0.13377,L,L,1,176,,
tier,p4,run_value,unknown,q2,0.10504,0.13377,L,R,0,0,,
tier,p4,run_value,unknown,q2,0.10504,0.13377,L,S,0,0,,
tier,p4,run_value,unknown,q2,0.10504,0.13377,R,L,1,130,,
tier,p4,run_value,unknown,q2,0.10504,0.13377,R,R,1,134,,
tier,p4,run_value,unknown,q2,0.10504,0.13377,R,S,0,0,,
tier,p4,run_value,unknown,q3,0.13377,0.16298,L,L,0,0,,
tier,p4,run_value,unknown,q3,0.13377,0.16298,L,R,0,0,,
tier,p4,run_value,unknown,q3,0.13377,0.16298,L,S,0,0,,
tier,p4,run_value,unknown,q3,0.13377,0.16298,R,L,2,342,,
tier,p4,run_value,unknown,q3,0.13377,0.16298,R,R,1,136,,
tier,p4,run_value,unknown,q3,0.13377,0.16298,R,S,0,0,,
tier,p4,run_value,unknown,q4,0.16298,0.19496,L,L,0,0,,
tier,p4,run_value,unknown,q4,0.16298,0.19496,L,R,0,0,,
tier,p4,run_value,unknown,q4,0.16298,0.19496,L,S,0,0,,
tier,p4,run_value,unknown,q4,0.16298,0.19496,R,L,1,231,,
tier,p4,run_value,unknown,q4,0.16298,0.19496,R,R,2,398,,
tier,p4,run_value,unknown,q4,0.16298,0.19496,R,S,0,0,,
tier,p4,run_value,unknown,q5,0.19496,,L,L,0,0,,
tier,p4,run_value,unknown,q5,0.19496,,L,R,0,0,,
tier,p4,run_value,unknown,q5,0.19496,,L,S,0,0,,
tier,p4,run_value,unknown,q5,0.19496,,R,L,1,237,,
tier,p4,run_value,unknown,q5,0.19496,,R,R,0,0,,
tier,p4,run_value,unknown,q5,0.19496,,R,S,0,0,,
tier,p4,run_value,unknown,lt50,,,L,L,0,0,,
tier,p4,run_value,unknown,lt50,,,L,R,0,0,,
tier,p4,run_value,unknown,lt50,,,L,S,0,0,,
tier,p4,run_value,unknown,lt50,,,R,L,1,5,,
tier,p4,run_value,unknown,lt50,,,R,R,1,10,,
tier,p4,run_value,unknown,lt50,,,R,S,0,0,,
all,all,on_base,P,q1,,0.34551,L,L,0,0,,
all,all,on_base,P,q1,,0.34551,L,R,0,0,,
all,all,on_base,P,q1,,0.34551,L,S,0,0,,
all,all,on_base,P,q1,,0.34551,R,L,0,0,,
all,all,on_base,P,q1,,0.34551,R,R,0,0,,
all,all,on_base,P,q1,,0.34551,R,S,0,0,,
all,all,on_base,P,q2,0.34551,0.37603,L,L,0,0,,
all,all,on_base,P,q2,0.34551,0.37603,L,R,0,0,,
all,all,on_base,P,q2,0.34551,0.37603,L,S,0,0,,
all,all,on_base,P,q2,0.34551,0.37603,R,L,0,0,,
all,all,on_base,P,q2,0.34551,0.37603,R,R,0,0,,
all,all,on_base,P,q2,0.34551,0.37603,R,S,0,0,,
all,all,on_base,P,q3,0.37603,0.40314,L,L,0,0,,
all,all,on_base,P,q3,0.37603,0.40314,L,R,0,0,,
all,all,on_base,P,q3,0.37603,0.40314,L,S,0,0,,
all,all,on_base,P,q3,0.37603,0.40314,R,L,0,0,,
all,all,on_base,P,q3,0.37603,0.40314,R,R,0,0,,
all,all,on_base,P,q3,0.37603,0.40314,R,S,0,0,,
all,all,on_base,P,q4,0.40314,0.43272,L,L,0,0,,
all,all,on_base,P,q4,0.40314,0.43272,L,R,0,0,,
all,all,on_base,P,q4,0.40314,0.43272,L,S,0,0,,
all,all,on_base,P,q4,0.40314,0.43272,R,L,0,0,,
all,all,on_base,P,q4,0.40314,0.43272,R,R,0,0,,
all,all,on_base,P,q4,0.40314,0.43272,R,S,0,0,,
all,all,on_base,P,q5,0.43272,,L,L,0,0,,
all,all,on_base,P,q5,0.43272,,L,R,0,0,,
all,all,on_base,P,q5,0.43272,,L,S,0,0,,
all,all,on_base,P,q5,0.43272,,R,L,0,0,,
all,all,on_base,P,q5,0.43272,,R,R,0,0,,
all,all,on_base,P,q5,0.43272,,R,S,0,0,,
all,all,on_base,P,lt50,,,L,L,4,17,,
all,all,on_base,P,lt50,,,L,R,1,6,,
all,all,on_base,P,lt50,,,L,S,0,0,,
all,all,on_base,P,lt50,,,R,L,0,0,,
all,all,on_base,P,lt50,,,R,R,13,71,0.26844,0.3734
all,all,on_base,P,lt50,,,R,S,0,0,,
all,all,on_base,C,q1,,0.34551,L,L,0,0,,
all,all,on_base,C,q1,,0.34551,L,R,0,0,,
all,all,on_base,C,q1,,0.34551,L,S,0,0,,
all,all,on_base,C,q1,,0.34551,R,L,9,718,0.31597,0.02211
all,all,on_base,C,q1,,0.34551,R,R,12,1075,0.31285,0.02417
all,all,on_base,C,q1,,0.34551,R,S,0,0,,
all,all,on_base,C,q2,0.34551,0.37603,L,L,0,0,,
all,all,on_base,C,q2,0.34551,0.37603,L,R,0,0,,
all,all,on_base,C,q2,0.34551,0.37603,L,S,0,0,,
all,all,on_base,C,q2,0.34551,0.37603,R,L,7,869,0.3619,0.00673
all,all,on_base,C,q2,0.34551,0.37603,R,R,8,1020,0.36071,0.00627
all,all,on_base,C,q2,0.34551,0.37603,R,S,3,496,,
all,all,on_base,C,q3,0.37603,0.40314,L,L,0,0,,
all,all,on_base,C,q3,0.37603,0.40314,L,R,0,0,,
all,all,on_base,C,q3,0.37603,0.40314,L,S,0,0,,
all,all,on_base,C,q3,0.37603,0.40314,R,L,4,392,,
all,all,on_base,C,q3,0.37603,0.40314,R,R,9,1330,0.39027,0.00793
all,all,on_base,C,q3,0.37603,0.40314,R,S,0,0,,
all,all,on_base,C,q4,0.40314,0.43272,L,L,0,0,,
all,all,on_base,C,q4,0.40314,0.43272,L,R,0,0,,
all,all,on_base,C,q4,0.40314,0.43272,L,S,0,0,,
all,all,on_base,C,q4,0.40314,0.43272,R,L,7,929,0.41249,0.00947
all,all,on_base,C,q4,0.40314,0.43272,R,R,19,2698,0.41699,0.00901
all,all,on_base,C,q4,0.40314,0.43272,R,S,1,55,,
all,all,on_base,C,q5,0.43272,,L,L,0,0,,
all,all,on_base,C,q5,0.43272,,L,R,0,0,,
all,all,on_base,C,q5,0.43272,,L,S,0,0,,
all,all,on_base,C,q5,0.43272,,R,L,2,103,,
all,all,on_base,C,q5,0.43272,,R,R,8,1238,0.46143,0.01958
all,all,on_base,C,q5,0.43272,,R,S,0,0,,
all,all,on_base,C,lt50,,,L,L,0,0,,
all,all,on_base,C,lt50,,,L,R,0,0,,
all,all,on_base,C,lt50,,,L,S,0,0,,
all,all,on_base,C,lt50,,,R,L,67,873,0.33411,0.23829
all,all,on_base,C,lt50,,,R,R,341,4193,0.30751,0.20677
all,all,on_base,C,lt50,,,R,S,21,290,0.27656,0.16409
all,all,on_base,1B,q1,,0.34551,L,L,0,0,,
all,all,on_base,1B,q1,,0.34551,L,R,0,0,,
all,all,on_base,1B,q1,,0.34551,L,S,0,0,,
all,all,on_base,1B,q1,,0.34551,R,L,1,51,,
all,all,on_base,1B,q1,,0.34551,R,R,0,0,,
all,all,on_base,1B,q1,,0.34551,R,S,0,0,,
all,all,on_base,1B,q2,0.34551,0.37603,L,L,2,281,,
all,all,on_base,1B,q2,0.34551,0.37603,L,R,2,149,,
all,all,on_base,1B,q2,0.34551,0.37603,L,S,0,0,,
all,all,on_base,1B,q2,0.34551,0.37603,R,L,1,90,,
all,all,on_base,1B,q2,0.34551,0.37603,R,R,1,53,,
all,all,on_base,1B,q2,0.34551,0.37603,R,S,0,0,,
all,all,on_base,1B,q3,0.37603,0.40314,L,L,0,0,,
all,all,on_base,1B,q3,0.37603,0.40314,L,R,0,0,,
all,all,on_base,1B,q3,0.37603,0.40314,L,S,0,0,,
all,all,on_base,1B,q3,0.37603,0.40314,R,L,4,745,,
all,all,on_base,1B,q3,0.37603,0.40314,R,R,1,108,,
all,all,on_base,1B,q3,0.37603,0.40314,R,S,0,0,,
all,all,on_base,1B,q4,0.40314,0.43272,L,L,0,0,,
all,all,on_base,1B,q4,0.40314,0.43272,L,R,0,0,,
all,all,on_base,1B,q4,0.40314,0.43272,L,S,0,0,,
all,all,on_base,1B,q4,0.40314,0.43272,R,L,2,278,,
all,all,on_base,1B,q4,0.40314,0.43272,R,R,0,0,,
all,all,on_base,1B,q4,0.40314,0.43272,R,S,0,0,,
all,all,on_base,1B,q5,0.43272,,L,L,1,58,,
all,all,on_base,1B,q5,0.43272,,L,R,0,0,,
all,all,on_base,1B,q5,0.43272,,L,S,1,52,,
all,all,on_base,1B,q5,0.43272,,R,L,2,288,,
all,all,on_base,1B,q5,0.43272,,R,R,1,326,,
all,all,on_base,1B,q5,0.43272,,R,S,0,0,,
all,all,on_base,1B,lt50,,,L,L,25,372,0.38503,0.19126
all,all,on_base,1B,lt50,,,L,R,0,0,,
all,all,on_base,1B,lt50,,,L,S,0,0,,
all,all,on_base,1B,lt50,,,R,L,13,236,0.43578,0.28121
all,all,on_base,1B,lt50,,,R,R,35,421,0.30163,0.2456
all,all,on_base,1B,lt50,,,R,S,2,41,,
all,all,on_base,IF,q1,,0.34551,L,L,1,55,,
all,all,on_base,IF,q1,,0.34551,L,R,0,0,,
all,all,on_base,IF,q1,,0.34551,L,S,0,0,,
all,all,on_base,IF,q1,,0.34551,R,L,22,2121,0.31586,0.02311
all,all,on_base,IF,q1,,0.34551,R,R,35,3522,0.30998,0.03771
all,all,on_base,IF,q1,,0.34551,R,S,2,123,,
all,all,on_base,IF,q2,0.34551,0.37603,L,L,1,141,,
all,all,on_base,IF,q2,0.34551,0.37603,L,R,0,0,,
all,all,on_base,IF,q2,0.34551,0.37603,L,S,0,0,,
all,all,on_base,IF,q2,0.34551,0.37603,R,L,17,2289,0.35841,0.00939
all,all,on_base,IF,q2,0.34551,0.37603,R,R,35,4803,0.36175,0.00906
all,all,on_base,IF,q2,0.34551,0.37603,R,S,4,360,,
all,all,on_base,IF,q3,0.37603,0.40314,L,L,2,423,,
all,all,on_base,IF,q3,0.37603,0.40314,L,R,0,0,,
all,all,on_base,IF,q3,0.37603,0.40314,L,S,1,178,,
all,all,on_base,IF,q3,0.37603,0.40314,R,L,18,2519,0.39046,0.00918
all,all,on_base,IF,q3,0.37603,0.40314,R,R,31,4491,0.38817,0.00745
all,all,on_base,IF,q3,0.37603,0.40314,R,S,4,828,,
all,all,on_base,IF,q4,0.40314,0.43272,L,L,1,73,,
all,all,on_base,IF,q4,0.40314,0.43272,L,R,0,0,,
all,all,on_base,IF,q4,0.40314,0.43272,L,S,0,0,,
all,all,on_base,IF,q4,0.40314,0.43272,R,L,21,3422,0.41691,0.00868
all,all,on_base,IF,q4,0.40314,0.43272,R,R,24,3623,0.4196,0.0082
all,all,on_base,IF,q4,0.40314,0.43272,R,S,4,887,,
all,all,on_base,IF,q5,0.43272,,L,L,3,745,,
all,all,on_base,IF,q5,0.43272,,L,R,1,66,,
all,all,on_base,IF,q5,0.43272,,L,S,0,0,,
all,all,on_base,IF,q5,0.43272,,R,L,10,1325,0.46706,0.02907
all,all,on_base,IF,q5,0.43272,,R,R,38,6520,0.47192,0.03255
all,all,on_base,IF,q5,0.43272,,R,S,2,184,,
all,all,on_base,IF,lt50,,,L,L,28,327,0.36403,0.20063
all,all,on_base,IF,lt50,,,L,R,0,0,,
all,all,on_base,IF,lt50,,,L,S,0,0,,
all,all,on_base,IF,lt50,,,R,L,212,3547,0.3175,0.17369
all,all,on_base,IF,lt50,,,R,R,622,8663,0.31784,0.20359
all,all,on_base,IF,lt50,,,R,S,46,690,0.30409,0.21436
all,all,on_base,OF,q1,,0.34551,L,L,6,645,0.32564,0.02055
all,all,on_base,OF,q1,,0.34551,L,R,0,0,,
all,all,on_base,OF,q1,,0.34551,L,S,0,0,,
all,all,on_base,OF,q1,,0.34551,R,L,7,545,0.30855,0.02022
all,all,on_base,OF,q1,,0.34551,R,R,15,1701,0.31871,0.02399
all,all,on_base,OF,q1,,0.34551,R,S,1,107,,
all,all,on_base,OF,q2,0.34551,0.37603,L,L,9,1186,0.36316,0.0089
all,all,on_base,OF,q2,0.34551,0.37603,L,R,0,0,,
all,all,on_base,OF,q2,0.34551,0.37603,L,S,0,0,,
all,all,on_base,OF,q2,0.34551,0.37603,R,L,6,765,0.35705,0.0094
all,all,on_base,OF,q2,0.34551,0.37603,R,R,15,1690,0.36054,0.00741
all,all,on_base,OF,q2,0.34551,0.37603,R,S,0,0,,
all,all,on_base,OF,q3,0.37603,0.40314,L,L,13,2357,0.39109,0.0087
all,all,on_base,OF,q3,0.37603,0.40314,L,R,1,239,,
all,all,on_base,OF,q3,0.37603,0.40314,L,S,0,0,,
all,all,on_base,OF,q3,0.37603,0.40314,R,L,6,720,0.38943,0.01003
all,all,on_base,OF,q3,0.37603,0.40314,R,R,16,2499,0.38826,0.00742
all,all,on_base,OF,q3,0.37603,0.40314,R,S,2,393,,
all,all,on_base,OF,q4,0.40314,0.43272,L,L,5,721,0.40994,0.00443
all,all,on_base,OF,q4,0.40314,0.43272,L,R,2,192,,
all,all,on_base,OF,q4,0.40314,0.43272,L,S,0,0,,
all,all,on_base,OF,q4,0.40314,0.43272,R,L,12,2088,0.41907,0.01032
all,all,on_base,OF,q4,0.40314,0.43272,R,R,16,2504,0.41742,0.00934
all,all,on_base,OF,q4,0.40314,0.43272,R,S,1,233,,
all,all,on_base,OF,q5,0.43272,,L,L,16,2625,0.46268,0.03325
all,all,on_base,OF,q5,0.43272,,L,R,0,0,,
all,all,on_base,OF,q5,0.43272,,L,S,0,0,,
all,all,on_base,OF,q5,0.43272,,R,L,10,1525,0.46704,0.02598
all,all,on_base,OF,q5,0.43272,,R,R,15,1996,0.46095,0.02474
all,all,on_base,OF,q5,0.43272,,R,S,1,56,,
all,all,on_base,OF,lt50,,,L,L,152,2260,0.34829,0.22125
all,all,on_base,OF,lt50,,,L,R,12,117,0.26738,0.14349
all,all,on_base,OF,lt50,,,L,S,3,68,,
all,all,on_base,OF,lt50,,,R,L,142,2033,0.31078,0.18132
all,all,on_base,OF,lt50,,,R,R,337,4508,0.30781,0.18875
all,all,on_base,OF,lt50,,,R,S,14,208,0.25392,0.13562
all,all,on_base,UT/DH,q1,,0.34551,L,L,0,0,,
all,all,on_base,UT/DH,q1,,0.34551,L,R,0,0,,
all,all,on_base,UT/DH,q1,,0.34551,L,S,0,0,,
all,all,on_base,UT/DH,q1,,0.34551,R,L,2,214,,
all,all,on_base,UT/DH,q1,,0.34551,R,R,1,75,,
all,all,on_base,UT/DH,q1,,0.34551,R,S,0,0,,
all,all,on_base,UT/DH,q2,0.34551,0.37603,L,L,0,0,,
all,all,on_base,UT/DH,q2,0.34551,0.37603,L,R,0,0,,
all,all,on_base,UT/DH,q2,0.34551,0.37603,L,S,0,0,,
all,all,on_base,UT/DH,q2,0.34551,0.37603,R,L,1,69,,
all,all,on_base,UT/DH,q2,0.34551,0.37603,R,R,2,346,,
all,all,on_base,UT/DH,q2,0.34551,0.37603,R,S,1,95,,
all,all,on_base,UT/DH,q3,0.37603,0.40314,L,L,0,0,,
all,all,on_base,UT/DH,q3,0.37603,0.40314,L,R,0,0,,
all,all,on_base,UT/DH,q3,0.37603,0.40314,L,S,0,0,,
all,all,on_base,UT/DH,q3,0.37603,0.40314,R,L,3,480,,
all,all,on_base,UT/DH,q3,0.37603,0.40314,R,R,1,202,,
all,all,on_base,UT/DH,q3,0.37603,0.40314,R,S,0,0,,
all,all,on_base,UT/DH,q4,0.40314,0.43272,L,L,2,463,,
all,all,on_base,UT/DH,q4,0.40314,0.43272,L,R,0,0,,
all,all,on_base,UT/DH,q4,0.40314,0.43272,L,S,0,0,,
all,all,on_base,UT/DH,q4,0.40314,0.43272,R,L,0,0,,
all,all,on_base,UT/DH,q4,0.40314,0.43272,R,R,1,287,,
all,all,on_base,UT/DH,q4,0.40314,0.43272,R,S,0,0,,
all,all,on_base,UT/DH,q5,0.43272,,L,L,0,0,,
all,all,on_base,UT/DH,q5,0.43272,,L,R,0,0,,
all,all,on_base,UT/DH,q5,0.43272,,L,S,0,0,,
all,all,on_base,UT/DH,q5,0.43272,,R,L,2,159,,
all,all,on_base,UT/DH,q5,0.43272,,R,R,2,403,,
all,all,on_base,UT/DH,q5,0.43272,,R,S,0,0,,
all,all,on_base,UT/DH,lt50,,,L,L,2,21,,
all,all,on_base,UT/DH,lt50,,,L,R,1,5,,
all,all,on_base,UT/DH,lt50,,,L,S,1,4,,
all,all,on_base,UT/DH,lt50,,,R,L,30,333,0.32006,0.25414
all,all,on_base,UT/DH,lt50,,,R,R,56,612,0.34365,0.27441
all,all,on_base,UT/DH,lt50,,,R,S,2,13,,
all,all,on_base,two-way,q1,,0.34551,L,L,2,143,,
all,all,on_base,two-way,q1,,0.34551,L,R,0,0,,
all,all,on_base,two-way,q1,,0.34551,L,S,0,0,,
all,all,on_base,two-way,q1,,0.34551,R,L,1,104,,
all,all,on_base,two-way,q1,,0.34551,R,R,2,284,,
all,all,on_base,two-way,q1,,0.34551,R,S,0,0,,
all,all,on_base,two-way,q2,0.34551,0.37603,L,L,0,0,,
all,all,on_base,two-way,q2,0.34551,0.37603,L,R,0,0,,
all,all,on_base,two-way,q2,0.34551,0.37603,L,S,0,0,,
all,all,on_base,two-way,q2,0.34551,0.37603,R,L,0,0,,
all,all,on_base,two-way,q2,0.34551,0.37603,R,R,1,190,,
all,all,on_base,two-way,q2,0.34551,0.37603,R,S,0,0,,
all,all,on_base,two-way,q3,0.37603,0.40314,L,L,1,60,,
all,all,on_base,two-way,q3,0.37603,0.40314,L,R,0,0,,
all,all,on_base,two-way,q3,0.37603,0.40314,L,S,0,0,,
all,all,on_base,two-way,q3,0.37603,0.40314,R,L,0,0,,
all,all,on_base,two-way,q3,0.37603,0.40314,R,R,0,0,,
all,all,on_base,two-way,q3,0.37603,0.40314,R,S,0,0,,
all,all,on_base,two-way,q4,0.40314,0.43272,L,L,1,116,,
all,all,on_base,two-way,q4,0.40314,0.43272,L,R,0,0,,
all,all,on_base,two-way,q4,0.40314,0.43272,L,S,0,0,,
all,all,on_base,two-way,q4,0.40314,0.43272,R,L,0,0,,
all,all,on_base,two-way,q4,0.40314,0.43272,R,R,1,82,,
all,all,on_base,two-way,q4,0.40314,0.43272,R,S,0,0,,
all,all,on_base,two-way,q5,0.43272,,L,L,2,285,,
all,all,on_base,two-way,q5,0.43272,,L,R,0,0,,
all,all,on_base,two-way,q5,0.43272,,L,S,0,0,,
all,all,on_base,two-way,q5,0.43272,,R,L,0,0,,
all,all,on_base,two-way,q5,0.43272,,R,R,3,557,,
all,all,on_base,two-way,q5,0.43272,,R,S,0,0,,
all,all,on_base,two-way,lt50,,,L,L,32,358,0.31901,0.2594
all,all,on_base,two-way,lt50,,,L,R,4,31,,
all,all,on_base,two-way,lt50,,,L,S,0,0,,
all,all,on_base,two-way,lt50,,,R,L,16,145,0.26206,0.24407
all,all,on_base,two-way,lt50,,,R,R,67,781,0.30242,0.19921
all,all,on_base,two-way,lt50,,,R,S,0,0,,
all,all,on_base,unknown,q1,,0.34551,L,L,1,69,,
all,all,on_base,unknown,q1,,0.34551,L,R,0,0,,
all,all,on_base,unknown,q1,,0.34551,L,S,0,0,,
all,all,on_base,unknown,q1,,0.34551,R,L,0,0,,
all,all,on_base,unknown,q1,,0.34551,R,R,1,62,,
all,all,on_base,unknown,q1,,0.34551,R,S,0,0,,
all,all,on_base,unknown,q2,0.34551,0.37603,L,L,0,0,,
all,all,on_base,unknown,q2,0.34551,0.37603,L,R,0,0,,
all,all,on_base,unknown,q2,0.34551,0.37603,L,S,0,0,,
all,all,on_base,unknown,q2,0.34551,0.37603,R,L,3,478,,
all,all,on_base,unknown,q2,0.34551,0.37603,R,R,2,270,,
all,all,on_base,unknown,q2,0.34551,0.37603,R,S,0,0,,
all,all,on_base,unknown,q3,0.37603,0.40314,L,L,1,176,,
all,all,on_base,unknown,q3,0.37603,0.40314,L,R,0,0,,
all,all,on_base,unknown,q3,0.37603,0.40314,L,S,0,0,,
all,all,on_base,unknown,q3,0.37603,0.40314,R,L,2,444,,
all,all,on_base,unknown,q3,0.37603,0.40314,R,R,1,224,,
all,all,on_base,unknown,q3,0.37603,0.40314,R,S,0,0,,
all,all,on_base,unknown,q4,0.40314,0.43272,L,L,0,0,,
all,all,on_base,unknown,q4,0.40314,0.43272,L,R,0,0,,
all,all,on_base,unknown,q4,0.40314,0.43272,L,S,0,0,,
all,all,on_base,unknown,q4,0.40314,0.43272,R,L,0,0,,
all,all,on_base,unknown,q4,0.40314,0.43272,R,R,1,174,,
all,all,on_base,unknown,q4,0.40314,0.43272,R,S,0,0,,
all,all,on_base,unknown,q5,0.43272,,L,L,0,0,,
all,all,on_base,unknown,q5,0.43272,,L,R,0,0,,
all,all,on_base,unknown,q5,0.43272,,L,S,0,0,,
all,all,on_base,unknown,q5,0.43272,,R,L,1,237,,
all,all,on_base,unknown,q5,0.43272,,R,R,0,0,,
all,all,on_base,unknown,q5,0.43272,,R,S,0,0,,
all,all,on_base,unknown,lt50,,,L,L,0,0,,
all,all,on_base,unknown,lt50,,,L,R,0,0,,
all,all,on_base,unknown,lt50,,,L,S,0,0,,
all,all,on_base,unknown,lt50,,,R,L,2,12,,
all,all,on_base,unknown,lt50,,,R,R,7,69,0.35619,0.1655
all,all,on_base,unknown,lt50,,,R,S,1,5,,
tier,low,on_base,P,q1,,0.34551,L,L,0,0,,
tier,low,on_base,P,q1,,0.34551,L,R,0,0,,
tier,low,on_base,P,q1,,0.34551,L,S,0,0,,
tier,low,on_base,P,q1,,0.34551,R,L,0,0,,
tier,low,on_base,P,q1,,0.34551,R,R,0,0,,
tier,low,on_base,P,q1,,0.34551,R,S,0,0,,
tier,low,on_base,P,q2,0.34551,0.37603,L,L,0,0,,
tier,low,on_base,P,q2,0.34551,0.37603,L,R,0,0,,
tier,low,on_base,P,q2,0.34551,0.37603,L,S,0,0,,
tier,low,on_base,P,q2,0.34551,0.37603,R,L,0,0,,
tier,low,on_base,P,q2,0.34551,0.37603,R,R,0,0,,
tier,low,on_base,P,q2,0.34551,0.37603,R,S,0,0,,
tier,low,on_base,P,q3,0.37603,0.40314,L,L,0,0,,
tier,low,on_base,P,q3,0.37603,0.40314,L,R,0,0,,
tier,low,on_base,P,q3,0.37603,0.40314,L,S,0,0,,
tier,low,on_base,P,q3,0.37603,0.40314,R,L,0,0,,
tier,low,on_base,P,q3,0.37603,0.40314,R,R,0,0,,
tier,low,on_base,P,q3,0.37603,0.40314,R,S,0,0,,
tier,low,on_base,P,q4,0.40314,0.43272,L,L,0,0,,
tier,low,on_base,P,q4,0.40314,0.43272,L,R,0,0,,
tier,low,on_base,P,q4,0.40314,0.43272,L,S,0,0,,
tier,low,on_base,P,q4,0.40314,0.43272,R,L,0,0,,
tier,low,on_base,P,q4,0.40314,0.43272,R,R,0,0,,
tier,low,on_base,P,q4,0.40314,0.43272,R,S,0,0,,
tier,low,on_base,P,q5,0.43272,,L,L,0,0,,
tier,low,on_base,P,q5,0.43272,,L,R,0,0,,
tier,low,on_base,P,q5,0.43272,,L,S,0,0,,
tier,low,on_base,P,q5,0.43272,,R,L,0,0,,
tier,low,on_base,P,q5,0.43272,,R,R,0,0,,
tier,low,on_base,P,q5,0.43272,,R,S,0,0,,
tier,low,on_base,P,lt50,,,L,L,2,3,,
tier,low,on_base,P,lt50,,,L,R,0,0,,
tier,low,on_base,P,lt50,,,L,S,0,0,,
tier,low,on_base,P,lt50,,,R,L,0,0,,
tier,low,on_base,P,lt50,,,R,R,2,10,,
tier,low,on_base,P,lt50,,,R,S,0,0,,
tier,low,on_base,C,q1,,0.34551,L,L,0,0,,
tier,low,on_base,C,q1,,0.34551,L,R,0,0,,
tier,low,on_base,C,q1,,0.34551,L,S,0,0,,
tier,low,on_base,C,q1,,0.34551,R,L,0,0,,
tier,low,on_base,C,q1,,0.34551,R,R,1,50,,
tier,low,on_base,C,q1,,0.34551,R,S,0,0,,
tier,low,on_base,C,q2,0.34551,0.37603,L,L,0,0,,
tier,low,on_base,C,q2,0.34551,0.37603,L,R,0,0,,
tier,low,on_base,C,q2,0.34551,0.37603,L,S,0,0,,
tier,low,on_base,C,q2,0.34551,0.37603,R,L,0,0,,
tier,low,on_base,C,q2,0.34551,0.37603,R,R,0,0,,
tier,low,on_base,C,q2,0.34551,0.37603,R,S,0,0,,
tier,low,on_base,C,q3,0.37603,0.40314,L,L,0,0,,
tier,low,on_base,C,q3,0.37603,0.40314,L,R,0,0,,
tier,low,on_base,C,q3,0.37603,0.40314,L,S,0,0,,
tier,low,on_base,C,q3,0.37603,0.40314,R,L,0,0,,
tier,low,on_base,C,q3,0.37603,0.40314,R,R,0,0,,
tier,low,on_base,C,q3,0.37603,0.40314,R,S,0,0,,
tier,low,on_base,C,q4,0.40314,0.43272,L,L,0,0,,
tier,low,on_base,C,q4,0.40314,0.43272,L,R,0,0,,
tier,low,on_base,C,q4,0.40314,0.43272,L,S,0,0,,
tier,low,on_base,C,q4,0.40314,0.43272,R,L,0,0,,
tier,low,on_base,C,q4,0.40314,0.43272,R,R,0,0,,
tier,low,on_base,C,q4,0.40314,0.43272,R,S,0,0,,
tier,low,on_base,C,q5,0.43272,,L,L,0,0,,
tier,low,on_base,C,q5,0.43272,,L,R,0,0,,
tier,low,on_base,C,q5,0.43272,,L,S,0,0,,
tier,low,on_base,C,q5,0.43272,,R,L,0,0,,
tier,low,on_base,C,q5,0.43272,,R,R,0,0,,
tier,low,on_base,C,q5,0.43272,,R,S,0,0,,
tier,low,on_base,C,lt50,,,L,L,0,0,,
tier,low,on_base,C,lt50,,,L,R,0,0,,
tier,low,on_base,C,lt50,,,L,S,0,0,,
tier,low,on_base,C,lt50,,,R,L,14,118,0.29734,0.27302
tier,low,on_base,C,lt50,,,R,R,91,755,0.27119,0.20635
tier,low,on_base,C,lt50,,,R,S,4,44,,
tier,low,on_base,1B,q1,,0.34551,L,L,0,0,,
tier,low,on_base,1B,q1,,0.34551,L,R,0,0,,
tier,low,on_base,1B,q1,,0.34551,L,S,0,0,,
tier,low,on_base,1B,q1,,0.34551,R,L,0,0,,
tier,low,on_base,1B,q1,,0.34551,R,R,0,0,,
tier,low,on_base,1B,q1,,0.34551,R,S,0,0,,
tier,low,on_base,1B,q2,0.34551,0.37603,L,L,0,0,,
tier,low,on_base,1B,q2,0.34551,0.37603,L,R,0,0,,
tier,low,on_base,1B,q2,0.34551,0.37603,L,S,0,0,,
tier,low,on_base,1B,q2,0.34551,0.37603,R,L,0,0,,
tier,low,on_base,1B,q2,0.34551,0.37603,R,R,0,0,,
tier,low,on_base,1B,q2,0.34551,0.37603,R,S,0,0,,
tier,low,on_base,1B,q3,0.37603,0.40314,L,L,0,0,,
tier,low,on_base,1B,q3,0.37603,0.40314,L,R,0,0,,
tier,low,on_base,1B,q3,0.37603,0.40314,L,S,0,0,,
tier,low,on_base,1B,q3,0.37603,0.40314,R,L,0,0,,
tier,low,on_base,1B,q3,0.37603,0.40314,R,R,0,0,,
tier,low,on_base,1B,q3,0.37603,0.40314,R,S,0,0,,
tier,low,on_base,1B,q4,0.40314,0.43272,L,L,0,0,,
tier,low,on_base,1B,q4,0.40314,0.43272,L,R,0,0,,
tier,low,on_base,1B,q4,0.40314,0.43272,L,S,0,0,,
tier,low,on_base,1B,q4,0.40314,0.43272,R,L,0,0,,
tier,low,on_base,1B,q4,0.40314,0.43272,R,R,0,0,,
tier,low,on_base,1B,q4,0.40314,0.43272,R,S,0,0,,
tier,low,on_base,1B,q5,0.43272,,L,L,0,0,,
tier,low,on_base,1B,q5,0.43272,,L,R,0,0,,
tier,low,on_base,1B,q5,0.43272,,L,S,0,0,,
tier,low,on_base,1B,q5,0.43272,,R,L,0,0,,
tier,low,on_base,1B,q5,0.43272,,R,R,0,0,,
tier,low,on_base,1B,q5,0.43272,,R,S,0,0,,
tier,low,on_base,1B,lt50,,,L,L,4,48,,
tier,low,on_base,1B,lt50,,,L,R,0,0,,
tier,low,on_base,1B,lt50,,,L,S,0,0,,
tier,low,on_base,1B,lt50,,,R,L,3,33,,
tier,low,on_base,1B,lt50,,,R,R,7,66,0.45385,0.32693
tier,low,on_base,1B,lt50,,,R,S,1,4,,
tier,low,on_base,IF,q1,,0.34551,L,L,0,0,,
tier,low,on_base,IF,q1,,0.34551,L,R,0,0,,
tier,low,on_base,IF,q1,,0.34551,L,S,0,0,,
tier,low,on_base,IF,q1,,0.34551,R,L,0,0,,
tier,low,on_base,IF,q1,,0.34551,R,R,0,0,,
tier,low,on_base,IF,q1,,0.34551,R,S,0,0,,
tier,low,on_base,IF,q2,0.34551,0.37603,L,L,0,0,,
tier,low,on_base,IF,q2,0.34551,0.37603,L,R,0,0,,
tier,low,on_base,IF,q2,0.34551,0.37603,L,S,0,0,,
tier,low,on_base,IF,q2,0.34551,0.37603,R,L,0,0,,
tier,low,on_base,IF,q2,0.34551,0.37603,R,R,1,51,,
tier,low,on_base,IF,q2,0.34551,0.37603,R,S,0,0,,
tier,low,on_base,IF,q3,0.37603,0.40314,L,L,0,0,,
tier,low,on_base,IF,q3,0.37603,0.40314,L,R,0,0,,
tier,low,on_base,IF,q3,0.37603,0.40314,L,S,0,0,,
tier,low,on_base,IF,q3,0.37603,0.40314,R,L,0,0,,
tier,low,on_base,IF,q3,0.37603,0.40314,R,R,0,0,,
tier,low,on_base,IF,q3,0.37603,0.40314,R,S,0,0,,
tier,low,on_base,IF,q4,0.40314,0.43272,L,L,0,0,,
tier,low,on_base,IF,q4,0.40314,0.43272,L,R,0,0,,
tier,low,on_base,IF,q4,0.40314,0.43272,L,S,0,0,,
tier,low,on_base,IF,q4,0.40314,0.43272,R,L,0,0,,
tier,low,on_base,IF,q4,0.40314,0.43272,R,R,0,0,,
tier,low,on_base,IF,q4,0.40314,0.43272,R,S,0,0,,
tier,low,on_base,IF,q5,0.43272,,L,L,0,0,,
tier,low,on_base,IF,q5,0.43272,,L,R,0,0,,
tier,low,on_base,IF,q5,0.43272,,L,S,0,0,,
tier,low,on_base,IF,q5,0.43272,,R,L,1,62,,
tier,low,on_base,IF,q5,0.43272,,R,R,0,0,,
tier,low,on_base,IF,q5,0.43272,,R,S,0,0,,
tier,low,on_base,IF,lt50,,,L,L,10,61,0.37947,0.2338
tier,low,on_base,IF,lt50,,,L,R,0,0,,
tier,low,on_base,IF,lt50,,,L,S,0,0,,
tier,low,on_base,IF,lt50,,,R,L,51,606,0.33186,0.18283
tier,low,on_base,IF,lt50,,,R,R,171,1676,0.29224,0.22923
tier,low,on_base,IF,lt50,,,R,S,10,94,0.21671,0.18226
tier,low,on_base,OF,q1,,0.34551,L,L,0,0,,
tier,low,on_base,OF,q1,,0.34551,L,R,0,0,,
tier,low,on_base,OF,q1,,0.34551,L,S,0,0,,
tier,low,on_base,OF,q1,,0.34551,R,L,0,0,,
tier,low,on_base,OF,q1,,0.34551,R,R,0,0,,
tier,low,on_base,OF,q1,,0.34551,R,S,0,0,,
tier,low,on_base,OF,q2,0.34551,0.37603,L,L,0,0,,
tier,low,on_base,OF,q2,0.34551,0.37603,L,R,0,0,,
tier,low,on_base,OF,q2,0.34551,0.37603,L,S,0,0,,
tier,low,on_base,OF,q2,0.34551,0.37603,R,L,0,0,,
tier,low,on_base,OF,q2,0.34551,0.37603,R,R,0,0,,
tier,low,on_base,OF,q2,0.34551,0.37603,R,S,0,0,,
tier,low,on_base,OF,q3,0.37603,0.40314,L,L,0,0,,
tier,low,on_base,OF,q3,0.37603,0.40314,L,R,0,0,,
tier,low,on_base,OF,q3,0.37603,0.40314,L,S,0,0,,
tier,low,on_base,OF,q3,0.37603,0.40314,R,L,0,0,,
tier,low,on_base,OF,q3,0.37603,0.40314,R,R,0,0,,
tier,low,on_base,OF,q3,0.37603,0.40314,R,S,0,0,,
tier,low,on_base,OF,q4,0.40314,0.43272,L,L,0,0,,
tier,low,on_base,OF,q4,0.40314,0.43272,L,R,0,0,,
tier,low,on_base,OF,q4,0.40314,0.43272,L,S,0,0,,
tier,low,on_base,OF,q4,0.40314,0.43272,R,L,0,0,,
tier,low,on_base,OF,q4,0.40314,0.43272,R,R,0,0,,
tier,low,on_base,OF,q4,0.40314,0.43272,R,S,0,0,,
tier,low,on_base,OF,q5,0.43272,,L,L,1,61,,
tier,low,on_base,OF,q5,0.43272,,L,R,0,0,,
tier,low,on_base,OF,q5,0.43272,,L,S,0,0,,
tier,low,on_base,OF,q5,0.43272,,R,L,0,0,,
tier,low,on_base,OF,q5,0.43272,,R,R,1,51,,
tier,low,on_base,OF,q5,0.43272,,R,S,0,0,,
tier,low,on_base,OF,lt50,,,L,L,30,295,0.32697,0.21223
tier,low,on_base,OF,lt50,,,L,R,1,9,,
tier,low,on_base,OF,lt50,,,L,S,0,0,,
tier,low,on_base,OF,lt50,,,R,L,36,345,0.32448,0.18542
tier,low,on_base,OF,lt50,,,R,R,113,1031,0.28565,0.19989
tier,low,on_base,OF,lt50,,,R,S,1,9,,
tier,low,on_base,UT/DH,q1,,0.34551,L,L,0,0,,
tier,low,on_base,UT/DH,q1,,0.34551,L,R,0,0,,
tier,low,on_base,UT/DH,q1,,0.34551,L,S,0,0,,
tier,low,on_base,UT/DH,q1,,0.34551,R,L,0,0,,
tier,low,on_base,UT/DH,q1,,0.34551,R,R,0,0,,
tier,low,on_base,UT/DH,q1,,0.34551,R,S,0,0,,
tier,low,on_base,UT/DH,q2,0.34551,0.37603,L,L,0,0,,
tier,low,on_base,UT/DH,q2,0.34551,0.37603,L,R,0,0,,
tier,low,on_base,UT/DH,q2,0.34551,0.37603,L,S,0,0,,
tier,low,on_base,UT/DH,q2,0.34551,0.37603,R,L,0,0,,
tier,low,on_base,UT/DH,q2,0.34551,0.37603,R,R,0,0,,
tier,low,on_base,UT/DH,q2,0.34551,0.37603,R,S,0,0,,
tier,low,on_base,UT/DH,q3,0.37603,0.40314,L,L,0,0,,
tier,low,on_base,UT/DH,q3,0.37603,0.40314,L,R,0,0,,
tier,low,on_base,UT/DH,q3,0.37603,0.40314,L,S,0,0,,
tier,low,on_base,UT/DH,q3,0.37603,0.40314,R,L,0,0,,
tier,low,on_base,UT/DH,q3,0.37603,0.40314,R,R,0,0,,
tier,low,on_base,UT/DH,q3,0.37603,0.40314,R,S,0,0,,
tier,low,on_base,UT/DH,q4,0.40314,0.43272,L,L,0,0,,
tier,low,on_base,UT/DH,q4,0.40314,0.43272,L,R,0,0,,
tier,low,on_base,UT/DH,q4,0.40314,0.43272,L,S,0,0,,
tier,low,on_base,UT/DH,q4,0.40314,0.43272,R,L,0,0,,
tier,low,on_base,UT/DH,q4,0.40314,0.43272,R,R,0,0,,
tier,low,on_base,UT/DH,q4,0.40314,0.43272,R,S,0,0,,
tier,low,on_base,UT/DH,q5,0.43272,,L,L,0,0,,
tier,low,on_base,UT/DH,q5,0.43272,,L,R,0,0,,
tier,low,on_base,UT/DH,q5,0.43272,,L,S,0,0,,
tier,low,on_base,UT/DH,q5,0.43272,,R,L,0,0,,
tier,low,on_base,UT/DH,q5,0.43272,,R,R,0,0,,
tier,low,on_base,UT/DH,q5,0.43272,,R,S,0,0,,
tier,low,on_base,UT/DH,lt50,,,L,L,1,20,,
tier,low,on_base,UT/DH,lt50,,,L,R,0,0,,
tier,low,on_base,UT/DH,lt50,,,L,S,0,0,,
tier,low,on_base,UT/DH,lt50,,,R,L,9,98,0.32814,0.26784
tier,low,on_base,UT/DH,lt50,,,R,R,15,147,0.36318,0.27131
tier,low,on_base,UT/DH,lt50,,,R,S,0,0,,
tier,low,on_base,two-way,q1,,0.34551,L,L,0,0,,
tier,low,on_base,two-way,q1,,0.34551,L,R,0,0,,
tier,low,on_base,two-way,q1,,0.34551,L,S,0,0,,
tier,low,on_base,two-way,q1,,0.34551,R,L,0,0,,
tier,low,on_base,two-way,q1,,0.34551,R,R,0,0,,
tier,low,on_base,two-way,q1,,0.34551,R,S,0,0,,
tier,low,on_base,two-way,q2,0.34551,0.37603,L,L,0,0,,
tier,low,on_base,two-way,q2,0.34551,0.37603,L,R,0,0,,
tier,low,on_base,two-way,q2,0.34551,0.37603,L,S,0,0,,
tier,low,on_base,two-way,q2,0.34551,0.37603,R,L,0,0,,
tier,low,on_base,two-way,q2,0.34551,0.37603,R,R,0,0,,
tier,low,on_base,two-way,q2,0.34551,0.37603,R,S,0,0,,
tier,low,on_base,two-way,q3,0.37603,0.40314,L,L,0,0,,
tier,low,on_base,two-way,q3,0.37603,0.40314,L,R,0,0,,
tier,low,on_base,two-way,q3,0.37603,0.40314,L,S,0,0,,
tier,low,on_base,two-way,q3,0.37603,0.40314,R,L,0,0,,
tier,low,on_base,two-way,q3,0.37603,0.40314,R,R,0,0,,
tier,low,on_base,two-way,q3,0.37603,0.40314,R,S,0,0,,
tier,low,on_base,two-way,q4,0.40314,0.43272,L,L,0,0,,
tier,low,on_base,two-way,q4,0.40314,0.43272,L,R,0,0,,
tier,low,on_base,two-way,q4,0.40314,0.43272,L,S,0,0,,
tier,low,on_base,two-way,q4,0.40314,0.43272,R,L,0,0,,
tier,low,on_base,two-way,q4,0.40314,0.43272,R,R,0,0,,
tier,low,on_base,two-way,q4,0.40314,0.43272,R,S,0,0,,
tier,low,on_base,two-way,q5,0.43272,,L,L,0,0,,
tier,low,on_base,two-way,q5,0.43272,,L,R,0,0,,
tier,low,on_base,two-way,q5,0.43272,,L,S,0,0,,
tier,low,on_base,two-way,q5,0.43272,,R,L,0,0,,
tier,low,on_base,two-way,q5,0.43272,,R,R,0,0,,
tier,low,on_base,two-way,q5,0.43272,,R,S,0,0,,
tier,low,on_base,two-way,lt50,,,L,L,6,47,0.19981,0.18815
tier,low,on_base,two-way,lt50,,,L,R,1,1,,
tier,low,on_base,two-way,lt50,,,L,S,0,0,,
tier,low,on_base,two-way,lt50,,,R,L,6,38,0.30701,0.23745
tier,low,on_base,two-way,lt50,,,R,R,16,124,0.33387,0.20337
tier,low,on_base,two-way,lt50,,,R,S,0,0,,
tier,low,on_base,unknown,q1,,0.34551,L,L,0,0,,
tier,low,on_base,unknown,q1,,0.34551,L,R,0,0,,
tier,low,on_base,unknown,q1,,0.34551,L,S,0,0,,
tier,low,on_base,unknown,q1,,0.34551,R,L,0,0,,
tier,low,on_base,unknown,q1,,0.34551,R,R,0,0,,
tier,low,on_base,unknown,q1,,0.34551,R,S,0,0,,
tier,low,on_base,unknown,q2,0.34551,0.37603,L,L,0,0,,
tier,low,on_base,unknown,q2,0.34551,0.37603,L,R,0,0,,
tier,low,on_base,unknown,q2,0.34551,0.37603,L,S,0,0,,
tier,low,on_base,unknown,q2,0.34551,0.37603,R,L,0,0,,
tier,low,on_base,unknown,q2,0.34551,0.37603,R,R,0,0,,
tier,low,on_base,unknown,q2,0.34551,0.37603,R,S,0,0,,
tier,low,on_base,unknown,q3,0.37603,0.40314,L,L,0,0,,
tier,low,on_base,unknown,q3,0.37603,0.40314,L,R,0,0,,
tier,low,on_base,unknown,q3,0.37603,0.40314,L,S,0,0,,
tier,low,on_base,unknown,q3,0.37603,0.40314,R,L,0,0,,
tier,low,on_base,unknown,q3,0.37603,0.40314,R,R,0,0,,
tier,low,on_base,unknown,q3,0.37603,0.40314,R,S,0,0,,
tier,low,on_base,unknown,q4,0.40314,0.43272,L,L,0,0,,
tier,low,on_base,unknown,q4,0.40314,0.43272,L,R,0,0,,
tier,low,on_base,unknown,q4,0.40314,0.43272,L,S,0,0,,
tier,low,on_base,unknown,q4,0.40314,0.43272,R,L,0,0,,
tier,low,on_base,unknown,q4,0.40314,0.43272,R,R,0,0,,
tier,low,on_base,unknown,q4,0.40314,0.43272,R,S,0,0,,
tier,low,on_base,unknown,q5,0.43272,,L,L,0,0,,
tier,low,on_base,unknown,q5,0.43272,,L,R,0,0,,
tier,low,on_base,unknown,q5,0.43272,,L,S,0,0,,
tier,low,on_base,unknown,q5,0.43272,,R,L,0,0,,
tier,low,on_base,unknown,q5,0.43272,,R,R,0,0,,
tier,low,on_base,unknown,q5,0.43272,,R,S,0,0,,
tier,low,on_base,unknown,lt50,,,L,L,0,0,,
tier,low,on_base,unknown,lt50,,,L,R,0,0,,
tier,low,on_base,unknown,lt50,,,L,S,0,0,,
tier,low,on_base,unknown,lt50,,,R,L,0,0,,
tier,low,on_base,unknown,lt50,,,R,R,5,39,0.37857,0.18672
tier,low,on_base,unknown,lt50,,,R,S,1,5,,
tier,mid,on_base,P,q1,,0.34551,L,L,0,0,,
tier,mid,on_base,P,q1,,0.34551,L,R,0,0,,
tier,mid,on_base,P,q1,,0.34551,L,S,0,0,,
tier,mid,on_base,P,q1,,0.34551,R,L,0,0,,
tier,mid,on_base,P,q1,,0.34551,R,R,0,0,,
tier,mid,on_base,P,q1,,0.34551,R,S,0,0,,
tier,mid,on_base,P,q2,0.34551,0.37603,L,L,0,0,,
tier,mid,on_base,P,q2,0.34551,0.37603,L,R,0,0,,
tier,mid,on_base,P,q2,0.34551,0.37603,L,S,0,0,,
tier,mid,on_base,P,q2,0.34551,0.37603,R,L,0,0,,
tier,mid,on_base,P,q2,0.34551,0.37603,R,R,0,0,,
tier,mid,on_base,P,q2,0.34551,0.37603,R,S,0,0,,
tier,mid,on_base,P,q3,0.37603,0.40314,L,L,0,0,,
tier,mid,on_base,P,q3,0.37603,0.40314,L,R,0,0,,
tier,mid,on_base,P,q3,0.37603,0.40314,L,S,0,0,,
tier,mid,on_base,P,q3,0.37603,0.40314,R,L,0,0,,
tier,mid,on_base,P,q3,0.37603,0.40314,R,R,0,0,,
tier,mid,on_base,P,q3,0.37603,0.40314,R,S,0,0,,
tier,mid,on_base,P,q4,0.40314,0.43272,L,L,0,0,,
tier,mid,on_base,P,q4,0.40314,0.43272,L,R,0,0,,
tier,mid,on_base,P,q4,0.40314,0.43272,L,S,0,0,,
tier,mid,on_base,P,q4,0.40314,0.43272,R,L,0,0,,
tier,mid,on_base,P,q4,0.40314,0.43272,R,R,0,0,,
tier,mid,on_base,P,q4,0.40314,0.43272,R,S,0,0,,
tier,mid,on_base,P,q5,0.43272,,L,L,0,0,,
tier,mid,on_base,P,q5,0.43272,,L,R,0,0,,
tier,mid,on_base,P,q5,0.43272,,L,S,0,0,,
tier,mid,on_base,P,q5,0.43272,,R,L,0,0,,
tier,mid,on_base,P,q5,0.43272,,R,R,0,0,,
tier,mid,on_base,P,q5,0.43272,,R,S,0,0,,
tier,mid,on_base,P,lt50,,,L,L,2,14,,
tier,mid,on_base,P,lt50,,,L,R,1,6,,
tier,mid,on_base,P,lt50,,,L,S,0,0,,
tier,mid,on_base,P,lt50,,,R,L,0,0,,
tier,mid,on_base,P,lt50,,,R,R,6,35,0.15453,0.22897
tier,mid,on_base,P,lt50,,,R,S,0,0,,
tier,mid,on_base,C,q1,,0.34551,L,L,0,0,,
tier,mid,on_base,C,q1,,0.34551,L,R,0,0,,
tier,mid,on_base,C,q1,,0.34551,L,S,0,0,,
tier,mid,on_base,C,q1,,0.34551,R,L,4,244,,
tier,mid,on_base,C,q1,,0.34551,R,R,3,274,,
tier,mid,on_base,C,q1,,0.34551,R,S,0,0,,
tier,mid,on_base,C,q2,0.34551,0.37603,L,L,0,0,,
tier,mid,on_base,C,q2,0.34551,0.37603,L,R,0,0,,
tier,mid,on_base,C,q2,0.34551,0.37603,L,S,0,0,,
tier,mid,on_base,C,q2,0.34551,0.37603,R,L,2,240,,
tier,mid,on_base,C,q2,0.34551,0.37603,R,R,2,261,,
tier,mid,on_base,C,q2,0.34551,0.37603,R,S,0,0,,
tier,mid,on_base,C,q3,0.37603,0.40314,L,L,0,0,,
tier,mid,on_base,C,q3,0.37603,0.40314,L,R,0,0,,
tier,mid,on_base,C,q3,0.37603,0.40314,L,S,0,0,,
tier,mid,on_base,C,q3,0.37603,0.40314,R,L,1,57,,
tier,mid,on_base,C,q3,0.37603,0.40314,R,R,0,0,,
tier,mid,on_base,C,q3,0.37603,0.40314,R,S,0,0,,
tier,mid,on_base,C,q4,0.40314,0.43272,L,L,0,0,,
tier,mid,on_base,C,q4,0.40314,0.43272,L,R,0,0,,
tier,mid,on_base,C,q4,0.40314,0.43272,L,S,0,0,,
tier,mid,on_base,C,q4,0.40314,0.43272,R,L,0,0,,
tier,mid,on_base,C,q4,0.40314,0.43272,R,R,6,1042,0.41672,0.01081
tier,mid,on_base,C,q4,0.40314,0.43272,R,S,0,0,,
tier,mid,on_base,C,q5,0.43272,,L,L,0,0,,
tier,mid,on_base,C,q5,0.43272,,L,R,0,0,,
tier,mid,on_base,C,q5,0.43272,,L,S,0,0,,
tier,mid,on_base,C,q5,0.43272,,R,L,1,52,,
tier,mid,on_base,C,q5,0.43272,,R,R,0,0,,
tier,mid,on_base,C,q5,0.43272,,R,S,0,0,,
tier,mid,on_base,C,lt50,,,L,L,0,0,,
tier,mid,on_base,C,lt50,,,L,R,0,0,,
tier,mid,on_base,C,lt50,,,L,S,0,0,,
tier,mid,on_base,C,lt50,,,R,L,41,522,0.3462,0.24451
tier,mid,on_base,C,lt50,,,R,R,206,2576,0.32811,0.20882
tier,mid,on_base,C,lt50,,,R,S,9,141,0.27969,0.20816
tier,mid,on_base,1B,q1,,0.34551,L,L,0,0,,
tier,mid,on_base,1B,q1,,0.34551,L,R,0,0,,
tier,mid,on_base,1B,q1,,0.34551,L,S,0,0,,
tier,mid,on_base,1B,q1,,0.34551,R,L,1,51,,
tier,mid,on_base,1B,q1,,0.34551,R,R,0,0,,
tier,mid,on_base,1B,q1,,0.34551,R,S,0,0,,
tier,mid,on_base,1B,q2,0.34551,0.37603,L,L,0,0,,
tier,mid,on_base,1B,q2,0.34551,0.37603,L,R,0,0,,
tier,mid,on_base,1B,q2,0.34551,0.37603,L,S,0,0,,
tier,mid,on_base,1B,q2,0.34551,0.37603,R,L,0,0,,
tier,mid,on_base,1B,q2,0.34551,0.37603,R,R,1,53,,
tier,mid,on_base,1B,q2,0.34551,0.37603,R,S,0,0,,
tier,mid,on_base,1B,q3,0.37603,0.40314,L,L,0,0,,
tier,mid,on_base,1B,q3,0.37603,0.40314,L,R,0,0,,
tier,mid,on_base,1B,q3,0.37603,0.40314,L,S,0,0,,
tier,mid,on_base,1B,q3,0.37603,0.40314,R,L,0,0,,
tier,mid,on_base,1B,q3,0.37603,0.40314,R,R,0,0,,
tier,mid,on_base,1B,q3,0.37603,0.40314,R,S,0,0,,
tier,mid,on_base,1B,q4,0.40314,0.43272,L,L,0,0,,
tier,mid,on_base,1B,q4,0.40314,0.43272,L,R,0,0,,
tier,mid,on_base,1B,q4,0.40314,0.43272,L,S,0,0,,
tier,mid,on_base,1B,q4,0.40314,0.43272,R,L,1,210,,
tier,mid,on_base,1B,q4,0.40314,0.43272,R,R,0,0,,
tier,mid,on_base,1B,q4,0.40314,0.43272,R,S,0,0,,
tier,mid,on_base,1B,q5,0.43272,,L,L,0,0,,
tier,mid,on_base,1B,q5,0.43272,,L,R,0,0,,
tier,mid,on_base,1B,q5,0.43272,,L,S,0,0,,
tier,mid,on_base,1B,q5,0.43272,,R,L,1,52,,
tier,mid,on_base,1B,q5,0.43272,,R,R,0,0,,
tier,mid,on_base,1B,q5,0.43272,,R,S,0,0,,
tier,mid,on_base,1B,lt50,,,L,L,17,281,0.42833,0.20246
tier,mid,on_base,1B,lt50,,,L,R,0,0,,
tier,mid,on_base,1B,lt50,,,L,S,0,0,,
tier,mid,on_base,1B,lt50,,,R,L,9,201,0.44675,0.33218
tier,mid,on_base,1B,lt50,,,R,R,24,288,0.28998,0.21085
tier,mid,on_base,1B,lt50,,,R,S,1,37,,
tier,mid,on_base,IF,q1,,0.34551,L,L,0,0,,
tier,mid,on_base,IF,q1,,0.34551,L,R,0,0,,
tier,mid,on_base,IF,q1,,0.34551,L,S,0,0,,
tier,mid,on_base,IF,q1,,0.34551,R,L,9,1012,0.30666,0.02925
tier,mid,on_base,IF,q1,,0.34551,R,R,13,1275,0.31311,0.04142
tier,mid,on_base,IF,q1,,0.34551,R,S,0,0,,
tier,mid,on_base,IF,q2,0.34551,0.37603,L,L,0,0,,
tier,mid,on_base,IF,q2,0.34551,0.37603,L,R,0,0,,
tier,mid,on_base,IF,q2,0.34551,0.37603,L,S,0,0,,
tier,mid,on_base,IF,q2,0.34551,0.37603,R,L,4,763,,
tier,mid,on_base,IF,q2,0.34551,0.37603,R,R,10,1445,0.36334,0.01021
tier,mid,on_base,IF,q2,0.34551,0.37603,R,S,1,60,,
tier,mid,on_base,IF,q3,0.37603,0.40314,L,L,1,250,,
tier,mid,on_base,IF,q3,0.37603,0.40314,L,R,0,0,,
tier,mid,on_base,IF,q3,0.37603,0.40314,L,S,0,0,,
tier,mid,on_base,IF,q3,0.37603,0.40314,R,L,1,278,,
tier,mid,on_base,IF,q3,0.37603,0.40314,R,R,7,763,0.38688,0.01039
tier,mid,on_base,IF,q3,0.37603,0.40314,R,S,0,0,,
tier,mid,on_base,IF,q4,0.40314,0.43272,L,L,0,0,,
tier,mid,on_base,IF,q4,0.40314,0.43272,L,R,0,0,,
tier,mid,on_base,IF,q4,0.40314,0.43272,L,S,0,0,,
tier,mid,on_base,IF,q4,0.40314,0.43272,R,L,4,429,,
tier,mid,on_base,IF,q4,0.40314,0.43272,R,R,7,974,0.4235,0.0092
tier,mid,on_base,IF,q4,0.40314,0.43272,R,S,0,0,,
tier,mid,on_base,IF,q5,0.43272,,L,L,0,0,,
tier,mid,on_base,IF,q5,0.43272,,L,R,1,66,,
tier,mid,on_base,IF,q5,0.43272,,L,S,0,0,,
tier,mid,on_base,IF,q5,0.43272,,R,L,1,160,,
tier,mid,on_base,IF,q5,0.43272,,R,R,5,292,0.46338,0.0327
tier,mid,on_base,IF,q5,0.43272,,R,S,1,50,,
tier,mid,on_base,IF,lt50,,,L,L,16,196,0.34017,0.19279
tier,mid,on_base,IF,lt50,,,L,R,0,0,,
tier,mid,on_base,IF,lt50,,,L,S,0,0,,
tier,mid,on_base,IF,lt50,,,R,L,134,2308,0.31311,0.17107
tier,mid,on_base,IF,lt50,,,R,R,356,5444,0.32429,0.1912
tier,mid,on_base,IF,lt50,,,R,S,30,477,0.32676,0.23926
tier,mid,on_base,OF,q1,,0.34551,L,L,1,151,,
tier,mid,on_base,OF,q1,,0.34551,L,R,0,0,,
tier,mid,on_base,OF,q1,,0.34551,L,S,0,0,,
tier,mid,on_base,OF,q1,,0.34551,R,L,2,127,,
tier,mid,on_base,OF,q1,,0.34551,R,R,5,665,0.32309,0.02682
tier,mid,on_base,OF,q1,,0.34551,R,S,1,107,,
tier,mid,on_base,OF,q2,0.34551,0.37603,L,L,3,334,,
tier,mid,on_base,OF,q2,0.34551,0.37603,L,R,0,0,,
tier,mid,on_base,OF,q2,0.34551,0.37603,L,S,0,0,,
tier,mid,on_base,OF,q2,0.34551,0.37603,R,L,2,238,,
tier,mid,on_base,OF,q2,0.34551,0.37603,R,R,4,500,,
tier,mid,on_base,OF,q2,0.34551,0.37603,R,S,0,0,,
tier,mid,on_base,OF,q3,0.37603,0.40314,L,L,2,320,,
tier,mid,on_base,OF,q3,0.37603,0.40314,L,R,0,0,,
tier,mid,on_base,OF,q3,0.37603,0.40314,L,S,0,0,,
tier,mid,on_base,OF,q3,0.37603,0.40314,R,L,0,0,,
tier,mid,on_base,OF,q3,0.37603,0.40314,R,R,4,363,,
tier,mid,on_base,OF,q3,0.37603,0.40314,R,S,0,0,,
tier,mid,on_base,OF,q4,0.40314,0.43272,L,L,1,232,,
tier,mid,on_base,OF,q4,0.40314,0.43272,L,R,1,72,,
tier,mid,on_base,OF,q4,0.40314,0.43272,L,S,0,0,,
tier,mid,on_base,OF,q4,0.40314,0.43272,R,L,3,489,,
tier,mid,on_base,OF,q4,0.40314,0.43272,R,R,3,460,,
tier,mid,on_base,OF,q4,0.40314,0.43272,R,S,1,233,,
tier,mid,on_base,OF,q5,0.43272,,L,L,2,288,,
tier,mid,on_base,OF,q5,0.43272,,L,R,0,0,,
tier,mid,on_base,OF,q5,0.43272,,L,S,0,0,,
tier,mid,on_base,OF,q5,0.43272,,R,L,2,247,,
tier,mid,on_base,OF,q5,0.43272,,R,R,4,438,,
tier,mid,on_base,OF,q5,0.43272,,R,S,1,56,,
tier,mid,on_base,OF,lt50,,,L,L,94,1518,0.36555,0.21917
tier,mid,on_base,OF,lt50,,,L,R,9,92,0.29364,0.1372
tier,mid,on_base,OF,lt50,,,L,S,3,68,,
tier,mid,on_base,OF,lt50,,,R,L,86,1367,0.30225,0.16721
tier,mid,on_base,OF,lt50,,,R,R,183,2751,0.31671,0.18172
tier,mid,on_base,OF,lt50,,,R,S,11,167,0.23945,0.11252
tier,mid,on_base,UT/DH,q1,,0.34551,L,L,0,0,,
tier,mid,on_base,UT/DH,q1,,0.34551,L,R,0,0,,
tier,mid,on_base,UT/DH,q1,,0.34551,L,S,0,0,,
tier,mid,on_base,UT/DH,q1,,0.34551,R,L,2,214,,
tier,mid,on_base,UT/DH,q1,,0.34551,R,R,0,0,,
tier,mid,on_base,UT/DH,q1,,0.34551,R,S,0,0,,
tier,mid,on_base,UT/DH,q2,0.34551,0.37603,L,L,0,0,,
tier,mid,on_base,UT/DH,q2,0.34551,0.37603,L,R,0,0,,
tier,mid,on_base,UT/DH,q2,0.34551,0.37603,L,S,0,0,,
tier,mid,on_base,UT/DH,q2,0.34551,0.37603,R,L,0,0,,
tier,mid,on_base,UT/DH,q2,0.34551,0.37603,R,R,1,220,,
tier,mid,on_base,UT/DH,q2,0.34551,0.37603,R,S,0,0,,
tier,mid,on_base,UT/DH,q3,0.37603,0.40314,L,L,0,0,,
tier,mid,on_base,UT/DH,q3,0.37603,0.40314,L,R,0,0,,
tier,mid,on_base,UT/DH,q3,0.37603,0.40314,L,S,0,0,,
tier,mid,on_base,UT/DH,q3,0.37603,0.40314,R,L,0,0,,
tier,mid,on_base,UT/DH,q3,0.37603,0.40314,R,R,1,202,,
tier,mid,on_base,UT/DH,q3,0.37603,0.40314,R,S,0,0,,
tier,mid,on_base,UT/DH,q4,0.40314,0.43272,L,L,1,225,,
tier,mid,on_base,UT/DH,q4,0.40314,0.43272,L,R,0,0,,
tier,mid,on_base,UT/DH,q4,0.40314,0.43272,L,S,0,0,,
tier,mid,on_base,UT/DH,q4,0.40314,0.43272,R,L,0,0,,
tier,mid,on_base,UT/DH,q4,0.40314,0.43272,R,R,0,0,,
tier,mid,on_base,UT/DH,q4,0.40314,0.43272,R,S,0,0,,
tier,mid,on_base,UT/DH,q5,0.43272,,L,L,0,0,,
tier,mid,on_base,UT/DH,q5,0.43272,,L,R,0,0,,
tier,mid,on_base,UT/DH,q5,0.43272,,L,S,0,0,,
tier,mid,on_base,UT/DH,q5,0.43272,,R,L,0,0,,
tier,mid,on_base,UT/DH,q5,0.43272,,R,R,0,0,,
tier,mid,on_base,UT/DH,q5,0.43272,,R,S,0,0,,
tier,mid,on_base,UT/DH,lt50,,,L,L,1,1,,
tier,mid,on_base,UT/DH,lt50,,,L,R,1,5,,
tier,mid,on_base,UT/DH,lt50,,,L,S,1,4,,
tier,mid,on_base,UT/DH,lt50,,,R,L,17,185,0.35221,0.24962
tier,mid,on_base,UT/DH,lt50,,,R,R,35,347,0.31558,0.27783
tier,mid,on_base,UT/DH,lt50,,,R,S,0,0,,
tier,mid,on_base,two-way,q1,,0.34551,L,L,0,0,,
tier,mid,on_base,two-way,q1,,0.34551,L,R,0,0,,
tier,mid,on_base,two-way,q1,,0.34551,L,S,0,0,,
tier,mid,on_base,two-way,q1,,0.34551,R,L,0,0,,
tier,mid,on_base,two-way,q1,,0.34551,R,R,0,0,,
tier,mid,on_base,two-way,q1,,0.34551,R,S,0,0,,
tier,mid,on_base,two-way,q2,0.34551,0.37603,L,L,0,0,,
tier,mid,on_base,two-way,q2,0.34551,0.37603,L,R,0,0,,
tier,mid,on_base,two-way,q2,0.34551,0.37603,L,S,0,0,,
tier,mid,on_base,two-way,q2,0.34551,0.37603,R,L,0,0,,
tier,mid,on_base,two-way,q2,0.34551,0.37603,R,R,1,190,,
tier,mid,on_base,two-way,q2,0.34551,0.37603,R,S,0,0,,
tier,mid,on_base,two-way,q3,0.37603,0.40314,L,L,0,0,,
tier,mid,on_base,two-way,q3,0.37603,0.40314,L,R,0,0,,
tier,mid,on_base,two-way,q3,0.37603,0.40314,L,S,0,0,,
tier,mid,on_base,two-way,q3,0.37603,0.40314,R,L,0,0,,
tier,mid,on_base,two-way,q3,0.37603,0.40314,R,R,0,0,,
tier,mid,on_base,two-way,q3,0.37603,0.40314,R,S,0,0,,
tier,mid,on_base,two-way,q4,0.40314,0.43272,L,L,0,0,,
tier,mid,on_base,two-way,q4,0.40314,0.43272,L,R,0,0,,
tier,mid,on_base,two-way,q4,0.40314,0.43272,L,S,0,0,,
tier,mid,on_base,two-way,q4,0.40314,0.43272,R,L,0,0,,
tier,mid,on_base,two-way,q4,0.40314,0.43272,R,R,0,0,,
tier,mid,on_base,two-way,q4,0.40314,0.43272,R,S,0,0,,
tier,mid,on_base,two-way,q5,0.43272,,L,L,1,198,,
tier,mid,on_base,two-way,q5,0.43272,,L,R,0,0,,
tier,mid,on_base,two-way,q5,0.43272,,L,S,0,0,,
tier,mid,on_base,two-way,q5,0.43272,,R,L,0,0,,
tier,mid,on_base,two-way,q5,0.43272,,R,R,1,221,,
tier,mid,on_base,two-way,q5,0.43272,,R,S,0,0,,
tier,mid,on_base,two-way,lt50,,,L,L,22,291,0.31451,0.25136
tier,mid,on_base,two-way,lt50,,,L,R,1,6,,
tier,mid,on_base,two-way,lt50,,,L,S,0,0,,
tier,mid,on_base,two-way,lt50,,,R,L,9,103,0.26074,0.25812
tier,mid,on_base,two-way,lt50,,,R,R,40,523,0.29533,0.17025
tier,mid,on_base,two-way,lt50,,,R,S,0,0,,
tier,mid,on_base,unknown,q1,,0.34551,L,L,0,0,,
tier,mid,on_base,unknown,q1,,0.34551,L,R,0,0,,
tier,mid,on_base,unknown,q1,,0.34551,L,S,0,0,,
tier,mid,on_base,unknown,q1,,0.34551,R,L,0,0,,
tier,mid,on_base,unknown,q1,,0.34551,R,R,0,0,,
tier,mid,on_base,unknown,q1,,0.34551,R,S,0,0,,
tier,mid,on_base,unknown,q2,0.34551,0.37603,L,L,0,0,,
tier,mid,on_base,unknown,q2,0.34551,0.37603,L,R,0,0,,
tier,mid,on_base,unknown,q2,0.34551,0.37603,L,S,0,0,,
tier,mid,on_base,unknown,q2,0.34551,0.37603,R,L,1,219,,
tier,mid,on_base,unknown,q2,0.34551,0.37603,R,R,0,0,,
tier,mid,on_base,unknown,q2,0.34551,0.37603,R,S,0,0,,
tier,mid,on_base,unknown,q3,0.37603,0.40314,L,L,0,0,,
tier,mid,on_base,unknown,q3,0.37603,0.40314,L,R,0,0,,
tier,mid,on_base,unknown,q3,0.37603,0.40314,L,S,0,0,,
tier,mid,on_base,unknown,q3,0.37603,0.40314,R,L,0,0,,
tier,mid,on_base,unknown,q3,0.37603,0.40314,R,R,0,0,,
tier,mid,on_base,unknown,q3,0.37603,0.40314,R,S,0,0,,
tier,mid,on_base,unknown,q4,0.40314,0.43272,L,L,0,0,,
tier,mid,on_base,unknown,q4,0.40314,0.43272,L,R,0,0,,
tier,mid,on_base,unknown,q4,0.40314,0.43272,L,S,0,0,,
tier,mid,on_base,unknown,q4,0.40314,0.43272,R,L,0,0,,
tier,mid,on_base,unknown,q4,0.40314,0.43272,R,R,0,0,,
tier,mid,on_base,unknown,q4,0.40314,0.43272,R,S,0,0,,
tier,mid,on_base,unknown,q5,0.43272,,L,L,0,0,,
tier,mid,on_base,unknown,q5,0.43272,,L,R,0,0,,
tier,mid,on_base,unknown,q5,0.43272,,L,S,0,0,,
tier,mid,on_base,unknown,q5,0.43272,,R,L,0,0,,
tier,mid,on_base,unknown,q5,0.43272,,R,R,0,0,,
tier,mid,on_base,unknown,q5,0.43272,,R,S,0,0,,
tier,mid,on_base,unknown,lt50,,,L,L,0,0,,
tier,mid,on_base,unknown,lt50,,,L,R,0,0,,
tier,mid,on_base,unknown,lt50,,,L,S,0,0,,
tier,mid,on_base,unknown,lt50,,,R,L,1,7,,
tier,mid,on_base,unknown,lt50,,,R,R,1,20,,
tier,mid,on_base,unknown,lt50,,,R,S,0,0,,
tier,non_d1,on_base,P,q1,,0.34551,L,L,0,0,,
tier,non_d1,on_base,P,q1,,0.34551,L,R,0,0,,
tier,non_d1,on_base,P,q1,,0.34551,L,S,0,0,,
tier,non_d1,on_base,P,q1,,0.34551,R,L,0,0,,
tier,non_d1,on_base,P,q1,,0.34551,R,R,0,0,,
tier,non_d1,on_base,P,q1,,0.34551,R,S,0,0,,
tier,non_d1,on_base,P,q2,0.34551,0.37603,L,L,0,0,,
tier,non_d1,on_base,P,q2,0.34551,0.37603,L,R,0,0,,
tier,non_d1,on_base,P,q2,0.34551,0.37603,L,S,0,0,,
tier,non_d1,on_base,P,q2,0.34551,0.37603,R,L,0,0,,
tier,non_d1,on_base,P,q2,0.34551,0.37603,R,R,0,0,,
tier,non_d1,on_base,P,q2,0.34551,0.37603,R,S,0,0,,
tier,non_d1,on_base,P,q3,0.37603,0.40314,L,L,0,0,,
tier,non_d1,on_base,P,q3,0.37603,0.40314,L,R,0,0,,
tier,non_d1,on_base,P,q3,0.37603,0.40314,L,S,0,0,,
tier,non_d1,on_base,P,q3,0.37603,0.40314,R,L,0,0,,
tier,non_d1,on_base,P,q3,0.37603,0.40314,R,R,0,0,,
tier,non_d1,on_base,P,q3,0.37603,0.40314,R,S,0,0,,
tier,non_d1,on_base,P,q4,0.40314,0.43272,L,L,0,0,,
tier,non_d1,on_base,P,q4,0.40314,0.43272,L,R,0,0,,
tier,non_d1,on_base,P,q4,0.40314,0.43272,L,S,0,0,,
tier,non_d1,on_base,P,q4,0.40314,0.43272,R,L,0,0,,
tier,non_d1,on_base,P,q4,0.40314,0.43272,R,R,0,0,,
tier,non_d1,on_base,P,q4,0.40314,0.43272,R,S,0,0,,
tier,non_d1,on_base,P,q5,0.43272,,L,L,0,0,,
tier,non_d1,on_base,P,q5,0.43272,,L,R,0,0,,
tier,non_d1,on_base,P,q5,0.43272,,L,S,0,0,,
tier,non_d1,on_base,P,q5,0.43272,,R,L,0,0,,
tier,non_d1,on_base,P,q5,0.43272,,R,R,0,0,,
tier,non_d1,on_base,P,q5,0.43272,,R,S,0,0,,
tier,non_d1,on_base,P,lt50,,,L,L,0,0,,
tier,non_d1,on_base,P,lt50,,,L,R,0,0,,
tier,non_d1,on_base,P,lt50,,,L,S,0,0,,
tier,non_d1,on_base,P,lt50,,,R,L,0,0,,
tier,non_d1,on_base,P,lt50,,,R,R,0,0,,
tier,non_d1,on_base,P,lt50,,,R,S,0,0,,
tier,non_d1,on_base,C,q1,,0.34551,L,L,0,0,,
tier,non_d1,on_base,C,q1,,0.34551,L,R,0,0,,
tier,non_d1,on_base,C,q1,,0.34551,L,S,0,0,,
tier,non_d1,on_base,C,q1,,0.34551,R,L,0,0,,
tier,non_d1,on_base,C,q1,,0.34551,R,R,0,0,,
tier,non_d1,on_base,C,q1,,0.34551,R,S,0,0,,
tier,non_d1,on_base,C,q2,0.34551,0.37603,L,L,0,0,,
tier,non_d1,on_base,C,q2,0.34551,0.37603,L,R,0,0,,
tier,non_d1,on_base,C,q2,0.34551,0.37603,L,S,0,0,,
tier,non_d1,on_base,C,q2,0.34551,0.37603,R,L,0,0,,
tier,non_d1,on_base,C,q2,0.34551,0.37603,R,R,0,0,,
tier,non_d1,on_base,C,q2,0.34551,0.37603,R,S,0,0,,
tier,non_d1,on_base,C,q3,0.37603,0.40314,L,L,0,0,,
tier,non_d1,on_base,C,q3,0.37603,0.40314,L,R,0,0,,
tier,non_d1,on_base,C,q3,0.37603,0.40314,L,S,0,0,,
tier,non_d1,on_base,C,q3,0.37603,0.40314,R,L,0,0,,
tier,non_d1,on_base,C,q3,0.37603,0.40314,R,R,0,0,,
tier,non_d1,on_base,C,q3,0.37603,0.40314,R,S,0,0,,
tier,non_d1,on_base,C,q4,0.40314,0.43272,L,L,0,0,,
tier,non_d1,on_base,C,q4,0.40314,0.43272,L,R,0,0,,
tier,non_d1,on_base,C,q4,0.40314,0.43272,L,S,0,0,,
tier,non_d1,on_base,C,q4,0.40314,0.43272,R,L,0,0,,
tier,non_d1,on_base,C,q4,0.40314,0.43272,R,R,0,0,,
tier,non_d1,on_base,C,q4,0.40314,0.43272,R,S,0,0,,
tier,non_d1,on_base,C,q5,0.43272,,L,L,0,0,,
tier,non_d1,on_base,C,q5,0.43272,,L,R,0,0,,
tier,non_d1,on_base,C,q5,0.43272,,L,S,0,0,,
tier,non_d1,on_base,C,q5,0.43272,,R,L,0,0,,
tier,non_d1,on_base,C,q5,0.43272,,R,R,0,0,,
tier,non_d1,on_base,C,q5,0.43272,,R,S,0,0,,
tier,non_d1,on_base,C,lt50,,,L,L,0,0,,
tier,non_d1,on_base,C,lt50,,,L,R,0,0,,
tier,non_d1,on_base,C,lt50,,,L,S,0,0,,
tier,non_d1,on_base,C,lt50,,,R,L,1,2,,
tier,non_d1,on_base,C,lt50,,,R,R,1,1,,
tier,non_d1,on_base,C,lt50,,,R,S,0,0,,
tier,non_d1,on_base,1B,q1,,0.34551,L,L,0,0,,
tier,non_d1,on_base,1B,q1,,0.34551,L,R,0,0,,
tier,non_d1,on_base,1B,q1,,0.34551,L,S,0,0,,
tier,non_d1,on_base,1B,q1,,0.34551,R,L,0,0,,
tier,non_d1,on_base,1B,q1,,0.34551,R,R,0,0,,
tier,non_d1,on_base,1B,q1,,0.34551,R,S,0,0,,
tier,non_d1,on_base,1B,q2,0.34551,0.37603,L,L,0,0,,
tier,non_d1,on_base,1B,q2,0.34551,0.37603,L,R,0,0,,
tier,non_d1,on_base,1B,q2,0.34551,0.37603,L,S,0,0,,
tier,non_d1,on_base,1B,q2,0.34551,0.37603,R,L,0,0,,
tier,non_d1,on_base,1B,q2,0.34551,0.37603,R,R,0,0,,
tier,non_d1,on_base,1B,q2,0.34551,0.37603,R,S,0,0,,
tier,non_d1,on_base,1B,q3,0.37603,0.40314,L,L,0,0,,
tier,non_d1,on_base,1B,q3,0.37603,0.40314,L,R,0,0,,
tier,non_d1,on_base,1B,q3,0.37603,0.40314,L,S,0,0,,
tier,non_d1,on_base,1B,q3,0.37603,0.40314,R,L,0,0,,
tier,non_d1,on_base,1B,q3,0.37603,0.40314,R,R,0,0,,
tier,non_d1,on_base,1B,q3,0.37603,0.40314,R,S,0,0,,
tier,non_d1,on_base,1B,q4,0.40314,0.43272,L,L,0,0,,
tier,non_d1,on_base,1B,q4,0.40314,0.43272,L,R,0,0,,
tier,non_d1,on_base,1B,q4,0.40314,0.43272,L,S,0,0,,
tier,non_d1,on_base,1B,q4,0.40314,0.43272,R,L,0,0,,
tier,non_d1,on_base,1B,q4,0.40314,0.43272,R,R,0,0,,
tier,non_d1,on_base,1B,q4,0.40314,0.43272,R,S,0,0,,
tier,non_d1,on_base,1B,q5,0.43272,,L,L,0,0,,
tier,non_d1,on_base,1B,q5,0.43272,,L,R,0,0,,
tier,non_d1,on_base,1B,q5,0.43272,,L,S,0,0,,
tier,non_d1,on_base,1B,q5,0.43272,,R,L,0,0,,
tier,non_d1,on_base,1B,q5,0.43272,,R,R,0,0,,
tier,non_d1,on_base,1B,q5,0.43272,,R,S,0,0,,
tier,non_d1,on_base,1B,lt50,,,L,L,0,0,,
tier,non_d1,on_base,1B,lt50,,,L,R,0,0,,
tier,non_d1,on_base,1B,lt50,,,L,S,0,0,,
tier,non_d1,on_base,1B,lt50,,,R,L,0,0,,
tier,non_d1,on_base,1B,lt50,,,R,R,1,2,,
tier,non_d1,on_base,1B,lt50,,,R,S,0,0,,
tier,non_d1,on_base,IF,q1,,0.34551,L,L,0,0,,
tier,non_d1,on_base,IF,q1,,0.34551,L,R,0,0,,
tier,non_d1,on_base,IF,q1,,0.34551,L,S,0,0,,
tier,non_d1,on_base,IF,q1,,0.34551,R,L,0,0,,
tier,non_d1,on_base,IF,q1,,0.34551,R,R,0,0,,
tier,non_d1,on_base,IF,q1,,0.34551,R,S,0,0,,
tier,non_d1,on_base,IF,q2,0.34551,0.37603,L,L,0,0,,
tier,non_d1,on_base,IF,q2,0.34551,0.37603,L,R,0,0,,
tier,non_d1,on_base,IF,q2,0.34551,0.37603,L,S,0,0,,
tier,non_d1,on_base,IF,q2,0.34551,0.37603,R,L,0,0,,
tier,non_d1,on_base,IF,q2,0.34551,0.37603,R,R,0,0,,
tier,non_d1,on_base,IF,q2,0.34551,0.37603,R,S,0,0,,
tier,non_d1,on_base,IF,q3,0.37603,0.40314,L,L,0,0,,
tier,non_d1,on_base,IF,q3,0.37603,0.40314,L,R,0,0,,
tier,non_d1,on_base,IF,q3,0.37603,0.40314,L,S,0,0,,
tier,non_d1,on_base,IF,q3,0.37603,0.40314,R,L,0,0,,
tier,non_d1,on_base,IF,q3,0.37603,0.40314,R,R,0,0,,
tier,non_d1,on_base,IF,q3,0.37603,0.40314,R,S,0,0,,
tier,non_d1,on_base,IF,q4,0.40314,0.43272,L,L,0,0,,
tier,non_d1,on_base,IF,q4,0.40314,0.43272,L,R,0,0,,
tier,non_d1,on_base,IF,q4,0.40314,0.43272,L,S,0,0,,
tier,non_d1,on_base,IF,q4,0.40314,0.43272,R,L,0,0,,
tier,non_d1,on_base,IF,q4,0.40314,0.43272,R,R,0,0,,
tier,non_d1,on_base,IF,q4,0.40314,0.43272,R,S,0,0,,
tier,non_d1,on_base,IF,q5,0.43272,,L,L,0,0,,
tier,non_d1,on_base,IF,q5,0.43272,,L,R,0,0,,
tier,non_d1,on_base,IF,q5,0.43272,,L,S,0,0,,
tier,non_d1,on_base,IF,q5,0.43272,,R,L,0,0,,
tier,non_d1,on_base,IF,q5,0.43272,,R,R,0,0,,
tier,non_d1,on_base,IF,q5,0.43272,,R,S,0,0,,
tier,non_d1,on_base,IF,lt50,,,L,L,0,0,,
tier,non_d1,on_base,IF,lt50,,,L,R,0,0,,
tier,non_d1,on_base,IF,lt50,,,L,S,0,0,,
tier,non_d1,on_base,IF,lt50,,,R,L,0,0,,
tier,non_d1,on_base,IF,lt50,,,R,R,5,13,0.18106,0.23354
tier,non_d1,on_base,IF,lt50,,,R,S,0,0,,
tier,non_d1,on_base,OF,q1,,0.34551,L,L,0,0,,
tier,non_d1,on_base,OF,q1,,0.34551,L,R,0,0,,
tier,non_d1,on_base,OF,q1,,0.34551,L,S,0,0,,
tier,non_d1,on_base,OF,q1,,0.34551,R,L,0,0,,
tier,non_d1,on_base,OF,q1,,0.34551,R,R,0,0,,
tier,non_d1,on_base,OF,q1,,0.34551,R,S,0,0,,
tier,non_d1,on_base,OF,q2,0.34551,0.37603,L,L,0,0,,
tier,non_d1,on_base,OF,q2,0.34551,0.37603,L,R,0,0,,
tier,non_d1,on_base,OF,q2,0.34551,0.37603,L,S,0,0,,
tier,non_d1,on_base,OF,q2,0.34551,0.37603,R,L,0,0,,
tier,non_d1,on_base,OF,q2,0.34551,0.37603,R,R,0,0,,
tier,non_d1,on_base,OF,q2,0.34551,0.37603,R,S,0,0,,
tier,non_d1,on_base,OF,q3,0.37603,0.40314,L,L,0,0,,
tier,non_d1,on_base,OF,q3,0.37603,0.40314,L,R,0,0,,
tier,non_d1,on_base,OF,q3,0.37603,0.40314,L,S,0,0,,
tier,non_d1,on_base,OF,q3,0.37603,0.40314,R,L,0,0,,
tier,non_d1,on_base,OF,q3,0.37603,0.40314,R,R,0,0,,
tier,non_d1,on_base,OF,q3,0.37603,0.40314,R,S,0,0,,
tier,non_d1,on_base,OF,q4,0.40314,0.43272,L,L,0,0,,
tier,non_d1,on_base,OF,q4,0.40314,0.43272,L,R,0,0,,
tier,non_d1,on_base,OF,q4,0.40314,0.43272,L,S,0,0,,
tier,non_d1,on_base,OF,q4,0.40314,0.43272,R,L,0,0,,
tier,non_d1,on_base,OF,q4,0.40314,0.43272,R,R,0,0,,
tier,non_d1,on_base,OF,q4,0.40314,0.43272,R,S,0,0,,
tier,non_d1,on_base,OF,q5,0.43272,,L,L,0,0,,
tier,non_d1,on_base,OF,q5,0.43272,,L,R,0,0,,
tier,non_d1,on_base,OF,q5,0.43272,,L,S,0,0,,
tier,non_d1,on_base,OF,q5,0.43272,,R,L,0,0,,
tier,non_d1,on_base,OF,q5,0.43272,,R,R,0,0,,
tier,non_d1,on_base,OF,q5,0.43272,,R,S,0,0,,
tier,non_d1,on_base,OF,lt50,,,L,L,1,4,,
tier,non_d1,on_base,OF,lt50,,,L,R,0,0,,
tier,non_d1,on_base,OF,lt50,,,L,S,0,0,,
tier,non_d1,on_base,OF,lt50,,,R,L,0,0,,
tier,non_d1,on_base,OF,lt50,,,R,R,1,4,,
tier,non_d1,on_base,OF,lt50,,,R,S,0,0,,
tier,non_d1,on_base,UT/DH,q1,,0.34551,L,L,0,0,,
tier,non_d1,on_base,UT/DH,q1,,0.34551,L,R,0,0,,
tier,non_d1,on_base,UT/DH,q1,,0.34551,L,S,0,0,,
tier,non_d1,on_base,UT/DH,q1,,0.34551,R,L,0,0,,
tier,non_d1,on_base,UT/DH,q1,,0.34551,R,R,0,0,,
tier,non_d1,on_base,UT/DH,q1,,0.34551,R,S,0,0,,
tier,non_d1,on_base,UT/DH,q2,0.34551,0.37603,L,L,0,0,,
tier,non_d1,on_base,UT/DH,q2,0.34551,0.37603,L,R,0,0,,
tier,non_d1,on_base,UT/DH,q2,0.34551,0.37603,L,S,0,0,,
tier,non_d1,on_base,UT/DH,q2,0.34551,0.37603,R,L,0,0,,
tier,non_d1,on_base,UT/DH,q2,0.34551,0.37603,R,R,0,0,,
tier,non_d1,on_base,UT/DH,q2,0.34551,0.37603,R,S,0,0,,
tier,non_d1,on_base,UT/DH,q3,0.37603,0.40314,L,L,0,0,,
tier,non_d1,on_base,UT/DH,q3,0.37603,0.40314,L,R,0,0,,
tier,non_d1,on_base,UT/DH,q3,0.37603,0.40314,L,S,0,0,,
tier,non_d1,on_base,UT/DH,q3,0.37603,0.40314,R,L,0,0,,
tier,non_d1,on_base,UT/DH,q3,0.37603,0.40314,R,R,0,0,,
tier,non_d1,on_base,UT/DH,q3,0.37603,0.40314,R,S,0,0,,
tier,non_d1,on_base,UT/DH,q4,0.40314,0.43272,L,L,0,0,,
tier,non_d1,on_base,UT/DH,q4,0.40314,0.43272,L,R,0,0,,
tier,non_d1,on_base,UT/DH,q4,0.40314,0.43272,L,S,0,0,,
tier,non_d1,on_base,UT/DH,q4,0.40314,0.43272,R,L,0,0,,
tier,non_d1,on_base,UT/DH,q4,0.40314,0.43272,R,R,0,0,,
tier,non_d1,on_base,UT/DH,q4,0.40314,0.43272,R,S,0,0,,
tier,non_d1,on_base,UT/DH,q5,0.43272,,L,L,0,0,,
tier,non_d1,on_base,UT/DH,q5,0.43272,,L,R,0,0,,
tier,non_d1,on_base,UT/DH,q5,0.43272,,L,S,0,0,,
tier,non_d1,on_base,UT/DH,q5,0.43272,,R,L,0,0,,
tier,non_d1,on_base,UT/DH,q5,0.43272,,R,R,0,0,,
tier,non_d1,on_base,UT/DH,q5,0.43272,,R,S,0,0,,
tier,non_d1,on_base,UT/DH,lt50,,,L,L,0,0,,
tier,non_d1,on_base,UT/DH,lt50,,,L,R,0,0,,
tier,non_d1,on_base,UT/DH,lt50,,,L,S,0,0,,
tier,non_d1,on_base,UT/DH,lt50,,,R,L,1,4,,
tier,non_d1,on_base,UT/DH,lt50,,,R,R,0,0,,
tier,non_d1,on_base,UT/DH,lt50,,,R,S,0,0,,
tier,non_d1,on_base,two-way,q1,,0.34551,L,L,0,0,,
tier,non_d1,on_base,two-way,q1,,0.34551,L,R,0,0,,
tier,non_d1,on_base,two-way,q1,,0.34551,L,S,0,0,,
tier,non_d1,on_base,two-way,q1,,0.34551,R,L,0,0,,
tier,non_d1,on_base,two-way,q1,,0.34551,R,R,0,0,,
tier,non_d1,on_base,two-way,q1,,0.34551,R,S,0,0,,
tier,non_d1,on_base,two-way,q2,0.34551,0.37603,L,L,0,0,,
tier,non_d1,on_base,two-way,q2,0.34551,0.37603,L,R,0,0,,
tier,non_d1,on_base,two-way,q2,0.34551,0.37603,L,S,0,0,,
tier,non_d1,on_base,two-way,q2,0.34551,0.37603,R,L,0,0,,
tier,non_d1,on_base,two-way,q2,0.34551,0.37603,R,R,0,0,,
tier,non_d1,on_base,two-way,q2,0.34551,0.37603,R,S,0,0,,
tier,non_d1,on_base,two-way,q3,0.37603,0.40314,L,L,0,0,,
tier,non_d1,on_base,two-way,q3,0.37603,0.40314,L,R,0,0,,
tier,non_d1,on_base,two-way,q3,0.37603,0.40314,L,S,0,0,,
tier,non_d1,on_base,two-way,q3,0.37603,0.40314,R,L,0,0,,
tier,non_d1,on_base,two-way,q3,0.37603,0.40314,R,R,0,0,,
tier,non_d1,on_base,two-way,q3,0.37603,0.40314,R,S,0,0,,
tier,non_d1,on_base,two-way,q4,0.40314,0.43272,L,L,0,0,,
tier,non_d1,on_base,two-way,q4,0.40314,0.43272,L,R,0,0,,
tier,non_d1,on_base,two-way,q4,0.40314,0.43272,L,S,0,0,,
tier,non_d1,on_base,two-way,q4,0.40314,0.43272,R,L,0,0,,
tier,non_d1,on_base,two-way,q4,0.40314,0.43272,R,R,0,0,,
tier,non_d1,on_base,two-way,q4,0.40314,0.43272,R,S,0,0,,
tier,non_d1,on_base,two-way,q5,0.43272,,L,L,0,0,,
tier,non_d1,on_base,two-way,q5,0.43272,,L,R,0,0,,
tier,non_d1,on_base,two-way,q5,0.43272,,L,S,0,0,,
tier,non_d1,on_base,two-way,q5,0.43272,,R,L,0,0,,
tier,non_d1,on_base,two-way,q5,0.43272,,R,R,0,0,,
tier,non_d1,on_base,two-way,q5,0.43272,,R,S,0,0,,
tier,non_d1,on_base,two-way,lt50,,,L,L,0,0,,
tier,non_d1,on_base,two-way,lt50,,,L,R,0,0,,
tier,non_d1,on_base,two-way,lt50,,,L,S,0,0,,
tier,non_d1,on_base,two-way,lt50,,,R,L,0,0,,
tier,non_d1,on_base,two-way,lt50,,,R,R,1,3,,
tier,non_d1,on_base,two-way,lt50,,,R,S,0,0,,
tier,non_d1,on_base,unknown,q1,,0.34551,L,L,0,0,,
tier,non_d1,on_base,unknown,q1,,0.34551,L,R,0,0,,
tier,non_d1,on_base,unknown,q1,,0.34551,L,S,0,0,,
tier,non_d1,on_base,unknown,q1,,0.34551,R,L,0,0,,
tier,non_d1,on_base,unknown,q1,,0.34551,R,R,0,0,,
tier,non_d1,on_base,unknown,q1,,0.34551,R,S,0,0,,
tier,non_d1,on_base,unknown,q2,0.34551,0.37603,L,L,0,0,,
tier,non_d1,on_base,unknown,q2,0.34551,0.37603,L,R,0,0,,
tier,non_d1,on_base,unknown,q2,0.34551,0.37603,L,S,0,0,,
tier,non_d1,on_base,unknown,q2,0.34551,0.37603,R,L,0,0,,
tier,non_d1,on_base,unknown,q2,0.34551,0.37603,R,R,0,0,,
tier,non_d1,on_base,unknown,q2,0.34551,0.37603,R,S,0,0,,
tier,non_d1,on_base,unknown,q3,0.37603,0.40314,L,L,0,0,,
tier,non_d1,on_base,unknown,q3,0.37603,0.40314,L,R,0,0,,
tier,non_d1,on_base,unknown,q3,0.37603,0.40314,L,S,0,0,,
tier,non_d1,on_base,unknown,q3,0.37603,0.40314,R,L,0,0,,
tier,non_d1,on_base,unknown,q3,0.37603,0.40314,R,R,0,0,,
tier,non_d1,on_base,unknown,q3,0.37603,0.40314,R,S,0,0,,
tier,non_d1,on_base,unknown,q4,0.40314,0.43272,L,L,0,0,,
tier,non_d1,on_base,unknown,q4,0.40314,0.43272,L,R,0,0,,
tier,non_d1,on_base,unknown,q4,0.40314,0.43272,L,S,0,0,,
tier,non_d1,on_base,unknown,q4,0.40314,0.43272,R,L,0,0,,
tier,non_d1,on_base,unknown,q4,0.40314,0.43272,R,R,0,0,,
tier,non_d1,on_base,unknown,q4,0.40314,0.43272,R,S,0,0,,
tier,non_d1,on_base,unknown,q5,0.43272,,L,L,0,0,,
tier,non_d1,on_base,unknown,q5,0.43272,,L,R,0,0,,
tier,non_d1,on_base,unknown,q5,0.43272,,L,S,0,0,,
tier,non_d1,on_base,unknown,q5,0.43272,,R,L,0,0,,
tier,non_d1,on_base,unknown,q5,0.43272,,R,R,0,0,,
tier,non_d1,on_base,unknown,q5,0.43272,,R,S,0,0,,
tier,non_d1,on_base,unknown,lt50,,,L,L,0,0,,
tier,non_d1,on_base,unknown,lt50,,,L,R,0,0,,
tier,non_d1,on_base,unknown,lt50,,,L,S,0,0,,
tier,non_d1,on_base,unknown,lt50,,,R,L,0,0,,
tier,non_d1,on_base,unknown,lt50,,,R,R,0,0,,
tier,non_d1,on_base,unknown,lt50,,,R,S,0,0,,
tier,p4,on_base,P,q1,,0.34551,L,L,0,0,,
tier,p4,on_base,P,q1,,0.34551,L,R,0,0,,
tier,p4,on_base,P,q1,,0.34551,L,S,0,0,,
tier,p4,on_base,P,q1,,0.34551,R,L,0,0,,
tier,p4,on_base,P,q1,,0.34551,R,R,0,0,,
tier,p4,on_base,P,q1,,0.34551,R,S,0,0,,
tier,p4,on_base,P,q2,0.34551,0.37603,L,L,0,0,,
tier,p4,on_base,P,q2,0.34551,0.37603,L,R,0,0,,
tier,p4,on_base,P,q2,0.34551,0.37603,L,S,0,0,,
tier,p4,on_base,P,q2,0.34551,0.37603,R,L,0,0,,
tier,p4,on_base,P,q2,0.34551,0.37603,R,R,0,0,,
tier,p4,on_base,P,q2,0.34551,0.37603,R,S,0,0,,
tier,p4,on_base,P,q3,0.37603,0.40314,L,L,0,0,,
tier,p4,on_base,P,q3,0.37603,0.40314,L,R,0,0,,
tier,p4,on_base,P,q3,0.37603,0.40314,L,S,0,0,,
tier,p4,on_base,P,q3,0.37603,0.40314,R,L,0,0,,
tier,p4,on_base,P,q3,0.37603,0.40314,R,R,0,0,,
tier,p4,on_base,P,q3,0.37603,0.40314,R,S,0,0,,
tier,p4,on_base,P,q4,0.40314,0.43272,L,L,0,0,,
tier,p4,on_base,P,q4,0.40314,0.43272,L,R,0,0,,
tier,p4,on_base,P,q4,0.40314,0.43272,L,S,0,0,,
tier,p4,on_base,P,q4,0.40314,0.43272,R,L,0,0,,
tier,p4,on_base,P,q4,0.40314,0.43272,R,R,0,0,,
tier,p4,on_base,P,q4,0.40314,0.43272,R,S,0,0,,
tier,p4,on_base,P,q5,0.43272,,L,L,0,0,,
tier,p4,on_base,P,q5,0.43272,,L,R,0,0,,
tier,p4,on_base,P,q5,0.43272,,L,S,0,0,,
tier,p4,on_base,P,q5,0.43272,,R,L,0,0,,
tier,p4,on_base,P,q5,0.43272,,R,R,0,0,,
tier,p4,on_base,P,q5,0.43272,,R,S,0,0,,
tier,p4,on_base,P,lt50,,,L,L,0,0,,
tier,p4,on_base,P,lt50,,,L,R,0,0,,
tier,p4,on_base,P,lt50,,,L,S,0,0,,
tier,p4,on_base,P,lt50,,,R,L,0,0,,
tier,p4,on_base,P,lt50,,,R,R,5,26,0.47393,0.51328
tier,p4,on_base,P,lt50,,,R,S,0,0,,
tier,p4,on_base,C,q1,,0.34551,L,L,0,0,,
tier,p4,on_base,C,q1,,0.34551,L,R,0,0,,
tier,p4,on_base,C,q1,,0.34551,L,S,0,0,,
tier,p4,on_base,C,q1,,0.34551,R,L,5,474,0.30552,0.02479
tier,p4,on_base,C,q1,,0.34551,R,R,8,751,0.31647,0.02649
tier,p4,on_base,C,q1,,0.34551,R,S,0,0,,
tier,p4,on_base,C,q2,0.34551,0.37603,L,L,0,0,,
tier,p4,on_base,C,q2,0.34551,0.37603,L,R,0,0,,
tier,p4,on_base,C,q2,0.34551,0.37603,L,S,0,0,,
tier,p4,on_base,C,q2,0.34551,0.37603,R,L,5,629,0.36417,0.00642
tier,p4,on_base,C,q2,0.34551,0.37603,R,R,6,759,0.36162,0.00485
tier,p4,on_base,C,q2,0.34551,0.37603,R,S,3,496,,
tier,p4,on_base,C,q3,0.37603,0.40314,L,L,0,0,,
tier,p4,on_base,C,q3,0.37603,0.40314,L,R,0,0,,
tier,p4,on_base,C,q3,0.37603,0.40314,L,S,0,0,,
tier,p4,on_base,C,q3,0.37603,0.40314,R,L,3,335,,
tier,p4,on_base,C,q3,0.37603,0.40314,R,R,9,1330,0.39027,0.00793
tier,p4,on_base,C,q3,0.37603,0.40314,R,S,0,0,,
tier,p4,on_base,C,q4,0.40314,0.43272,L,L,0,0,,
tier,p4,on_base,C,q4,0.40314,0.43272,L,R,0,0,,
tier,p4,on_base,C,q4,0.40314,0.43272,L,S,0,0,,
tier,p4,on_base,C,q4,0.40314,0.43272,R,L,7,929,0.41249,0.00947
tier,p4,on_base,C,q4,0.40314,0.43272,R,R,13,1656,0.41711,0.00854
tier,p4,on_base,C,q4,0.40314,0.43272,R,S,1,55,,
tier,p4,on_base,C,q5,0.43272,,L,L,0,0,,
tier,p4,on_base,C,q5,0.43272,,L,R,0,0,,
tier,p4,on_base,C,q5,0.43272,,L,S,0,0,,
tier,p4,on_base,C,q5,0.43272,,R,L,1,51,,
tier,p4,on_base,C,q5,0.43272,,R,R,8,1238,0.46143,0.01958
tier,p4,on_base,C,q5,0.43272,,R,S,0,0,,
tier,p4,on_base,C,lt50,,,L,L,0,0,,
tier,p4,on_base,C,lt50,,,L,R,0,0,,
tier,p4,on_base,C,lt50,,,L,S,0,0,,
tier,p4,on_base,C,lt50,,,R,L,11,231,0.36843,0.14868
tier,p4,on_base,C,lt50,,,R,R,43,861,0.29343,0.18496
tier,p4,on_base,C,lt50,,,R,S,8,105,0.30516,0.13488
tier,p4,on_base,1B,q1,,0.34551,L,L,0,0,,
tier,p4,on_base,1B,q1,,0.34551,L,R,0,0,,
tier,p4,on_base,1B,q1,,0.34551,L,S,0,0,,
tier,p4,on_base,1B,q1,,0.34551,R,L,0,0,,
tier,p4,on_base,1B,q1,,0.34551,R,R,0,0,,
tier,p4,on_base,1B,q1,,0.34551,R,S,0,0,,
tier,p4,on_base,1B,q2,0.34551,0.37603,L,L,2,281,,
tier,p4,on_base,1B,q2,0.34551,0.37603,L,R,2,149,,
tier,p4,on_base,1B,q2,0.34551,0.37603,L,S,0,0,,
tier,p4,on_base,1B,q2,0.34551,0.37603,R,L,1,90,,
tier,p4,on_base,1B,q2,0.34551,0.37603,R,R,0,0,,
tier,p4,on_base,1B,q2,0.34551,0.37603,R,S,0,0,,
tier,p4,on_base,1B,q3,0.37603,0.40314,L,L,0,0,,
tier,p4,on_base,1B,q3,0.37603,0.40314,L,R,0,0,,
tier,p4,on_base,1B,q3,0.37603,0.40314,L,S,0,0,,
tier,p4,on_base,1B,q3,0.37603,0.40314,R,L,4,745,,
tier,p4,on_base,1B,q3,0.37603,0.40314,R,R,1,108,,
tier,p4,on_base,1B,q3,0.37603,0.40314,R,S,0,0,,
tier,p4,on_base,1B,q4,0.40314,0.43272,L,L,0,0,,
tier,p4,on_base,1B,q4,0.40314,0.43272,L,R,0,0,,
tier,p4,on_base,1B,q4,0.40314,0.43272,L,S,0,0,,
tier,p4,on_base,1B,q4,0.40314,0.43272,R,L,1,68,,
tier,p4,on_base,1B,q4,0.40314,0.43272,R,R,0,0,,
tier,p4,on_base,1B,q4,0.40314,0.43272,R,S,0,0,,
tier,p4,on_base,1B,q5,0.43272,,L,L,1,58,,
tier,p4,on_base,1B,q5,0.43272,,L,R,0,0,,
tier,p4,on_base,1B,q5,0.43272,,L,S,1,52,,
tier,p4,on_base,1B,q5,0.43272,,R,L,1,236,,
tier,p4,on_base,1B,q5,0.43272,,R,R,1,326,,
tier,p4,on_base,1B,q5,0.43272,,R,S,0,0,,
tier,p4,on_base,1B,lt50,,,L,L,4,43,,
tier,p4,on_base,1B,lt50,,,L,R,0,0,,
tier,p4,on_base,1B,lt50,,,L,S,0,0,,
tier,p4,on_base,1B,lt50,,,R,L,1,2,,
tier,p4,on_base,1B,lt50,,,R,R,3,65,,
tier,p4,on_base,1B,lt50,,,R,S,0,0,,
tier,p4,on_base,IF,q1,,0.34551,L,L,1,55,,
tier,p4,on_base,IF,q1,,0.34551,L,R,0,0,,
tier,p4,on_base,IF,q1,,0.34551,L,S,0,0,,
tier,p4,on_base,IF,q1,,0.34551,R,L,13,1109,0.32224,0.01603
tier,p4,on_base,IF,q1,,0.34551,R,R,22,2247,0.30814,0.03624
tier,p4,on_base,IF,q1,,0.34551,R,S,2,123,,
tier,p4,on_base,IF,q2,0.34551,0.37603,L,L,1,141,,
tier,p4,on_base,IF,q2,0.34551,0.37603,L,R,0,0,,
tier,p4,on_base,IF,q2,0.34551,0.37603,L,S,0,0,,
tier,p4,on_base,IF,q2,0.34551,0.37603,R,L,13,1526,0.35945,0.01017
tier,p4,on_base,IF,q2,0.34551,0.37603,R,R,24,3307,0.36167,0.00843
tier,p4,on_base,IF,q2,0.34551,0.37603,R,S,3,300,,
tier,p4,on_base,IF,q3,0.37603,0.40314,L,L,1,173,,
tier,p4,on_base,IF,q3,0.37603,0.40314,L,R,0,0,,
tier,p4,on_base,IF,q3,0.37603,0.40314,L,S,1,178,,
tier,p4,on_base,IF,q3,0.37603,0.40314,R,L,17,2241,0.39067,0.00942
tier,p4,on_base,IF,q3,0.37603,0.40314,R,R,24,3728,0.38855,0.0066
tier,p4,on_base,IF,q3,0.37603,0.40314,R,S,4,828,,
tier,p4,on_base,IF,q4,0.40314,0.43272,L,L,1,73,,
tier,p4,on_base,IF,q4,0.40314,0.43272,L,R,0,0,,
tier,p4,on_base,IF,q4,0.40314,0.43272,L,S,0,0,,
tier,p4,on_base,IF,q4,0.40314,0.43272,R,L,17,2993,0.41616,0.00909
tier,p4,on_base,IF,q4,0.40314,0.43272,R,R,17,2649,0.418,0.00746
tier,p4,on_base,IF,q4,0.40314,0.43272,R,S,4,887,,
tier,p4,on_base,IF,q5,0.43272,,L,L,3,745,,
tier,p4,on_base,IF,q5,0.43272,,L,R,0,0,,
tier,p4,on_base,IF,q5,0.43272,,L,S,0,0,,
tier,p4,on_base,IF,q5,0.43272,,R,L,8,1103,0.46695,0.02783
tier,p4,on_base,IF,q5,0.43272,,R,R,33,6228,0.47322,0.03284
tier,p4,on_base,IF,q5,0.43272,,R,S,1,134,,
tier,p4,on_base,IF,lt50,,,L,L,2,70,,
tier,p4,on_base,IF,lt50,,,L,R,0,0,,
tier,p4,on_base,IF,lt50,,,L,S,0,0,,
tier,p4,on_base,IF,lt50,,,R,L,27,633,0.31213,0.17406
tier,p4,on_base,IF,lt50,,,R,R,90,1530,0.34857,0.19272
tier,p4,on_base,IF,lt50,,,R,S,6,119,0.33636,0.04611
tier,p4,on_base,OF,q1,,0.34551,L,L,5,494,0.33177,0.01569
tier,p4,on_base,OF,q1,,0.34551,L,R,0,0,,
tier,p4,on_base,OF,q1,,0.34551,L,S,0,0,,
tier,p4,on_base,OF,q1,,0.34551,R,L,5,418,0.30813,0.02389
tier,p4,on_base,OF,q1,,0.34551,R,R,10,1036,0.31652,0.02365
tier,p4,on_base,OF,q1,,0.34551,R,S,0,0,,
tier,p4,on_base,OF,q2,0.34551,0.37603,L,L,6,852,0.36659,0.00862
tier,p4,on_base,OF,q2,0.34551,0.37603,L,R,0,0,,
tier,p4,on_base,OF,q2,0.34551,0.37603,L,S,0,0,,
tier,p4,on_base,OF,q2,0.34551,0.37603,R,L,4,527,,
tier,p4,on_base,OF,q2,0.34551,0.37603,R,R,11,1190,0.36122,0.00833
tier,p4,on_base,OF,q2,0.34551,0.37603,R,S,0,0,,
tier,p4,on_base,OF,q3,0.37603,0.40314,L,L,11,2037,0.391,0.00924
tier,p4,on_base,OF,q3,0.37603,0.40314,L,R,1,239,,
tier,p4,on_base,OF,q3,0.37603,0.40314,L,S,0,0,,
tier,p4,on_base,OF,q3,0.37603,0.40314,R,L,6,720,0.38943,0.01003
tier,p4,on_base,OF,q3,0.37603,0.40314,R,R,12,2136,0.38655,0.00714
tier,p4,on_base,OF,q3,0.37603,0.40314,R,S,2,393,,
tier,p4,on_base,OF,q4,0.40314,0.43272,L,L,4,489,,
tier,p4,on_base,OF,q4,0.40314,0.43272,L,R,1,120,,
tier,p4,on_base,OF,q4,0.40314,0.43272,L,S,0,0,,
tier,p4,on_base,OF,q4,0.40314,0.43272,R,L,9,1599,0.41533,0.00913
tier,p4,on_base,OF,q4,0.40314,0.43272,R,R,13,2044,0.41697,0.00982
tier,p4,on_base,OF,q4,0.40314,0.43272,R,S,0,0,,
tier,p4,on_base,OF,q5,0.43272,,L,L,13,2276,0.45733,0.02554
tier,p4,on_base,OF,q5,0.43272,,L,R,0,0,,
tier,p4,on_base,OF,q5,0.43272,,L,S,0,0,,
tier,p4,on_base,OF,q5,0.43272,,R,L,8,1278,0.46195,0.0217
tier,p4,on_base,OF,q5,0.43272,,R,R,10,1507,0.45302,0.01392
tier,p4,on_base,OF,q5,0.43272,,R,S,0,0,,
tier,p4,on_base,OF,lt50,,,L,L,27,443,0.32502,0.23506
tier,p4,on_base,OF,lt50,,,L,R,2,16,,
tier,p4,on_base,OF,lt50,,,L,S,0,0,,
tier,p4,on_base,OF,lt50,,,R,L,20,321,0.32283,0.23394
tier,p4,on_base,OF,lt50,,,R,R,40,722,0.32465,0.18691
tier,p4,on_base,OF,lt50,,,R,S,2,32,,
tier,p4,on_base,UT/DH,q1,,0.34551,L,L,0,0,,
tier,p4,on_base,UT/DH,q1,,0.34551,L,R,0,0,,
tier,p4,on_base,UT/DH,q1,,0.34551,L,S,0,0,,
tier,p4,on_base,UT/DH,q1,,0.34551,R,L,0,0,,
tier,p4,on_base,UT/DH,q1,,0.34551,R,R,1,75,,
tier,p4,on_base,UT/DH,q1,,0.34551,R,S,0,0,,
tier,p4,on_base,UT/DH,q2,0.34551,0.37603,L,L,0,0,,
tier,p4,on_base,UT/DH,q2,0.34551,0.37603,L,R,0,0,,
tier,p4,on_base,UT/DH,q2,0.34551,0.37603,L,S,0,0,,
tier,p4,on_base,UT/DH,q2,0.34551,0.37603,R,L,1,69,,
tier,p4,on_base,UT/DH,q2,0.34551,0.37603,R,R,1,126,,
tier,p4,on_base,UT/DH,q2,0.34551,0.37603,R,S,1,95,,
tier,p4,on_base,UT/DH,q3,0.37603,0.40314,L,L,0,0,,
tier,p4,on_base,UT/DH,q3,0.37603,0.40314,L,R,0,0,,
tier,p4,on_base,UT/DH,q3,0.37603,0.40314,L,S,0,0,,
tier,p4,on_base,UT/DH,q3,0.37603,0.40314,R,L,3,480,,
tier,p4,on_base,UT/DH,q3,0.37603,0.40314,R,R,0,0,,
tier,p4,on_base,UT/DH,q3,0.37603,0.40314,R,S,0,0,,
tier,p4,on_base,UT/DH,q4,0.40314,0.43272,L,L,1,238,,
tier,p4,on_base,UT/DH,q4,0.40314,0.43272,L,R,0,0,,
tier,p4,on_base,UT/DH,q4,0.40314,0.43272,L,S,0,0,,
tier,p4,on_base,UT/DH,q4,0.40314,0.43272,R,L,0,0,,
tier,p4,on_base,UT/DH,q4,0.40314,0.43272,R,R,1,287,,
tier,p4,on_base,UT/DH,q4,0.40314,0.43272,R,S,0,0,,
tier,p4,on_base,UT/DH,q5,0.43272,,L,L,0,0,,
tier,p4,on_base,UT/DH,q5,0.43272,,L,R,0,0,,
tier,p4,on_base,UT/DH,q5,0.43272,,L,S,0,0,,
tier,p4,on_base,UT/DH,q5,0.43272,,R,L,2,159,,
tier,p4,on_base,UT/DH,q5,0.43272,,R,R,2,403,,
tier,p4,on_base,UT/DH,q5,0.43272,,R,S,0,0,,
tier,p4,on_base,UT/DH,lt50,,,L,L,0,0,,
tier,p4,on_base,UT/DH,lt50,,,L,R,0,0,,
tier,p4,on_base,UT/DH,lt50,,,L,S,0,0,,
tier,p4,on_base,UT/DH,lt50,,,R,L,3,46,,
tier,p4,on_base,UT/DH,lt50,,,R,R,6,118,0.45857,0.27358
tier,p4,on_base,UT/DH,lt50,,,R,S,2,13,,
tier,p4,on_base,two-way,q1,,0.34551,L,L,2,143,,
tier,p4,on_base,two-way,q1,,0.34551,L,R,0,0,,
tier,p4,on_base,two-way,q1,,0.34551,L,S,0,0,,
tier,p4,on_base,two-way,q1,,0.34551,R,L,1,104,,
tier,p4,on_base,two-way,q1,,0.34551,R,R,2,284,,
tier,p4,on_base,two-way,q1,,0.34551,R,S,0,0,,
tier,p4,on_base,two-way,q2,0.34551,0.37603,L,L,0,0,,
tier,p4,on_base,two-way,q2,0.34551,0.37603,L,R,0,0,,
tier,p4,on_base,two-way,q2,0.34551,0.37603,L,S,0,0,,
tier,p4,on_base,two-way,q2,0.34551,0.37603,R,L,0,0,,
tier,p4,on_base,two-way,q2,0.34551,0.37603,R,R,0,0,,
tier,p4,on_base,two-way,q2,0.34551,0.37603,R,S,0,0,,
tier,p4,on_base,two-way,q3,0.37603,0.40314,L,L,1,60,,
tier,p4,on_base,two-way,q3,0.37603,0.40314,L,R,0,0,,
tier,p4,on_base,two-way,q3,0.37603,0.40314,L,S,0,0,,
tier,p4,on_base,two-way,q3,0.37603,0.40314,R,L,0,0,,
tier,p4,on_base,two-way,q3,0.37603,0.40314,R,R,0,0,,
tier,p4,on_base,two-way,q3,0.37603,0.40314,R,S,0,0,,
tier,p4,on_base,two-way,q4,0.40314,0.43272,L,L,1,116,,
tier,p4,on_base,two-way,q4,0.40314,0.43272,L,R,0,0,,
tier,p4,on_base,two-way,q4,0.40314,0.43272,L,S,0,0,,
tier,p4,on_base,two-way,q4,0.40314,0.43272,R,L,0,0,,
tier,p4,on_base,two-way,q4,0.40314,0.43272,R,R,1,82,,
tier,p4,on_base,two-way,q4,0.40314,0.43272,R,S,0,0,,
tier,p4,on_base,two-way,q5,0.43272,,L,L,1,87,,
tier,p4,on_base,two-way,q5,0.43272,,L,R,0,0,,
tier,p4,on_base,two-way,q5,0.43272,,L,S,0,0,,
tier,p4,on_base,two-way,q5,0.43272,,R,L,0,0,,
tier,p4,on_base,two-way,q5,0.43272,,R,R,2,336,,
tier,p4,on_base,two-way,q5,0.43272,,R,S,0,0,,
tier,p4,on_base,two-way,lt50,,,L,L,4,20,,
tier,p4,on_base,two-way,lt50,,,L,R,2,24,,
tier,p4,on_base,two-way,lt50,,,L,S,0,0,,
tier,p4,on_base,two-way,lt50,,,R,L,1,4,,
tier,p4,on_base,two-way,lt50,,,R,R,10,131,0.27821,0.30628
tier,p4,on_base,two-way,lt50,,,R,S,0,0,,
tier,p4,on_base,unknown,q1,,0.34551,L,L,1,69,,
tier,p4,on_base,unknown,q1,,0.34551,L,R,0,0,,
tier,p4,on_base,unknown,q1,,0.34551,L,S,0,0,,
tier,p4,on_base,unknown,q1,,0.34551,R,L,0,0,,
tier,p4,on_base,unknown,q1,,0.34551,R,R,1,62,,
tier,p4,on_base,unknown,q1,,0.34551,R,S,0,0,,
tier,p4,on_base,unknown,q2,0.34551,0.37603,L,L,0,0,,
tier,p4,on_base,unknown,q2,0.34551,0.37603,L,R,0,0,,
tier,p4,on_base,unknown,q2,0.34551,0.37603,L,S,0,0,,
tier,p4,on_base,unknown,q2,0.34551,0.37603,R,L,2,259,,
tier,p4,on_base,unknown,q2,0.34551,0.37603,R,R,2,270,,
tier,p4,on_base,unknown,q2,0.34551,0.37603,R,S,0,0,,
tier,p4,on_base,unknown,q3,0.37603,0.40314,L,L,1,176,,
tier,p4,on_base,unknown,q3,0.37603,0.40314,L,R,0,0,,
tier,p4,on_base,unknown,q3,0.37603,0.40314,L,S,0,0,,
tier,p4,on_base,unknown,q3,0.37603,0.40314,R,L,2,444,,
tier,p4,on_base,unknown,q3,0.37603,0.40314,R,R,1,224,,
tier,p4,on_base,unknown,q3,0.37603,0.40314,R,S,0,0,,
tier,p4,on_base,unknown,q4,0.40314,0.43272,L,L,0,0,,
tier,p4,on_base,unknown,q4,0.40314,0.43272,L,R,0,0,,
tier,p4,on_base,unknown,q4,0.40314,0.43272,L,S,0,0,,
tier,p4,on_base,unknown,q4,0.40314,0.43272,R,L,0,0,,
tier,p4,on_base,unknown,q4,0.40314,0.43272,R,R,1,174,,
tier,p4,on_base,unknown,q4,0.40314,0.43272,R,S,0,0,,
tier,p4,on_base,unknown,q5,0.43272,,L,L,0,0,,
tier,p4,on_base,unknown,q5,0.43272,,L,R,0,0,,
tier,p4,on_base,unknown,q5,0.43272,,L,S,0,0,,
tier,p4,on_base,unknown,q5,0.43272,,R,L,1,237,,
tier,p4,on_base,unknown,q5,0.43272,,R,R,0,0,,
tier,p4,on_base,unknown,q5,0.43272,,R,S,0,0,,
tier,p4,on_base,unknown,lt50,,,L,L,0,0,,
tier,p4,on_base,unknown,lt50,,,L,R,0,0,,
tier,p4,on_base,unknown,lt50,,,L,S,0,0,,
tier,p4,on_base,unknown,lt50,,,R,L,1,5,,
tier,p4,on_base,unknown,lt50,,,R,R,1,10,,
tier,p4,on_base,unknown,lt50,,,R,S,0,0,,
