class_year,rank_scheme,rank_band,outcome_group,outcome,count,denominator,note
2019,pipeline_overall_rank,top25,sample,ranked_hs_prospects,10,10,
2019,pipeline_overall_rank,top25,a_commitment,p4,10,10,
2019,pipeline_overall_rank,top25,a_commitment,mid,0,10,
2019,pipeline_overall_rank,top25,a_commitment,low,0,10,
2019,pipeline_overall_rank,top25,a_commitment,non-D1,0,10,
2019,pipeline_overall_rank,top25,a_commitment,uncommitted,0,10,
2019,pipeline_overall_rank,top25,a_commitment,not stated,0,10,
2019,pipeline_overall_rank,top25,a_commitment,unmatched,0,10,
2019,pipeline_overall_rank,top25,b_hs_draft,drafted,10,10,
2019,pipeline_overall_rank,top25,b_hs_draft,drafted_signed,10,10,
2019,pipeline_overall_rank,top25,b_hs_draft,drafted_unsigned,0,10,
2019,pipeline_overall_rank,top25,b_hs_draft,undrafted,0,10,
2019,pipeline_overall_rank,top25,b_hs_draft_signed_by_round,R1,9,10,
2019,pipeline_overall_rank,top25,b_hs_draft_unsigned_by_round,R1,0,10,
2019,pipeline_overall_rank,top25,b_hs_draft_signed_by_round,R2,0,10,
2019,pipeline_overall_rank,top25,b_hs_draft_unsigned_by_round,R2,0,10,
2019,pipeline_overall_rank,top25,b_hs_draft_signed_by_round,R3,1,10,
2019,pipeline_overall_rank,top25,b_hs_draft_unsigned_by_round,R3,0,10,
2019,pipeline_overall_rank,top25,b_hs_draft_signed_by_round,R4-5,0,10,
2019,pipeline_overall_rank,top25,b_hs_draft_unsigned_by_round,R4-5,0,10,
2019,pipeline_overall_rank,top25,b_hs_draft_signed_by_round,R6-10,0,10,
2019,pipeline_overall_rank,top25,b_hs_draft_unsigned_by_round,R6-10,0,10,
2019,pipeline_overall_rank,top25,b_hs_draft_signed_by_round,R11+,0,10,
2019,pipeline_overall_rank,top25,b_hs_draft_unsigned_by_round,R11+,0,10,
2019,pipeline_overall_rank,top25,c_campus,reached_campus,0,10,unsigned or undrafted; commitment tier from the Pipeline blurb
2019,pipeline_overall_rank,top25,c_campus_by_commit_tier,p4,0,0,
2019,pipeline_overall_rank,top25,c_campus_by_commit_tier,mid,0,0,
2019,pipeline_overall_rank,top25,c_campus_by_commit_tier,low,0,0,
2019,pipeline_overall_rank,top25,c_campus_by_commit_tier,non-D1,0,0,
2019,pipeline_overall_rank,top25,c_campus_by_commit_tier,uncommitted,0,0,
2019,pipeline_overall_rank,top25,c_campus_by_commit_tier,not stated,0,0,
2019,pipeline_overall_rank,top25,c_campus_by_commit_tier,unmatched,0,0,
2019,pipeline_overall_rank,top25,d_college_draft_y+2,drafted,0,0,
2019,pipeline_overall_rank,top25,d_college_draft_y+2,drafted_signed,0,0,
2019,pipeline_overall_rank,top25,d_college_draft_y+2_by_round,R1,0,0,
2019,pipeline_overall_rank,top25,d_college_draft_y+2_by_round,R2,0,0,
2019,pipeline_overall_rank,top25,d_college_draft_y+2_by_round,R3,0,0,
2019,pipeline_overall_rank,top25,d_college_draft_y+2_by_round,R4-5,0,0,
2019,pipeline_overall_rank,top25,d_college_draft_y+2_by_round,R6-10,0,0,
2019,pipeline_overall_rank,top25,d_college_draft_y+2_by_round,R11+,0,0,
2019,pipeline_overall_rank,top25,d_college_draft_y+2_by_college_tier,p4,0,0,
2019,pipeline_overall_rank,top25,d_college_draft_y+2_by_college_tier,mid,0,0,
2019,pipeline_overall_rank,top25,d_college_draft_y+2_by_college_tier,low,0,0,
2019,pipeline_overall_rank,top25,d_college_draft_y+2_by_college_tier,other,0,0,
2019,pipeline_overall_rank,top25,d_college_draft_y+3,drafted,0,0,
2019,pipeline_overall_rank,top25,d_college_draft_y+3,drafted_signed,0,0,
2019,pipeline_overall_rank,top25,d_college_draft_y+3_by_round,R1,0,0,
2019,pipeline_overall_rank,top25,d_college_draft_y+3_by_round,R2,0,0,
2019,pipeline_overall_rank,top25,d_college_draft_y+3_by_round,R3,0,0,
2019,pipeline_overall_rank,top25,d_college_draft_y+3_by_round,R4-5,0,0,
2019,pipeline_overall_rank,top25,d_college_draft_y+3_by_round,R6-10,0,0,
2019,pipeline_overall_rank,top25,d_college_draft_y+3_by_round,R11+,0,0,
2019,pipeline_overall_rank,top25,d_college_draft_y+3_by_college_tier,p4,0,0,
2019,pipeline_overall_rank,top25,d_college_draft_y+3_by_college_tier,mid,0,0,
2019,pipeline_overall_rank,top25,d_college_draft_y+3_by_college_tier,low,0,0,
2019,pipeline_overall_rank,top25,d_college_draft_y+3_by_college_tier,other,0,0,
2019,pipeline_overall_rank,top25,d_college_draft_y+4,drafted,0,0,
2019,pipeline_overall_rank,top25,d_college_draft_y+4,drafted_signed,0,0,
2019,pipeline_overall_rank,top25,d_college_draft_y+4_by_round,R1,0,0,
2019,pipeline_overall_rank,top25,d_college_draft_y+4_by_round,R2,0,0,
2019,pipeline_overall_rank,top25,d_college_draft_y+4_by_round,R3,0,0,
2019,pipeline_overall_rank,top25,d_college_draft_y+4_by_round,R4-5,0,0,
2019,pipeline_overall_rank,top25,d_college_draft_y+4_by_round,R6-10,0,0,
2019,pipeline_overall_rank,top25,d_college_draft_y+4_by_round,R11+,0,0,
2019,pipeline_overall_rank,top25,d_college_draft_y+4_by_college_tier,p4,0,0,
2019,pipeline_overall_rank,top25,d_college_draft_y+4_by_college_tier,mid,0,0,
2019,pipeline_overall_rank,top25,d_college_draft_y+4_by_college_tier,low,0,0,
2019,pipeline_overall_rank,top25,d_college_draft_y+4_by_college_tier,other,0,0,
2019,pipeline_overall_rank,top25,d_college_draft_y+3or4,drafted,0,0,
2019,pipeline_overall_rank,top25,d_college_draft_y+3or4,drafted_signed,0,0,
2019,pipeline_overall_rank,top25,d_college_draft_y+2to4,drafted,0,0,
2019,pipeline_overall_rank,top25,d_college_draft_y+2to4_first_by_round,R1,0,0,
2019,pipeline_overall_rank,top25,d_college_draft_y+2to4_first_by_round,R2,0,0,
2019,pipeline_overall_rank,top25,d_college_draft_y+2to4_first_by_round,R3,0,0,
2019,pipeline_overall_rank,top25,d_college_draft_y+2to4_first_by_round,R4-5,0,0,
2019,pipeline_overall_rank,top25,d_college_draft_y+2to4_first_by_round,R6-10,0,0,
2019,pipeline_overall_rank,top25,d_college_draft_y+2to4_first_by_round,R11+,0,0,
2019,pipeline_overall_rank,top25,d_college_draft_y+2to4_by_commit_tier,p4,0,0,
2019,pipeline_overall_rank,top25,d_college_draft_y+2to4_by_commit_tier,mid,0,0,
2019,pipeline_overall_rank,top25,d_college_draft_y+2to4_by_commit_tier,low,0,0,
2019,pipeline_overall_rank,top25,d_college_tier_equals_commit_tier,same_tier,0,0,
2019,pipeline_overall_rank,26-100,sample,ranked_hs_prospects,32,32,
2019,pipeline_overall_rank,26-100,a_commitment,p4,27,32,
2019,pipeline_overall_rank,26-100,a_commitment,mid,2,32,
2019,pipeline_overall_rank,26-100,a_commitment,low,1,32,
2019,pipeline_overall_rank,26-100,a_commitment,non-D1,0,32,
2019,pipeline_overall_rank,26-100,a_commitment,uncommitted,0,32,
2019,pipeline_overall_rank,26-100,a_commitment,not stated,2,32,
2019,pipeline_overall_rank,26-100,a_commitment,unmatched,0,32,
2019,pipeline_overall_rank,26-100,b_hs_draft,drafted,30,32,
2019,pipeline_overall_rank,26-100,b_hs_draft,drafted_signed,21,32,
2019,pipeline_overall_rank,26-100,b_hs_draft,drafted_unsigned,9,32,
2019,pipeline_overall_rank,26-100,b_hs_draft,undrafted,2,32,
2019,pipeline_overall_rank,26-100,b_hs_draft_signed_by_round,R1,4,32,
2019,pipeline_overall_rank,26-100,b_hs_draft_unsigned_by_round,R1,0,32,
2019,pipeline_overall_rank,26-100,b_hs_draft_signed_by_round,R2,11,32,
2019,pipeline_overall_rank,26-100,b_hs_draft_unsigned_by_round,R2,0,32,
2019,pipeline_overall_rank,26-100,b_hs_draft_signed_by_round,R3,3,32,
2019,pipeline_overall_rank,26-100,b_hs_draft_unsigned_by_round,R3,0,32,
2019,pipeline_overall_rank,26-100,b_hs_draft_signed_by_round,R4-5,2,32,
2019,pipeline_overall_rank,26-100,b_hs_draft_unsigned_by_round,R4-5,0,32,
2019,pipeline_overall_rank,26-100,b_hs_draft_signed_by_round,R6-10,1,32,
2019,pipeline_overall_rank,26-100,b_hs_draft_unsigned_by_round,R6-10,0,32,
2019,pipeline_overall_rank,26-100,b_hs_draft_signed_by_round,R11+,0,32,
2019,pipeline_overall_rank,26-100,b_hs_draft_unsigned_by_round,R11+,9,32,
2019,pipeline_overall_rank,26-100,c_campus,reached_campus,11,32,unsigned or undrafted; commitment tier from the Pipeline blurb
2019,pipeline_overall_rank,26-100,c_campus_by_commit_tier,p4,9,11,
2019,pipeline_overall_rank,26-100,c_campus_by_commit_tier,mid,1,11,
2019,pipeline_overall_rank,26-100,c_campus_by_commit_tier,low,0,11,
2019,pipeline_overall_rank,26-100,c_campus_by_commit_tier,non-D1,0,11,
2019,pipeline_overall_rank,26-100,c_campus_by_commit_tier,uncommitted,0,11,
2019,pipeline_overall_rank,26-100,c_campus_by_commit_tier,not stated,1,11,
2019,pipeline_overall_rank,26-100,c_campus_by_commit_tier,unmatched,0,11,
2019,pipeline_overall_rank,26-100,d_college_draft_y+2,drafted,1,11,
2019,pipeline_overall_rank,26-100,d_college_draft_y+2,drafted_signed,1,11,
2019,pipeline_overall_rank,26-100,d_college_draft_y+2_by_round,R1,1,11,
2019,pipeline_overall_rank,26-100,d_college_draft_y+2_by_round,R2,0,11,
2019,pipeline_overall_rank,26-100,d_college_draft_y+2_by_round,R3,0,11,
2019,pipeline_overall_rank,26-100,d_college_draft_y+2_by_round,R4-5,0,11,
2019,pipeline_overall_rank,26-100,d_college_draft_y+2_by_round,R6-10,0,11,
2019,pipeline_overall_rank,26-100,d_college_draft_y+2_by_round,R11+,0,11,
2019,pipeline_overall_rank,26-100,d_college_draft_y+2_by_college_tier,p4,1,11,
2019,pipeline_overall_rank,26-100,d_college_draft_y+2_by_college_tier,mid,0,11,
2019,pipeline_overall_rank,26-100,d_college_draft_y+2_by_college_tier,low,0,11,
2019,pipeline_overall_rank,26-100,d_college_draft_y+2_by_college_tier,other,0,11,
2019,pipeline_overall_rank,26-100,d_college_draft_y+3,drafted,7,11,
2019,pipeline_overall_rank,26-100,d_college_draft_y+3,drafted_signed,7,11,
2019,pipeline_overall_rank,26-100,d_college_draft_y+3_by_round,R1,2,11,
2019,pipeline_overall_rank,26-100,d_college_draft_y+3_by_round,R2,1,11,
2019,pipeline_overall_rank,26-100,d_college_draft_y+3_by_round,R3,0,11,
2019,pipeline_overall_rank,26-100,d_college_draft_y+3_by_round,R4-5,0,11,
2019,pipeline_overall_rank,26-100,d_college_draft_y+3_by_round,R6-10,2,11,
2019,pipeline_overall_rank,26-100,d_college_draft_y+3_by_round,R11+,2,11,
2019,pipeline_overall_rank,26-100,d_college_draft_y+3_by_college_tier,p4,6,11,
2019,pipeline_overall_rank,26-100,d_college_draft_y+3_by_college_tier,mid,1,11,
2019,pipeline_overall_rank,26-100,d_college_draft_y+3_by_college_tier,low,0,11,
2019,pipeline_overall_rank,26-100,d_college_draft_y+3_by_college_tier,other,0,11,
2019,pipeline_overall_rank,26-100,d_college_draft_y+4,drafted,0,11,
2019,pipeline_overall_rank,26-100,d_college_draft_y+4,drafted_signed,0,11,
2019,pipeline_overall_rank,26-100,d_college_draft_y+4_by_round,R1,0,11,
2019,pipeline_overall_rank,26-100,d_college_draft_y+4_by_round,R2,0,11,
2019,pipeline_overall_rank,26-100,d_college_draft_y+4_by_round,R3,0,11,
2019,pipeline_overall_rank,26-100,d_college_draft_y+4_by_round,R4-5,0,11,
2019,pipeline_overall_rank,26-100,d_college_draft_y+4_by_round,R6-10,0,11,
2019,pipeline_overall_rank,26-100,d_college_draft_y+4_by_round,R11+,0,11,
2019,pipeline_overall_rank,26-100,d_college_draft_y+4_by_college_tier,p4,0,11,
2019,pipeline_overall_rank,26-100,d_college_draft_y+4_by_college_tier,mid,0,11,
2019,pipeline_overall_rank,26-100,d_college_draft_y+4_by_college_tier,low,0,11,
2019,pipeline_overall_rank,26-100,d_college_draft_y+4_by_college_tier,other,0,11,
2019,pipeline_overall_rank,26-100,d_college_draft_y+3or4,drafted,7,11,
2019,pipeline_overall_rank,26-100,d_college_draft_y+3or4,drafted_signed,7,11,
2019,pipeline_overall_rank,26-100,d_college_draft_y+2to4,drafted,8,11,
2019,pipeline_overall_rank,26-100,d_college_draft_y+2to4_first_by_round,R1,3,11,
2019,pipeline_overall_rank,26-100,d_college_draft_y+2to4_first_by_round,R2,1,11,
2019,pipeline_overall_rank,26-100,d_college_draft_y+2to4_first_by_round,R3,0,11,
2019,pipeline_overall_rank,26-100,d_college_draft_y+2to4_first_by_round,R4-5,0,11,
2019,pipeline_overall_rank,26-100,d_college_draft_y+2to4_first_by_round,R6-10,2,11,
2019,pipeline_overall_rank,26-100,d_college_draft_y+2to4_first_by_round,R11+,2,11,
2019,pipeline_overall_rank,26-100,d_college_draft_y+2to4_by_commit_tier,p4,6,9,
2019,pipeline_overall_rank,26-100,d_college_draft_y+2to4_by_commit_tier,mid,1,1,
2019,pipeline_overall_rank,26-100,d_college_draft_y+2to4_by_commit_tier,low,0,0,
2019,pipeline_overall_rank,26-100,d_college_tier_equals_commit_tier,same_tier,7,8,
2019,pipeline_overall_rank,101-200,sample,ranked_hs_prospects,33,33,
2019,pipeline_overall_rank,101-200,a_commitment,p4,20,33,
2019,pipeline_overall_rank,101-200,a_commitment,mid,8,33,
2019,pipeline_overall_rank,101-200,a_commitment,low,0,33,
2019,pipeline_overall_rank,101-200,a_commitment,non-D1,3,33,
2019,pipeline_overall_rank,101-200,a_commitment,uncommitted,0,33,
2019,pipeline_overall_rank,101-200,a_commitment,not stated,2,33,
2019,pipeline_overall_rank,101-200,a_commitment,unmatched,0,33,
2019,pipeline_overall_rank,101-200,b_hs_draft,drafted,31,33,
2019,pipeline_overall_rank,101-200,b_hs_draft,drafted_signed,17,33,
2019,pipeline_overall_rank,101-200,b_hs_draft,drafted_unsigned,14,33,
2019,pipeline_overall_rank,101-200,b_hs_draft,undrafted,2,33,
2019,pipeline_overall_rank,101-200,b_hs_draft_signed_by_round,R1,0,33,
2019,pipeline_overall_rank,101-200,b_hs_draft_unsigned_by_round,R1,0,33,
2019,pipeline_overall_rank,101-200,b_hs_draft_signed_by_round,R2,1,33,
2019,pipeline_overall_rank,101-200,b_hs_draft_unsigned_by_round,R2,0,33,
2019,pipeline_overall_rank,101-200,b_hs_draft_signed_by_round,R3,4,33,
2019,pipeline_overall_rank,101-200,b_hs_draft_unsigned_by_round,R3,0,33,
2019,pipeline_overall_rank,101-200,b_hs_draft_signed_by_round,R4-5,5,33,
2019,pipeline_overall_rank,101-200,b_hs_draft_unsigned_by_round,R4-5,0,33,
2019,pipeline_overall_rank,101-200,b_hs_draft_signed_by_round,R6-10,2,33,
2019,pipeline_overall_rank,101-200,b_hs_draft_unsigned_by_round,R6-10,0,33,
2019,pipeline_overall_rank,101-200,b_hs_draft_signed_by_round,R11+,5,33,
2019,pipeline_overall_rank,101-200,b_hs_draft_unsigned_by_round,R11+,14,33,
2019,pipeline_overall_rank,101-200,c_campus,reached_campus,16,33,unsigned or undrafted; commitment tier from the Pipeline blurb
2019,pipeline_overall_rank,101-200,c_campus_by_commit_tier,p4,13,16,
2019,pipeline_overall_rank,101-200,c_campus_by_commit_tier,mid,2,16,
2019,pipeline_overall_rank,101-200,c_campus_by_commit_tier,low,0,16,
2019,pipeline_overall_rank,101-200,c_campus_by_commit_tier,non-D1,0,16,
2019,pipeline_overall_rank,101-200,c_campus_by_commit_tier,uncommitted,0,16,
2019,pipeline_overall_rank,101-200,c_campus_by_commit_tier,not stated,1,16,
2019,pipeline_overall_rank,101-200,c_campus_by_commit_tier,unmatched,0,16,
2019,pipeline_overall_rank,101-200,d_college_draft_y+2,drafted,0,16,
2019,pipeline_overall_rank,101-200,d_college_draft_y+2,drafted_signed,0,16,
2019,pipeline_overall_rank,101-200,d_college_draft_y+2_by_round,R1,0,16,
2019,pipeline_overall_rank,101-200,d_college_draft_y+2_by_round,R2,0,16,
2019,pipeline_overall_rank,101-200,d_college_draft_y+2_by_round,R3,0,16,
2019,pipeline_overall_rank,101-200,d_college_draft_y+2_by_round,R4-5,0,16,
2019,pipeline_overall_rank,101-200,d_college_draft_y+2_by_round,R6-10,0,16,
2019,pipeline_overall_rank,101-200,d_college_draft_y+2_by_round,R11+,0,16,
2019,pipeline_overall_rank,101-200,d_college_draft_y+2_by_college_tier,p4,0,16,
2019,pipeline_overall_rank,101-200,d_college_draft_y+2_by_college_tier,mid,0,16,
2019,pipeline_overall_rank,101-200,d_college_draft_y+2_by_college_tier,low,0,16,
2019,pipeline_overall_rank,101-200,d_college_draft_y+2_by_college_tier,other,0,16,
2019,pipeline_overall_rank,101-200,d_college_draft_y+3,drafted,7,16,
2019,pipeline_overall_rank,101-200,d_college_draft_y+3,drafted_signed,7,16,
2019,pipeline_overall_rank,101-200,d_college_draft_y+3_by_round,R1,0,16,
2019,pipeline_overall_rank,101-200,d_college_draft_y+3_by_round,R2,1,16,
2019,pipeline_overall_rank,101-200,d_college_draft_y+3_by_round,R3,0,16,
2019,pipeline_overall_rank,101-200,d_college_draft_y+3_by_round,R4-5,1,16,
2019,pipeline_overall_rank,101-200,d_college_draft_y+3_by_round,R6-10,2,16,
2019,pipeline_overall_rank,101-200,d_college_draft_y+3_by_round,R11+,3,16,
2019,pipeline_overall_rank,101-200,d_college_draft_y+3_by_college_tier,p4,6,16,
2019,pipeline_overall_rank,101-200,d_college_draft_y+3_by_college_tier,mid,1,16,
2019,pipeline_overall_rank,101-200,d_college_draft_y+3_by_college_tier,low,0,16,
2019,pipeline_overall_rank,101-200,d_college_draft_y+3_by_college_tier,other,0,16,
2019,pipeline_overall_rank,101-200,d_college_draft_y+4,drafted,1,16,
2019,pipeline_overall_rank,101-200,d_college_draft_y+4,drafted_signed,1,16,
2019,pipeline_overall_rank,101-200,d_college_draft_y+4_by_round,R1,0,16,
2019,pipeline_overall_rank,101-200,d_college_draft_y+4_by_round,R2,0,16,
2019,pipeline_overall_rank,101-200,d_college_draft_y+4_by_round,R3,1,16,
2019,pipeline_overall_rank,101-200,d_college_draft_y+4_by_round,R4-5,0,16,
2019,pipeline_overall_rank,101-200,d_college_draft_y+4_by_round,R6-10,0,16,
2019,pipeline_overall_rank,101-200,d_college_draft_y+4_by_round,R11+,0,16,
2019,pipeline_overall_rank,101-200,d_college_draft_y+4_by_college_tier,p4,1,16,
2019,pipeline_overall_rank,101-200,d_college_draft_y+4_by_college_tier,mid,0,16,
2019,pipeline_overall_rank,101-200,d_college_draft_y+4_by_college_tier,low,0,16,
2019,pipeline_overall_rank,101-200,d_college_draft_y+4_by_college_tier,other,0,16,
2019,pipeline_overall_rank,101-200,d_college_draft_y+3or4,drafted,8,16,
2019,pipeline_overall_rank,101-200,d_college_draft_y+3or4,drafted_signed,8,16,
2019,pipeline_overall_rank,101-200,d_college_draft_y+2to4,drafted,8,16,
2019,pipeline_overall_rank,101-200,d_college_draft_y+2to4_first_by_round,R1,0,16,
2019,pipeline_overall_rank,101-200,d_college_draft_y+2to4_first_by_round,R2,1,16,
2019,pipeline_overall_rank,101-200,d_college_draft_y+2to4_first_by_round,R3,1,16,
2019,pipeline_overall_rank,101-200,d_college_draft_y+2to4_first_by_round,R4-5,1,16,
2019,pipeline_overall_rank,101-200,d_college_draft_y+2to4_first_by_round,R6-10,2,16,
2019,pipeline_overall_rank,101-200,d_college_draft_y+2to4_first_by_round,R11+,3,16,
2019,pipeline_overall_rank,101-200,d_college_draft_y+2to4_by_commit_tier,p4,7,13,
2019,pipeline_overall_rank,101-200,d_college_draft_y+2to4_by_commit_tier,mid,1,2,
2019,pipeline_overall_rank,101-200,d_college_draft_y+2to4_by_commit_tier,low,0,0,
2019,pipeline_overall_rank,101-200,d_college_tier_equals_commit_tier,same_tier,8,8,
2020,pipeline_overall_rank,top25,sample,ranked_hs_prospects,9,9,
2020,pipeline_overall_rank,top25,a_commitment,p4,9,9,
2020,pipeline_overall_rank,top25,a_commitment,mid,0,9,
2020,pipeline_overall_rank,top25,a_commitment,low,0,9,
2020,pipeline_overall_rank,top25,a_commitment,non-D1,0,9,
2020,pipeline_overall_rank,top25,a_commitment,uncommitted,0,9,
2020,pipeline_overall_rank,top25,a_commitment,not stated,0,9,
2020,pipeline_overall_rank,top25,a_commitment,unmatched,0,9,
2020,pipeline_overall_rank,top25,b_hs_draft,drafted,9,9,
2020,pipeline_overall_rank,top25,b_hs_draft,drafted_signed,9,9,
2020,pipeline_overall_rank,top25,b_hs_draft,drafted_unsigned,0,9,
2020,pipeline_overall_rank,top25,b_hs_draft,undrafted,0,9,
2020,pipeline_overall_rank,top25,b_hs_draft_signed_by_round,R1,8,9,
2020,pipeline_overall_rank,top25,b_hs_draft_unsigned_by_round,R1,0,9,
2020,pipeline_overall_rank,top25,b_hs_draft_signed_by_round,R2,1,9,
2020,pipeline_overall_rank,top25,b_hs_draft_unsigned_by_round,R2,0,9,
2020,pipeline_overall_rank,top25,b_hs_draft_signed_by_round,R3,0,9,
2020,pipeline_overall_rank,top25,b_hs_draft_unsigned_by_round,R3,0,9,
2020,pipeline_overall_rank,top25,b_hs_draft_signed_by_round,R4-5,0,9,
2020,pipeline_overall_rank,top25,b_hs_draft_unsigned_by_round,R4-5,0,9,
2020,pipeline_overall_rank,top25,b_hs_draft_signed_by_round,R6-10,0,9,
2020,pipeline_overall_rank,top25,b_hs_draft_unsigned_by_round,R6-10,0,9,
2020,pipeline_overall_rank,top25,b_hs_draft_signed_by_round,R11+,0,9,
2020,pipeline_overall_rank,top25,b_hs_draft_unsigned_by_round,R11+,0,9,
2020,pipeline_overall_rank,top25,c_campus,reached_campus,0,9,unsigned or undrafted; commitment tier from the Pipeline blurb
2020,pipeline_overall_rank,top25,c_campus_by_commit_tier,p4,0,0,
2020,pipeline_overall_rank,top25,c_campus_by_commit_tier,mid,0,0,
2020,pipeline_overall_rank,top25,c_campus_by_commit_tier,low,0,0,
2020,pipeline_overall_rank,top25,c_campus_by_commit_tier,non-D1,0,0,
2020,pipeline_overall_rank,top25,c_campus_by_commit_tier,uncommitted,0,0,
2020,pipeline_overall_rank,top25,c_campus_by_commit_tier,not stated,0,0,
2020,pipeline_overall_rank,top25,c_campus_by_commit_tier,unmatched,0,0,
2020,pipeline_overall_rank,top25,d_college_draft_y+2,drafted,0,0,
2020,pipeline_overall_rank,top25,d_college_draft_y+2,drafted_signed,0,0,
2020,pipeline_overall_rank,top25,d_college_draft_y+2_by_round,R1,0,0,
2020,pipeline_overall_rank,top25,d_college_draft_y+2_by_round,R2,0,0,
2020,pipeline_overall_rank,top25,d_college_draft_y+2_by_round,R3,0,0,
2020,pipeline_overall_rank,top25,d_college_draft_y+2_by_round,R4-5,0,0,
2020,pipeline_overall_rank,top25,d_college_draft_y+2_by_round,R6-10,0,0,
2020,pipeline_overall_rank,top25,d_college_draft_y+2_by_round,R11+,0,0,
2020,pipeline_overall_rank,top25,d_college_draft_y+2_by_college_tier,p4,0,0,
2020,pipeline_overall_rank,top25,d_college_draft_y+2_by_college_tier,mid,0,0,
2020,pipeline_overall_rank,top25,d_college_draft_y+2_by_college_tier,low,0,0,
2020,pipeline_overall_rank,top25,d_college_draft_y+2_by_college_tier,other,0,0,
2020,pipeline_overall_rank,top25,d_college_draft_y+3,drafted,0,0,
2020,pipeline_overall_rank,top25,d_college_draft_y+3,drafted_signed,0,0,
2020,pipeline_overall_rank,top25,d_college_draft_y+3_by_round,R1,0,0,
2020,pipeline_overall_rank,top25,d_college_draft_y+3_by_round,R2,0,0,
2020,pipeline_overall_rank,top25,d_college_draft_y+3_by_round,R3,0,0,
2020,pipeline_overall_rank,top25,d_college_draft_y+3_by_round,R4-5,0,0,
2020,pipeline_overall_rank,top25,d_college_draft_y+3_by_round,R6-10,0,0,
2020,pipeline_overall_rank,top25,d_college_draft_y+3_by_round,R11+,0,0,
2020,pipeline_overall_rank,top25,d_college_draft_y+3_by_college_tier,p4,0,0,
2020,pipeline_overall_rank,top25,d_college_draft_y+3_by_college_tier,mid,0,0,
2020,pipeline_overall_rank,top25,d_college_draft_y+3_by_college_tier,low,0,0,
2020,pipeline_overall_rank,top25,d_college_draft_y+3_by_college_tier,other,0,0,
2020,pipeline_overall_rank,top25,d_college_draft_y+4,drafted,0,0,
2020,pipeline_overall_rank,top25,d_college_draft_y+4,drafted_signed,0,0,
2020,pipeline_overall_rank,top25,d_college_draft_y+4_by_round,R1,0,0,
2020,pipeline_overall_rank,top25,d_college_draft_y+4_by_round,R2,0,0,
2020,pipeline_overall_rank,top25,d_college_draft_y+4_by_round,R3,0,0,
2020,pipeline_overall_rank,top25,d_college_draft_y+4_by_round,R4-5,0,0,
2020,pipeline_overall_rank,top25,d_college_draft_y+4_by_round,R6-10,0,0,
2020,pipeline_overall_rank,top25,d_college_draft_y+4_by_round,R11+,0,0,
2020,pipeline_overall_rank,top25,d_college_draft_y+4_by_college_tier,p4,0,0,
2020,pipeline_overall_rank,top25,d_college_draft_y+4_by_college_tier,mid,0,0,
2020,pipeline_overall_rank,top25,d_college_draft_y+4_by_college_tier,low,0,0,
2020,pipeline_overall_rank,top25,d_college_draft_y+4_by_college_tier,other,0,0,
2020,pipeline_overall_rank,top25,d_college_draft_y+3or4,drafted,0,0,
2020,pipeline_overall_rank,top25,d_college_draft_y+3or4,drafted_signed,0,0,
2020,pipeline_overall_rank,top25,d_college_draft_y+2to4,drafted,0,0,
2020,pipeline_overall_rank,top25,d_college_draft_y+2to4_first_by_round,R1,0,0,
2020,pipeline_overall_rank,top25,d_college_draft_y+2to4_first_by_round,R2,0,0,
2020,pipeline_overall_rank,top25,d_college_draft_y+2to4_first_by_round,R3,0,0,
2020,pipeline_overall_rank,top25,d_college_draft_y+2to4_first_by_round,R4-5,0,0,
2020,pipeline_overall_rank,top25,d_college_draft_y+2to4_first_by_round,R6-10,0,0,
2020,pipeline_overall_rank,top25,d_college_draft_y+2to4_first_by_round,R11+,0,0,
2020,pipeline_overall_rank,top25,d_college_draft_y+2to4_by_commit_tier,p4,0,0,
2020,pipeline_overall_rank,top25,d_college_draft_y+2to4_by_commit_tier,mid,0,0,
2020,pipeline_overall_rank,top25,d_college_draft_y+2to4_by_commit_tier,low,0,0,
2020,pipeline_overall_rank,top25,d_college_tier_equals_commit_tier,same_tier,0,0,
2020,pipeline_overall_rank,26-100,sample,ranked_hs_prospects,34,34,
2020,pipeline_overall_rank,26-100,a_commitment,p4,30,34,
2020,pipeline_overall_rank,26-100,a_commitment,mid,2,34,
2020,pipeline_overall_rank,26-100,a_commitment,low,0,34,
2020,pipeline_overall_rank,26-100,a_commitment,non-D1,0,34,
2020,pipeline_overall_rank,26-100,a_commitment,uncommitted,0,34,
2020,pipeline_overall_rank,26-100,a_commitment,not stated,2,34,
2020,pipeline_overall_rank,26-100,a_commitment,unmatched,0,34,
2020,pipeline_overall_rank,26-100,b_hs_draft,drafted,19,34,
2020,pipeline_overall_rank,26-100,b_hs_draft,drafted_signed,19,34,
2020,pipeline_overall_rank,26-100,b_hs_draft,drafted_unsigned,0,34,
2020,pipeline_overall_rank,26-100,b_hs_draft,undrafted,15,34,
2020,pipeline_overall_rank,26-100,b_hs_draft_signed_by_round,R1,4,34,
2020,pipeline_overall_rank,26-100,b_hs_draft_unsigned_by_round,R1,0,34,
2020,pipeline_overall_rank,26-100,b_hs_draft_signed_by_round,R2,8,34,
2020,pipeline_overall_rank,26-100,b_hs_draft_unsigned_by_round,R2,0,34,
2020,pipeline_overall_rank,26-100,b_hs_draft_signed_by_round,R3,5,34,
2020,pipeline_overall_rank,26-100,b_hs_draft_unsigned_by_round,R3,0,34,
2020,pipeline_overall_rank,26-100,b_hs_draft_signed_by_round,R4-5,2,34,
2020,pipeline_overall_rank,26-100,b_hs_draft_unsigned_by_round,R4-5,0,34,
2020,pipeline_overall_rank,26-100,b_hs_draft_signed_by_round,R6-10,0,34,
2020,pipeline_overall_rank,26-100,b_hs_draft_unsigned_by_round,R6-10,0,34,
2020,pipeline_overall_rank,26-100,b_hs_draft_signed_by_round,R11+,0,34,
2020,pipeline_overall_rank,26-100,b_hs_draft_unsigned_by_round,R11+,0,34,
2020,pipeline_overall_rank,26-100,c_campus,reached_campus,15,34,unsigned or undrafted; commitment tier from the Pipeline blurb
2020,pipeline_overall_rank,26-100,c_campus_by_commit_tier,p4,12,15,
2020,pipeline_overall_rank,26-100,c_campus_by_commit_tier,mid,1,15,
2020,pipeline_overall_rank,26-100,c_campus_by_commit_tier,low,0,15,
2020,pipeline_overall_rank,26-100,c_campus_by_commit_tier,non-D1,0,15,
2020,pipeline_overall_rank,26-100,c_campus_by_commit_tier,uncommitted,0,15,
2020,pipeline_overall_rank,26-100,c_campus_by_commit_tier,not stated,2,15,
2020,pipeline_overall_rank,26-100,c_campus_by_commit_tier,unmatched,0,15,
2020,pipeline_overall_rank,26-100,d_college_draft_y+2,drafted,5,15,
2020,pipeline_overall_rank,26-100,d_college_draft_y+2,drafted_signed,4,15,
2020,pipeline_overall_rank,26-100,d_college_draft_y+2_by_round,R1,3,15,
2020,pipeline_overall_rank,26-100,d_college_draft_y+2_by_round,R2,0,15,
2020,pipeline_overall_rank,26-100,d_college_draft_y+2_by_round,R3,1,15,
2020,pipeline_overall_rank,26-100,d_college_draft_y+2_by_round,R4-5,0,15,
2020,pipeline_overall_rank,26-100,d_college_draft_y+2_by_round,R6-10,1,15,
2020,pipeline_overall_rank,26-100,d_college_draft_y+2_by_round,R11+,0,15,
2020,pipeline_overall_rank,26-100,d_college_draft_y+2_by_college_tier,p4,5,15,
2020,pipeline_overall_rank,26-100,d_college_draft_y+2_by_college_tier,mid,0,15,
2020,pipeline_overall_rank,26-100,d_college_draft_y+2_by_college_tier,low,0,15,
2020,pipeline_overall_rank,26-100,d_college_draft_y+2_by_college_tier,other,0,15,
2020,pipeline_overall_rank,26-100,d_college_draft_y+3,drafted,8,15,
2020,pipeline_overall_rank,26-100,d_college_draft_y+3,drafted_signed,7,15,
2020,pipeline_overall_rank,26-100,d_college_draft_y+3_by_round,R1,1,15,
2020,pipeline_overall_rank,26-100,d_college_draft_y+3_by_round,R2,0,15,
2020,pipeline_overall_rank,26-100,d_college_draft_y+3_by_round,R3,1,15,
2020,pipeline_overall_rank,26-100,d_college_draft_y+3_by_round,R4-5,1,15,
2020,pipeline_overall_rank,26-100,d_college_draft_y+3_by_round,R6-10,2,15,
2020,pipeline_overall_rank,26-100,d_college_draft_y+3_by_round,R11+,3,15,
2020,pipeline_overall_rank,26-100,d_college_draft_y+3_by_college_tier,p4,8,15,
2020,pipeline_overall_rank,26-100,d_college_draft_y+3_by_college_tier,mid,0,15,
2020,pipeline_overall_rank,26-100,d_college_draft_y+3_by_college_tier,low,0,15,
2020,pipeline_overall_rank,26-100,d_college_draft_y+3_by_college_tier,other,0,15,
2020,pipeline_overall_rank,26-100,d_college_draft_y+4,drafted,3,15,
2020,pipeline_overall_rank,26-100,d_college_draft_y+4,drafted_signed,2,15,
2020,pipeline_overall_rank,26-100,d_college_draft_y+4_by_round,R1,0,15,
2020,pipeline_overall_rank,26-100,d_college_draft_y+4_by_round,R2,0,15,
2020,pipeline_overall_rank,26-100,d_college_draft_y+4_by_round,R3,0,15,
2020,pipeline_overall_rank,26-100,d_college_draft_y+4_by_round,R4-5,0,15,
2020,pipeline_overall_rank,26-100,d_college_draft_y+4_by_round,R6-10,1,15,
2020,pipeline_overall_rank,26-100,d_college_draft_y+4_by_round,R11+,2,15,
2020,pipeline_overall_rank,26-100,d_college_draft_y+4_by_college_tier,p4,2,15,
2020,pipeline_overall_rank,26-100,d_college_draft_y+4_by_college_tier,mid,0,15,
2020,pipeline_overall_rank,26-100,d_college_draft_y+4_by_college_tier,low,0,15,
2020,pipeline_overall_rank,26-100,d_college_draft_y+4_by_college_tier,other,1,15,
2020,pipeline_overall_rank,26-100,d_college_draft_y+3or4,drafted,9,15,
2020,pipeline_overall_rank,26-100,d_college_draft_y+3or4,drafted_signed,9,15,
2020,pipeline_overall_rank,26-100,d_college_draft_y+2to4,drafted,13,15,
2020,pipeline_overall_rank,26-100,d_college_draft_y+2to4_first_by_round,R1,4,15,
2020,pipeline_overall_rank,26-100,d_college_draft_y+2to4_first_by_round,R2,0,15,
2020,pipeline_overall_rank,26-100,d_college_draft_y+2to4_first_by_round,R3,1,15,
2020,pipeline_overall_rank,26-100,d_college_draft_y+2to4_first_by_round,R4-5,1,15,
2020,pipeline_overall_rank,26-100,d_college_draft_y+2to4_first_by_round,R6-10,4,15,
2020,pipeline_overall_rank,26-100,d_college_draft_y+2to4_first_by_round,R11+,3,15,
2020,pipeline_overall_rank,26-100,d_college_draft_y+2to4_by_commit_tier,p4,11,12,
2020,pipeline_overall_rank,26-100,d_college_draft_y+2to4_by_commit_tier,mid,0,1,
2020,pipeline_overall_rank,26-100,d_college_draft_y+2to4_by_commit_tier,low,0,0,
2020,pipeline_overall_rank,26-100,d_college_tier_equals_commit_tier,same_tier,11,13,
2020,pipeline_overall_rank,101-200,sample,ranked_hs_prospects,38,38,
2020,pipeline_overall_rank,101-200,a_commitment,p4,30,38,
2020,pipeline_overall_rank,101-200,a_commitment,mid,4,38,
2020,pipeline_overall_rank,101-200,a_commitment,low,1,38,
2020,pipeline_overall_rank,101-200,a_commitment,non-D1,0,38,
2020,pipeline_overall_rank,101-200,a_commitment,uncommitted,0,38,
2020,pipeline_overall_rank,101-200,a_commitment,not stated,3,38,
2020,pipeline_overall_rank,101-200,a_commitment,unmatched,0,38,
2020,pipeline_overall_rank,101-200,b_hs_draft,drafted,11,38,
2020,pipeline_overall_rank,101-200,b_hs_draft,drafted_signed,11,38,
2020,pipeline_overall_rank,101-200,b_hs_draft,drafted_unsigned,0,38,
2020,pipeline_overall_rank,101-200,b_hs_draft,undrafted,27,38,
2020,pipeline_overall_rank,101-200,b_hs_draft_signed_by_round,R1,1,38,
2020,pipeline_overall_rank,101-200,b_hs_draft_unsigned_by_round,R1,0,38,
2020,pipeline_overall_rank,101-200,b_hs_draft_signed_by_round,R2,2,38,
2020,pipeline_overall_rank,101-200,b_hs_draft_unsigned_by_round,R2,0,38,
2020,pipeline_overall_rank,101-200,b_hs_draft_signed_by_round,R3,3,38,
2020,pipeline_overall_rank,101-200,b_hs_draft_unsigned_by_round,R3,0,38,
2020,pipeline_overall_rank,101-200,b_hs_draft_signed_by_round,R4-5,5,38,
2020,pipeline_overall_rank,101-200,b_hs_draft_unsigned_by_round,R4-5,0,38,
2020,pipeline_overall_rank,101-200,b_hs_draft_signed_by_round,R6-10,0,38,
2020,pipeline_overall_rank,101-200,b_hs_draft_unsigned_by_round,R6-10,0,38,
2020,pipeline_overall_rank,101-200,b_hs_draft_signed_by_round,R11+,0,38,
2020,pipeline_overall_rank,101-200,b_hs_draft_unsigned_by_round,R11+,0,38,
2020,pipeline_overall_rank,101-200,c_campus,reached_campus,27,38,unsigned or undrafted; commitment tier from the Pipeline blurb
2020,pipeline_overall_rank,101-200,c_campus_by_commit_tier,p4,21,27,
2020,pipeline_overall_rank,101-200,c_campus_by_commit_tier,mid,2,27,
2020,pipeline_overall_rank,101-200,c_campus_by_commit_tier,low,1,27,
2020,pipeline_overall_rank,101-200,c_campus_by_commit_tier,non-D1,0,27,
2020,pipeline_overall_rank,101-200,c_campus_by_commit_tier,uncommitted,0,27,
2020,pipeline_overall_rank,101-200,c_campus_by_commit_tier,not stated,3,27,
2020,pipeline_overall_rank,101-200,c_campus_by_commit_tier,unmatched,0,27,
2020,pipeline_overall_rank,101-200,d_college_draft_y+2,drafted,7,27,
2020,pipeline_overall_rank,101-200,d_college_draft_y+2,drafted_signed,7,27,
2020,pipeline_overall_rank,101-200,d_college_draft_y+2_by_round,R1,2,27,
2020,pipeline_overall_rank,101-200,d_college_draft_y+2_by_round,R2,2,27,
2020,pipeline_overall_rank,101-200,d_college_draft_y+2_by_round,R3,0,27,
2020,pipeline_overall_rank,101-200,d_college_draft_y+2_by_round,R4-5,0,27,
2020,pipeline_overall_rank,101-200,d_college_draft_y+2_by_round,R6-10,2,27,
2020,pipeline_overall_rank,101-200,d_college_draft_y+2_by_round,R11+,1,27,
2020,pipeline_overall_rank,101-200,d_college_draft_y+2_by_college_tier,p4,6,27,
2020,pipeline_overall_rank,101-200,d_college_draft_y+2_by_college_tier,mid,0,27,
2020,pipeline_overall_rank,101-200,d_college_draft_y+2_by_college_tier,low,0,27,
2020,pipeline_overall_rank,101-200,d_college_draft_y+2_by_college_tier,other,1,27,
2020,pipeline_overall_rank,101-200,d_college_draft_y+3,drafted,15,27,
2020,pipeline_overall_rank,101-200,d_college_draft_y+3,drafted_signed,15,27,
2020,pipeline_overall_rank,101-200,d_college_draft_y+3_by_round,R1,2,27,
2020,pipeline_overall_rank,101-200,d_college_draft_y+3_by_round,R2,3,27,
2020,pipeline_overall_rank,101-200,d_college_draft_y+3_by_round,R3,0,27,
2020,pipeline_overall_rank,101-200,d_college_draft_y+3_by_round,R4-5,3,27,
2020,pipeline_overall_rank,101-200,d_college_draft_y+3_by_round,R6-10,3,27,
2020,pipeline_overall_rank,101-200,d_college_draft_y+3_by_round,R11+,4,27,
2020,pipeline_overall_rank,101-200,d_college_draft_y+3_by_college_tier,p4,15,27,
2020,pipeline_overall_rank,101-200,d_college_draft_y+3_by_college_tier,mid,0,27,
2020,pipeline_overall_rank,101-200,d_college_draft_y+3_by_college_tier,low,0,27,
2020,pipeline_overall_rank,101-200,d_college_draft_y+3_by_college_tier,other,0,27,
2020,pipeline_overall_rank,101-200,d_college_draft_y+4,drafted,0,27,
2020,pipeline_overall_rank,101-200,d_college_draft_y+4,drafted_signed,0,27,
2020,pipeline_overall_rank,101-200,d_college_draft_y+4_by_round,R1,0,27,
2020,pipeline_overall_rank,101-200,d_college_draft_y+4_by_round,R2,0,27,
2020,pipeline_overall_rank,101-200,d_college_draft_y+4_by_round,R3,0,27,
2020,pipeline_overall_rank,101-200,d_college_draft_y+4_by_round,R4-5,0,27,
2020,pipeline_overall_rank,101-200,d_college_draft_y+4_by_round,R6-10,0,27,
2020,pipeline_overall_rank,101-200,d_college_draft_y+4_by_round,R11+,0,27,
2020,pipeline_overall_rank,101-200,d_college_draft_y+4_by_college_tier,p4,0,27,
2020,pipeline_overall_rank,101-200,d_college_draft_y+4_by_college_tier,mid,0,27,
2020,pipeline_overall_rank,101-200,d_college_draft_y+4_by_college_tier,low,0,27,
2020,pipeline_overall_rank,101-200,d_college_draft_y+4_by_college_tier,other,0,27,
2020,pipeline_overall_rank,101-200,d_college_draft_y+3or4,drafted,15,27,
2020,pipeline_overall_rank,101-200,d_college_draft_y+3or4,drafted_signed,15,27,
2020,pipeline_overall_rank,101-200,d_college_draft_y+2to4,drafted,22,27,
2020,pipeline_overall_rank,101-200,d_college_draft_y+2to4_first_by_round,R1,4,27,
2020,pipeline_overall_rank,101-200,d_college_draft_y+2to4_first_by_round,R2,5,27,
2020,pipeline_overall_rank,101-200,d_college_draft_y+2to4_first_by_round,R3,0,27,
2020,pipeline_overall_rank,101-200,d_college_draft_y+2to4_first_by_round,R4-5,3,27,
2020,pipeline_overall_rank,101-200,d_college_draft_y+2to4_first_by_round,R6-10,5,27,
2020,pipeline_overall_rank,101-200,d_college_draft_y+2to4_first_by_round,R11+,5,27,
2020,pipeline_overall_rank,101-200,d_college_draft_y+2to4_by_commit_tier,p4,18,21,
2020,pipeline_overall_rank,101-200,d_college_draft_y+2to4_by_commit_tier,mid,1,2,
2020,pipeline_overall_rank,101-200,d_college_draft_y+2to4_by_commit_tier,low,0,1,
2020,pipeline_overall_rank,101-200,d_college_tier_equals_commit_tier,same_tier,17,22,
2021,pipeline_overall_rank,top25,sample,ranked_hs_prospects,13,13,
2021,pipeline_overall_rank,top25,a_commitment,p4,11,13,
2021,pipeline_overall_rank,top25,a_commitment,mid,0,13,
2021,pipeline_overall_rank,top25,a_commitment,low,0,13,
2021,pipeline_overall_rank,top25,a_commitment,non-D1,0,13,
2021,pipeline_overall_rank,top25,a_commitment,uncommitted,0,13,
2021,pipeline_overall_rank,top25,a_commitment,not stated,2,13,
2021,pipeline_overall_rank,top25,a_commitment,unmatched,0,13,
2021,pipeline_overall_rank,top25,b_hs_draft,drafted,13,13,
2021,pipeline_overall_rank,top25,b_hs_draft,drafted_signed,12,13,
2021,pipeline_overall_rank,top25,b_hs_draft,drafted_unsigned,1,13,
2021,pipeline_overall_rank,top25,b_hs_draft,undrafted,0,13,
2021,pipeline_overall_rank,top25,b_hs_draft_signed_by_round,R1,9,13,
2021,pipeline_overall_rank,top25,b_hs_draft_unsigned_by_round,R1,0,13,
2021,pipeline_overall_rank,top25,b_hs_draft_signed_by_round,R2,2,13,
2021,pipeline_overall_rank,top25,b_hs_draft_unsigned_by_round,R2,0,13,
2021,pipeline_overall_rank,top25,b_hs_draft_signed_by_round,R3,1,13,
2021,pipeline_overall_rank,top25,b_hs_draft_unsigned_by_round,R3,0,13,
2021,pipeline_overall_rank,top25,b_hs_draft_signed_by_round,R4-5,0,13,
2021,pipeline_overall_rank,top25,b_hs_draft_unsigned_by_round,R4-5,0,13,
2021,pipeline_overall_rank,top25,b_hs_draft_signed_by_round,R6-10,0,13,
2021,pipeline_overall_rank,top25,b_hs_draft_unsigned_by_round,R6-10,0,13,
2021,pipeline_overall_rank,top25,b_hs_draft_signed_by_round,R11+,0,13,
2021,pipeline_overall_rank,top25,b_hs_draft_unsigned_by_round,R11+,1,13,
2021,pipeline_overall_rank,top25,c_campus,reached_campus,1,13,unsigned or undrafted; commitment tier from the Pipeline blurb
2021,pipeline_overall_rank,top25,c_campus_by_commit_tier,p4,1,1,
2021,pipeline_overall_rank,top25,c_campus_by_commit_tier,mid,0,1,
2021,pipeline_overall_rank,top25,c_campus_by_commit_tier,low,0,1,
2021,pipeline_overall_rank,top25,c_campus_by_commit_tier,non-D1,0,1,
2021,pipeline_overall_rank,top25,c_campus_by_commit_tier,uncommitted,0,1,
2021,pipeline_overall_rank,top25,c_campus_by_commit_tier,not stated,0,1,
2021,pipeline_overall_rank,top25,c_campus_by_commit_tier,unmatched,0,1,
2021,pipeline_overall_rank,top25,d_college_draft_y+2,drafted,0,1,
2021,pipeline_overall_rank,top25,d_college_draft_y+2,drafted_signed,0,1,
2021,pipeline_overall_rank,top25,d_college_draft_y+2_by_round,R1,0,1,
2021,pipeline_overall_rank,top25,d_college_draft_y+2_by_round,R2,0,1,
2021,pipeline_overall_rank,top25,d_college_draft_y+2_by_round,R3,0,1,
2021,pipeline_overall_rank,top25,d_college_draft_y+2_by_round,R4-5,0,1,
2021,pipeline_overall_rank,top25,d_college_draft_y+2_by_round,R6-10,0,1,
2021,pipeline_overall_rank,top25,d_college_draft_y+2_by_round,R11+,0,1,
2021,pipeline_overall_rank,top25,d_college_draft_y+2_by_college_tier,p4,0,1,
2021,pipeline_overall_rank,top25,d_college_draft_y+2_by_college_tier,mid,0,1,
2021,pipeline_overall_rank,top25,d_college_draft_y+2_by_college_tier,low,0,1,
2021,pipeline_overall_rank,top25,d_college_draft_y+2_by_college_tier,other,0,1,
2021,pipeline_overall_rank,top25,d_college_draft_y+3,drafted,1,1,
2021,pipeline_overall_rank,top25,d_college_draft_y+3,drafted_signed,1,1,
2021,pipeline_overall_rank,top25,d_college_draft_y+3_by_round,R1,0,1,
2021,pipeline_overall_rank,top25,d_college_draft_y+3_by_round,R2,0,1,
2021,pipeline_overall_rank,top25,d_college_draft_y+3_by_round,R3,0,1,
2021,pipeline_overall_rank,top25,d_college_draft_y+3_by_round,R4-5,1,1,
2021,pipeline_overall_rank,top25,d_college_draft_y+3_by_round,R6-10,0,1,
2021,pipeline_overall_rank,top25,d_college_draft_y+3_by_round,R11+,0,1,
2021,pipeline_overall_rank,top25,d_college_draft_y+3_by_college_tier,p4,1,1,
2021,pipeline_overall_rank,top25,d_college_draft_y+3_by_college_tier,mid,0,1,
2021,pipeline_overall_rank,top25,d_college_draft_y+3_by_college_tier,low,0,1,
2021,pipeline_overall_rank,top25,d_college_draft_y+3_by_college_tier,other,0,1,
2021,pipeline_overall_rank,top25,d_college_draft_y+4,drafted,0,1,
2021,pipeline_overall_rank,top25,d_college_draft_y+4,drafted_signed,0,1,
2021,pipeline_overall_rank,top25,d_college_draft_y+4_by_round,R1,0,1,
2021,pipeline_overall_rank,top25,d_college_draft_y+4_by_round,R2,0,1,
2021,pipeline_overall_rank,top25,d_college_draft_y+4_by_round,R3,0,1,
2021,pipeline_overall_rank,top25,d_college_draft_y+4_by_round,R4-5,0,1,
2021,pipeline_overall_rank,top25,d_college_draft_y+4_by_round,R6-10,0,1,
2021,pipeline_overall_rank,top25,d_college_draft_y+4_by_round,R11+,0,1,
2021,pipeline_overall_rank,top25,d_college_draft_y+4_by_college_tier,p4,0,1,
2021,pipeline_overall_rank,top25,d_college_draft_y+4_by_college_tier,mid,0,1,
2021,pipeline_overall_rank,top25,d_college_draft_y+4_by_college_tier,low,0,1,
2021,pipeline_overall_rank,top25,d_college_draft_y+4_by_college_tier,other,0,1,
2021,pipeline_overall_rank,top25,d_college_draft_y+3or4,drafted,1,1,
2021,pipeline_overall_rank,top25,d_college_draft_y+3or4,drafted_signed,1,1,
2021,pipeline_overall_rank,top25,d_college_draft_y+2to4,drafted,1,1,
2021,pipeline_overall_rank,top25,d_college_draft_y+2to4_first_by_round,R1,0,1,
2021,pipeline_overall_rank,top25,d_college_draft_y+2to4_first_by_round,R2,0,1,
2021,pipeline_overall_rank,top25,d_college_draft_y+2to4_first_by_round,R3,0,1,
2021,pipeline_overall_rank,top25,d_college_draft_y+2to4_first_by_round,R4-5,1,1,
2021,pipeline_overall_rank,top25,d_college_draft_y+2to4_first_by_round,R6-10,0,1,
2021,pipeline_overall_rank,top25,d_college_draft_y+2to4_first_by_round,R11+,0,1,
2021,pipeline_overall_rank,top25,d_college_draft_y+2to4_by_commit_tier,p4,1,1,
2021,pipeline_overall_rank,top25,d_college_draft_y+2to4_by_commit_tier,mid,0,0,
2021,pipeline_overall_rank,top25,d_college_draft_y+2to4_by_commit_tier,low,0,0,
2021,pipeline_overall_rank,top25,d_college_tier_equals_commit_tier,same_tier,1,1,
2021,pipeline_overall_rank,26-100,sample,ranked_hs_prospects,36,36,
2021,pipeline_overall_rank,26-100,a_commitment,p4,30,36,
2021,pipeline_overall_rank,26-100,a_commitment,mid,1,36,
2021,pipeline_overall_rank,26-100,a_commitment,low,0,36,
2021,pipeline_overall_rank,26-100,a_commitment,non-D1,0,36,
2021,pipeline_overall_rank,26-100,a_commitment,uncommitted,0,36,
2021,pipeline_overall_rank,26-100,a_commitment,not stated,5,36,
2021,pipeline_overall_rank,26-100,a_commitment,unmatched,0,36,
2021,pipeline_overall_rank,26-100,b_hs_draft,drafted,25,36,
2021,pipeline_overall_rank,26-100,b_hs_draft,drafted_signed,21,36,
2021,pipeline_overall_rank,26-100,b_hs_draft,drafted_unsigned,4,36,
2021,pipeline_overall_rank,26-100,b_hs_draft,undrafted,11,36,
2021,pipeline_overall_rank,26-100,b_hs_draft_signed_by_round,R1,9,36,
2021,pipeline_overall_rank,26-100,b_hs_draft_unsigned_by_round,R1,0,36,
2021,pipeline_overall_rank,26-100,b_hs_draft_signed_by_round,R2,8,36,
2021,pipeline_overall_rank,26-100,b_hs_draft_unsigned_by_round,R2,0,36,
2021,pipeline_overall_rank,26-100,b_hs_draft_signed_by_round,R3,3,36,
2021,pipeline_overall_rank,26-100,b_hs_draft_unsigned_by_round,R3,0,36,
2021,pipeline_overall_rank,26-100,b_hs_draft_signed_by_round,R4-5,0,36,
2021,pipeline_overall_rank,26-100,b_hs_draft_unsigned_by_round,R4-5,0,36,
2021,pipeline_overall_rank,26-100,b_hs_draft_signed_by_round,R6-10,0,36,
2021,pipeline_overall_rank,26-100,b_hs_draft_unsigned_by_round,R6-10,0,36,
2021,pipeline_overall_rank,26-100,b_hs_draft_signed_by_round,R11+,1,36,
2021,pipeline_overall_rank,26-100,b_hs_draft_unsigned_by_round,R11+,4,36,
2021,pipeline_overall_rank,26-100,c_campus,reached_campus,15,36,unsigned or undrafted; commitment tier from the Pipeline blurb
2021,pipeline_overall_rank,26-100,c_campus_by_commit_tier,p4,13,15,
2021,pipeline_overall_rank,26-100,c_campus_by_commit_tier,mid,0,15,
2021,pipeline_overall_rank,26-100,c_campus_by_commit_tier,low,0,15,
2021,pipeline_overall_rank,26-100,c_campus_by_commit_tier,non-D1,0,15,
2021,pipeline_overall_rank,26-100,c_campus_by_commit_tier,uncommitted,0,15,
2021,pipeline_overall_rank,26-100,c_campus_by_commit_tier,not stated,2,15,
2021,pipeline_overall_rank,26-100,c_campus_by_commit_tier,unmatched,0,15,
2021,pipeline_overall_rank,26-100,d_college_draft_y+2,drafted,2,15,
2021,pipeline_overall_rank,26-100,d_college_draft_y+2,drafted_signed,2,15,
2021,pipeline_overall_rank,26-100,d_college_draft_y+2_by_round,R1,0,15,
2021,pipeline_overall_rank,26-100,d_college_draft_y+2_by_round,R2,1,15,
2021,pipeline_overall_rank,26-100,d_college_draft_y+2_by_round,R3,0,15,
2021,pipeline_overall_rank,26-100,d_college_draft_y+2_by_round,R4-5,0,15,
2021,pipeline_overall_rank,26-100,d_college_draft_y+2_by_round,R6-10,1,15,
2021,pipeline_overall_rank,26-100,d_college_draft_y+2_by_round,R11+,0,15,
2021,pipeline_overall_rank,26-100,d_college_draft_y+2_by_college_tier,p4,2,15,
2021,pipeline_overall_rank,26-100,d_college_draft_y+2_by_college_tier,mid,0,15,
2021,pipeline_overall_rank,26-100,d_college_draft_y+2_by_college_tier,low,0,15,
2021,pipeline_overall_rank,26-100,d_college_draft_y+2_by_college_tier,other,0,15,
2021,pipeline_overall_rank,26-100,d_college_draft_y+3,drafted,9,15,
2021,pipeline_overall_rank,26-100,d_college_draft_y+3,drafted_signed,9,15,
2021,pipeline_overall_rank,26-100,d_college_draft_y+3_by_round,R1,3,15,
2021,pipeline_overall_rank,26-100,d_college_draft_y+3_by_round,R2,1,15,
2021,pipeline_overall_rank,26-100,d_college_draft_y+3_by_round,R3,2,15,
2021,pipeline_overall_rank,26-100,d_college_draft_y+3_by_round,R4-5,1,15,
2021,pipeline_overall_rank,26-100,d_college_draft_y+3_by_round,R6-10,1,15,
2021,pipeline_overall_rank,26-100,d_college_draft_y+3_by_round,R11+,1,15,
2021,pipeline_overall_rank,26-100,d_college_draft_y+3_by_college_tier,p4,9,15,
2021,pipeline_overall_rank,26-100,d_college_draft_y+3_by_college_tier,mid,0,15,
2021,pipeline_overall_rank,26-100,d_college_draft_y+3_by_college_tier,low,0,15,
2021,pipeline_overall_rank,26-100,d_college_draft_y+3_by_college_tier,other,0,15,
2021,pipeline_overall_rank,26-100,d_college_draft_y+4,drafted,0,15,
2021,pipeline_overall_rank,26-100,d_college_draft_y+4,drafted_signed,0,15,
2021,pipeline_overall_rank,26-100,d_college_draft_y+4_by_round,R1,0,15,
2021,pipeline_overall_rank,26-100,d_college_draft_y+4_by_round,R2,0,15,
2021,pipeline_overall_rank,26-100,d_college_draft_y+4_by_round,R3,0,15,
2021,pipeline_overall_rank,26-100,d_college_draft_y+4_by_round,R4-5,0,15,
2021,pipeline_overall_rank,26-100,d_college_draft_y+4_by_round,R6-10,0,15,
2021,pipeline_overall_rank,26-100,d_college_draft_y+4_by_round,R11+,0,15,
2021,pipeline_overall_rank,26-100,d_college_draft_y+4_by_college_tier,p4,0,15,
2021,pipeline_overall_rank,26-100,d_college_draft_y+4_by_college_tier,mid,0,15,
2021,pipeline_overall_rank,26-100,d_college_draft_y+4_by_college_tier,low,0,15,
2021,pipeline_overall_rank,26-100,d_college_draft_y+4_by_college_tier,other,0,15,
2021,pipeline_overall_rank,26-100,d_college_draft_y+3or4,drafted,9,15,
2021,pipeline_overall_rank,26-100,d_college_draft_y+3or4,drafted_signed,9,15,
2021,pipeline_overall_rank,26-100,d_college_draft_y+2to4,drafted,11,15,
2021,pipeline_overall_rank,26-100,d_college_draft_y+2to4_first_by_round,R1,3,15,
2021,pipeline_overall_rank,26-100,d_college_draft_y+2to4_first_by_round,R2,2,15,
2021,pipeline_overall_rank,26-100,d_college_draft_y+2to4_first_by_round,R3,2,15,
2021,pipeline_overall_rank,26-100,d_college_draft_y+2to4_first_by_round,R4-5,1,15,
2021,pipeline_overall_rank,26-100,d_college_draft_y+2to4_first_by_round,R6-10,2,15,
2021,pipeline_overall_rank,26-100,d_college_draft_y+2to4_first_by_round,R11+,1,15,
2021,pipeline_overall_rank,26-100,d_college_draft_y+2to4_by_commit_tier,p4,9,13,
2021,pipeline_overall_rank,26-100,d_college_draft_y+2to4_by_commit_tier,mid,0,0,
2021,pipeline_overall_rank,26-100,d_college_draft_y+2to4_by_commit_tier,low,0,0,
2021,pipeline_overall_rank,26-100,d_college_tier_equals_commit_tier,same_tier,9,11,
2021,pipeline_overall_rank,101-200,sample,ranked_hs_prospects,42,42,
2021,pipeline_overall_rank,101-200,a_commitment,p4,30,42,
2021,pipeline_overall_rank,101-200,a_commitment,mid,3,42,
2021,pipeline_overall_rank,101-200,a_commitment,low,0,42,
2021,pipeline_overall_rank,101-200,a_commitment,non-D1,1,42,
2021,pipeline_overall_rank,101-200,a_commitment,uncommitted,0,42,
2021,pipeline_overall_rank,101-200,a_commitment,not stated,8,42,
2021,pipeline_overall_rank,101-200,a_commitment,unmatched,0,42,
2021,pipeline_overall_rank,101-200,b_hs_draft,drafted,21,42,
2021,pipeline_overall_rank,101-200,b_hs_draft,drafted_signed,15,42,
2021,pipeline_overall_rank,101-200,b_hs_draft,drafted_unsigned,6,42,
2021,pipeline_overall_rank,101-200,b_hs_draft,undrafted,21,42,
2021,pipeline_overall_rank,101-200,b_hs_draft_signed_by_round,R1,0,42,
2021,pipeline_overall_rank,101-200,b_hs_draft_unsigned_by_round,R1,0,42,
2021,pipeline_overall_rank,101-200,b_hs_draft_signed_by_round,R2,1,42,
2021,pipeline_overall_rank,101-200,b_hs_draft_unsigned_by_round,R2,0,42,
2021,pipeline_overall_rank,101-200,b_hs_draft_signed_by_round,R3,8,42,
2021,pipeline_overall_rank,101-200,b_hs_draft_unsigned_by_round,R3,0,42,
2021,pipeline_overall_rank,101-200,b_hs_draft_signed_by_round,R4-5,4,42,
2021,pipeline_overall_rank,101-200,b_hs_draft_unsigned_by_round,R4-5,1,42,
2021,pipeline_overall_rank,101-200,b_hs_draft_signed_by_round,R6-10,1,42,
2021,pipeline_overall_rank,101-200,b_hs_draft_unsigned_by_round,R6-10,0,42,
2021,pipeline_overall_rank,101-200,b_hs_draft_signed_by_round,R11+,1,42,
2021,pipeline_overall_rank,101-200,b_hs_draft_unsigned_by_round,R11+,5,42,
2021,pipeline_overall_rank,101-200,c_campus,reached_campus,27,42,unsigned or undrafted; commitment tier from the Pipeline blurb
2021,pipeline_overall_rank,101-200,c_campus_by_commit_tier,p4,17,27,
2021,pipeline_overall_rank,101-200,c_campus_by_commit_tier,mid,2,27,
2021,pipeline_overall_rank,101-200,c_campus_by_commit_tier,low,0,27,
2021,pipeline_overall_rank,101-200,c_campus_by_commit_tier,non-D1,1,27,
2021,pipeline_overall_rank,101-200,c_campus_by_commit_tier,uncommitted,0,27,
2021,pipeline_overall_rank,101-200,c_campus_by_commit_tier,not stated,7,27,
2021,pipeline_overall_rank,101-200,c_campus_by_commit_tier,unmatched,0,27,
2021,pipeline_overall_rank,101-200,d_college_draft_y+2,drafted,3,27,
2021,pipeline_overall_rank,101-200,d_college_draft_y+2,drafted_signed,3,27,
2021,pipeline_overall_rank,101-200,d_college_draft_y+2_by_round,R1,0,27,
2021,pipeline_overall_rank,101-200,d_college_draft_y+2_by_round,R2,0,27,
2021,pipeline_overall_rank,101-200,d_college_draft_y+2_by_round,R3,0,27,
2021,pipeline_overall_rank,101-200,d_college_draft_y+2_by_round,R4-5,1,27,
2021,pipeline_overall_rank,101-200,d_college_draft_y+2_by_round,R6-10,1,27,
2021,pipeline_overall_rank,101-200,d_college_draft_y+2_by_round,R11+,1,27,
2021,pipeline_overall_rank,101-200,d_college_draft_y+2_by_college_tier,p4,2,27,
2021,pipeline_overall_rank,101-200,d_college_draft_y+2_by_college_tier,mid,0,27,
2021,pipeline_overall_rank,101-200,d_college_draft_y+2_by_college_tier,low,0,27,
2021,pipeline_overall_rank,101-200,d_college_draft_y+2_by_college_tier,other,1,27,
2021,pipeline_overall_rank,101-200,d_college_draft_y+3,drafted,9,27,
2021,pipeline_overall_rank,101-200,d_college_draft_y+3,drafted_signed,8,27,
2021,pipeline_overall_rank,101-200,d_college_draft_y+3_by_round,R1,2,27,
2021,pipeline_overall_rank,101-200,d_college_draft_y+3_by_round,R2,2,27,
2021,pipeline_overall_rank,101-200,d_college_draft_y+3_by_round,R3,1,27,
2021,pipeline_overall_rank,101-200,d_college_draft_y+3_by_round,R4-5,1,27,
2021,pipeline_overall_rank,101-200,d_college_draft_y+3_by_round,R6-10,2,27,
2021,pipeline_overall_rank,101-200,d_college_draft_y+3_by_round,R11+,1,27,
2021,pipeline_overall_rank,101-200,d_college_draft_y+3_by_college_tier,p4,7,27,
2021,pipeline_overall_rank,101-200,d_college_draft_y+3_by_college_tier,mid,1,27,
2021,pipeline_overall_rank,101-200,d_college_draft_y+3_by_college_tier,low,0,27,
2021,pipeline_overall_rank,101-200,d_college_draft_y+3_by_college_tier,other,1,27,
2021,pipeline_overall_rank,101-200,d_college_draft_y+4,drafted,4,27,
2021,pipeline_overall_rank,101-200,d_college_draft_y+4,drafted_signed,4,27,
2021,pipeline_overall_rank,101-200,d_college_draft_y+4_by_round,R1,0,27,
2021,pipeline_overall_rank,101-200,d_college_draft_y+4_by_round,R2,0,27,
2021,pipeline_overall_rank,101-200,d_college_draft_y+4_by_round,R3,0,27,
2021,pipeline_overall_rank,101-200,d_college_draft_y+4_by_round,R4-5,0,27,
2021,pipeline_overall_rank,101-200,d_college_draft_y+4_by_round,R6-10,2,27,
2021,pipeline_overall_rank,101-200,d_college_draft_y+4_by_round,R11+,2,27,
2021,pipeline_overall_rank,101-200,d_college_draft_y+4_by_college_tier,p4,4,27,
2021,pipeline_overall_rank,101-200,d_college_draft_y+4_by_college_tier,mid,0,27,
2021,pipeline_overall_rank,101-200,d_college_draft_y+4_by_college_tier,low,0,27,
2021,pipeline_overall_rank,101-200,d_college_draft_y+4_by_college_tier,other,0,27,
2021,pipeline_overall_rank,101-200,d_college_draft_y+3or4,drafted,12,27,
2021,pipeline_overall_rank,101-200,d_college_draft_y+3or4,drafted_signed,12,27,
2021,pipeline_overall_rank,101-200,d_college_draft_y+2to4,drafted,15,27,
2021,pipeline_overall_rank,101-200,d_college_draft_y+2to4_first_by_round,R1,2,27,
2021,pipeline_overall_rank,101-200,d_college_draft_y+2to4_first_by_round,R2,2,27,
2021,pipeline_overall_rank,101-200,d_college_draft_y+2to4_first_by_round,R3,1,27,
2021,pipeline_overall_rank,101-200,d_college_draft_y+2to4_first_by_round,R4-5,2,27,
2021,pipeline_overall_rank,101-200,d_college_draft_y+2to4_first_by_round,R6-10,5,27,
2021,pipeline_overall_rank,101-200,d_college_draft_y+2to4_first_by_round,R11+,3,27,
2021,pipeline_overall_rank,101-200,d_college_draft_y+2to4_by_commit_tier,p4,10,17,
2021,pipeline_overall_rank,101-200,d_college_draft_y+2to4_by_commit_tier,mid,1,2,
2021,pipeline_overall_rank,101-200,d_college_draft_y+2to4_by_commit_tier,low,0,0,
2021,pipeline_overall_rank,101-200,d_college_tier_equals_commit_tier,same_tier,9,15,
2022,pipeline_overall_rank,top25,sample,ranked_hs_prospects,12,12,
2022,pipeline_overall_rank,top25,a_commitment,p4,10,12,
2022,pipeline_overall_rank,top25,a_commitment,mid,0,12,
2022,pipeline_overall_rank,top25,a_commitment,low,0,12,
2022,pipeline_overall_rank,top25,a_commitment,non-D1,0,12,
2022,pipeline_overall_rank,top25,a_commitment,uncommitted,0,12,
2022,pipeline_overall_rank,top25,a_commitment,not stated,2,12,
2022,pipeline_overall_rank,top25,a_commitment,unmatched,0,12,
2022,pipeline_overall_rank,top25,b_hs_draft,drafted,12,12,
2022,pipeline_overall_rank,top25,b_hs_draft,drafted_signed,12,12,
2022,pipeline_overall_rank,top25,b_hs_draft,drafted_unsigned,0,12,
2022,pipeline_overall_rank,top25,b_hs_draft,undrafted,0,12,
2022,pipeline_overall_rank,top25,b_hs_draft_signed_by_round,R1,10,12,
2022,pipeline_overall_rank,top25,b_hs_draft_unsigned_by_round,R1,0,12,
2022,pipeline_overall_rank,top25,b_hs_draft_signed_by_round,R2,1,12,
2022,pipeline_overall_rank,top25,b_hs_draft_unsigned_by_round,R2,0,12,
2022,pipeline_overall_rank,top25,b_hs_draft_signed_by_round,R3,0,12,
2022,pipeline_overall_rank,top25,b_hs_draft_unsigned_by_round,R3,0,12,
2022,pipeline_overall_rank,top25,b_hs_draft_signed_by_round,R4-5,1,12,
2022,pipeline_overall_rank,top25,b_hs_draft_unsigned_by_round,R4-5,0,12,
2022,pipeline_overall_rank,top25,b_hs_draft_signed_by_round,R6-10,0,12,
2022,pipeline_overall_rank,top25,b_hs_draft_unsigned_by_round,R6-10,0,12,
2022,pipeline_overall_rank,top25,b_hs_draft_signed_by_round,R11+,0,12,
2022,pipeline_overall_rank,top25,b_hs_draft_unsigned_by_round,R11+,0,12,
2022,pipeline_overall_rank,top25,c_campus,reached_campus,0,12,unsigned or undrafted; commitment tier from the Pipeline blurb
2022,pipeline_overall_rank,top25,c_campus_by_commit_tier,p4,0,0,
2022,pipeline_overall_rank,top25,c_campus_by_commit_tier,mid,0,0,
2022,pipeline_overall_rank,top25,c_campus_by_commit_tier,low,0,0,
2022,pipeline_overall_rank,top25,c_campus_by_commit_tier,non-D1,0,0,
2022,pipeline_overall_rank,top25,c_campus_by_commit_tier,uncommitted,0,0,
2022,pipeline_overall_rank,top25,c_campus_by_commit_tier,not stated,0,0,
2022,pipeline_overall_rank,top25,c_campus_by_commit_tier,unmatched,0,0,
2022,pipeline_overall_rank,top25,d_college_draft_y+2,drafted,0,0,
2022,pipeline_overall_rank,top25,d_college_draft_y+2,drafted_signed,0,0,
2022,pipeline_overall_rank,top25,d_college_draft_y+2_by_round,R1,0,0,
2022,pipeline_overall_rank,top25,d_college_draft_y+2_by_round,R2,0,0,
2022,pipeline_overall_rank,top25,d_college_draft_y+2_by_round,R3,0,0,
2022,pipeline_overall_rank,top25,d_college_draft_y+2_by_round,R4-5,0,0,
2022,pipeline_overall_rank,top25,d_college_draft_y+2_by_round,R6-10,0,0,
2022,pipeline_overall_rank,top25,d_college_draft_y+2_by_round,R11+,0,0,
2022,pipeline_overall_rank,top25,d_college_draft_y+2_by_college_tier,p4,0,0,
2022,pipeline_overall_rank,top25,d_college_draft_y+2_by_college_tier,mid,0,0,
2022,pipeline_overall_rank,top25,d_college_draft_y+2_by_college_tier,low,0,0,
2022,pipeline_overall_rank,top25,d_college_draft_y+2_by_college_tier,other,0,0,
2022,pipeline_overall_rank,top25,d_college_draft_y+3,drafted,0,0,
2022,pipeline_overall_rank,top25,d_college_draft_y+3,drafted_signed,0,0,
2022,pipeline_overall_rank,top25,d_college_draft_y+3_by_round,R1,0,0,
2022,pipeline_overall_rank,top25,d_college_draft_y+3_by_round,R2,0,0,
2022,pipeline_overall_rank,top25,d_college_draft_y+3_by_round,R3,0,0,
2022,pipeline_overall_rank,top25,d_college_draft_y+3_by_round,R4-5,0,0,
2022,pipeline_overall_rank,top25,d_college_draft_y+3_by_round,R6-10,0,0,
2022,pipeline_overall_rank,top25,d_college_draft_y+3_by_round,R11+,0,0,
2022,pipeline_overall_rank,top25,d_college_draft_y+3_by_college_tier,p4,0,0,
2022,pipeline_overall_rank,top25,d_college_draft_y+3_by_college_tier,mid,0,0,
2022,pipeline_overall_rank,top25,d_college_draft_y+3_by_college_tier,low,0,0,
2022,pipeline_overall_rank,top25,d_college_draft_y+3_by_college_tier,other,0,0,
2022,pipeline_overall_rank,top25,d_college_draft_y+4,drafted,0,0,
2022,pipeline_overall_rank,top25,d_college_draft_y+4,drafted_signed,0,0,
2022,pipeline_overall_rank,top25,d_college_draft_y+4_by_round,R1,0,0,
2022,pipeline_overall_rank,top25,d_college_draft_y+4_by_round,R2,0,0,
2022,pipeline_overall_rank,top25,d_college_draft_y+4_by_round,R3,0,0,
2022,pipeline_overall_rank,top25,d_college_draft_y+4_by_round,R4-5,0,0,
2022,pipeline_overall_rank,top25,d_college_draft_y+4_by_round,R6-10,0,0,
2022,pipeline_overall_rank,top25,d_college_draft_y+4_by_round,R11+,0,0,
2022,pipeline_overall_rank,top25,d_college_draft_y+4_by_college_tier,p4,0,0,
2022,pipeline_overall_rank,top25,d_college_draft_y+4_by_college_tier,mid,0,0,
2022,pipeline_overall_rank,top25,d_college_draft_y+4_by_college_tier,low,0,0,
2022,pipeline_overall_rank,top25,d_college_draft_y+4_by_college_tier,other,0,0,
2022,pipeline_overall_rank,top25,d_college_draft_y+3or4,drafted,0,0,
2022,pipeline_overall_rank,top25,d_college_draft_y+3or4,drafted_signed,0,0,
2022,pipeline_overall_rank,top25,d_college_draft_y+2to4,drafted,0,0,
2022,pipeline_overall_rank,top25,d_college_draft_y+2to4_first_by_round,R1,0,0,
2022,pipeline_overall_rank,top25,d_college_draft_y+2to4_first_by_round,R2,0,0,
2022,pipeline_overall_rank,top25,d_college_draft_y+2to4_first_by_round,R3,0,0,
2022,pipeline_overall_rank,top25,d_college_draft_y+2to4_first_by_round,R4-5,0,0,
2022,pipeline_overall_rank,top25,d_college_draft_y+2to4_first_by_round,R6-10,0,0,
2022,pipeline_overall_rank,top25,d_college_draft_y+2to4_first_by_round,R11+,0,0,
2022,pipeline_overall_rank,top25,d_college_draft_y+2to4_by_commit_tier,p4,0,0,
2022,pipeline_overall_rank,top25,d_college_draft_y+2to4_by_commit_tier,mid,0,0,
2022,pipeline_overall_rank,top25,d_college_draft_y+2to4_by_commit_tier,low,0,0,
2022,pipeline_overall_rank,top25,d_college_tier_equals_commit_tier,same_tier,0,0,
2022,pipeline_overall_rank,26-100,sample,ranked_hs_prospects,28,28,
2022,pipeline_overall_rank,26-100,a_commitment,p4,25,28,
2022,pipeline_overall_rank,26-100,a_commitment,mid,0,28,
2022,pipeline_overall_rank,26-100,a_commitment,low,0,28,
2022,pipeline_overall_rank,26-100,a_commitment,non-D1,0,28,
2022,pipeline_overall_rank,26-100,a_commitment,uncommitted,0,28,
2022,pipeline_overall_rank,26-100,a_commitment,not stated,3,28,
2022,pipeline_overall_rank,26-100,a_commitment,unmatched,0,28,
2022,pipeline_overall_rank,26-100,b_hs_draft,drafted,20,28,
2022,pipeline_overall_rank,26-100,b_hs_draft,drafted_signed,17,28,
2022,pipeline_overall_rank,26-100,b_hs_draft,drafted_unsigned,3,28,
2022,pipeline_overall_rank,26-100,b_hs_draft,undrafted,8,28,
2022,pipeline_overall_rank,26-100,b_hs_draft_signed_by_round,R1,5,28,
2022,pipeline_overall_rank,26-100,b_hs_draft_unsigned_by_round,R1,0,28,
2022,pipeline_overall_rank,26-100,b_hs_draft_signed_by_round,R2,8,28,
2022,pipeline_overall_rank,26-100,b_hs_draft_unsigned_by_round,R2,0,28,
2022,pipeline_overall_rank,26-100,b_hs_draft_signed_by_round,R3,1,28,
2022,pipeline_overall_rank,26-100,b_hs_draft_unsigned_by_round,R3,0,28,
2022,pipeline_overall_rank,26-100,b_hs_draft_signed_by_round,R4-5,2,28,
2022,pipeline_overall_rank,26-100,b_hs_draft_unsigned_by_round,R4-5,0,28,
2022,pipeline_overall_rank,26-100,b_hs_draft_signed_by_round,R6-10,0,28,
2022,pipeline_overall_rank,26-100,b_hs_draft_unsigned_by_round,R6-10,0,28,
2022,pipeline_overall_rank,26-100,b_hs_draft_signed_by_round,R11+,1,28,
2022,pipeline_overall_rank,26-100,b_hs_draft_unsigned_by_round,R11+,3,28,
2022,pipeline_overall_rank,26-100,c_campus,reached_campus,11,28,unsigned or undrafted; commitment tier from the Pipeline blurb
2022,pipeline_overall_rank,26-100,c_campus_by_commit_tier,p4,10,11,
2022,pipeline_overall_rank,26-100,c_campus_by_commit_tier,mid,0,11,
2022,pipeline_overall_rank,26-100,c_campus_by_commit_tier,low,0,11,
2022,pipeline_overall_rank,26-100,c_campus_by_commit_tier,non-D1,0,11,
2022,pipeline_overall_rank,26-100,c_campus_by_commit_tier,uncommitted,0,11,
2022,pipeline_overall_rank,26-100,c_campus_by_commit_tier,not stated,1,11,
2022,pipeline_overall_rank,26-100,c_campus_by_commit_tier,unmatched,0,11,
2022,pipeline_overall_rank,26-100,d_college_draft_y+2,drafted,3,11,
2022,pipeline_overall_rank,26-100,d_college_draft_y+2,drafted_signed,3,11,
2022,pipeline_overall_rank,26-100,d_college_draft_y+2_by_round,R1,2,11,
2022,pipeline_overall_rank,26-100,d_college_draft_y+2_by_round,R2,0,11,
2022,pipeline_overall_rank,26-100,d_college_draft_y+2_by_round,R3,0,11,
2022,pipeline_overall_rank,26-100,d_college_draft_y+2_by_round,R4-5,1,11,
2022,pipeline_overall_rank,26-100,d_college_draft_y+2_by_round,R6-10,0,11,
2022,pipeline_overall_rank,26-100,d_college_draft_y+2_by_round,R11+,0,11,
2022,pipeline_overall_rank,26-100,d_college_draft_y+2_by_college_tier,p4,3,11,
2022,pipeline_overall_rank,26-100,d_college_draft_y+2_by_college_tier,mid,0,11,
2022,pipeline_overall_rank,26-100,d_college_draft_y+2_by_college_tier,low,0,11,
2022,pipeline_overall_rank,26-100,d_college_draft_y+2_by_college_tier,other,0,11,
2022,pipeline_overall_rank,26-100,d_college_draft_y+3,drafted,3,11,
2022,pipeline_overall_rank,26-100,d_college_draft_y+3,drafted_signed,3,11,
2022,pipeline_overall_rank,26-100,d_college_draft_y+3_by_round,R1,1,11,
2022,pipeline_overall_rank,26-100,d_college_draft_y+3_by_round,R2,0,11,
2022,pipeline_overall_rank,26-100,d_college_draft_y+3_by_round,R3,0,11,
2022,pipeline_overall_rank,26-100,d_college_draft_y+3_by_round,R4-5,0,11,
2022,pipeline_overall_rank,26-100,d_college_draft_y+3_by_round,R6-10,0,11,
2022,pipeline_overall_rank,26-100,d_college_draft_y+3_by_round,R11+,2,11,
2022,pipeline_overall_rank,26-100,d_college_draft_y+3_by_college_tier,p4,3,11,
2022,pipeline_overall_rank,26-100,d_college_draft_y+3_by_college_tier,mid,0,11,
2022,pipeline_overall_rank,26-100,d_college_draft_y+3_by_college_tier,low,0,11,
2022,pipeline_overall_rank,26-100,d_college_draft_y+3_by_college_tier,other,0,11,
2022,pipeline_overall_rank,26-100,d_college_draft_y+4,drafted,2,11,
2022,pipeline_overall_rank,26-100,d_college_draft_y+4,drafted_signed,2,11,
2022,pipeline_overall_rank,26-100,d_college_draft_y+4_by_round,R1,0,11,
2022,pipeline_overall_rank,26-100,d_college_draft_y+4_by_round,R2,0,11,
2022,pipeline_overall_rank,26-100,d_college_draft_y+4_by_round,R3,0,11,
2022,pipeline_overall_rank,26-100,d_college_draft_y+4_by_round,R4-5,0,11,
2022,pipeline_overall_rank,26-100,d_college_draft_y+4_by_round,R6-10,1,11,
2022,pipeline_overall_rank,26-100,d_college_draft_y+4_by_round,R11+,1,11,
2022,pipeline_overall_rank,26-100,d_college_draft_y+4_by_college_tier,p4,2,11,
2022,pipeline_overall_rank,26-100,d_college_draft_y+4_by_college_tier,mid,0,11,
2022,pipeline_overall_rank,26-100,d_college_draft_y+4_by_college_tier,low,0,11,
2022,pipeline_overall_rank,26-100,d_college_draft_y+4_by_college_tier,other,0,11,
2022,pipeline_overall_rank,26-100,d_college_draft_y+3or4,drafted,5,11,
2022,pipeline_overall_rank,26-100,d_college_draft_y+3or4,drafted_signed,5,11,
2022,pipeline_overall_rank,26-100,d_college_draft_y+2to4,drafted,8,11,
2022,pipeline_overall_rank,26-100,d_college_draft_y+2to4_first_by_round,R1,3,11,
2022,pipeline_overall_rank,26-100,d_college_draft_y+2to4_first_by_round,R2,0,11,
2022,pipeline_overall_rank,26-100,d_college_draft_y+2to4_first_by_round,R3,0,11,
2022,pipeline_overall_rank,26-100,d_college_draft_y+2to4_first_by_round,R4-5,1,11,
2022,pipeline_overall_rank,26-100,d_college_draft_y+2to4_first_by_round,R6-10,1,11,
2022,pipeline_overall_rank,26-100,d_college_draft_y+2to4_first_by_round,R11+,3,11,
2022,pipeline_overall_rank,26-100,d_college_draft_y+2to4_by_commit_tier,p4,7,10,
2022,pipeline_overall_rank,26-100,d_college_draft_y+2to4_by_commit_tier,mid,0,0,
2022,pipeline_overall_rank,26-100,d_college_draft_y+2to4_by_commit_tier,low,0,0,
2022,pipeline_overall_rank,26-100,d_college_tier_equals_commit_tier,same_tier,7,8,
2022,pipeline_overall_rank,101-200,sample,ranked_hs_prospects,45,45,
2022,pipeline_overall_rank,101-200,a_commitment,p4,29,45,
2022,pipeline_overall_rank,101-200,a_commitment,mid,8,45,
2022,pipeline_overall_rank,101-200,a_commitment,low,0,45,
2022,pipeline_overall_rank,101-200,a_commitment,non-D1,0,45,
2022,pipeline_overall_rank,101-200,a_commitment,uncommitted,0,45,
2022,pipeline_overall_rank,101-200,a_commitment,not stated,8,45,
2022,pipeline_overall_rank,101-200,a_commitment,unmatched,0,45,
2022,pipeline_overall_rank,101-200,b_hs_draft,drafted,20,45,
2022,pipeline_overall_rank,101-200,b_hs_draft,drafted_signed,13,45,
2022,pipeline_overall_rank,101-200,b_hs_draft,drafted_unsigned,7,45,
2022,pipeline_overall_rank,101-200,b_hs_draft,undrafted,25,45,
2022,pipeline_overall_rank,101-200,b_hs_draft_signed_by_round,R1,1,45,
2022,pipeline_overall_rank,101-200,b_hs_draft_unsigned_by_round,R1,0,45,
2022,pipeline_overall_rank,101-200,b_hs_draft_signed_by_round,R2,1,45,
2022,pipeline_overall_rank,101-200,b_hs_draft_unsigned_by_round,R2,0,45,
2022,pipeline_overall_rank,101-200,b_hs_draft_signed_by_round,R3,1,45,
2022,pipeline_overall_rank,101-200,b_hs_draft_unsigned_by_round,R3,0,45,
2022,pipeline_overall_rank,101-200,b_hs_draft_signed_by_round,R4-5,3,45,
2022,pipeline_overall_rank,101-200,b_hs_draft_unsigned_by_round,R4-5,0,45,
2022,pipeline_overall_rank,101-200,b_hs_draft_signed_by_round,R6-10,5,45,
2022,pipeline_overall_rank,101-200,b_hs_draft_unsigned_by_round,R6-10,0,45,
2022,pipeline_overall_rank,101-200,b_hs_draft_signed_by_round,R11+,2,45,
2022,pipeline_overall_rank,101-200,b_hs_draft_unsigned_by_round,R11+,7,45,
2022,pipeline_overall_rank,101-200,c_campus,reached_campus,32,45,unsigned or undrafted; commitment tier from the Pipeline blurb
2022,pipeline_overall_rank,101-200,c_campus_by_commit_tier,p4,23,32,
2022,pipeline_overall_rank,101-200,c_campus_by_commit_tier,mid,4,32,
2022,pipeline_overall_rank,101-200,c_campus_by_commit_tier,low,0,32,
2022,pipeline_overall_rank,101-200,c_campus_by_commit_tier,non-D1,0,32,
2022,pipeline_overall_rank,101-200,c_campus_by_commit_tier,uncommitted,0,32,
2022,pipeline_overall_rank,101-200,c_campus_by_commit_tier,not stated,5,32,
2022,pipeline_overall_rank,101-200,c_campus_by_commit_tier,unmatched,0,32,
2022,pipeline_overall_rank,101-200,d_college_draft_y+2,drafted,2,32,
2022,pipeline_overall_rank,101-200,d_college_draft_y+2,drafted_signed,2,32,
2022,pipeline_overall_rank,101-200,d_college_draft_y+2_by_round,R1,0,32,
2022,pipeline_overall_rank,101-200,d_college_draft_y+2_by_round,R2,0,32,
2022,pipeline_overall_rank,101-200,d_college_draft_y+2_by_round,R3,0,32,
2022,pipeline_overall_rank,101-200,d_college_draft_y+2_by_round,R4-5,2,32,
2022,pipeline_overall_rank,101-200,d_college_draft_y+2_by_round,R6-10,0,32,
2022,pipeline_overall_rank,101-200,d_college_draft_y+2_by_round,R11+,0,32,
2022,pipeline_overall_rank,101-200,d_college_draft_y+2_by_college_tier,p4,2,32,
2022,pipeline_overall_rank,101-200,d_college_draft_y+2_by_college_tier,mid,0,32,
2022,pipeline_overall_rank,101-200,d_college_draft_y+2_by_college_tier,low,0,32,
2022,pipeline_overall_rank,101-200,d_college_draft_y+2_by_college_tier,other,0,32,
2022,pipeline_overall_rank,101-200,d_college_draft_y+3,drafted,20,32,
2022,pipeline_overall_rank,101-200,d_college_draft_y+3,drafted_signed,20,32,
2022,pipeline_overall_rank,101-200,d_college_draft_y+3_by_round,R1,4,32,
2022,pipeline_overall_rank,101-200,d_college_draft_y+3_by_round,R2,3,32,
2022,pipeline_overall_rank,101-200,d_college_draft_y+3_by_round,R3,0,32,
2022,pipeline_overall_rank,101-200,d_college_draft_y+3_by_round,R4-5,5,32,
2022,pipeline_overall_rank,101-200,d_college_draft_y+3_by_round,R6-10,4,32,
2022,pipeline_overall_rank,101-200,d_college_draft_y+3_by_round,R11+,4,32,
2022,pipeline_overall_rank,101-200,d_college_draft_y+3_by_college_tier,p4,18,32,
2022,pipeline_overall_rank,101-200,d_college_draft_y+3_by_college_tier,mid,0,32,
2022,pipeline_overall_rank,101-200,d_college_draft_y+3_by_college_tier,low,0,32,
2022,pipeline_overall_rank,101-200,d_college_draft_y+3_by_college_tier,other,2,32,
2022,pipeline_overall_rank,101-200,d_college_draft_y+4,drafted,2,32,
2022,pipeline_overall_rank,101-200,d_college_draft_y+4,drafted_signed,2,32,
2022,pipeline_overall_rank,101-200,d_college_draft_y+4_by_round,R1,0,32,
2022,pipeline_overall_rank,101-200,d_college_draft_y+4_by_round,R2,0,32,
2022,pipeline_overall_rank,101-200,d_college_draft_y+4_by_round,R3,0,32,
2022,pipeline_overall_rank,101-200,d_college_draft_y+4_by_round,R4-5,0,32,
2022,pipeline_overall_rank,101-200,d_college_draft_y+4_by_round,R6-10,1,32,
2022,pipeline_overall_rank,101-200,d_college_draft_y+4_by_round,R11+,1,32,
2022,pipeline_overall_rank,101-200,d_college_draft_y+4_by_college_tier,p4,0,32,
2022,pipeline_overall_rank,101-200,d_college_draft_y+4_by_college_tier,mid,2,32,
2022,pipeline_overall_rank,101-200,d_college_draft_y+4_by_college_tier,low,0,32,
2022,pipeline_overall_rank,101-200,d_college_draft_y+4_by_college_tier,other,0,32,
2022,pipeline_overall_rank,101-200,d_college_draft_y+3or4,drafted,22,32,
2022,pipeline_overall_rank,101-200,d_college_draft_y+3or4,drafted_signed,22,32,
2022,pipeline_overall_rank,101-200,d_college_draft_y+2to4,drafted,24,32,
2022,pipeline_overall_rank,101-200,d_college_draft_y+2to4_first_by_round,R1,4,32,
2022,pipeline_overall_rank,101-200,d_college_draft_y+2to4_first_by_round,R2,3,32,
2022,pipeline_overall_rank,101-200,d_college_draft_y+2to4_first_by_round,R3,0,32,
2022,pipeline_overall_rank,101-200,d_college_draft_y+2to4_first_by_round,R4-5,7,32,
2022,pipeline_overall_rank,101-200,d_college_draft_y+2to4_first_by_round,R6-10,5,32,
2022,pipeline_overall_rank,101-200,d_college_draft_y+2to4_first_by_round,R11+,5,32,
2022,pipeline_overall_rank,101-200,d_college_draft_y+2to4_by_commit_tier,p4,17,23,
2022,pipeline_overall_rank,101-200,d_college_draft_y+2to4_by_commit_tier,mid,3,4,
2022,pipeline_overall_rank,101-200,d_college_draft_y+2to4_by_commit_tier,low,0,0,
2022,pipeline_overall_rank,101-200,d_college_tier_equals_commit_tier,same_tier,14,24,
2023,pipeline_overall_rank,top25,sample,ranked_hs_prospects,9,9,
2023,pipeline_overall_rank,top25,a_commitment,p4,8,9,
2023,pipeline_overall_rank,top25,a_commitment,mid,0,9,
2023,pipeline_overall_rank,top25,a_commitment,low,0,9,
2023,pipeline_overall_rank,top25,a_commitment,non-D1,0,9,
2023,pipeline_overall_rank,top25,a_commitment,uncommitted,0,9,
2023,pipeline_overall_rank,top25,a_commitment,not stated,1,9,
2023,pipeline_overall_rank,top25,a_commitment,unmatched,0,9,
2023,pipeline_overall_rank,top25,b_hs_draft,drafted,9,9,
2023,pipeline_overall_rank,top25,b_hs_draft,drafted_signed,9,9,
2023,pipeline_overall_rank,top25,b_hs_draft,drafted_unsigned,0,9,
2023,pipeline_overall_rank,top25,b_hs_draft,undrafted,0,9,
2023,pipeline_overall_rank,top25,b_hs_draft_signed_by_round,R1,9,9,
2023,pipeline_overall_rank,top25,b_hs_draft_unsigned_by_round,R1,0,9,
2023,pipeline_overall_rank,top25,b_hs_draft_signed_by_round,R2,0,9,
2023,pipeline_overall_rank,top25,b_hs_draft_unsigned_by_round,R2,0,9,
2023,pipeline_overall_rank,top25,b_hs_draft_signed_by_round,R3,0,9,
2023,pipeline_overall_rank,top25,b_hs_draft_unsigned_by_round,R3,0,9,
2023,pipeline_overall_rank,top25,b_hs_draft_signed_by_round,R4-5,0,9,
2023,pipeline_overall_rank,top25,b_hs_draft_unsigned_by_round,R4-5,0,9,
2023,pipeline_overall_rank,top25,b_hs_draft_signed_by_round,R6-10,0,9,
2023,pipeline_overall_rank,top25,b_hs_draft_unsigned_by_round,R6-10,0,9,
2023,pipeline_overall_rank,top25,b_hs_draft_signed_by_round,R11+,0,9,
2023,pipeline_overall_rank,top25,b_hs_draft_unsigned_by_round,R11+,0,9,
2023,pipeline_overall_rank,top25,c_campus,reached_campus,0,9,unsigned or undrafted; commitment tier from the Pipeline blurb
2023,pipeline_overall_rank,top25,c_campus_by_commit_tier,p4,0,0,
2023,pipeline_overall_rank,top25,c_campus_by_commit_tier,mid,0,0,
2023,pipeline_overall_rank,top25,c_campus_by_commit_tier,low,0,0,
2023,pipeline_overall_rank,top25,c_campus_by_commit_tier,non-D1,0,0,
2023,pipeline_overall_rank,top25,c_campus_by_commit_tier,uncommitted,0,0,
2023,pipeline_overall_rank,top25,c_campus_by_commit_tier,not stated,0,0,
2023,pipeline_overall_rank,top25,c_campus_by_commit_tier,unmatched,0,0,
2023,pipeline_overall_rank,top25,d_college_draft_y+2,drafted,0,0,
2023,pipeline_overall_rank,top25,d_college_draft_y+2,drafted_signed,0,0,
2023,pipeline_overall_rank,top25,d_college_draft_y+2_by_round,R1,0,0,
2023,pipeline_overall_rank,top25,d_college_draft_y+2_by_round,R2,0,0,
2023,pipeline_overall_rank,top25,d_college_draft_y+2_by_round,R3,0,0,
2023,pipeline_overall_rank,top25,d_college_draft_y+2_by_round,R4-5,0,0,
2023,pipeline_overall_rank,top25,d_college_draft_y+2_by_round,R6-10,0,0,
2023,pipeline_overall_rank,top25,d_college_draft_y+2_by_round,R11+,0,0,
2023,pipeline_overall_rank,top25,d_college_draft_y+2_by_college_tier,p4,0,0,
2023,pipeline_overall_rank,top25,d_college_draft_y+2_by_college_tier,mid,0,0,
2023,pipeline_overall_rank,top25,d_college_draft_y+2_by_college_tier,low,0,0,
2023,pipeline_overall_rank,top25,d_college_draft_y+2_by_college_tier,other,0,0,
2023,pipeline_overall_rank,top25,d_college_draft_y+3,drafted,0,0,
2023,pipeline_overall_rank,top25,d_college_draft_y+3,drafted_signed,0,0,
2023,pipeline_overall_rank,top25,d_college_draft_y+3_by_round,R1,0,0,
2023,pipeline_overall_rank,top25,d_college_draft_y+3_by_round,R2,0,0,
2023,pipeline_overall_rank,top25,d_college_draft_y+3_by_round,R3,0,0,
2023,pipeline_overall_rank,top25,d_college_draft_y+3_by_round,R4-5,0,0,
2023,pipeline_overall_rank,top25,d_college_draft_y+3_by_round,R6-10,0,0,
2023,pipeline_overall_rank,top25,d_college_draft_y+3_by_round,R11+,0,0,
2023,pipeline_overall_rank,top25,d_college_draft_y+3_by_college_tier,p4,0,0,
2023,pipeline_overall_rank,top25,d_college_draft_y+3_by_college_tier,mid,0,0,
2023,pipeline_overall_rank,top25,d_college_draft_y+3_by_college_tier,low,0,0,
2023,pipeline_overall_rank,top25,d_college_draft_y+3_by_college_tier,other,0,0,
2023,pipeline_overall_rank,26-100,sample,ranked_hs_prospects,39,39,
2023,pipeline_overall_rank,26-100,a_commitment,p4,35,39,
2023,pipeline_overall_rank,26-100,a_commitment,mid,3,39,
2023,pipeline_overall_rank,26-100,a_commitment,low,0,39,
2023,pipeline_overall_rank,26-100,a_commitment,non-D1,0,39,
2023,pipeline_overall_rank,26-100,a_commitment,uncommitted,0,39,
2023,pipeline_overall_rank,26-100,a_commitment,not stated,1,39,
2023,pipeline_overall_rank,26-100,a_commitment,unmatched,0,39,
2023,pipeline_overall_rank,26-100,b_hs_draft,drafted,31,39,
2023,pipeline_overall_rank,26-100,b_hs_draft,drafted_signed,29,39,
2023,pipeline_overall_rank,26-100,b_hs_draft,drafted_unsigned,2,39,
2023,pipeline_overall_rank,26-100,b_hs_draft,undrafted,8,39,
2023,pipeline_overall_rank,26-100,b_hs_draft_signed_by_round,R1,12,39,
2023,pipeline_overall_rank,26-100,b_hs_draft_unsigned_by_round,R1,0,39,
2023,pipeline_overall_rank,26-100,b_hs_draft_signed_by_round,R2,6,39,
2023,pipeline_overall_rank,26-100,b_hs_draft_unsigned_by_round,R2,0,39,
2023,pipeline_overall_rank,26-100,b_hs_draft_signed_by_round,R3,6,39,
2023,pipeline_overall_rank,26-100,b_hs_draft_unsigned_by_round,R3,0,39,
2023,pipeline_overall_rank,26-100,b_hs_draft_signed_by_round,R4-5,3,39,
2023,pipeline_overall_rank,26-100,b_hs_draft_unsigned_by_round,R4-5,0,39,
2023,pipeline_overall_rank,26-100,b_hs_draft_signed_by_round,R6-10,2,39,
2023,pipeline_overall_rank,26-100,b_hs_draft_unsigned_by_round,R6-10,0,39,
2023,pipeline_overall_rank,26-100,b_hs_draft_signed_by_round,R11+,0,39,
2023,pipeline_overall_rank,26-100,b_hs_draft_unsigned_by_round,R11+,2,39,
2023,pipeline_overall_rank,26-100,c_campus,reached_campus,10,39,unsigned or undrafted; commitment tier from the Pipeline blurb
2023,pipeline_overall_rank,26-100,c_campus_by_commit_tier,p4,9,10,
2023,pipeline_overall_rank,26-100,c_campus_by_commit_tier,mid,0,10,
2023,pipeline_overall_rank,26-100,c_campus_by_commit_tier,low,0,10,
2023,pipeline_overall_rank,26-100,c_campus_by_commit_tier,non-D1,0,10,
2023,pipeline_overall_rank,26-100,c_campus_by_commit_tier,uncommitted,0,10,
2023,pipeline_overall_rank,26-100,c_campus_by_commit_tier,not stated,1,10,
2023,pipeline_overall_rank,26-100,c_campus_by_commit_tier,unmatched,0,10,
2023,pipeline_overall_rank,26-100,d_college_draft_y+2,drafted,0,10,
2023,pipeline_overall_rank,26-100,d_college_draft_y+2,drafted_signed,0,10,
2023,pipeline_overall_rank,26-100,d_college_draft_y+2_by_round,R1,0,10,
2023,pipeline_overall_rank,26-100,d_college_draft_y+2_by_round,R2,0,10,
2023,pipeline_overall_rank,26-100,d_college_draft_y+2_by_round,R3,0,10,
2023,pipeline_overall_rank,26-100,d_college_draft_y+2_by_round,R4-5,0,10,
2023,pipeline_overall_rank,26-100,d_college_draft_y+2_by_round,R6-10,0,10,
2023,pipeline_overall_rank,26-100,d_college_draft_y+2_by_round,R11+,0,10,
2023,pipeline_overall_rank,26-100,d_college_draft_y+2_by_college_tier,p4,0,10,
2023,pipeline_overall_rank,26-100,d_college_draft_y+2_by_college_tier,mid,0,10,
2023,pipeline_overall_rank,26-100,d_college_draft_y+2_by_college_tier,low,0,10,
2023,pipeline_overall_rank,26-100,d_college_draft_y+2_by_college_tier,other,0,10,
2023,pipeline_overall_rank,26-100,d_college_draft_y+3,drafted,8,10,
2023,pipeline_overall_rank,26-100,d_college_draft_y+3,drafted_signed,8,10,
2023,pipeline_overall_rank,26-100,d_college_draft_y+3_by_round,R1,2,10,
2023,pipeline_overall_rank,26-100,d_college_draft_y+3_by_round,R2,2,10,
2023,pipeline_overall_rank,26-100,d_college_draft_y+3_by_round,R3,1,10,
2023,pipeline_overall_rank,26-100,d_college_draft_y+3_by_round,R4-5,1,10,
2023,pipeline_overall_rank,26-100,d_college_draft_y+3_by_round,R6-10,1,10,
2023,pipeline_overall_rank,26-100,d_college_draft_y+3_by_round,R11+,1,10,
2023,pipeline_overall_rank,26-100,d_college_draft_y+3_by_college_tier,p4,8,10,
2023,pipeline_overall_rank,26-100,d_college_draft_y+3_by_college_tier,mid,0,10,
2023,pipeline_overall_rank,26-100,d_college_draft_y+3_by_college_tier,low,0,10,
2023,pipeline_overall_rank,26-100,d_college_draft_y+3_by_college_tier,other,0,10,
2023,pipeline_overall_rank,101-200,sample,ranked_hs_prospects,34,34,
2023,pipeline_overall_rank,101-200,a_commitment,p4,25,34,
2023,pipeline_overall_rank,101-200,a_commitment,mid,4,34,
2023,pipeline_overall_rank,101-200,a_commitment,low,0,34,
2023,pipeline_overall_rank,101-200,a_commitment,non-D1,0,34,
2023,pipeline_overall_rank,101-200,a_commitment,uncommitted,0,34,
2023,pipeline_overall_rank,101-200,a_commitment,not stated,5,34,
2023,pipeline_overall_rank,101-200,a_commitment,unmatched,0,34,
2023,pipeline_overall_rank,101-200,b_hs_draft,drafted,14,34,
2023,pipeline_overall_rank,101-200,b_hs_draft,drafted_signed,11,34,
2023,pipeline_overall_rank,101-200,b_hs_draft,drafted_unsigned,3,34,
2023,pipeline_overall_rank,101-200,b_hs_draft,undrafted,20,34,
2023,pipeline_overall_rank,101-200,b_hs_draft_signed_by_round,R1,0,34,
2023,pipeline_overall_rank,101-200,b_hs_draft_unsigned_by_round,R1,0,34,
2023,pipeline_overall_rank,101-200,b_hs_draft_signed_by_round,R2,0,34,
2023,pipeline_overall_rank,101-200,b_hs_draft_unsigned_by_round,R2,0,34,
2023,pipeline_overall_rank,101-200,b_hs_draft_signed_by_round,R3,2,34,
2023,pipeline_overall_rank,101-200,b_hs_draft_unsigned_by_round,R3,0,34,
2023,pipeline_overall_rank,101-200,b_hs_draft_signed_by_round,R4-5,5,34,
2023,pipeline_overall_rank,101-200,b_hs_draft_unsigned_by_round,R4-5,0,34,
2023,pipeline_overall_rank,101-200,b_hs_draft_signed_by_round,R6-10,1,34,
2023,pipeline_overall_rank,101-200,b_hs_draft_unsigned_by_round,R6-10,0,34,
2023,pipeline_overall_rank,101-200,b_hs_draft_signed_by_round,R11+,3,34,
2023,pipeline_overall_rank,101-200,b_hs_draft_unsigned_by_round,R11+,3,34,
2023,pipeline_overall_rank,101-200,c_campus,reached_campus,23,34,unsigned or undrafted; commitment tier from the Pipeline blurb
2023,pipeline_overall_rank,101-200,c_campus_by_commit_tier,p4,18,23,
2023,pipeline_overall_rank,101-200,c_campus_by_commit_tier,mid,2,23,
2023,pipeline_overall_rank,101-200,c_campus_by_commit_tier,low,0,23,
2023,pipeline_overall_rank,101-200,c_campus_by_commit_tier,non-D1,0,23,
2023,pipeline_overall_rank,101-200,c_campus_by_commit_tier,uncommitted,0,23,
2023,pipeline_overall_rank,101-200,c_campus_by_commit_tier,not stated,3,23,
2023,pipeline_overall_rank,101-200,c_campus_by_commit_tier,unmatched,0,23,
2023,pipeline_overall_rank,101-200,d_college_draft_y+2,drafted,1,23,
2023,pipeline_overall_rank,101-200,d_college_draft_y+2,drafted_signed,1,23,
2023,pipeline_overall_rank,101-200,d_college_draft_y+2_by_round,R1,0,23,
2023,pipeline_overall_rank,101-200,d_college_draft_y+2_by_round,R2,0,23,
2023,pipeline_overall_rank,101-200,d_college_draft_y+2_by_round,R3,1,23,
2023,pipeline_overall_rank,101-200,d_college_draft_y+2_by_round,R4-5,0,23,
2023,pipeline_overall_rank,101-200,d_college_draft_y+2_by_round,R6-10,0,23,
2023,pipeline_overall_rank,101-200,d_college_draft_y+2_by_round,R11+,0,23,
2023,pipeline_overall_rank,101-200,d_college_draft_y+2_by_college_tier,p4,0,23,
2023,pipeline_overall_rank,101-200,d_college_draft_y+2_by_college_tier,mid,1,23,
2023,pipeline_overall_rank,101-200,d_college_draft_y+2_by_college_tier,low,0,23,
2023,pipeline_overall_rank,101-200,d_college_draft_y+2_by_college_tier,other,0,23,
2023,pipeline_overall_rank,101-200,d_college_draft_y+3,drafted,15,23,
2023,pipeline_overall_rank,101-200,d_college_draft_y+3,drafted_signed,14,23,
2023,pipeline_overall_rank,101-200,d_college_draft_y+3_by_round,R1,4,23,
2023,pipeline_overall_rank,101-200,d_college_draft_y+3_by_round,R2,1,23,
2023,pipeline_overall_rank,101-200,d_college_draft_y+3_by_round,R3,2,23,
2023,pipeline_overall_rank,101-200,d_college_draft_y+3_by_round,R4-5,4,23,
2023,pipeline_overall_rank,101-200,d_college_draft_y+3_by_round,R6-10,1,23,
2023,pipeline_overall_rank,101-200,d_college_draft_y+3_by_round,R11+,3,23,
2023,pipeline_overall_rank,101-200,d_college_draft_y+3_by_college_tier,p4,14,23,
2023,pipeline_overall_rank,101-200,d_college_draft_y+3_by_college_tier,mid,1,23,
2023,pipeline_overall_rank,101-200,d_college_draft_y+3_by_college_tier,low,0,23,
2023,pipeline_overall_rank,101-200,d_college_draft_y+3_by_college_tier,other,0,23,
2024,pipeline_overall_rank,top25,sample,ranked_hs_prospects,6,6,
2024,pipeline_overall_rank,top25,a_commitment,p4,5,6,
2024,pipeline_overall_rank,top25,a_commitment,mid,0,6,
2024,pipeline_overall_rank,top25,a_commitment,low,0,6,
2024,pipeline_overall_rank,top25,a_commitment,non-D1,0,6,
2024,pipeline_overall_rank,top25,a_commitment,uncommitted,0,6,
2024,pipeline_overall_rank,top25,a_commitment,not stated,1,6,
2024,pipeline_overall_rank,top25,a_commitment,unmatched,0,6,
2024,pipeline_overall_rank,top25,b_hs_draft,drafted,5,6,
2024,pipeline_overall_rank,top25,b_hs_draft,drafted_signed,5,6,
2024,pipeline_overall_rank,top25,b_hs_draft,drafted_unsigned,0,6,
2024,pipeline_overall_rank,top25,b_hs_draft,undrafted,1,6,
2024,pipeline_overall_rank,top25,b_hs_draft_signed_by_round,R1,4,6,
2024,pipeline_overall_rank,top25,b_hs_draft_unsigned_by_round,R1,0,6,
2024,pipeline_overall_rank,top25,b_hs_draft_signed_by_round,R2,1,6,
2024,pipeline_overall_rank,top25,b_hs_draft_unsigned_by_round,R2,0,6,
2024,pipeline_overall_rank,top25,b_hs_draft_signed_by_round,R3,0,6,
2024,pipeline_overall_rank,top25,b_hs_draft_unsigned_by_round,R3,0,6,
2024,pipeline_overall_rank,top25,b_hs_draft_signed_by_round,R4-5,0,6,
2024,pipeline_overall_rank,top25,b_hs_draft_unsigned_by_round,R4-5,0,6,
2024,pipeline_overall_rank,top25,b_hs_draft_signed_by_round,R6-10,0,6,
2024,pipeline_overall_rank,top25,b_hs_draft_unsigned_by_round,R6-10,0,6,
2024,pipeline_overall_rank,top25,b_hs_draft_signed_by_round,R11+,0,6,
2024,pipeline_overall_rank,top25,b_hs_draft_unsigned_by_round,R11+,0,6,
2024,pipeline_overall_rank,top25,c_campus,reached_campus,1,6,unsigned or undrafted; commitment tier from the Pipeline blurb
2024,pipeline_overall_rank,top25,c_campus_by_commit_tier,p4,0,1,
2024,pipeline_overall_rank,top25,c_campus_by_commit_tier,mid,0,1,
2024,pipeline_overall_rank,top25,c_campus_by_commit_tier,low,0,1,
2024,pipeline_overall_rank,top25,c_campus_by_commit_tier,non-D1,0,1,
2024,pipeline_overall_rank,top25,c_campus_by_commit_tier,uncommitted,0,1,
2024,pipeline_overall_rank,top25,c_campus_by_commit_tier,not stated,1,1,
2024,pipeline_overall_rank,top25,c_campus_by_commit_tier,unmatched,0,1,
2024,pipeline_overall_rank,top25,d_college_draft_y+2,drafted,0,1,
2024,pipeline_overall_rank,top25,d_college_draft_y+2,drafted_signed,0,1,
2024,pipeline_overall_rank,top25,d_college_draft_y+2_by_round,R1,0,1,
2024,pipeline_overall_rank,top25,d_college_draft_y+2_by_round,R2,0,1,
2024,pipeline_overall_rank,top25,d_college_draft_y+2_by_round,R3,0,1,
2024,pipeline_overall_rank,top25,d_college_draft_y+2_by_round,R4-5,0,1,
2024,pipeline_overall_rank,top25,d_college_draft_y+2_by_round,R6-10,0,1,
2024,pipeline_overall_rank,top25,d_college_draft_y+2_by_round,R11+,0,1,
2024,pipeline_overall_rank,top25,d_college_draft_y+2_by_college_tier,p4,0,1,
2024,pipeline_overall_rank,top25,d_college_draft_y+2_by_college_tier,mid,0,1,
2024,pipeline_overall_rank,top25,d_college_draft_y+2_by_college_tier,low,0,1,
2024,pipeline_overall_rank,top25,d_college_draft_y+2_by_college_tier,other,0,1,
2024,pipeline_overall_rank,26-100,sample,ranked_hs_prospects,36,36,
2024,pipeline_overall_rank,26-100,a_commitment,p4,28,36,
2024,pipeline_overall_rank,26-100,a_commitment,mid,0,36,
2024,pipeline_overall_rank,26-100,a_commitment,low,0,36,
2024,pipeline_overall_rank,26-100,a_commitment,non-D1,0,36,
2024,pipeline_overall_rank,26-100,a_commitment,uncommitted,0,36,
2024,pipeline_overall_rank,26-100,a_commitment,not stated,8,36,
2024,pipeline_overall_rank,26-100,a_commitment,unmatched,0,36,
2024,pipeline_overall_rank,26-100,b_hs_draft,drafted,28,36,
2024,pipeline_overall_rank,26-100,b_hs_draft,drafted_signed,24,36,
2024,pipeline_overall_rank,26-100,b_hs_draft,drafted_unsigned,4,36,
2024,pipeline_overall_rank,26-100,b_hs_draft,undrafted,8,36,
2024,pipeline_overall_rank,26-100,b_hs_draft_signed_by_round,R1,9,36,
2024,pipeline_overall_rank,26-100,b_hs_draft_unsigned_by_round,R1,0,36,
2024,pipeline_overall_rank,26-100,b_hs_draft_signed_by_round,R2,12,36,
2024,pipeline_overall_rank,26-100,b_hs_draft_unsigned_by_round,R2,2,36,
2024,pipeline_overall_rank,26-100,b_hs_draft_signed_by_round,R3,1,36,
2024,pipeline_overall_rank,26-100,b_hs_draft_unsigned_by_round,R3,0,36,
2024,pipeline_overall_rank,26-100,b_hs_draft_signed_by_round,R4-5,0,36,
2024,pipeline_overall_rank,26-100,b_hs_draft_unsigned_by_round,R4-5,0,36,
2024,pipeline_overall_rank,26-100,b_hs_draft_signed_by_round,R6-10,2,36,
2024,pipeline_overall_rank,26-100,b_hs_draft_unsigned_by_round,R6-10,0,36,
2024,pipeline_overall_rank,26-100,b_hs_draft_signed_by_round,R11+,0,36,
2024,pipeline_overall_rank,26-100,b_hs_draft_unsigned_by_round,R11+,2,36,
2024,pipeline_overall_rank,26-100,c_campus,reached_campus,12,36,unsigned or undrafted; commitment tier from the Pipeline blurb
2024,pipeline_overall_rank,26-100,c_campus_by_commit_tier,p4,7,12,
2024,pipeline_overall_rank,26-100,c_campus_by_commit_tier,mid,0,12,
2024,pipeline_overall_rank,26-100,c_campus_by_commit_tier,low,0,12,
2024,pipeline_overall_rank,26-100,c_campus_by_commit_tier,non-D1,0,12,
2024,pipeline_overall_rank,26-100,c_campus_by_commit_tier,uncommitted,0,12,
2024,pipeline_overall_rank,26-100,c_campus_by_commit_tier,not stated,5,12,
2024,pipeline_overall_rank,26-100,c_campus_by_commit_tier,unmatched,0,12,
2024,pipeline_overall_rank,26-100,d_college_draft_y+2,drafted,5,12,
2024,pipeline_overall_rank,26-100,d_college_draft_y+2,drafted_signed,5,12,
2024,pipeline_overall_rank,26-100,d_college_draft_y+2_by_round,R1,3,12,
2024,pipeline_overall_rank,26-100,d_college_draft_y+2_by_round,R2,0,12,
2024,pipeline_overall_rank,26-100,d_college_draft_y+2_by_round,R3,0,12,
2024,pipeline_overall_rank,26-100,d_college_draft_y+2_by_round,R4-5,0,12,
2024,pipeline_overall_rank,26-100,d_college_draft_y+2_by_round,R6-10,1,12,
2024,pipeline_overall_rank,26-100,d_college_draft_y+2_by_round,R11+,1,12,
2024,pipeline_overall_rank,26-100,d_college_draft_y+2_by_college_tier,p4,4,12,
2024,pipeline_overall_rank,26-100,d_college_draft_y+2_by_college_tier,mid,0,12,
2024,pipeline_overall_rank,26-100,d_college_draft_y+2_by_college_tier,low,0,12,
2024,pipeline_overall_rank,26-100,d_college_draft_y+2_by_college_tier,other,1,12,
2024,pipeline_overall_rank,101-200,sample,ranked_hs_prospects,46,46,
2024,pipeline_overall_rank,101-200,a_commitment,p4,34,46,
2024,pipeline_overall_rank,101-200,a_commitment,mid,1,46,
2024,pipeline_overall_rank,101-200,a_commitment,low,0,46,
2024,pipeline_overall_rank,101-200,a_commitment,non-D1,1,46,
2024,pipeline_overall_rank,101-200,a_commitment,uncommitted,0,46,
2024,pipeline_overall_rank,101-200,a_commitment,not stated,10,46,
2024,pipeline_overall_rank,101-200,a_commitment,unmatched,0,46,
2024,pipeline_overall_rank,101-200,b_hs_draft,drafted,19,46,
2024,pipeline_overall_rank,101-200,b_hs_draft,drafted_signed,11,46,
2024,pipeline_overall_rank,101-200,b_hs_draft,drafted_unsigned,8,46,
2024,pipeline_overall_rank,101-200,b_hs_draft,undrafted,27,46,
2024,pipeline_overall_rank,101-200,b_hs_draft_signed_by_round,R1,0,46,
2024,pipeline_overall_rank,101-200,b_hs_draft_unsigned_by_round,R1,0,46,
2024,pipeline_overall_rank,101-200,b_hs_draft_signed_by_round,R2,1,46,
2024,pipeline_overall_rank,101-200,b_hs_draft_unsigned_by_round,R2,0,46,
2024,pipeline_overall_rank,101-200,b_hs_draft_signed_by_round,R3,2,46,
2024,pipeline_overall_rank,101-200,b_hs_draft_unsigned_by_round,R3,0,46,
2024,pipeline_overall_rank,101-200,b_hs_draft_signed_by_round,R4-5,5,46,
2024,pipeline_overall_rank,101-200,b_hs_draft_unsigned_by_round,R4-5,0,46,
2024,pipeline_overall_rank,101-200,b_hs_draft_signed_by_round,R6-10,2,46,
2024,pipeline_overall_rank,101-200,b_hs_draft_unsigned_by_round,R6-10,0,46,
2024,pipeline_overall_rank,101-200,b_hs_draft_signed_by_round,R11+,1,46,
2024,pipeline_overall_rank,101-200,b_hs_draft_unsigned_by_round,R11+,8,46,
2024,pipeline_overall_rank,101-200,c_campus,reached_campus,35,46,unsigned or undrafted; commitment tier from the Pipeline blurb
2024,pipeline_overall_rank,101-200,c_campus_by_commit_tier,p4,26,35,
2024,pipeline_overall_rank,101-200,c_campus_by_commit_tier,mid,1,35,
2024,pipeline_overall_rank,101-200,c_campus_by_commit_tier,low,0,35,
2024,pipeline_overall_rank,101-200,c_campus_by_commit_tier,non-D1,1,35,
2024,pipeline_overall_rank,101-200,c_campus_by_commit_tier,uncommitted,0,35,
2024,pipeline_overall_rank,101-200,c_campus_by_commit_tier,not stated,7,35,
2024,pipeline_overall_rank,101-200,c_campus_by_commit_tier,unmatched,0,35,
2024,pipeline_overall_rank,101-200,d_college_draft_y+2,drafted,4,35,
2024,pipeline_overall_rank,101-200,d_college_draft_y+2,drafted_signed,4,35,
2024,pipeline_overall_rank,101-200,d_college_draft_y+2_by_round,R1,2,35,
2024,pipeline_overall_rank,101-200,d_college_draft_y+2_by_round,R2,2,35,
2024,pipeline_overall_rank,101-200,d_college_draft_y+2_by_round,R3,0,35,
2024,pipeline_overall_rank,101-200,d_college_draft_y+2_by_round,R4-5,0,35,
2024,pipeline_overall_rank,101-200,d_college_draft_y+2_by_round,R6-10,0,35,
2024,pipeline_overall_rank,101-200,d_college_draft_y+2_by_round,R11+,0,35,
2024,pipeline_overall_rank,101-200,d_college_draft_y+2_by_college_tier,p4,4,35,
2024,pipeline_overall_rank,101-200,d_college_draft_y+2_by_college_tier,mid,0,35,
2024,pipeline_overall_rank,101-200,d_college_draft_y+2_by_college_tier,low,0,35,
2024,pipeline_overall_rank,101-200,d_college_draft_y+2_by_college_tier,other,0,35,
2019-2024,pipeline_overall_rank,top25,sample,ranked_hs_prospects,59,59,
2019-2024,pipeline_overall_rank,top25,a_commitment,p4,53,59,
2019-2024,pipeline_overall_rank,top25,a_commitment,mid,0,59,
2019-2024,pipeline_overall_rank,top25,a_commitment,low,0,59,
2019-2024,pipeline_overall_rank,top25,a_commitment,non-D1,0,59,
2019-2024,pipeline_overall_rank,top25,a_commitment,uncommitted,0,59,
2019-2024,pipeline_overall_rank,top25,a_commitment,not stated,6,59,
2019-2024,pipeline_overall_rank,top25,a_commitment,unmatched,0,59,
2019-2024,pipeline_overall_rank,top25,b_hs_draft,drafted,58,59,
2019-2024,pipeline_overall_rank,top25,b_hs_draft,drafted_signed,57,59,
2019-2024,pipeline_overall_rank,top25,b_hs_draft,drafted_unsigned,1,59,
2019-2024,pipeline_overall_rank,top25,b_hs_draft,undrafted,1,59,
2019-2024,pipeline_overall_rank,top25,b_hs_draft_signed_by_round,R1,49,59,
2019-2024,pipeline_overall_rank,top25,b_hs_draft_unsigned_by_round,R1,0,59,
2019-2024,pipeline_overall_rank,top25,b_hs_draft_signed_by_round,R2,5,59,
2019-2024,pipeline_overall_rank,top25,b_hs_draft_unsigned_by_round,R2,0,59,
2019-2024,pipeline_overall_rank,top25,b_hs_draft_signed_by_round,R3,2,59,
2019-2024,pipeline_overall_rank,top25,b_hs_draft_unsigned_by_round,R3,0,59,
2019-2024,pipeline_overall_rank,top25,b_hs_draft_signed_by_round,R4-5,1,59,
2019-2024,pipeline_overall_rank,top25,b_hs_draft_unsigned_by_round,R4-5,0,59,
2019-2024,pipeline_overall_rank,top25,b_hs_draft_signed_by_round,R6-10,0,59,
2019-2024,pipeline_overall_rank,top25,b_hs_draft_unsigned_by_round,R6-10,0,59,
2019-2024,pipeline_overall_rank,top25,b_hs_draft_signed_by_round,R11+,0,59,
2019-2024,pipeline_overall_rank,top25,b_hs_draft_unsigned_by_round,R11+,1,59,
2019-2024,pipeline_overall_rank,top25,c_campus,reached_campus,2,59,unsigned or undrafted; commitment tier from the Pipeline blurb
2019-2024,pipeline_overall_rank,top25,c_campus_by_commit_tier,p4,1,2,
2019-2024,pipeline_overall_rank,top25,c_campus_by_commit_tier,mid,0,2,
2019-2024,pipeline_overall_rank,top25,c_campus_by_commit_tier,low,0,2,
2019-2024,pipeline_overall_rank,top25,c_campus_by_commit_tier,non-D1,0,2,
2019-2024,pipeline_overall_rank,top25,c_campus_by_commit_tier,uncommitted,0,2,
2019-2024,pipeline_overall_rank,top25,c_campus_by_commit_tier,not stated,1,2,
2019-2024,pipeline_overall_rank,top25,c_campus_by_commit_tier,unmatched,0,2,
2019-2024,pipeline_overall_rank,26-100,sample,ranked_hs_prospects,205,205,
2019-2024,pipeline_overall_rank,26-100,a_commitment,p4,175,205,
2019-2024,pipeline_overall_rank,26-100,a_commitment,mid,8,205,
2019-2024,pipeline_overall_rank,26-100,a_commitment,low,1,205,
2019-2024,pipeline_overall_rank,26-100,a_commitment,non-D1,0,205,
2019-2024,pipeline_overall_rank,26-100,a_commitment,uncommitted,0,205,
2019-2024,pipeline_overall_rank,26-100,a_commitment,not stated,21,205,
2019-2024,pipeline_overall_rank,26-100,a_commitment,unmatched,0,205,
2019-2024,pipeline_overall_rank,26-100,b_hs_draft,drafted,153,205,
2019-2024,pipeline_overall_rank,26-100,b_hs_draft,drafted_signed,131,205,
2019-2024,pipeline_overall_rank,26-100,b_hs_draft,drafted_unsigned,22,205,
2019-2024,pipeline_overall_rank,26-100,b_hs_draft,undrafted,52,205,
2019-2024,pipeline_overall_rank,26-100,b_hs_draft_signed_by_round,R1,43,205,
2019-2024,pipeline_overall_rank,26-100,b_hs_draft_unsigned_by_round,R1,0,205,
2019-2024,pipeline_overall_rank,26-100,b_hs_draft_signed_by_round,R2,53,205,
2019-2024,pipeline_overall_rank,26-100,b_hs_draft_unsigned_by_round,R2,2,205,
2019-2024,pipeline_overall_rank,26-100,b_hs_draft_signed_by_round,R3,19,205,
2019-2024,pipeline_overall_rank,26-100,b_hs_draft_unsigned_by_round,R3,0,205,
2019-2024,pipeline_overall_rank,26-100,b_hs_draft_signed_by_round,R4-5,9,205,
2019-2024,pipeline_overall_rank,26-100,b_hs_draft_unsigned_by_round,R4-5,0,205,
2019-2024,pipeline_overall_rank,26-100,b_hs_draft_signed_by_round,R6-10,5,205,
2019-2024,pipeline_overall_rank,26-100,b_hs_draft_unsigned_by_round,R6-10,0,205,
2019-2024,pipeline_overall_rank,26-100,b_hs_draft_signed_by_round,R11+,2,205,
2019-2024,pipeline_overall_rank,26-100,b_hs_draft_unsigned_by_round,R11+,20,205,
2019-2024,pipeline_overall_rank,26-100,c_campus,reached_campus,74,205,unsigned or undrafted; commitment tier from the Pipeline blurb
2019-2024,pipeline_overall_rank,26-100,c_campus_by_commit_tier,p4,60,74,
2019-2024,pipeline_overall_rank,26-100,c_campus_by_commit_tier,mid,2,74,
2019-2024,pipeline_overall_rank,26-100,c_campus_by_commit_tier,low,0,74,
2019-2024,pipeline_overall_rank,26-100,c_campus_by_commit_tier,non-D1,0,74,
2019-2024,pipeline_overall_rank,26-100,c_campus_by_commit_tier,uncommitted,0,74,
2019-2024,pipeline_overall_rank,26-100,c_campus_by_commit_tier,not stated,12,74,
2019-2024,pipeline_overall_rank,26-100,c_campus_by_commit_tier,unmatched,0,74,
2019-2024,pipeline_overall_rank,101-200,sample,ranked_hs_prospects,238,238,
2019-2024,pipeline_overall_rank,101-200,a_commitment,p4,168,238,
2019-2024,pipeline_overall_rank,101-200,a_commitment,mid,28,238,
2019-2024,pipeline_overall_rank,101-200,a_commitment,low,1,238,
2019-2024,pipeline_overall_rank,101-200,a_commitment,non-D1,5,238,
2019-2024,pipeline_overall_rank,101-200,a_commitment,uncommitted,0,238,
2019-2024,pipeline_overall_rank,101-200,a_commitment,not stated,36,238,
2019-2024,pipeline_overall_rank,101-200,a_commitment,unmatched,0,238,
2019-2024,pipeline_overall_rank,101-200,b_hs_draft,drafted,116,238,
2019-2024,pipeline_overall_rank,101-200,b_hs_draft,drafted_signed,78,238,
2019-2024,pipeline_overall_rank,101-200,b_hs_draft,drafted_unsigned,38,238,
2019-2024,pipeline_overall_rank,101-200,b_hs_draft,undrafted,122,238,
2019-2024,pipeline_overall_rank,101-200,b_hs_draft_signed_by_round,R1,2,238,
2019-2024,pipeline_overall_rank,101-200,b_hs_draft_unsigned_by_round,R1,0,238,
2019-2024,pipeline_overall_rank,101-200,b_hs_draft_signed_by_round,R2,6,238,
2019-2024,pipeline_overall_rank,101-200,b_hs_draft_unsigned_by_round,R2,0,238,
2019-2024,pipeline_overall_rank,101-200,b_hs_draft_signed_by_round,R3,20,238,
2019-2024,pipeline_overall_rank,101-200,b_hs_draft_unsigned_by_round,R3,0,238,
2019-2024,pipeline_overall_rank,101-200,b_hs_draft_signed_by_round,R4-5,27,238,
2019-2024,pipeline_overall_rank,101-200,b_hs_draft_unsigned_by_round,R4-5,1,238,
2019-2024,pipeline_overall_rank,101-200,b_hs_draft_signed_by_round,R6-10,11,238,
2019-2024,pipeline_overall_rank,101-200,b_hs_draft_unsigned_by_round,R6-10,0,238,
2019-2024,pipeline_overall_rank,101-200,b_hs_draft_signed_by_round,R11+,12,238,
2019-2024,pipeline_overall_rank,101-200,b_hs_draft_unsigned_by_round,R11+,37,238,
2019-2024,pipeline_overall_rank,101-200,c_campus,reached_campus,160,238,unsigned or undrafted; commitment tier from the Pipeline blurb
2019-2024,pipeline_overall_rank,101-200,c_campus_by_commit_tier,p4,118,160,
2019-2024,pipeline_overall_rank,101-200,c_campus_by_commit_tier,mid,13,160,
2019-2024,pipeline_overall_rank,101-200,c_campus_by_commit_tier,low,1,160,
2019-2024,pipeline_overall_rank,101-200,c_campus_by_commit_tier,non-D1,2,160,
2019-2024,pipeline_overall_rank,101-200,c_campus_by_commit_tier,uncommitted,0,160,
2019-2024,pipeline_overall_rank,101-200,c_campus_by_commit_tier,not stated,26,160,
2019-2024,pipeline_overall_rank,101-200,c_campus_by_commit_tier,unmatched,0,160,
2019-2022,pipeline_overall_rank,top25,sample,ranked_hs_prospects,44,44,
2019-2022,pipeline_overall_rank,top25,a_commitment,p4,40,44,
2019-2022,pipeline_overall_rank,top25,a_commitment,mid,0,44,
2019-2022,pipeline_overall_rank,top25,a_commitment,low,0,44,
2019-2022,pipeline_overall_rank,top25,a_commitment,non-D1,0,44,
2019-2022,pipeline_overall_rank,top25,a_commitment,uncommitted,0,44,
2019-2022,pipeline_overall_rank,top25,a_commitment,not stated,4,44,
2019-2022,pipeline_overall_rank,top25,a_commitment,unmatched,0,44,
2019-2022,pipeline_overall_rank,top25,b_hs_draft,drafted,44,44,
2019-2022,pipeline_overall_rank,top25,b_hs_draft,drafted_signed,43,44,
2019-2022,pipeline_overall_rank,top25,b_hs_draft,drafted_unsigned,1,44,
2019-2022,pipeline_overall_rank,top25,b_hs_draft,undrafted,0,44,
2019-2022,pipeline_overall_rank,top25,b_hs_draft_signed_by_round,R1,36,44,
2019-2022,pipeline_overall_rank,top25,b_hs_draft_unsigned_by_round,R1,0,44,
2019-2022,pipeline_overall_rank,top25,b_hs_draft_signed_by_round,R2,4,44,
2019-2022,pipeline_overall_rank,top25,b_hs_draft_unsigned_by_round,R2,0,44,
2019-2022,pipeline_overall_rank,top25,b_hs_draft_signed_by_round,R3,2,44,
2019-2022,pipeline_overall_rank,top25,b_hs_draft_unsigned_by_round,R3,0,44,
2019-2022,pipeline_overall_rank,top25,b_hs_draft_signed_by_round,R4-5,1,44,
2019-2022,pipeline_overall_rank,top25,b_hs_draft_unsigned_by_round,R4-5,0,44,
2019-2022,pipeline_overall_rank,top25,b_hs_draft_signed_by_round,R6-10,0,44,
2019-2022,pipeline_overall_rank,top25,b_hs_draft_unsigned_by_round,R6-10,0,44,
2019-2022,pipeline_overall_rank,top25,b_hs_draft_signed_by_round,R11+,0,44,
2019-2022,pipeline_overall_rank,top25,b_hs_draft_unsigned_by_round,R11+,1,44,
2019-2022,pipeline_overall_rank,top25,c_campus,reached_campus,1,44,unsigned or undrafted; commitment tier from the Pipeline blurb
2019-2022,pipeline_overall_rank,top25,c_campus_by_commit_tier,p4,1,1,
2019-2022,pipeline_overall_rank,top25,c_campus_by_commit_tier,mid,0,1,
2019-2022,pipeline_overall_rank,top25,c_campus_by_commit_tier,low,0,1,
2019-2022,pipeline_overall_rank,top25,c_campus_by_commit_tier,non-D1,0,1,
2019-2022,pipeline_overall_rank,top25,c_campus_by_commit_tier,uncommitted,0,1,
2019-2022,pipeline_overall_rank,top25,c_campus_by_commit_tier,not stated,0,1,
2019-2022,pipeline_overall_rank,top25,c_campus_by_commit_tier,unmatched,0,1,
2019-2022,pipeline_overall_rank,top25,d_college_draft_y+2,drafted,0,1,
2019-2022,pipeline_overall_rank,top25,d_college_draft_y+2,drafted_signed,0,1,
2019-2022,pipeline_overall_rank,top25,d_college_draft_y+2_by_round,R1,0,1,
2019-2022,pipeline_overall_rank,top25,d_college_draft_y+2_by_round,R2,0,1,
2019-2022,pipeline_overall_rank,top25,d_college_draft_y+2_by_round,R3,0,1,
2019-2022,pipeline_overall_rank,top25,d_college_draft_y+2_by_round,R4-5,0,1,
2019-2022,pipeline_overall_rank,top25,d_college_draft_y+2_by_round,R6-10,0,1,
2019-2022,pipeline_overall_rank,top25,d_college_draft_y+2_by_round,R11+,0,1,
2019-2022,pipeline_overall_rank,top25,d_college_draft_y+2_by_college_tier,p4,0,1,
2019-2022,pipeline_overall_rank,top25,d_college_draft_y+2_by_college_tier,mid,0,1,
2019-2022,pipeline_overall_rank,top25,d_college_draft_y+2_by_college_tier,low,0,1,
2019-2022,pipeline_overall_rank,top25,d_college_draft_y+2_by_college_tier,other,0,1,
2019-2022,pipeline_overall_rank,top25,d_college_draft_y+3,drafted,1,1,
2019-2022,pipeline_overall_rank,top25,d_college_draft_y+3,drafted_signed,1,1,
2019-2022,pipeline_overall_rank,top25,d_college_draft_y+3_by_round,R1,0,1,
2019-2022,pipeline_overall_rank,top25,d_college_draft_y+3_by_round,R2,0,1,
2019-2022,pipeline_overall_rank,top25,d_college_draft_y+3_by_round,R3,0,1,
2019-2022,pipeline_overall_rank,top25,d_college_draft_y+3_by_round,R4-5,1,1,
2019-2022,pipeline_overall_rank,top25,d_college_draft_y+3_by_round,R6-10,0,1,
2019-2022,pipeline_overall_rank,top25,d_college_draft_y+3_by_round,R11+,0,1,
2019-2022,pipeline_overall_rank,top25,d_college_draft_y+3_by_college_tier,p4,1,1,
2019-2022,pipeline_overall_rank,top25,d_college_draft_y+3_by_college_tier,mid,0,1,
2019-2022,pipeline_overall_rank,top25,d_college_draft_y+3_by_college_tier,low,0,1,
2019-2022,pipeline_overall_rank,top25,d_college_draft_y+3_by_college_tier,other,0,1,
2019-2022,pipeline_overall_rank,top25,d_college_draft_y+4,drafted,0,1,
2019-2022,pipeline_overall_rank,top25,d_college_draft_y+4,drafted_signed,0,1,
2019-2022,pipeline_overall_rank,top25,d_college_draft_y+4_by_round,R1,0,1,
2019-2022,pipeline_overall_rank,top25,d_college_draft_y+4_by_round,R2,0,1,
2019-2022,pipeline_overall_rank,top25,d_college_draft_y+4_by_round,R3,0,1,
2019-2022,pipeline_overall_rank,top25,d_college_draft_y+4_by_round,R4-5,0,1,
2019-2022,pipeline_overall_rank,top25,d_college_draft_y+4_by_round,R6-10,0,1,
2019-2022,pipeline_overall_rank,top25,d_college_draft_y+4_by_round,R11+,0,1,
2019-2022,pipeline_overall_rank,top25,d_college_draft_y+4_by_college_tier,p4,0,1,
2019-2022,pipeline_overall_rank,top25,d_college_draft_y+4_by_college_tier,mid,0,1,
2019-2022,pipeline_overall_rank,top25,d_college_draft_y+4_by_college_tier,low,0,1,
2019-2022,pipeline_overall_rank,top25,d_college_draft_y+4_by_college_tier,other,0,1,
2019-2022,pipeline_overall_rank,top25,d_college_draft_y+3or4,drafted,1,1,
2019-2022,pipeline_overall_rank,top25,d_college_draft_y+3or4,drafted_signed,1,1,
2019-2022,pipeline_overall_rank,top25,d_college_draft_y+2to4,drafted,1,1,
2019-2022,pipeline_overall_rank,top25,d_college_draft_y+2to4_first_by_round,R1,0,1,
2019-2022,pipeline_overall_rank,top25,d_college_draft_y+2to4_first_by_round,R2,0,1,
2019-2022,pipeline_overall_rank,top25,d_college_draft_y+2to4_first_by_round,R3,0,1,
2019-2022,pipeline_overall_rank,top25,d_college_draft_y+2to4_first_by_round,R4-5,1,1,
2019-2022,pipeline_overall_rank,top25,d_college_draft_y+2to4_first_by_round,R6-10,0,1,
2019-2022,pipeline_overall_rank,top25,d_college_draft_y+2to4_first_by_round,R11+,0,1,
2019-2022,pipeline_overall_rank,top25,d_college_draft_y+2to4_by_commit_tier,p4,1,1,
2019-2022,pipeline_overall_rank,top25,d_college_draft_y+2to4_by_commit_tier,mid,0,0,
2019-2022,pipeline_overall_rank,top25,d_college_draft_y+2to4_by_commit_tier,low,0,0,
2019-2022,pipeline_overall_rank,top25,d_college_tier_equals_commit_tier,same_tier,1,1,
2019-2022,pipeline_overall_rank,26-100,sample,ranked_hs_prospects,130,130,
2019-2022,pipeline_overall_rank,26-100,a_commitment,p4,112,130,
2019-2022,pipeline_overall_rank,26-100,a_commitment,mid,5,130,
2019-2022,pipeline_overall_rank,26-100,a_commitment,low,1,130,
2019-2022,pipeline_overall_rank,26-100,a_commitment,non-D1,0,130,
2019-2022,pipeline_overall_rank,26-100,a_commitment,uncommitted,0,130,
2019-2022,pipeline_overall_rank,26-100,a_commitment,not stated,12,130,
2019-2022,pipeline_overall_rank,26-100,a_commitment,unmatched,0,130,
2019-2022,pipeline_overall_rank,26-100,b_hs_draft,drafted,94,130,
2019-2022,pipeline_overall_rank,26-100,b_hs_draft,drafted_signed,78,130,
2019-2022,pipeline_overall_rank,26-100,b_hs_draft,drafted_unsigned,16,130,
2019-2022,pipeline_overall_rank,26-100,b_hs_draft,undrafted,36,130,
2019-2022,pipeline_overall_rank,26-100,b_hs_draft_signed_by_round,R1,22,130,
2019-2022,pipeline_overall_rank,26-100,b_hs_draft_unsigned_by_round,R1,0,130,
2019-2022,pipeline_overall_rank,26-100,b_hs_draft_signed_by_round,R2,35,130,
2019-2022,pipeline_overall_rank,26-100,b_hs_draft_unsigned_by_round,R2,0,130,
2019-2022,pipeline_overall_rank,26-100,b_hs_draft_signed_by_round,R3,12,130,
2019-2022,pipeline_overall_rank,26-100,b_hs_draft_unsigned_by_round,R3,0,130,
2019-2022,pipeline_overall_rank,26-100,b_hs_draft_signed_by_round,R4-5,6,130,
2019-2022,pipeline_overall_rank,26-100,b_hs_draft_unsigned_by_round,R4-5,0,130,
2019-2022,pipeline_overall_rank,26-100,b_hs_draft_signed_by_round,R6-10,1,130,
2019-2022,pipeline_overall_rank,26-100,b_hs_draft_unsigned_by_round,R6-10,0,130,
2019-2022,pipeline_overall_rank,26-100,b_hs_draft_signed_by_round,R11+,2,130,
2019-2022,pipeline_overall_rank,26-100,b_hs_draft_unsigned_by_round,R11+,16,130,
2019-2022,pipeline_overall_rank,26-100,c_campus,reached_campus,52,130,unsigned or undrafted; commitment tier from the Pipeline blurb
2019-2022,pipeline_overall_rank,26-100,c_campus_by_commit_tier,p4,44,52,
2019-2022,pipeline_overall_rank,26-100,c_campus_by_commit_tier,mid,2,52,
2019-2022,pipeline_overall_rank,26-100,c_campus_by_commit_tier,low,0,52,
2019-2022,pipeline_overall_rank,26-100,c_campus_by_commit_tier,non-D1,0,52,
2019-2022,pipeline_overall_rank,26-100,c_campus_by_commit_tier,uncommitted,0,52,
2019-2022,pipeline_overall_rank,26-100,c_campus_by_commit_tier,not stated,6,52,
2019-2022,pipeline_overall_rank,26-100,c_campus_by_commit_tier,unmatched,0,52,
2019-2022,pipeline_overall_rank,26-100,d_college_draft_y+2,drafted,11,52,
2019-2022,pipeline_overall_rank,26-100,d_college_draft_y+2,drafted_signed,10,52,
2019-2022,pipeline_overall_rank,26-100,d_college_draft_y+2_by_round,R1,6,52,
2019-2022,pipeline_overall_rank,26-100,d_college_draft_y+2_by_round,R2,1,52,
2019-2022,pipeline_overall_rank,26-100,d_college_draft_y+2_by_round,R3,1,52,
2019-2022,pipeline_overall_rank,26-100,d_college_draft_y+2_by_round,R4-5,1,52,
2019-2022,pipeline_overall_rank,26-100,d_college_draft_y+2_by_round,R6-10,2,52,
2019-2022,pipeline_overall_rank,26-100,d_college_draft_y+2_by_round,R11+,0,52,
2019-2022,pipeline_overall_rank,26-100,d_college_draft_y+2_by_college_tier,p4,11,52,
2019-2022,pipeline_overall_rank,26-100,d_college_draft_y+2_by_college_tier,mid,0,52,
2019-2022,pipeline_overall_rank,26-100,d_college_draft_y+2_by_college_tier,low,0,52,
2019-2022,pipeline_overall_rank,26-100,d_college_draft_y+2_by_college_tier,other,0,52,
2019-2022,pipeline_overall_rank,26-100,d_college_draft_y+3,drafted,27,52,
2019-2022,pipeline_overall_rank,26-100,d_college_draft_y+3,drafted_signed,26,52,
2019-2022,pipeline_overall_rank,26-100,d_college_draft_y+3_by_round,R1,7,52,
2019-2022,pipeline_overall_rank,26-100,d_college_draft_y+3_by_round,R2,2,52,
2019-2022,pipeline_overall_rank,26-100,d_college_draft_y+3_by_round,R3,3,52,
2019-2022,pipeline_overall_rank,26-100,d_college_draft_y+3_by_round,R4-5,2,52,
2019-2022,pipeline_overall_rank,26-100,d_college_draft_y+3_by_round,R6-10,5,52,
2019-2022,pipeline_overall_rank,26-100,d_college_draft_y+3_by_round,R11+,8,52,
2019-2022,pipeline_overall_rank,26-100,d_college_draft_y+3_by_college_tier,p4,26,52,
2019-2022,pipeline_overall_rank,26-100,d_college_draft_y+3_by_college_tier,mid,1,52,
2019-2022,pipeline_overall_rank,26-100,d_college_draft_y+3_by_college_tier,low,0,52,
2019-2022,pipeline_overall_rank,26-100,d_college_draft_y+3_by_college_tier,other,0,52,
2019-2022,pipeline_overall_rank,26-100,d_college_draft_y+4,drafted,5,52,
2019-2022,pipeline_overall_rank,26-100,d_college_draft_y+4,drafted_signed,4,52,
2019-2022,pipeline_overall_rank,26-100,d_college_draft_y+4_by_round,R1,0,52,
2019-2022,pipeline_overall_rank,26-100,d_college_draft_y+4_by_round,R2,0,52,
2019-2022,pipeline_overall_rank,26-100,d_college_draft_y+4_by_round,R3,0,52,
2019-2022,pipeline_overall_rank,26-100,d_college_draft_y+4_by_round,R4-5,0,52,
2019-2022,pipeline_overall_rank,26-100,d_college_draft_y+4_by_round,R6-10,2,52,
2019-2022,pipeline_overall_rank,26-100,d_college_draft_y+4_by_round,R11+,3,52,
2019-2022,pipeline_overall_rank,26-100,d_college_draft_y+4_by_college_tier,p4,4,52,
2019-2022,pipeline_overall_rank,26-100,d_college_draft_y+4_by_college_tier,mid,0,52,
2019-2022,pipeline_overall_rank,26-100,d_college_draft_y+4_by_college_tier,low,0,52,
2019-2022,pipeline_overall_rank,26-100,d_college_draft_y+4_by_college_tier,other,1,52,
2019-2022,pipeline_overall_rank,26-100,d_college_draft_y+3or4,drafted,30,52,
2019-2022,pipeline_overall_rank,26-100,d_college_draft_y+3or4,drafted_signed,30,52,
2019-2022,pipeline_overall_rank,26-100,d_college_draft_y+2to4,drafted,40,52,
2019-2022,pipeline_overall_rank,26-100,d_college_draft_y+2to4_first_by_round,R1,13,52,
2019-2022,pipeline_overall_rank,26-100,d_college_draft_y+2to4_first_by_round,R2,3,52,
2019-2022,pipeline_overall_rank,26-100,d_college_draft_y+2to4_first_by_round,R3,3,52,
2019-2022,pipeline_overall_rank,26-100,d_college_draft_y+2to4_first_by_round,R4-5,3,52,
2019-2022,pipeline_overall_rank,26-100,d_college_draft_y+2to4_first_by_round,R6-10,9,52,
2019-2022,pipeline_overall_rank,26-100,d_college_draft_y+2to4_first_by_round,R11+,9,52,
2019-2022,pipeline_overall_rank,26-100,d_college_draft_y+2to4_by_commit_tier,p4,33,44,
2019-2022,pipeline_overall_rank,26-100,d_college_draft_y+2to4_by_commit_tier,mid,1,2,
2019-2022,pipeline_overall_rank,26-100,d_college_draft_y+2to4_by_commit_tier,low,0,0,
2019-2022,pipeline_overall_rank,26-100,d_college_tier_equals_commit_tier,same_tier,34,40,
2019-2022,pipeline_overall_rank,101-200,sample,ranked_hs_prospects,158,158,
2019-2022,pipeline_overall_rank,101-200,a_commitment,p4,109,158,
2019-2022,pipeline_overall_rank,101-200,a_commitment,mid,23,158,
2019-2022,pipeline_overall_rank,101-200,a_commitment,low,1,158,
2019-2022,pipeline_overall_rank,101-200,a_commitment,non-D1,4,158,
2019-2022,pipeline_overall_rank,101-200,a_commitment,uncommitted,0,158,
2019-2022,pipeline_overall_rank,101-200,a_commitment,not stated,21,158,
2019-2022,pipeline_overall_rank,101-200,a_commitment,unmatched,0,158,
2019-2022,pipeline_overall_rank,101-200,b_hs_draft,drafted,83,158,
2019-2022,pipeline_overall_rank,101-200,b_hs_draft,drafted_signed,56,158,
2019-2022,pipeline_overall_rank,101-200,b_hs_draft,drafted_unsigned,27,158,
2019-2022,pipeline_overall_rank,101-200,b_hs_draft,undrafted,75,158,
2019-2022,pipeline_overall_rank,101-200,b_hs_draft_signed_by_round,R1,2,158,
2019-2022,pipeline_overall_rank,101-200,b_hs_draft_unsigned_by_round,R1,0,158,
2019-2022,pipeline_overall_rank,101-200,b_hs_draft_signed_by_round,R2,5,158,
2019-2022,pipeline_overall_rank,101-200,b_hs_draft_unsigned_by_round,R2,0,158,
2019-2022,pipeline_overall_rank,101-200,b_hs_draft_signed_by_round,R3,16,158,
2019-2022,pipeline_overall_rank,101-200,b_hs_draft_unsigned_by_round,R3,0,158,
2019-2022,pipeline_overall_rank,101-200,b_hs_draft_signed_by_round,R4-5,17,158,
2019-2022,pipeline_overall_rank,101-200,b_hs_draft_unsigned_by_round,R4-5,1,158,
2019-2022,pipeline_overall_rank,101-200,b_hs_draft_signed_by_round,R6-10,8,158,
2019-2022,pipeline_overall_rank,101-200,b_hs_draft_unsigned_by_round,R6-10,0,158,
2019-2022,pipeline_overall_rank,101-200,b_hs_draft_signed_by_round,R11+,8,158,
2019-2022,pipeline_overall_rank,101-200,b_hs_draft_unsigned_by_round,R11+,26,158,
2019-2022,pipeline_overall_rank,101-200,c_campus,reached_campus,102,158,unsigned or undrafted; commitment tier from the Pipeline blurb
2019-2022,pipeline_overall_rank,101-200,c_campus_by_commit_tier,p4,74,102,
2019-2022,pipeline_overall_rank,101-200,c_campus_by_commit_tier,mid,10,102,
2019-2022,pipeline_overall_rank,101-200,c_campus_by_commit_tier,low,1,102,
2019-2022,pipeline_overall_rank,101-200,c_campus_by_commit_tier,non-D1,1,102,
2019-2022,pipeline_overall_rank,101-200,c_campus_by_commit_tier,uncommitted,0,102,
2019-2022,pipeline_overall_rank,101-200,c_campus_by_commit_tier,not stated,16,102,
2019-2022,pipeline_overall_rank,101-200,c_campus_by_commit_tier,unmatched,0,102,
2019-2022,pipeline_overall_rank,101-200,d_college_draft_y+2,drafted,12,102,
2019-2022,pipeline_overall_rank,101-200,d_college_draft_y+2,drafted_signed,12,102,
2019-2022,pipeline_overall_rank,101-200,d_college_draft_y+2_by_round,R1,2,102,
2019-2022,pipeline_overall_rank,101-200,d_college_draft_y+2_by_round,R2,2,102,
2019-2022,pipeline_overall_rank,101-200,d_college_draft_y+2_by_round,R3,0,102,
2019-2022,pipeline_overall_rank,101-200,d_college_draft_y+2_by_round,R4-5,3,102,
2019-2022,pipeline_overall_rank,101-200,d_college_draft_y+2_by_round,R6-10,3,102,
2019-2022,pipeline_overall_rank,101-200,d_college_draft_y+2_by_round,R11+,2,102,
2019-2022,pipeline_overall_rank,101-200,d_college_draft_y+2_by_college_tier,p4,10,102,
2019-2022,pipeline_overall_rank,101-200,d_college_draft_y+2_by_college_tier,mid,0,102,
2019-2022,pipeline_overall_rank,101-200,d_college_draft_y+2_by_college_tier,low,0,102,
2019-2022,pipeline_overall_rank,101-200,d_college_draft_y+2_by_college_tier,other,2,102,
2019-2022,pipeline_overall_rank,101-200,d_college_draft_y+3,drafted,51,102,
2019-2022,pipeline_overall_rank,101-200,d_college_draft_y+3,drafted_signed,50,102,
2019-2022,pipeline_overall_rank,101-200,d_college_draft_y+3_by_round,R1,8,102,
2019-2022,pipeline_overall_rank,101-200,d_college_draft_y+3_by_round,R2,9,102,
2019-2022,pipeline_overall_rank,101-200,d_college_draft_y+3_by_round,R3,1,102,
2019-2022,pipeline_overall_rank,101-200,d_college_draft_y+3_by_round,R4-5,10,102,
2019-2022,pipeline_overall_rank,101-200,d_college_draft_y+3_by_round,R6-10,11,102,
2019-2022,pipeline_overall_rank,101-200,d_college_draft_y+3_by_round,R11+,12,102,
2019-2022,pipeline_overall_rank,101-200,d_college_draft_y+3_by_college_tier,p4,46,102,
2019-2022,pipeline_overall_rank,101-200,d_college_draft_y+3_by_college_tier,mid,2,102,
2019-2022,pipeline_overall_rank,101-200,d_college_draft_y+3_by_college_tier,low,0,102,
2019-2022,pipeline_overall_rank,101-200,d_college_draft_y+3_by_college_tier,other,3,102,
2019-2022,pipeline_overall_rank,101-200,d_college_draft_y+4,drafted,7,102,
2019-2022,pipeline_overall_rank,101-200,d_college_draft_y+4,drafted_signed,7,102,
2019-2022,pipeline_overall_rank,101-200,d_college_draft_y+4_by_round,R1,0,102,
2019-2022,pipeline_overall_rank,101-200,d_college_draft_y+4_by_round,R2,0,102,
2019-2022,pipeline_overall_rank,101-200,d_college_draft_y+4_by_round,R3,1,102,
2019-2022,pipeline_overall_rank,101-200,d_college_draft_y+4_by_round,R4-5,0,102,
2019-2022,pipeline_overall_rank,101-200,d_college_draft_y+4_by_round,R6-10,3,102,
2019-2022,pipeline_overall_rank,101-200,d_college_draft_y+4_by_round,R11+,3,102,
2019-2022,pipeline_overall_rank,101-200,d_college_draft_y+4_by_college_tier,p4,5,102,
2019-2022,pipeline_overall_rank,101-200,d_college_draft_y+4_by_college_tier,mid,2,102,
2019-2022,pipeline_overall_rank,101-200,d_college_draft_y+4_by_college_tier,low,0,102,
2019-2022,pipeline_overall_rank,101-200,d_college_draft_y+4_by_college_tier,other,0,102,
2019-2022,pipeline_overall_rank,101-200,d_college_draft_y+3or4,drafted,57,102,
2019-2022,pipeline_overall_rank,101-200,d_college_draft_y+3or4,drafted_signed,57,102,
2019-2022,pipeline_overall_rank,101-200,d_college_draft_y+2to4,drafted,69,102,
2019-2022,pipeline_overall_rank,101-200,d_college_draft_y+2to4_first_by_round,R1,10,102,
2019-2022,pipeline_overall_rank,101-200,d_college_draft_y+2to4_first_by_round,R2,11,102,
2019-2022,pipeline_overall_rank,101-200,d_college_draft_y+2to4_first_by_round,R3,2,102,
2019-2022,pipeline_overall_rank,101-200,d_college_draft_y+2to4_first_by_round,R4-5,13,102,
2019-2022,pipeline_overall_rank,101-200,d_college_draft_y+2to4_first_by_round,R6-10,17,102,
2019-2022,pipeline_overall_rank,101-200,d_college_draft_y+2to4_first_by_round,R11+,16,102,
2019-2022,pipeline_overall_rank,101-200,d_college_draft_y+2to4_by_commit_tier,p4,52,74,
2019-2022,pipeline_overall_rank,101-200,d_college_draft_y+2to4_by_commit_tier,mid,6,10,
2019-2022,pipeline_overall_rank,101-200,d_college_draft_y+2to4_by_commit_tier,low,0,1,
2019-2022,pipeline_overall_rank,101-200,d_college_tier_equals_commit_tier,same_tier,48,69,
2019,hs_ordinal_rank,hs1-10,sample,ranked_hs_prospects,10,10,
2019,hs_ordinal_rank,hs1-10,a_commitment,p4,10,10,
2019,hs_ordinal_rank,hs1-10,a_commitment,mid,0,10,
2019,hs_ordinal_rank,hs1-10,a_commitment,low,0,10,
2019,hs_ordinal_rank,hs1-10,a_commitment,non-D1,0,10,
2019,hs_ordinal_rank,hs1-10,a_commitment,uncommitted,0,10,
2019,hs_ordinal_rank,hs1-10,a_commitment,not stated,0,10,
2019,hs_ordinal_rank,hs1-10,a_commitment,unmatched,0,10,
2019,hs_ordinal_rank,hs1-10,b_hs_draft,drafted,10,10,
2019,hs_ordinal_rank,hs1-10,b_hs_draft,drafted_signed,10,10,
2019,hs_ordinal_rank,hs1-10,b_hs_draft,drafted_unsigned,0,10,
2019,hs_ordinal_rank,hs1-10,b_hs_draft,undrafted,0,10,
2019,hs_ordinal_rank,hs1-10,b_hs_draft_signed_by_round,R1,9,10,
2019,hs_ordinal_rank,hs1-10,b_hs_draft_unsigned_by_round,R1,0,10,
2019,hs_ordinal_rank,hs1-10,b_hs_draft_signed_by_round,R2,0,10,
2019,hs_ordinal_rank,hs1-10,b_hs_draft_unsigned_by_round,R2,0,10,
2019,hs_ordinal_rank,hs1-10,b_hs_draft_signed_by_round,R3,1,10,
2019,hs_ordinal_rank,hs1-10,b_hs_draft_unsigned_by_round,R3,0,10,
2019,hs_ordinal_rank,hs1-10,b_hs_draft_signed_by_round,R4-5,0,10,
2019,hs_ordinal_rank,hs1-10,b_hs_draft_unsigned_by_round,R4-5,0,10,
2019,hs_ordinal_rank,hs1-10,b_hs_draft_signed_by_round,R6-10,0,10,
2019,hs_ordinal_rank,hs1-10,b_hs_draft_unsigned_by_round,R6-10,0,10,
2019,hs_ordinal_rank,hs1-10,b_hs_draft_signed_by_round,R11+,0,10,
2019,hs_ordinal_rank,hs1-10,b_hs_draft_unsigned_by_round,R11+,0,10,
2019,hs_ordinal_rank,hs1-10,c_campus,reached_campus,0,10,unsigned or undrafted; commitment tier from the Pipeline blurb
2019,hs_ordinal_rank,hs1-10,c_campus_by_commit_tier,p4,0,0,
2019,hs_ordinal_rank,hs1-10,c_campus_by_commit_tier,mid,0,0,
2019,hs_ordinal_rank,hs1-10,c_campus_by_commit_tier,low,0,0,
2019,hs_ordinal_rank,hs1-10,c_campus_by_commit_tier,non-D1,0,0,
2019,hs_ordinal_rank,hs1-10,c_campus_by_commit_tier,uncommitted,0,0,
2019,hs_ordinal_rank,hs1-10,c_campus_by_commit_tier,not stated,0,0,
2019,hs_ordinal_rank,hs1-10,c_campus_by_commit_tier,unmatched,0,0,
2019,hs_ordinal_rank,hs1-10,d_college_draft_y+2,drafted,0,0,
2019,hs_ordinal_rank,hs1-10,d_college_draft_y+2,drafted_signed,0,0,
2019,hs_ordinal_rank,hs1-10,d_college_draft_y+2_by_round,R1,0,0,
2019,hs_ordinal_rank,hs1-10,d_college_draft_y+2_by_round,R2,0,0,
2019,hs_ordinal_rank,hs1-10,d_college_draft_y+2_by_round,R3,0,0,
2019,hs_ordinal_rank,hs1-10,d_college_draft_y+2_by_round,R4-5,0,0,
2019,hs_ordinal_rank,hs1-10,d_college_draft_y+2_by_round,R6-10,0,0,
2019,hs_ordinal_rank,hs1-10,d_college_draft_y+2_by_round,R11+,0,0,
2019,hs_ordinal_rank,hs1-10,d_college_draft_y+2_by_college_tier,p4,0,0,
2019,hs_ordinal_rank,hs1-10,d_college_draft_y+2_by_college_tier,mid,0,0,
2019,hs_ordinal_rank,hs1-10,d_college_draft_y+2_by_college_tier,low,0,0,
2019,hs_ordinal_rank,hs1-10,d_college_draft_y+2_by_college_tier,other,0,0,
2019,hs_ordinal_rank,hs1-10,d_college_draft_y+3,drafted,0,0,
2019,hs_ordinal_rank,hs1-10,d_college_draft_y+3,drafted_signed,0,0,
2019,hs_ordinal_rank,hs1-10,d_college_draft_y+3_by_round,R1,0,0,
2019,hs_ordinal_rank,hs1-10,d_college_draft_y+3_by_round,R2,0,0,
2019,hs_ordinal_rank,hs1-10,d_college_draft_y+3_by_round,R3,0,0,
2019,hs_ordinal_rank,hs1-10,d_college_draft_y+3_by_round,R4-5,0,0,
2019,hs_ordinal_rank,hs1-10,d_college_draft_y+3_by_round,R6-10,0,0,
2019,hs_ordinal_rank,hs1-10,d_college_draft_y+3_by_round,R11+,0,0,
2019,hs_ordinal_rank,hs1-10,d_college_draft_y+3_by_college_tier,p4,0,0,
2019,hs_ordinal_rank,hs1-10,d_college_draft_y+3_by_college_tier,mid,0,0,
2019,hs_ordinal_rank,hs1-10,d_college_draft_y+3_by_college_tier,low,0,0,
2019,hs_ordinal_rank,hs1-10,d_college_draft_y+3_by_college_tier,other,0,0,
2019,hs_ordinal_rank,hs1-10,d_college_draft_y+4,drafted,0,0,
2019,hs_ordinal_rank,hs1-10,d_college_draft_y+4,drafted_signed,0,0,
2019,hs_ordinal_rank,hs1-10,d_college_draft_y+4_by_round,R1,0,0,
2019,hs_ordinal_rank,hs1-10,d_college_draft_y+4_by_round,R2,0,0,
2019,hs_ordinal_rank,hs1-10,d_college_draft_y+4_by_round,R3,0,0,
2019,hs_ordinal_rank,hs1-10,d_college_draft_y+4_by_round,R4-5,0,0,
2019,hs_ordinal_rank,hs1-10,d_college_draft_y+4_by_round,R6-10,0,0,
2019,hs_ordinal_rank,hs1-10,d_college_draft_y+4_by_round,R11+,0,0,
2019,hs_ordinal_rank,hs1-10,d_college_draft_y+4_by_college_tier,p4,0,0,
2019,hs_ordinal_rank,hs1-10,d_college_draft_y+4_by_college_tier,mid,0,0,
2019,hs_ordinal_rank,hs1-10,d_college_draft_y+4_by_college_tier,low,0,0,
2019,hs_ordinal_rank,hs1-10,d_college_draft_y+4_by_college_tier,other,0,0,
2019,hs_ordinal_rank,hs1-10,d_college_draft_y+3or4,drafted,0,0,
2019,hs_ordinal_rank,hs1-10,d_college_draft_y+3or4,drafted_signed,0,0,
2019,hs_ordinal_rank,hs1-10,d_college_draft_y+2to4,drafted,0,0,
2019,hs_ordinal_rank,hs1-10,d_college_draft_y+2to4_first_by_round,R1,0,0,
2019,hs_ordinal_rank,hs1-10,d_college_draft_y+2to4_first_by_round,R2,0,0,
2019,hs_ordinal_rank,hs1-10,d_college_draft_y+2to4_first_by_round,R3,0,0,
2019,hs_ordinal_rank,hs1-10,d_college_draft_y+2to4_first_by_round,R4-5,0,0,
2019,hs_ordinal_rank,hs1-10,d_college_draft_y+2to4_first_by_round,R6-10,0,0,
2019,hs_ordinal_rank,hs1-10,d_college_draft_y+2to4_first_by_round,R11+,0,0,
2019,hs_ordinal_rank,hs1-10,d_college_draft_y+2to4_by_commit_tier,p4,0,0,
2019,hs_ordinal_rank,hs1-10,d_college_draft_y+2to4_by_commit_tier,mid,0,0,
2019,hs_ordinal_rank,hs1-10,d_college_draft_y+2to4_by_commit_tier,low,0,0,
2019,hs_ordinal_rank,hs1-10,d_college_tier_equals_commit_tier,same_tier,0,0,
2019,hs_ordinal_rank,hs11-25,sample,ranked_hs_prospects,15,15,
2019,hs_ordinal_rank,hs11-25,a_commitment,p4,12,15,
2019,hs_ordinal_rank,hs11-25,a_commitment,mid,2,15,
2019,hs_ordinal_rank,hs11-25,a_commitment,low,0,15,
2019,hs_ordinal_rank,hs11-25,a_commitment,non-D1,0,15,
2019,hs_ordinal_rank,hs11-25,a_commitment,uncommitted,0,15,
2019,hs_ordinal_rank,hs11-25,a_commitment,not stated,1,15,
2019,hs_ordinal_rank,hs11-25,a_commitment,unmatched,0,15,
2019,hs_ordinal_rank,hs11-25,b_hs_draft,drafted,15,15,
2019,hs_ordinal_rank,hs11-25,b_hs_draft,drafted_signed,11,15,
2019,hs_ordinal_rank,hs11-25,b_hs_draft,drafted_unsigned,4,15,
2019,hs_ordinal_rank,hs11-25,b_hs_draft,undrafted,0,15,
2019,hs_ordinal_rank,hs11-25,b_hs_draft_signed_by_round,R1,3,15,
2019,hs_ordinal_rank,hs11-25,b_hs_draft_unsigned_by_round,R1,0,15,
2019,hs_ordinal_rank,hs11-25,b_hs_draft_signed_by_round,R2,7,15,
2019,hs_ordinal_rank,hs11-25,b_hs_draft_unsigned_by_round,R2,0,15,
2019,hs_ordinal_rank,hs11-25,b_hs_draft_signed_by_round,R3,1,15,
2019,hs_ordinal_rank,hs11-25,b_hs_draft_unsigned_by_round,R3,0,15,
2019,hs_ordinal_rank,hs11-25,b_hs_draft_signed_by_round,R4-5,0,15,
2019,hs_ordinal_rank,hs11-25,b_hs_draft_unsigned_by_round,R4-5,0,15,
2019,hs_ordinal_rank,hs11-25,b_hs_draft_signed_by_round,R6-10,0,15,
2019,hs_ordinal_rank,hs11-25,b_hs_draft_unsigned_by_round,R6-10,0,15,
2019,hs_ordinal_rank,hs11-25,b_hs_draft_signed_by_round,R11+,0,15,
2019,hs_ordinal_rank,hs11-25,b_hs_draft_unsigned_by_round,R11+,4,15,
2019,hs_ordinal_rank,hs11-25,c_campus,reached_campus,4,15,unsigned or undrafted; commitment tier from the Pipeline blurb
2019,hs_ordinal_rank,hs11-25,c_campus_by_commit_tier,p4,3,4,
2019,hs_ordinal_rank,hs11-25,c_campus_by_commit_tier,mid,1,4,
2019,hs_ordinal_rank,hs11-25,c_campus_by_commit_tier,low,0,4,
2019,hs_ordinal_rank,hs11-25,c_campus_by_commit_tier,non-D1,0,4,
2019,hs_ordinal_rank,hs11-25,c_campus_by_commit_tier,uncommitted,0,4,
2019,hs_ordinal_rank,hs11-25,c_campus_by_commit_tier,not stated,0,4,
2019,hs_ordinal_rank,hs11-25,c_campus_by_commit_tier,unmatched,0,4,
2019,hs_ordinal_rank,hs11-25,d_college_draft_y+2,drafted,1,4,
2019,hs_ordinal_rank,hs11-25,d_college_draft_y+2,drafted_signed,1,4,
2019,hs_ordinal_rank,hs11-25,d_college_draft_y+2_by_round,R1,1,4,
2019,hs_ordinal_rank,hs11-25,d_college_draft_y+2_by_round,R2,0,4,
2019,hs_ordinal_rank,hs11-25,d_college_draft_y+2_by_round,R3,0,4,
2019,hs_ordinal_rank,hs11-25,d_college_draft_y+2_by_round,R4-5,0,4,
2019,hs_ordinal_rank,hs11-25,d_college_draft_y+2_by_round,R6-10,0,4,
2019,hs_ordinal_rank,hs11-25,d_college_draft_y+2_by_round,R11+,0,4,
2019,hs_ordinal_rank,hs11-25,d_college_draft_y+2_by_college_tier,p4,1,4,
2019,hs_ordinal_rank,hs11-25,d_college_draft_y+2_by_college_tier,mid,0,4,
2019,hs_ordinal_rank,hs11-25,d_college_draft_y+2_by_college_tier,low,0,4,
2019,hs_ordinal_rank,hs11-25,d_college_draft_y+2_by_college_tier,other,0,4,
2019,hs_ordinal_rank,hs11-25,d_college_draft_y+3,drafted,3,4,
2019,hs_ordinal_rank,hs11-25,d_college_draft_y+3,drafted_signed,3,4,
2019,hs_ordinal_rank,hs11-25,d_college_draft_y+3_by_round,R1,1,4,
2019,hs_ordinal_rank,hs11-25,d_college_draft_y+3_by_round,R2,1,4,
2019,hs_ordinal_rank,hs11-25,d_college_draft_y+3_by_round,R3,0,4,
2019,hs_ordinal_rank,hs11-25,d_college_draft_y+3_by_round,R4-5,0,4,
2019,hs_ordinal_rank,hs11-25,d_college_draft_y+3_by_round,R6-10,0,4,
2019,hs_ordinal_rank,hs11-25,d_college_draft_y+3_by_round,R11+,1,4,
2019,hs_ordinal_rank,hs11-25,d_college_draft_y+3_by_college_tier,p4,2,4,
2019,hs_ordinal_rank,hs11-25,d_college_draft_y+3_by_college_tier,mid,1,4,
2019,hs_ordinal_rank,hs11-25,d_college_draft_y+3_by_college_tier,low,0,4,
2019,hs_ordinal_rank,hs11-25,d_college_draft_y+3_by_college_tier,other,0,4,
2019,hs_ordinal_rank,hs11-25,d_college_draft_y+4,drafted,0,4,
2019,hs_ordinal_rank,hs11-25,d_college_draft_y+4,drafted_signed,0,4,
2019,hs_ordinal_rank,hs11-25,d_college_draft_y+4_by_round,R1,0,4,
2019,hs_ordinal_rank,hs11-25,d_college_draft_y+4_by_round,R2,0,4,
2019,hs_ordinal_rank,hs11-25,d_college_draft_y+4_by_round,R3,0,4,
2019,hs_ordinal_rank,hs11-25,d_college_draft_y+4_by_round,R4-5,0,4,
2019,hs_ordinal_rank,hs11-25,d_college_draft_y+4_by_round,R6-10,0,4,
2019,hs_ordinal_rank,hs11-25,d_college_draft_y+4_by_round,R11+,0,4,
2019,hs_ordinal_rank,hs11-25,d_college_draft_y+4_by_college_tier,p4,0,4,
2019,hs_ordinal_rank,hs11-25,d_college_draft_y+4_by_college_tier,mid,0,4,
2019,hs_ordinal_rank,hs11-25,d_college_draft_y+4_by_college_tier,low,0,4,
2019,hs_ordinal_rank,hs11-25,d_college_draft_y+4_by_college_tier,other,0,4,
2019,hs_ordinal_rank,hs11-25,d_college_draft_y+3or4,drafted,3,4,
2019,hs_ordinal_rank,hs11-25,d_college_draft_y+3or4,drafted_signed,3,4,
2019,hs_ordinal_rank,hs11-25,d_college_draft_y+2to4,drafted,4,4,
2019,hs_ordinal_rank,hs11-25,d_college_draft_y+2to4_first_by_round,R1,2,4,
2019,hs_ordinal_rank,hs11-25,d_college_draft_y+2to4_first_by_round,R2,1,4,
2019,hs_ordinal_rank,hs11-25,d_college_draft_y+2to4_first_by_round,R3,0,4,
2019,hs_ordinal_rank,hs11-25,d_college_draft_y+2to4_first_by_round,R4-5,0,4,
2019,hs_ordinal_rank,hs11-25,d_college_draft_y+2to4_first_by_round,R6-10,0,4,
2019,hs_ordinal_rank,hs11-25,d_college_draft_y+2to4_first_by_round,R11+,1,4,
2019,hs_ordinal_rank,hs11-25,d_college_draft_y+2to4_by_commit_tier,p4,3,3,
2019,hs_ordinal_rank,hs11-25,d_college_draft_y+2to4_by_commit_tier,mid,1,1,
2019,hs_ordinal_rank,hs11-25,d_college_draft_y+2to4_by_commit_tier,low,0,0,
2019,hs_ordinal_rank,hs11-25,d_college_tier_equals_commit_tier,same_tier,4,4,
2019,hs_ordinal_rank,hs26-50,sample,ranked_hs_prospects,25,25,
2019,hs_ordinal_rank,hs26-50,a_commitment,p4,21,25,
2019,hs_ordinal_rank,hs26-50,a_commitment,mid,2,25,
2019,hs_ordinal_rank,hs26-50,a_commitment,low,1,25,
2019,hs_ordinal_rank,hs26-50,a_commitment,non-D1,0,25,
2019,hs_ordinal_rank,hs26-50,a_commitment,uncommitted,0,25,
2019,hs_ordinal_rank,hs26-50,a_commitment,not stated,1,25,
2019,hs_ordinal_rank,hs26-50,a_commitment,unmatched,0,25,
2019,hs_ordinal_rank,hs26-50,b_hs_draft,drafted,22,25,
2019,hs_ordinal_rank,hs26-50,b_hs_draft,drafted_signed,13,25,
2019,hs_ordinal_rank,hs26-50,b_hs_draft,drafted_unsigned,9,25,
2019,hs_ordinal_rank,hs26-50,b_hs_draft,undrafted,3,25,
2019,hs_ordinal_rank,hs26-50,b_hs_draft_signed_by_round,R1,1,25,
2019,hs_ordinal_rank,hs26-50,b_hs_draft_unsigned_by_round,R1,0,25,
2019,hs_ordinal_rank,hs26-50,b_hs_draft_signed_by_round,R2,5,25,
2019,hs_ordinal_rank,hs26-50,b_hs_draft_unsigned_by_round,R2,0,25,
2019,hs_ordinal_rank,hs26-50,b_hs_draft_signed_by_round,R3,4,25,
2019,hs_ordinal_rank,hs26-50,b_hs_draft_unsigned_by_round,R3,0,25,
2019,hs_ordinal_rank,hs26-50,b_hs_draft_signed_by_round,R4-5,2,25,
2019,hs_ordinal_rank,hs26-50,b_hs_draft_unsigned_by_round,R4-5,0,25,
2019,hs_ordinal_rank,hs26-50,b_hs_draft_signed_by_round,R6-10,1,25,
2019,hs_ordinal_rank,hs26-50,b_hs_draft_unsigned_by_round,R6-10,0,25,
2019,hs_ordinal_rank,hs26-50,b_hs_draft_signed_by_round,R11+,0,25,
2019,hs_ordinal_rank,hs26-50,b_hs_draft_unsigned_by_round,R11+,9,25,
2019,hs_ordinal_rank,hs26-50,c_campus,reached_campus,12,25,unsigned or undrafted; commitment tier from the Pipeline blurb
2019,hs_ordinal_rank,hs26-50,c_campus_by_commit_tier,p4,10,12,
2019,hs_ordinal_rank,hs26-50,c_campus_by_commit_tier,mid,1,12,
2019,hs_ordinal_rank,hs26-50,c_campus_by_commit_tier,low,0,12,
2019,hs_ordinal_rank,hs26-50,c_campus_by_commit_tier,non-D1,0,12,
2019,hs_ordinal_rank,hs26-50,c_campus_by_commit_tier,uncommitted,0,12,
2019,hs_ordinal_rank,hs26-50,c_campus_by_commit_tier,not stated,1,12,
2019,hs_ordinal_rank,hs26-50,c_campus_by_commit_tier,unmatched,0,12,
2019,hs_ordinal_rank,hs26-50,d_college_draft_y+2,drafted,0,12,
2019,hs_ordinal_rank,hs26-50,d_college_draft_y+2,drafted_signed,0,12,
2019,hs_ordinal_rank,hs26-50,d_college_draft_y+2_by_round,R1,0,12,
2019,hs_ordinal_rank,hs26-50,d_college_draft_y+2_by_round,R2,0,12,
2019,hs_ordinal_rank,hs26-50,d_college_draft_y+2_by_round,R3,0,12,
2019,hs_ordinal_rank,hs26-50,d_college_draft_y+2_by_round,R4-5,0,12,
2019,hs_ordinal_rank,hs26-50,d_college_draft_y+2_by_round,R6-10,0,12,
2019,hs_ordinal_rank,hs26-50,d_college_draft_y+2_by_round,R11+,0,12,
2019,hs_ordinal_rank,hs26-50,d_college_draft_y+2_by_college_tier,p4,0,12,
2019,hs_ordinal_rank,hs26-50,d_college_draft_y+2_by_college_tier,mid,0,12,
2019,hs_ordinal_rank,hs26-50,d_college_draft_y+2_by_college_tier,low,0,12,
2019,hs_ordinal_rank,hs26-50,d_college_draft_y+2_by_college_tier,other,0,12,
2019,hs_ordinal_rank,hs26-50,d_college_draft_y+3,drafted,7,12,
2019,hs_ordinal_rank,hs26-50,d_college_draft_y+3,drafted_signed,7,12,
2019,hs_ordinal_rank,hs26-50,d_college_draft_y+3_by_round,R1,1,12,
2019,hs_ordinal_rank,hs26-50,d_college_draft_y+3_by_round,R2,1,12,
2019,hs_ordinal_rank,hs26-50,d_college_draft_y+3_by_round,R3,0,12,
2019,hs_ordinal_rank,hs26-50,d_college_draft_y+3_by_round,R4-5,1,12,
2019,hs_ordinal_rank,hs26-50,d_college_draft_y+3_by_round,R6-10,3,12,
2019,hs_ordinal_rank,hs26-50,d_college_draft_y+3_by_round,R11+,1,12,
2019,hs_ordinal_rank,hs26-50,d_college_draft_y+3_by_college_tier,p4,7,12,
2019,hs_ordinal_rank,hs26-50,d_college_draft_y+3_by_college_tier,mid,0,12,
2019,hs_ordinal_rank,hs26-50,d_college_draft_y+3_by_college_tier,low,0,12,
2019,hs_ordinal_rank,hs26-50,d_college_draft_y+3_by_college_tier,other,0,12,
2019,hs_ordinal_rank,hs26-50,d_college_draft_y+4,drafted,0,12,
2019,hs_ordinal_rank,hs26-50,d_college_draft_y+4,drafted_signed,0,12,
2019,hs_ordinal_rank,hs26-50,d_college_draft_y+4_by_round,R1,0,12,
2019,hs_ordinal_rank,hs26-50,d_college_draft_y+4_by_round,R2,0,12,
2019,hs_ordinal_rank,hs26-50,d_college_draft_y+4_by_round,R3,0,12,
2019,hs_ordinal_rank,hs26-50,d_college_draft_y+4_by_round,R4-5,0,12,
2019,hs_ordinal_rank,hs26-50,d_college_draft_y+4_by_round,R6-10,0,12,
2019,hs_ordinal_rank,hs26-50,d_college_draft_y+4_by_round,R11+,0,12,
2019,hs_ordinal_rank,hs26-50,d_college_draft_y+4_by_college_tier,p4,0,12,
2019,hs_ordinal_rank,hs26-50,d_college_draft_y+4_by_college_tier,mid,0,12,
2019,hs_ordinal_rank,hs26-50,d_college_draft_y+4_by_college_tier,low,0,12,
2019,hs_ordinal_rank,hs26-50,d_college_draft_y+4_by_college_tier,other,0,12,
2019,hs_ordinal_rank,hs26-50,d_college_draft_y+3or4,drafted,7,12,
2019,hs_ordinal_rank,hs26-50,d_college_draft_y+3or4,drafted_signed,7,12,
2019,hs_ordinal_rank,hs26-50,d_college_draft_y+2to4,drafted,7,12,
2019,hs_ordinal_rank,hs26-50,d_college_draft_y+2to4_first_by_round,R1,1,12,
2019,hs_ordinal_rank,hs26-50,d_college_draft_y+2to4_first_by_round,R2,1,12,
2019,hs_ordinal_rank,hs26-50,d_college_draft_y+2to4_first_by_round,R3,0,12,
2019,hs_ordinal_rank,hs26-50,d_college_draft_y+2to4_first_by_round,R4-5,1,12,
2019,hs_ordinal_rank,hs26-50,d_college_draft_y+2to4_first_by_round,R6-10,3,12,
2019,hs_ordinal_rank,hs26-50,d_college_draft_y+2to4_first_by_round,R11+,1,12,
2019,hs_ordinal_rank,hs26-50,d_college_draft_y+2to4_by_commit_tier,p4,6,10,
2019,hs_ordinal_rank,hs26-50,d_college_draft_y+2to4_by_commit_tier,mid,0,1,
2019,hs_ordinal_rank,hs26-50,d_college_draft_y+2to4_by_commit_tier,low,0,0,
2019,hs_ordinal_rank,hs26-50,d_college_tier_equals_commit_tier,same_tier,6,7,
2019,hs_ordinal_rank,hs51+,sample,ranked_hs_prospects,25,25,
2019,hs_ordinal_rank,hs51+,a_commitment,p4,14,25,
2019,hs_ordinal_rank,hs51+,a_commitment,mid,6,25,
2019,hs_ordinal_rank,hs51+,a_commitment,low,0,25,
2019,hs_ordinal_rank,hs51+,a_commitment,non-D1,3,25,
2019,hs_ordinal_rank,hs51+,a_commitment,uncommitted,0,25,
2019,hs_ordinal_rank,hs51+,a_commitment,not stated,2,25,
2019,hs_ordinal_rank,hs51+,a_commitment,unmatched,0,25,
2019,hs_ordinal_rank,hs51+,b_hs_draft,drafted,24,25,
2019,hs_ordinal_rank,hs51+,b_hs_draft,drafted_signed,14,25,
2019,hs_ordinal_rank,hs51+,b_hs_draft,drafted_unsigned,10,25,
2019,hs_ordinal_rank,hs51+,b_hs_draft,undrafted,1,25,
2019,hs_ordinal_rank,hs51+,b_hs_draft_signed_by_round,R1,0,25,
2019,hs_ordinal_rank,hs51+,b_hs_draft_unsigned_by_round,R1,0,25,
2019,hs_ordinal_rank,hs51+,b_hs_draft_signed_by_round,R2,0,25,
2019,hs_ordinal_rank,hs51+,b_hs_draft_unsigned_by_round,R2,0,25,
2019,hs_ordinal_rank,hs51+,b_hs_draft_signed_by_round,R3,2,25,
2019,hs_ordinal_rank,hs51+,b_hs_draft_unsigned_by_round,R3,0,25,
2019,hs_ordinal_rank,hs51+,b_hs_draft_signed_by_round,R4-5,5,25,
2019,hs_ordinal_rank,hs51+,b_hs_draft_unsigned_by_round,R4-5,0,25,
2019,hs_ordinal_rank,hs51+,b_hs_draft_signed_by_round,R6-10,2,25,
2019,hs_ordinal_rank,hs51+,b_hs_draft_unsigned_by_round,R6-10,0,25,
2019,hs_ordinal_rank,hs51+,b_hs_draft_signed_by_round,R11+,5,25,
2019,hs_ordinal_rank,hs51+,b_hs_draft_unsigned_by_round,R11+,10,25,
2019,hs_ordinal_rank,hs51+,c_campus,reached_campus,11,25,unsigned or undrafted; commitment tier from the Pipeline blurb
2019,hs_ordinal_rank,hs51+,c_campus_by_commit_tier,p4,9,11,
2019,hs_ordinal_rank,hs51+,c_campus_by_commit_tier,mid,1,11,
2019,hs_ordinal_rank,hs51+,c_campus_by_commit_tier,low,0,11,
2019,hs_ordinal_rank,hs51+,c_campus_by_commit_tier,non-D1,0,11,
2019,hs_ordinal_rank,hs51+,c_campus_by_commit_tier,uncommitted,0,11,
2019,hs_ordinal_rank,hs51+,c_campus_by_commit_tier,not stated,1,11,
2019,hs_ordinal_rank,hs51+,c_campus_by_commit_tier,unmatched,0,11,
2019,hs_ordinal_rank,hs51+,d_college_draft_y+2,drafted,0,11,
2019,hs_ordinal_rank,hs51+,d_college_draft_y+2,drafted_signed,0,11,
2019,hs_ordinal_rank,hs51+,d_college_draft_y+2_by_round,R1,0,11,
2019,hs_ordinal_rank,hs51+,d_college_draft_y+2_by_round,R2,0,11,
2019,hs_ordinal_rank,hs51+,d_college_draft_y+2_by_round,R3,0,11,
2019,hs_ordinal_rank,hs51+,d_college_draft_y+2_by_round,R4-5,0,11,
2019,hs_ordinal_rank,hs51+,d_college_draft_y+2_by_round,R6-10,0,11,
2019,hs_ordinal_rank,hs51+,d_college_draft_y+2_by_round,R11+,0,11,
2019,hs_ordinal_rank,hs51+,d_college_draft_y+2_by_college_tier,p4,0,11,
2019,hs_ordinal_rank,hs51+,d_college_draft_y+2_by_college_tier,mid,0,11,
2019,hs_ordinal_rank,hs51+,d_college_draft_y+2_by_college_tier,low,0,11,
2019,hs_ordinal_rank,hs51+,d_college_draft_y+2_by_college_tier,other,0,11,
2019,hs_ordinal_rank,hs51+,d_college_draft_y+3,drafted,4,11,
2019,hs_ordinal_rank,hs51+,d_college_draft_y+3,drafted_signed,4,11,
2019,hs_ordinal_rank,hs51+,d_college_draft_y+3_by_round,R1,0,11,
2019,hs_ordinal_rank,hs51+,d_college_draft_y+3_by_round,R2,0,11,
2019,hs_ordinal_rank,hs51+,d_college_draft_y+3_by_round,R3,0,11,
2019,hs_ordinal_rank,hs51+,d_college_draft_y+3_by_round,R4-5,0,11,
2019,hs_ordinal_rank,hs51+,d_college_draft_y+3_by_round,R6-10,1,11,
2019,hs_ordinal_rank,hs51+,d_college_draft_y+3_by_round,R11+,3,11,
2019,hs_ordinal_rank,hs51+,d_college_draft_y+3_by_college_tier,p4,3,11,
2019,hs_ordinal_rank,hs51+,d_college_draft_y+3_by_college_tier,mid,1,11,
2019,hs_ordinal_rank,hs51+,d_college_draft_y+3_by_college_tier,low,0,11,
2019,hs_ordinal_rank,hs51+,d_college_draft_y+3_by_college_tier,other,0,11,
2019,hs_ordinal_rank,hs51+,d_college_draft_y+4,drafted,1,11,
2019,hs_ordinal_rank,hs51+,d_college_draft_y+4,drafted_signed,1,11,
2019,hs_ordinal_rank,hs51+,d_college_draft_y+4_by_round,R1,0,11,
2019,hs_ordinal_rank,hs51+,d_college_draft_y+4_by_round,R2,0,11,
2019,hs_ordinal_rank,hs51+,d_college_draft_y+4_by_round,R3,1,11,
2019,hs_ordinal_rank,hs51+,d_college_draft_y+4_by_round,R4-5,0,11,
2019,hs_ordinal_rank,hs51+,d_college_draft_y+4_by_round,R6-10,0,11,
2019,hs_ordinal_rank,hs51+,d_college_draft_y+4_by_round,R11+,0,11,
2019,hs_ordinal_rank,hs51+,d_college_draft_y+4_by_college_tier,p4,1,11,
2019,hs_ordinal_rank,hs51+,d_college_draft_y+4_by_college_tier,mid,0,11,
2019,hs_ordinal_rank,hs51+,d_college_draft_y+4_by_college_tier,low,0,11,
2019,hs_ordinal_rank,hs51+,d_college_draft_y+4_by_college_tier,other,0,11,
2019,hs_ordinal_rank,hs51+,d_college_draft_y+3or4,drafted,5,11,
2019,hs_ordinal_rank,hs51+,d_college_draft_y+3or4,drafted_signed,5,11,
2019,hs_ordinal_rank,hs51+,d_college_draft_y+2to4,drafted,5,11,
2019,hs_ordinal_rank,hs51+,d_college_draft_y+2to4_first_by_round,R1,0,11,
2019,hs_ordinal_rank,hs51+,d_college_draft_y+2to4_first_by_round,R2,0,11,
2019,hs_ordinal_rank,hs51+,d_college_draft_y+2to4_first_by_round,R3,1,11,
2019,hs_ordinal_rank,hs51+,d_college_draft_y+2to4_first_by_round,R4-5,0,11,
2019,hs_ordinal_rank,hs51+,d_college_draft_y+2to4_first_by_round,R6-10,1,11,
2019,hs_ordinal_rank,hs51+,d_college_draft_y+2to4_first_by_round,R11+,3,11,
2019,hs_ordinal_rank,hs51+,d_college_draft_y+2to4_by_commit_tier,p4,4,9,
2019,hs_ordinal_rank,hs51+,d_college_draft_y+2to4_by_commit_tier,mid,1,1,
2019,hs_ordinal_rank,hs51+,d_college_draft_y+2to4_by_commit_tier,low,0,0,
2019,hs_ordinal_rank,hs51+,d_college_tier_equals_commit_tier,same_tier,5,5,
2020,hs_ordinal_rank,hs1-10,sample,ranked_hs_prospects,10,10,
2020,hs_ordinal_rank,hs1-10,a_commitment,p4,10,10,
2020,hs_ordinal_rank,hs1-10,a_commitment,mid,0,10,
2020,hs_ordinal_rank,hs1-10,a_commitment,low,0,10,
2020,hs_ordinal_rank,hs1-10,a_commitment,non-D1,0,10,
2020,hs_ordinal_rank,hs1-10,a_commitment,uncommitted,0,10,
2020,hs_ordinal_rank,hs1-10,a_commitment,not stated,0,10,
2020,hs_ordinal_rank,hs1-10,a_commitment,unmatched,0,10,
2020,hs_ordinal_rank,hs1-10,b_hs_draft,drafted,10,10,
2020,hs_ordinal_rank,hs1-10,b_hs_draft,drafted_signed,10,10,
2020,hs_ordinal_rank,hs1-10,b_hs_draft,drafted_unsigned,0,10,
2020,hs_ordinal_rank,hs1-10,b_hs_draft,undrafted,0,10,
2020,hs_ordinal_rank,hs1-10,b_hs_draft_signed_by_round,R1,9,10,
2020,hs_ordinal_rank,hs1-10,b_hs_draft_unsigned_by_round,R1,0,10,
2020,hs_ordinal_rank,hs1-10,b_hs_draft_signed_by_round,R2,1,10,
2020,hs_ordinal_rank,hs1-10,b_hs_draft_unsigned_by_round,R2,0,10,
2020,hs_ordinal_rank,hs1-10,b_hs_draft_signed_by_round,R3,0,10,
2020,hs_ordinal_rank,hs1-10,b_hs_draft_unsigned_by_round,R3,0,10,
2020,hs_ordinal_rank,hs1-10,b_hs_draft_signed_by_round,R4-5,0,10,
2020,hs_ordinal_rank,hs1-10,b_hs_draft_unsigned_by_round,R4-5,0,10,
2020,hs_ordinal_rank,hs1-10,b_hs_draft_signed_by_round,R6-10,0,10,
2020,hs_ordinal_rank,hs1-10,b_hs_draft_unsigned_by_round,R6-10,0,10,
2020,hs_ordinal_rank,hs1-10,b_hs_draft_signed_by_round,R11+,0,10,
2020,hs_ordinal_rank,hs1-10,b_hs_draft_unsigned_by_round,R11+,0,10,
2020,hs_ordinal_rank,hs1-10,c_campus,reached_campus,0,10,unsigned or undrafted; commitment tier from the Pipeline blurb
2020,hs_ordinal_rank,hs1-10,c_campus_by_commit_tier,p4,0,0,
2020,hs_ordinal_rank,hs1-10,c_campus_by_commit_tier,mid,0,0,
2020,hs_ordinal_rank,hs1-10,c_campus_by_commit_tier,low,0,0,
2020,hs_ordinal_rank,hs1-10,c_campus_by_commit_tier,non-D1,0,0,
2020,hs_ordinal_rank,hs1-10,c_campus_by_commit_tier,uncommitted,0,0,
2020,hs_ordinal_rank,hs1-10,c_campus_by_commit_tier,not stated,0,0,
2020,hs_ordinal_rank,hs1-10,c_campus_by_commit_tier,unmatched,0,0,
2020,hs_ordinal_rank,hs1-10,d_college_draft_y+2,drafted,0,0,
2020,hs_ordinal_rank,hs1-10,d_college_draft_y+2,drafted_signed,0,0,
2020,hs_ordinal_rank,hs1-10,d_college_draft_y+2_by_round,R1,0,0,
2020,hs_ordinal_rank,hs1-10,d_college_draft_y+2_by_round,R2,0,0,
2020,hs_ordinal_rank,hs1-10,d_college_draft_y+2_by_round,R3,0,0,
2020,hs_ordinal_rank,hs1-10,d_college_draft_y+2_by_round,R4-5,0,0,
2020,hs_ordinal_rank,hs1-10,d_college_draft_y+2_by_round,R6-10,0,0,
2020,hs_ordinal_rank,hs1-10,d_college_draft_y+2_by_round,R11+,0,0,
2020,hs_ordinal_rank,hs1-10,d_college_draft_y+2_by_college_tier,p4,0,0,
2020,hs_ordinal_rank,hs1-10,d_college_draft_y+2_by_college_tier,mid,0,0,
2020,hs_ordinal_rank,hs1-10,d_college_draft_y+2_by_college_tier,low,0,0,
2020,hs_ordinal_rank,hs1-10,d_college_draft_y+2_by_college_tier,other,0,0,
2020,hs_ordinal_rank,hs1-10,d_college_draft_y+3,drafted,0,0,
2020,hs_ordinal_rank,hs1-10,d_college_draft_y+3,drafted_signed,0,0,
2020,hs_ordinal_rank,hs1-10,d_college_draft_y+3_by_round,R1,0,0,
2020,hs_ordinal_rank,hs1-10,d_college_draft_y+3_by_round,R2,0,0,
2020,hs_ordinal_rank,hs1-10,d_college_draft_y+3_by_round,R3,0,0,
2020,hs_ordinal_rank,hs1-10,d_college_draft_y+3_by_round,R4-5,0,0,
2020,hs_ordinal_rank,hs1-10,d_college_draft_y+3_by_round,R6-10,0,0,
2020,hs_ordinal_rank,hs1-10,d_college_draft_y+3_by_round,R11+,0,0,
2020,hs_ordinal_rank,hs1-10,d_college_draft_y+3_by_college_tier,p4,0,0,
2020,hs_ordinal_rank,hs1-10,d_college_draft_y+3_by_college_tier,mid,0,0,
2020,hs_ordinal_rank,hs1-10,d_college_draft_y+3_by_college_tier,low,0,0,
2020,hs_ordinal_rank,hs1-10,d_college_draft_y+3_by_college_tier,other,0,0,
2020,hs_ordinal_rank,hs1-10,d_college_draft_y+4,drafted,0,0,
2020,hs_ordinal_rank,hs1-10,d_college_draft_y+4,drafted_signed,0,0,
2020,hs_ordinal_rank,hs1-10,d_college_draft_y+4_by_round,R1,0,0,
2020,hs_ordinal_rank,hs1-10,d_college_draft_y+4_by_round,R2,0,0,
2020,hs_ordinal_rank,hs1-10,d_college_draft_y+4_by_round,R3,0,0,
2020,hs_ordinal_rank,hs1-10,d_college_draft_y+4_by_round,R4-5,0,0,
2020,hs_ordinal_rank,hs1-10,d_college_draft_y+4_by_round,R6-10,0,0,
2020,hs_ordinal_rank,hs1-10,d_college_draft_y+4_by_round,R11+,0,0,
2020,hs_ordinal_rank,hs1-10,d_college_draft_y+4_by_college_tier,p4,0,0,
2020,hs_ordinal_rank,hs1-10,d_college_draft_y+4_by_college_tier,mid,0,0,
2020,hs_ordinal_rank,hs1-10,d_college_draft_y+4_by_college_tier,low,0,0,
2020,hs_ordinal_rank,hs1-10,d_college_draft_y+4_by_college_tier,other,0,0,
2020,hs_ordinal_rank,hs1-10,d_college_draft_y+3or4,drafted,0,0,
2020,hs_ordinal_rank,hs1-10,d_college_draft_y+3or4,drafted_signed,0,0,
2020,hs_ordinal_rank,hs1-10,d_college_draft_y+2to4,drafted,0,0,
2020,hs_ordinal_rank,hs1-10,d_college_draft_y+2to4_first_by_round,R1,0,0,
2020,hs_ordinal_rank,hs1-10,d_college_draft_y+2to4_first_by_round,R2,0,0,
2020,hs_ordinal_rank,hs1-10,d_college_draft_y+2to4_first_by_round,R3,0,0,
2020,hs_ordinal_rank,hs1-10,d_college_draft_y+2to4_first_by_round,R4-5,0,0,
2020,hs_ordinal_rank,hs1-10,d_college_draft_y+2to4_first_by_round,R6-10,0,0,
2020,hs_ordinal_rank,hs1-10,d_college_draft_y+2to4_first_by_round,R11+,0,0,
2020,hs_ordinal_rank,hs1-10,d_college_draft_y+2to4_by_commit_tier,p4,0,0,
2020,hs_ordinal_rank,hs1-10,d_college_draft_y+2to4_by_commit_tier,mid,0,0,
2020,hs_ordinal_rank,hs1-10,d_college_draft_y+2to4_by_commit_tier,low,0,0,
2020,hs_ordinal_rank,hs1-10,d_college_tier_equals_commit_tier,same_tier,0,0,
2020,hs_ordinal_rank,hs11-25,sample,ranked_hs_prospects,15,15,
2020,hs_ordinal_rank,hs11-25,a_commitment,p4,14,15,
2020,hs_ordinal_rank,hs11-25,a_commitment,mid,1,15,
2020,hs_ordinal_rank,hs11-25,a_commitment,low,0,15,
2020,hs_ordinal_rank,hs11-25,a_commitment,non-D1,0,15,
2020,hs_ordinal_rank,hs11-25,a_commitment,uncommitted,0,15,
2020,hs_ordinal_rank,hs11-25,a_commitment,not stated,0,15,
2020,hs_ordinal_rank,hs11-25,a_commitment,unmatched,0,15,
2020,hs_ordinal_rank,hs11-25,b_hs_draft,drafted,10,15,
2020,hs_ordinal_rank,hs11-25,b_hs_draft,drafted_signed,10,15,
2020,hs_ordinal_rank,hs11-25,b_hs_draft,drafted_unsigned,0,15,
2020,hs_ordinal_rank,hs11-25,b_hs_draft,undrafted,5,15,
2020,hs_ordinal_rank,hs11-25,b_hs_draft_signed_by_round,R1,3,15,
2020,hs_ordinal_rank,hs11-25,b_hs_draft_unsigned_by_round,R1,0,15,
2020,hs_ordinal_rank,hs11-25,b_hs_draft_signed_by_round,R2,5,15,
2020,hs_ordinal_rank,hs11-25,b_hs_draft_unsigned_by_round,R2,0,15,
2020,hs_ordinal_rank,hs11-25,b_hs_draft_signed_by_round,R3,2,15,
2020,hs_ordinal_rank,hs11-25,b_hs_draft_unsigned_by_round,R3,0,15,
2020,hs_ordinal_rank,hs11-25,b_hs_draft_signed_by_round,R4-5,0,15,
2020,hs_ordinal_rank,hs11-25,b_hs_draft_unsigned_by_round,R4-5,0,15,
2020,hs_ordinal_rank,hs11-25,b_hs_draft_signed_by_round,R6-10,0,15,
2020,hs_ordinal_rank,hs11-25,b_hs_draft_unsigned_by_round,R6-10,0,15,
2020,hs_ordinal_rank,hs11-25,b_hs_draft_signed_by_round,R11+,0,15,
2020,hs_ordinal_rank,hs11-25,b_hs_draft_unsigned_by_round,R11+,0,15,
2020,hs_ordinal_rank,hs11-25,c_campus,reached_campus,5,15,unsigned or undrafted; commitment tier from the Pipeline blurb
2020,hs_ordinal_rank,hs11-25,c_campus_by_commit_tier,p4,5,5,
2020,hs_ordinal_rank,hs11-25,c_campus_by_commit_tier,mid,0,5,
2020,hs_ordinal_rank,hs11-25,c_campus_by_commit_tier,low,0,5,
2020,hs_ordinal_rank,hs11-25,c_campus_by_commit_tier,non-D1,0,5,
2020,hs_ordinal_rank,hs11-25,c_campus_by_commit_tier,uncommitted,0,5,
2020,hs_ordinal_rank,hs11-25,c_campus_by_commit_tier,not stated,0,5,
2020,hs_ordinal_rank,hs11-25,c_campus_by_commit_tier,unmatched,0,5,
2020,hs_ordinal_rank,hs11-25,d_college_draft_y+2,drafted,2,5,
2020,hs_ordinal_rank,hs11-25,d_college_draft_y+2,drafted_signed,2,5,
2020,hs_ordinal_rank,hs11-25,d_college_draft_y+2_by_round,R1,2,5,
2020,hs_ordinal_rank,hs11-25,d_college_draft_y+2_by_round,R2,0,5,
2020,hs_ordinal_rank,hs11-25,d_college_draft_y+2_by_round,R3,0,5,
2020,hs_ordinal_rank,hs11-25,d_college_draft_y+2_by_round,R4-5,0,5,
2020,hs_ordinal_rank,hs11-25,d_college_draft_y+2_by_round,R6-10,0,5,
2020,hs_ordinal_rank,hs11-25,d_college_draft_y+2_by_round,R11+,0,5,
2020,hs_ordinal_rank,hs11-25,d_college_draft_y+2_by_college_tier,p4,2,5,
2020,hs_ordinal_rank,hs11-25,d_college_draft_y+2_by_college_tier,mid,0,5,
2020,hs_ordinal_rank,hs11-25,d_college_draft_y+2_by_college_tier,low,0,5,
2020,hs_ordinal_rank,hs11-25,d_college_draft_y+2_by_college_tier,other,0,5,
2020,hs_ordinal_rank,hs11-25,d_college_draft_y+3,drafted,3,5,
2020,hs_ordinal_rank,hs11-25,d_college_draft_y+3,drafted_signed,2,5,
2020,hs_ordinal_rank,hs11-25,d_college_draft_y+3_by_round,R1,0,5,
2020,hs_ordinal_rank,hs11-25,d_college_draft_y+3_by_round,R2,0,5,
2020,hs_ordinal_rank,hs11-25,d_college_draft_y+3_by_round,R3,0,5,
2020,hs_ordinal_rank,hs11-25,d_college_draft_y+3_by_round,R4-5,0,5,
2020,hs_ordinal_rank,hs11-25,d_college_draft_y+3_by_round,R6-10,1,5,
2020,hs_ordinal_rank,hs11-25,d_college_draft_y+3_by_round,R11+,2,5,
2020,hs_ordinal_rank,hs11-25,d_college_draft_y+3_by_college_tier,p4,3,5,
2020,hs_ordinal_rank,hs11-25,d_college_draft_y+3_by_college_tier,mid,0,5,
2020,hs_ordinal_rank,hs11-25,d_college_draft_y+3_by_college_tier,low,0,5,
2020,hs_ordinal_rank,hs11-25,d_college_draft_y+3_by_college_tier,other,0,5,
2020,hs_ordinal_rank,hs11-25,d_college_draft_y+4,drafted,1,5,
2020,hs_ordinal_rank,hs11-25,d_college_draft_y+4,drafted_signed,1,5,
2020,hs_ordinal_rank,hs11-25,d_college_draft_y+4_by_round,R1,0,5,
2020,hs_ordinal_rank,hs11-25,d_college_draft_y+4_by_round,R2,0,5,
2020,hs_ordinal_rank,hs11-25,d_college_draft_y+4_by_round,R3,0,5,
2020,hs_ordinal_rank,hs11-25,d_college_draft_y+4_by_round,R4-5,0,5,
2020,hs_ordinal_rank,hs11-25,d_college_draft_y+4_by_round,R6-10,0,5,
2020,hs_ordinal_rank,hs11-25,d_college_draft_y+4_by_round,R11+,1,5,
2020,hs_ordinal_rank,hs11-25,d_college_draft_y+4_by_college_tier,p4,1,5,
2020,hs_ordinal_rank,hs11-25,d_college_draft_y+4_by_college_tier,mid,0,5,
2020,hs_ordinal_rank,hs11-25,d_college_draft_y+4_by_college_tier,low,0,5,
2020,hs_ordinal_rank,hs11-25,d_college_draft_y+4_by_college_tier,other,0,5,
2020,hs_ordinal_rank,hs11-25,d_college_draft_y+3or4,drafted,3,5,
2020,hs_ordinal_rank,hs11-25,d_college_draft_y+3or4,drafted_signed,3,5,
2020,hs_ordinal_rank,hs11-25,d_college_draft_y+2to4,drafted,5,5,
2020,hs_ordinal_rank,hs11-25,d_college_draft_y+2to4_first_by_round,R1,2,5,
2020,hs_ordinal_rank,hs11-25,d_college_draft_y+2to4_first_by_round,R2,0,5,
2020,hs_ordinal_rank,hs11-25,d_college_draft_y+2to4_first_by_round,R3,0,5,
2020,hs_ordinal_rank,hs11-25,d_college_draft_y+2to4_first_by_round,R4-5,0,5,
2020,hs_ordinal_rank,hs11-25,d_college_draft_y+2to4_first_by_round,R6-10,1,5,
2020,hs_ordinal_rank,hs11-25,d_college_draft_y+2to4_first_by_round,R11+,2,5,
2020,hs_ordinal_rank,hs11-25,d_college_draft_y+2to4_by_commit_tier,p4,5,5,
2020,hs_ordinal_rank,hs11-25,d_college_draft_y+2to4_by_commit_tier,mid,0,0,
2020,hs_ordinal_rank,hs11-25,d_college_draft_y+2to4_by_commit_tier,low,0,0,
2020,hs_ordinal_rank,hs11-25,d_college_tier_equals_commit_tier,same_tier,5,5,
2020,hs_ordinal_rank,hs26-50,sample,ranked_hs_prospects,25,25,
2020,hs_ordinal_rank,hs26-50,a_commitment,p4,20,25,
2020,hs_ordinal_rank,hs26-50,a_commitment,mid,1,25,
2020,hs_ordinal_rank,hs26-50,a_commitment,low,1,25,
2020,hs_ordinal_rank,hs26-50,a_commitment,non-D1,0,25,
2020,hs_ordinal_rank,hs26-50,a_commitment,uncommitted,0,25,
2020,hs_ordinal_rank,hs26-50,a_commitment,not stated,3,25,
2020,hs_ordinal_rank,hs26-50,a_commitment,unmatched,0,25,
2020,hs_ordinal_rank,hs26-50,b_hs_draft,drafted,12,25,
2020,hs_ordinal_rank,hs26-50,b_hs_draft,drafted_signed,12,25,
2020,hs_ordinal_rank,hs26-50,b_hs_draft,drafted_unsigned,0,25,
2020,hs_ordinal_rank,hs26-50,b_hs_draft,undrafted,13,25,
2020,hs_ordinal_rank,hs26-50,b_hs_draft_signed_by_round,R1,0,25,
2020,hs_ordinal_rank,hs26-50,b_hs_draft_unsigned_by_round,R1,0,25,
2020,hs_ordinal_rank,hs26-50,b_hs_draft_signed_by_round,R2,4,25,
2020,hs_ordinal_rank,hs26-50,b_hs_draft_unsigned_by_round,R2,0,25,
2020,hs_ordinal_rank,hs26-50,b_hs_draft_signed_by_round,R3,4,25,
2020,hs_ordinal_rank,hs26-50,b_hs_draft_unsigned_by_round,R3,0,25,
2020,hs_ordinal_rank,hs26-50,b_hs_draft_signed_by_round,R4-5,4,25,
2020,hs_ordinal_rank,hs26-50,b_hs_draft_unsigned_by_round,R4-5,0,25,
2020,hs_ordinal_rank,hs26-50,b_hs_draft_signed_by_round,R6-10,0,25,
2020,hs_ordinal_rank,hs26-50,b_hs_draft_unsigned_by_round,R6-10,0,25,
2020,hs_ordinal_rank,hs26-50,b_hs_draft_signed_by_round,R11+,0,25,
2020,hs_ordinal_rank,hs26-50,b_hs_draft_unsigned_by_round,R11+,0,25,
2020,hs_ordinal_rank,hs26-50,c_campus,reached_campus,13,25,unsigned or undrafted; commitment tier from the Pipeline blurb
2020,hs_ordinal_rank,hs26-50,c_campus_by_commit_tier,p4,8,13,
2020,hs_ordinal_rank,hs26-50,c_campus_by_commit_tier,mid,1,13,
2020,hs_ordinal_rank,hs26-50,c_campus_by_commit_tier,low,1,13,
2020,hs_ordinal_rank,hs26-50,c_campus_by_commit_tier,non-D1,0,13,
2020,hs_ordinal_rank,hs26-50,c_campus_by_commit_tier,uncommitted,0,13,
2020,hs_ordinal_rank,hs26-50,c_campus_by_commit_tier,not stated,3,13,
2020,hs_ordinal_rank,hs26-50,c_campus_by_commit_tier,unmatched,0,13,
2020,hs_ordinal_rank,hs26-50,d_college_draft_y+2,drafted,4,13,
2020,hs_ordinal_rank,hs26-50,d_college_draft_y+2,drafted_signed,3,13,
2020,hs_ordinal_rank,hs26-50,d_college_draft_y+2_by_round,R1,1,13,
2020,hs_ordinal_rank,hs26-50,d_college_draft_y+2_by_round,R2,1,13,
2020,hs_ordinal_rank,hs26-50,d_college_draft_y+2_by_round,R3,1,13,
2020,hs_ordinal_rank,hs26-50,d_college_draft_y+2_by_round,R4-5,0,13,
2020,hs_ordinal_rank,hs26-50,d_college_draft_y+2_by_round,R6-10,1,13,
2020,hs_ordinal_rank,hs26-50,d_college_draft_y+2_by_round,R11+,0,13,
2020,hs_ordinal_rank,hs26-50,d_college_draft_y+2_by_college_tier,p4,4,13,
2020,hs_ordinal_rank,hs26-50,d_college_draft_y+2_by_college_tier,mid,0,13,
2020,hs_ordinal_rank,hs26-50,d_college_draft_y+2_by_college_tier,low,0,13,
2020,hs_ordinal_rank,hs26-50,d_college_draft_y+2_by_college_tier,other,0,13,
2020,hs_ordinal_rank,hs26-50,d_college_draft_y+3,drafted,6,13,
2020,hs_ordinal_rank,hs26-50,d_college_draft_y+3,drafted_signed,6,13,
2020,hs_ordinal_rank,hs26-50,d_college_draft_y+3_by_round,R1,2,13,
2020,hs_ordinal_rank,hs26-50,d_college_draft_y+3_by_round,R2,0,13,
2020,hs_ordinal_rank,hs26-50,d_college_draft_y+3_by_round,R3,1,13,
2020,hs_ordinal_rank,hs26-50,d_college_draft_y+3_by_round,R4-5,1,13,
2020,hs_ordinal_rank,hs26-50,d_college_draft_y+3_by_round,R6-10,1,13,
2020,hs_ordinal_rank,hs26-50,d_college_draft_y+3_by_round,R11+,1,13,
2020,hs_ordinal_rank,hs26-50,d_college_draft_y+3_by_college_tier,p4,6,13,
2020,hs_ordinal_rank,hs26-50,d_college_draft_y+3_by_college_tier,mid,0,13,
2020,hs_ordinal_rank,hs26-50,d_college_draft_y+3_by_college_tier,low,0,13,
2020,hs_ordinal_rank,hs26-50,d_college_draft_y+3_by_college_tier,other,0,13,
2020,hs_ordinal_rank,hs26-50,d_college_draft_y+4,drafted,2,13,
2020,hs_ordinal_rank,hs26-50,d_college_draft_y+4,drafted_signed,1,13,
2020,hs_ordinal_rank,hs26-50,d_college_draft_y+4_by_round,R1,0,13,
2020,hs_ordinal_rank,hs26-50,d_college_draft_y+4_by_round,R2,0,13,
2020,hs_ordinal_rank,hs26-50,d_college_draft_y+4_by_round,R3,0,13,
2020,hs_ordinal_rank,hs26-50,d_college_draft_y+4_by_round,R4-5,0,13,
2020,hs_ordinal_rank,hs26-50,d_college_draft_y+4_by_round,R6-10,1,13,
2020,hs_ordinal_rank,hs26-50,d_college_draft_y+4_by_round,R11+,1,13,
2020,hs_ordinal_rank,hs26-50,d_college_draft_y+4_by_college_tier,p4,1,13,
2020,hs_ordinal_rank,hs26-50,d_college_draft_y+4_by_college_tier,mid,0,13,
2020,hs_ordinal_rank,hs26-50,d_college_draft_y+4_by_college_tier,low,0,13,
2020,hs_ordinal_rank,hs26-50,d_college_draft_y+4_by_college_tier,other,1,13,
2020,hs_ordinal_rank,hs26-50,d_college_draft_y+3or4,drafted,7,13,
2020,hs_ordinal_rank,hs26-50,d_college_draft_y+3or4,drafted_signed,7,13,
2020,hs_ordinal_rank,hs26-50,d_college_draft_y+2to4,drafted,10,13,
2020,hs_ordinal_rank,hs26-50,d_college_draft_y+2to4_first_by_round,R1,3,13,
2020,hs_ordinal_rank,hs26-50,d_college_draft_y+2to4_first_by_round,R2,1,13,
2020,hs_ordinal_rank,hs26-50,d_college_draft_y+2to4_first_by_round,R3,1,13,
2020,hs_ordinal_rank,hs26-50,d_college_draft_y+2to4_first_by_round,R4-5,1,13,
2020,hs_ordinal_rank,hs26-50,d_college_draft_y+2to4_first_by_round,R6-10,3,13,
2020,hs_ordinal_rank,hs26-50,d_college_draft_y+2to4_first_by_round,R11+,1,13,
2020,hs_ordinal_rank,hs26-50,d_college_draft_y+2to4_by_commit_tier,p4,7,8,
2020,hs_ordinal_rank,hs26-50,d_college_draft_y+2to4_by_commit_tier,mid,0,1,
2020,hs_ordinal_rank,hs26-50,d_college_draft_y+2to4_by_commit_tier,low,0,1,
2020,hs_ordinal_rank,hs26-50,d_college_tier_equals_commit_tier,same_tier,7,10,
2020,hs_ordinal_rank,hs51+,sample,ranked_hs_prospects,31,31,
2020,hs_ordinal_rank,hs51+,a_commitment,p4,25,31,
2020,hs_ordinal_rank,hs51+,a_commitment,mid,4,31,
2020,hs_ordinal_rank,hs51+,a_commitment,low,0,31,
2020,hs_ordinal_rank,hs51+,a_commitment,non-D1,0,31,
2020,hs_ordinal_rank,hs51+,a_commitment,uncommitted,0,31,
2020,hs_ordinal_rank,hs51+,a_commitment,not stated,2,31,
2020,hs_ordinal_rank,hs51+,a_commitment,unmatched,0,31,
2020,hs_ordinal_rank,hs51+,b_hs_draft,drafted,7,31,
2020,hs_ordinal_rank,hs51+,b_hs_draft,drafted_signed,7,31,
2020,hs_ordinal_rank,hs51+,b_hs_draft,drafted_unsigned,0,31,
2020,hs_ordinal_rank,hs51+,b_hs_draft,undrafted,24,31,
2020,hs_ordinal_rank,hs51+,b_hs_draft_signed_by_round,R1,1,31,
2020,hs_ordinal_rank,hs51+,b_hs_draft_unsigned_by_round,R1,0,31,
2020,hs_ordinal_rank,hs51+,b_hs_draft_signed_by_round,R2,1,31,
2020,hs_ordinal_rank,hs51+,b_hs_draft_unsigned_by_round,R2,0,31,
2020,hs_ordinal_rank,hs51+,b_hs_draft_signed_by_round,R3,2,31,
2020,hs_ordinal_rank,hs51+,b_hs_draft_unsigned_by_round,R3,0,31,
2020,hs_ordinal_rank,hs51+,b_hs_draft_signed_by_round,R4-5,3,31,
2020,hs_ordinal_rank,hs51+,b_hs_draft_unsigned_by_round,R4-5,0,31,
2020,hs_ordinal_rank,hs51+,b_hs_draft_signed_by_round,R6-10,0,31,
2020,hs_ordinal_rank,hs51+,b_hs_draft_unsigned_by_round,R6-10,0,31,
2020,hs_ordinal_rank,hs51+,b_hs_draft_signed_by_round,R11+,0,31,
2020,hs_ordinal_rank,hs51+,b_hs_draft_unsigned_by_round,R11+,0,31,
2020,hs_ordinal_rank,hs51+,c_campus,reached_campus,24,31,unsigned or undrafted; commitment tier from the Pipeline blurb
2020,hs_ordinal_rank,hs51+,c_campus_by_commit_tier,p4,20,24,
2020,hs_ordinal_rank,hs51+,c_campus_by_commit_tier,mid,2,24,
2020,hs_ordinal_rank,hs51+,c_campus_by_commit_tier,low,0,24,
2020,hs_ordinal_rank,hs51+,c_campus_by_commit_tier,non-D1,0,24,
2020,hs_ordinal_rank,hs51+,c_campus_by_commit_tier,uncommitted,0,24,
2020,hs_ordinal_rank,hs51+,c_campus_by_commit_tier,not stated,2,24,
2020,hs_ordinal_rank,hs51+,c_campus_by_commit_tier,unmatched,0,24,
2020,hs_ordinal_rank,hs51+,d_college_draft_y+2,drafted,6,24,
2020,hs_ordinal_rank,hs51+,d_college_draft_y+2,drafted_signed,6,24,
2020,hs_ordinal_rank,hs51+,d_college_draft_y+2_by_round,R1,2,24,
2020,hs_ordinal_rank,hs51+,d_college_draft_y+2_by_round,R2,1,24,
2020,hs_ordinal_rank,hs51+,d_college_draft_y+2_by_round,R3,0,24,
2020,hs_ordinal_rank,hs51+,d_college_draft_y+2_by_round,R4-5,0,24,
2020,hs_ordinal_rank,hs51+,d_college_draft_y+2_by_round,R6-10,2,24,
2020,hs_ordinal_rank,hs51+,d_college_draft_y+2_by_round,R11+,1,24,
2020,hs_ordinal_rank,hs51+,d_college_draft_y+2_by_college_tier,p4,5,24,
2020,hs_ordinal_rank,hs51+,d_college_draft_y+2_by_college_tier,mid,0,24,
2020,hs_ordinal_rank,hs51+,d_college_draft_y+2_by_college_tier,low,0,24,
2020,hs_ordinal_rank,hs51+,d_college_draft_y+2_by_college_tier,other,1,24,
2020,hs_ordinal_rank,hs51+,d_college_draft_y+3,drafted,14,24,
2020,hs_ordinal_rank,hs51+,d_college_draft_y+3,drafted_signed,14,24,
2020,hs_ordinal_rank,hs51+,d_college_draft_y+3_by_round,R1,1,24,
2020,hs_ordinal_rank,hs51+,d_college_draft_y+3_by_round,R2,3,24,
2020,hs_ordinal_rank,hs51+,d_college_draft_y+3_by_round,R3,0,24,
2020,hs_ordinal_rank,hs51+,d_college_draft_y+3_by_round,R4-5,3,24,
2020,hs_ordinal_rank,hs51+,d_college_draft_y+3_by_round,R6-10,3,24,
2020,hs_ordinal_rank,hs51+,d_college_draft_y+3_by_round,R11+,4,24,
2020,hs_ordinal_rank,hs51+,d_college_draft_y+3_by_college_tier,p4,14,24,
2020,hs_ordinal_rank,hs51+,d_college_draft_y+3_by_college_tier,mid,0,24,
2020,hs_ordinal_rank,hs51+,d_college_draft_y+3_by_college_tier,low,0,24,
2020,hs_ordinal_rank,hs51+,d_college_draft_y+3_by_college_tier,other,0,24,
2020,hs_ordinal_rank,hs51+,d_college_draft_y+4,drafted,0,24,
2020,hs_ordinal_rank,hs51+,d_college_draft_y+4,drafted_signed,0,24,
2020,hs_ordinal_rank,hs51+,d_college_draft_y+4_by_round,R1,0,24,
2020,hs_ordinal_rank,hs51+,d_college_draft_y+4_by_round,R2,0,24,
2020,hs_ordinal_rank,hs51+,d_college_draft_y+4_by_round,R3,0,24,
2020,hs_ordinal_rank,hs51+,d_college_draft_y+4_by_round,R4-5,0,24,
2020,hs_ordinal_rank,hs51+,d_college_draft_y+4_by_round,R6-10,0,24,
2020,hs_ordinal_rank,hs51+,d_college_draft_y+4_by_round,R11+,0,24,
2020,hs_ordinal_rank,hs51+,d_college_draft_y+4_by_college_tier,p4,0,24,
2020,hs_ordinal_rank,hs51+,d_college_draft_y+4_by_college_tier,mid,0,24,
2020,hs_ordinal_rank,hs51+,d_college_draft_y+4_by_college_tier,low,0,24,
2020,hs_ordinal_rank,hs51+,d_college_draft_y+4_by_college_tier,other,0,24,
2020,hs_ordinal_rank,hs51+,d_college_draft_y+3or4,drafted,14,24,
2020,hs_ordinal_rank,hs51+,d_college_draft_y+3or4,drafted_signed,14,24,
2020,hs_ordinal_rank,hs51+,d_college_draft_y+2to4,drafted,20,24,
2020,hs_ordinal_rank,hs51+,d_college_draft_y+2to4_first_by_round,R1,3,24,
2020,hs_ordinal_rank,hs51+,d_college_draft_y+2to4_first_by_round,R2,4,24,
2020,hs_ordinal_rank,hs51+,d_college_draft_y+2to4_first_by_round,R3,0,24,
2020,hs_ordinal_rank,hs51+,d_college_draft_y+2to4_first_by_round,R4-5,3,24,
2020,hs_ordinal_rank,hs51+,d_college_draft_y+2to4_first_by_round,R6-10,5,24,
2020,hs_ordinal_rank,hs51+,d_college_draft_y+2to4_first_by_round,R11+,5,24,
2020,hs_ordinal_rank,hs51+,d_college_draft_y+2to4_by_commit_tier,p4,17,20,
2020,hs_ordinal_rank,hs51+,d_college_draft_y+2to4_by_commit_tier,mid,1,2,
2020,hs_ordinal_rank,hs51+,d_college_draft_y+2to4_by_commit_tier,low,0,0,
2020,hs_ordinal_rank,hs51+,d_college_tier_equals_commit_tier,same_tier,16,20,
2021,hs_ordinal_rank,hs1-10,sample,ranked_hs_prospects,10,10,
2021,hs_ordinal_rank,hs1-10,a_commitment,p4,9,10,
2021,hs_ordinal_rank,hs1-10,a_commitment,mid,0,10,
2021,hs_ordinal_rank,hs1-10,a_commitment,low,0,10,
2021,hs_ordinal_rank,hs1-10,a_commitment,non-D1,0,10,
2021,hs_ordinal_rank,hs1-10,a_commitment,uncommitted,0,10,
2021,hs_ordinal_rank,hs1-10,a_commitment,not stated,1,10,
2021,hs_ordinal_rank,hs1-10,a_commitment,unmatched,0,10,
2021,hs_ordinal_rank,hs1-10,b_hs_draft,drafted,10,10,
2021,hs_ordinal_rank,hs1-10,b_hs_draft,drafted_signed,9,10,
2021,hs_ordinal_rank,hs1-10,b_hs_draft,drafted_unsigned,1,10,
2021,hs_ordinal_rank,hs1-10,b_hs_draft,undrafted,0,10,
2021,hs_ordinal_rank,hs1-10,b_hs_draft_signed_by_round,R1,8,10,
2021,hs_ordinal_rank,hs1-10,b_hs_draft_unsigned_by_round,R1,0,10,
2021,hs_ordinal_rank,hs1-10,b_hs_draft_signed_by_round,R2,1,10,
2021,hs_ordinal_rank,hs1-10,b_hs_draft_unsigned_by_round,R2,0,10,
2021,hs_ordinal_rank,hs1-10,b_hs_draft_signed_by_round,R3,0,10,
2021,hs_ordinal_rank,hs1-10,b_hs_draft_unsigned_by_round,R3,0,10,
2021,hs_ordinal_rank,hs1-10,b_hs_draft_signed_by_round,R4-5,0,10,
2021,hs_ordinal_rank,hs1-10,b_hs_draft_unsigned_by_round,R4-5,0,10,
2021,hs_ordinal_rank,hs1-10,b_hs_draft_signed_by_round,R6-10,0,10,
2021,hs_ordinal_rank,hs1-10,b_hs_draft_unsigned_by_round,R6-10,0,10,
2021,hs_ordinal_rank,hs1-10,b_hs_draft_signed_by_round,R11+,0,10,
2021,hs_ordinal_rank,hs1-10,b_hs_draft_unsigned_by_round,R11+,1,10,
2021,hs_ordinal_rank,hs1-10,c_campus,reached_campus,1,10,unsigned or undrafted; commitment tier from the Pipeline blurb
2021,hs_ordinal_rank,hs1-10,c_campus_by_commit_tier,p4,1,1,
2021,hs_ordinal_rank,hs1-10,c_campus_by_commit_tier,mid,0,1,
2021,hs_ordinal_rank,hs1-10,c_campus_by_commit_tier,low,0,1,
2021,hs_ordinal_rank,hs1-10,c_campus_by_commit_tier,non-D1,0,1,
2021,hs_ordinal_rank,hs1-10,c_campus_by_commit_tier,uncommitted,0,1,
2021,hs_ordinal_rank,hs1-10,c_campus_by_commit_tier,not stated,0,1,
2021,hs_ordinal_rank,hs1-10,c_campus_by_commit_tier,unmatched,0,1,
2021,hs_ordinal_rank,hs1-10,d_college_draft_y+2,drafted,0,1,
2021,hs_ordinal_rank,hs1-10,d_college_draft_y+2,drafted_signed,0,1,
2021,hs_ordinal_rank,hs1-10,d_college_draft_y+2_by_round,R1,0,1,
2021,hs_ordinal_rank,hs1-10,d_college_draft_y+2_by_round,R2,0,1,
2021,hs_ordinal_rank,hs1-10,d_college_draft_y+2_by_round,R3,0,1,
2021,hs_ordinal_rank,hs1-10,d_college_draft_y+2_by_round,R4-5,0,1,
2021,hs_ordinal_rank,hs1-10,d_college_draft_y+2_by_round,R6-10,0,1,
2021,hs_ordinal_rank,hs1-10,d_college_draft_y+2_by_round,R11+,0,1,
2021,hs_ordinal_rank,hs1-10,d_college_draft_y+2_by_college_tier,p4,0,1,
2021,hs_ordinal_rank,hs1-10,d_college_draft_y+2_by_college_tier,mid,0,1,
2021,hs_ordinal_rank,hs1-10,d_college_draft_y+2_by_college_tier,low,0,1,
2021,hs_ordinal_rank,hs1-10,d_college_draft_y+2_by_college_tier,other,0,1,
2021,hs_ordinal_rank,hs1-10,d_college_draft_y+3,drafted,1,1,
2021,hs_ordinal_rank,hs1-10,d_college_draft_y+3,drafted_signed,1,1,
2021,hs_ordinal_rank,hs1-10,d_college_draft_y+3_by_round,R1,0,1,
2021,hs_ordinal_rank,hs1-10,d_college_draft_y+3_by_round,R2,0,1,
2021,hs_ordinal_rank,hs1-10,d_college_draft_y+3_by_round,R3,0,1,
2021,hs_ordinal_rank,hs1-10,d_college_draft_y+3_by_round,R4-5,1,1,
2021,hs_ordinal_rank,hs1-10,d_college_draft_y+3_by_round,R6-10,0,1,
2021,hs_ordinal_rank,hs1-10,d_college_draft_y+3_by_round,R11+,0,1,
2021,hs_ordinal_rank,hs1-10,d_college_draft_y+3_by_college_tier,p4,1,1,
2021,hs_ordinal_rank,hs1-10,d_college_draft_y+3_by_college_tier,mid,0,1,
2021,hs_ordinal_rank,hs1-10,d_college_draft_y+3_by_college_tier,low,0,1,
2021,hs_ordinal_rank,hs1-10,d_college_draft_y+3_by_college_tier,other,0,1,
2021,hs_ordinal_rank,hs1-10,d_college_draft_y+4,drafted,0,1,
2021,hs_ordinal_rank,hs1-10,d_college_draft_y+4,drafted_signed,0,1,
2021,hs_ordinal_rank,hs1-10,d_college_draft_y+4_by_round,R1,0,1,
2021,hs_ordinal_rank,hs1-10,d_college_draft_y+4_by_round,R2,0,1,
2021,hs_ordinal_rank,hs1-10,d_college_draft_y+4_by_round,R3,0,1,
2021,hs_ordinal_rank,hs1-10,d_college_draft_y+4_by_round,R4-5,0,1,
2021,hs_ordinal_rank,hs1-10,d_college_draft_y+4_by_round,R6-10,0,1,
2021,hs_ordinal_rank,hs1-10,d_college_draft_y+4_by_round,R11+,0,1,
2021,hs_ordinal_rank,hs1-10,d_college_draft_y+4_by_college_tier,p4,0,1,
2021,hs_ordinal_rank,hs1-10,d_college_draft_y+4_by_college_tier,mid,0,1,
2021,hs_ordinal_rank,hs1-10,d_college_draft_y+4_by_college_tier,low,0,1,
2021,hs_ordinal_rank,hs1-10,d_college_draft_y+4_by_college_tier,other,0,1,
2021,hs_ordinal_rank,hs1-10,d_college_draft_y+3or4,drafted,1,1,
2021,hs_ordinal_rank,hs1-10,d_college_draft_y+3or4,drafted_signed,1,1,
2021,hs_ordinal_rank,hs1-10,d_college_draft_y+2to4,drafted,1,1,
2021,hs_ordinal_rank,hs1-10,d_college_draft_y+2to4_first_by_round,R1,0,1,
2021,hs_ordinal_rank,hs1-10,d_college_draft_y+2to4_first_by_round,R2,0,1,
2021,hs_ordinal_rank,hs1-10,d_college_draft_y+2to4_first_by_round,R3,0,1,
2021,hs_ordinal_rank,hs1-10,d_college_draft_y+2to4_first_by_round,R4-5,1,1,
2021,hs_ordinal_rank,hs1-10,d_college_draft_y+2to4_first_by_round,R6-10,0,1,
2021,hs_ordinal_rank,hs1-10,d_college_draft_y+2to4_first_by_round,R11+,0,1,
2021,hs_ordinal_rank,hs1-10,d_college_draft_y+2to4_by_commit_tier,p4,1,1,
2021,hs_ordinal_rank,hs1-10,d_college_draft_y+2to4_by_commit_tier,mid,0,0,
2021,hs_ordinal_rank,hs1-10,d_college_draft_y+2to4_by_commit_tier,low,0,0,
2021,hs_ordinal_rank,hs1-10,d_college_tier_equals_commit_tier,same_tier,1,1,
2021,hs_ordinal_rank,hs11-25,sample,ranked_hs_prospects,15,15,
2021,hs_ordinal_rank,hs11-25,a_commitment,p4,10,15,
2021,hs_ordinal_rank,hs11-25,a_commitment,mid,1,15,
2021,hs_ordinal_rank,hs11-25,a_commitment,low,0,15,
2021,hs_ordinal_rank,hs11-25,a_commitment,non-D1,0,15,
2021,hs_ordinal_rank,hs11-25,a_commitment,uncommitted,0,15,
2021,hs_ordinal_rank,hs11-25,a_commitment,not stated,4,15,
2021,hs_ordinal_rank,hs11-25,a_commitment,unmatched,0,15,
2021,hs_ordinal_rank,hs11-25,b_hs_draft,drafted,14,15,
2021,hs_ordinal_rank,hs11-25,b_hs_draft,drafted_signed,13,15,
2021,hs_ordinal_rank,hs11-25,b_hs_draft,drafted_unsigned,1,15,
2021,hs_ordinal_rank,hs11-25,b_hs_draft,undrafted,1,15,
2021,hs_ordinal_rank,hs11-25,b_hs_draft_signed_by_round,R1,6,15,
2021,hs_ordinal_rank,hs11-25,b_hs_draft_unsigned_by_round,R1,0,15,
2021,hs_ordinal_rank,hs11-25,b_hs_draft_signed_by_round,R2,5,15,
2021,hs_ordinal_rank,hs11-25,b_hs_draft_unsigned_by_round,R2,0,15,
2021,hs_ordinal_rank,hs11-25,b_hs_draft_signed_by_round,R3,2,15,
2021,hs_ordinal_rank,hs11-25,b_hs_draft_unsigned_by_round,R3,0,15,
2021,hs_ordinal_rank,hs11-25,b_hs_draft_signed_by_round,R4-5,0,15,
2021,hs_ordinal_rank,hs11-25,b_hs_draft_unsigned_by_round,R4-5,0,15,
2021,hs_ordinal_rank,hs11-25,b_hs_draft_signed_by_round,R6-10,0,15,
2021,hs_ordinal_rank,hs11-25,b_hs_draft_unsigned_by_round,R6-10,0,15,
2021,hs_ordinal_rank,hs11-25,b_hs_draft_signed_by_round,R11+,0,15,
2021,hs_ordinal_rank,hs11-25,b_hs_draft_unsigned_by_round,R11+,1,15,
2021,hs_ordinal_rank,hs11-25,c_campus,reached_campus,2,15,unsigned or undrafted; commitment tier from the Pipeline blurb
2021,hs_ordinal_rank,hs11-25,c_campus_by_commit_tier,p4,1,2,
2021,hs_ordinal_rank,hs11-25,c_campus_by_commit_tier,mid,0,2,
2021,hs_ordinal_rank,hs11-25,c_campus_by_commit_tier,low,0,2,
2021,hs_ordinal_rank,hs11-25,c_campus_by_commit_tier,non-D1,0,2,
2021,hs_ordinal_rank,hs11-25,c_campus_by_commit_tier,uncommitted,0,2,
2021,hs_ordinal_rank,hs11-25,c_campus_by_commit_tier,not stated,1,2,
2021,hs_ordinal_rank,hs11-25,c_campus_by_commit_tier,unmatched,0,2,
2021,hs_ordinal_rank,hs11-25,d_college_draft_y+2,drafted,0,2,
2021,hs_ordinal_rank,hs11-25,d_college_draft_y+2,drafted_signed,0,2,
2021,hs_ordinal_rank,hs11-25,d_college_draft_y+2_by_round,R1,0,2,
2021,hs_ordinal_rank,hs11-25,d_college_draft_y+2_by_round,R2,0,2,
2021,hs_ordinal_rank,hs11-25,d_college_draft_y+2_by_round,R3,0,2,
2021,hs_ordinal_rank,hs11-25,d_college_draft_y+2_by_round,R4-5,0,2,
2021,hs_ordinal_rank,hs11-25,d_college_draft_y+2_by_round,R6-10,0,2,
2021,hs_ordinal_rank,hs11-25,d_college_draft_y+2_by_round,R11+,0,2,
2021,hs_ordinal_rank,hs11-25,d_college_draft_y+2_by_college_tier,p4,0,2,
2021,hs_ordinal_rank,hs11-25,d_college_draft_y+2_by_college_tier,mid,0,2,
2021,hs_ordinal_rank,hs11-25,d_college_draft_y+2_by_college_tier,low,0,2,
2021,hs_ordinal_rank,hs11-25,d_college_draft_y+2_by_college_tier,other,0,2,
2021,hs_ordinal_rank,hs11-25,d_college_draft_y+3,drafted,2,2,
2021,hs_ordinal_rank,hs11-25,d_college_draft_y+3,drafted_signed,2,2,
2021,hs_ordinal_rank,hs11-25,d_college_draft_y+3_by_round,R1,0,2,
2021,hs_ordinal_rank,hs11-25,d_college_draft_y+3_by_round,R2,1,2,
2021,hs_ordinal_rank,hs11-25,d_college_draft_y+3_by_round,R3,0,2,
2021,hs_ordinal_rank,hs11-25,d_college_draft_y+3_by_round,R4-5,1,2,
2021,hs_ordinal_rank,hs11-25,d_college_draft_y+3_by_round,R6-10,0,2,
2021,hs_ordinal_rank,hs11-25,d_college_draft_y+3_by_round,R11+,0,2,
2021,hs_ordinal_rank,hs11-25,d_college_draft_y+3_by_college_tier,p4,2,2,
2021,hs_ordinal_rank,hs11-25,d_college_draft_y+3_by_college_tier,mid,0,2,
2021,hs_ordinal_rank,hs11-25,d_college_draft_y+3_by_college_tier,low,0,2,
2021,hs_ordinal_rank,hs11-25,d_college_draft_y+3_by_college_tier,other,0,2,
2021,hs_ordinal_rank,hs11-25,d_college_draft_y+4,drafted,0,2,
2021,hs_ordinal_rank,hs11-25,d_college_draft_y+4,drafted_signed,0,2,
2021,hs_ordinal_rank,hs11-25,d_college_draft_y+4_by_round,R1,0,2,
2021,hs_ordinal_rank,hs11-25,d_college_draft_y+4_by_round,R2,0,2,
2021,hs_ordinal_rank,hs11-25,d_college_draft_y+4_by_round,R3,0,2,
2021,hs_ordinal_rank,hs11-25,d_college_draft_y+4_by_round,R4-5,0,2,
2021,hs_ordinal_rank,hs11-25,d_college_draft_y+4_by_round,R6-10,0,2,
2021,hs_ordinal_rank,hs11-25,d_college_draft_y+4_by_round,R11+,0,2,
2021,hs_ordinal_rank,hs11-25,d_college_draft_y+4_by_college_tier,p4,0,2,
2021,hs_ordinal_rank,hs11-25,d_college_draft_y+4_by_college_tier,mid,0,2,
2021,hs_ordinal_rank,hs11-25,d_college_draft_y+4_by_college_tier,low,0,2,
2021,hs_ordinal_rank,hs11-25,d_college_draft_y+4_by_college_tier,other,0,2,
2021,hs_ordinal_rank,hs11-25,d_college_draft_y+3or4,drafted,2,2,
2021,hs_ordinal_rank,hs11-25,d_college_draft_y+3or4,drafted_signed,2,2,
2021,hs_ordinal_rank,hs11-25,d_college_draft_y+2to4,drafted,2,2,
2021,hs_ordinal_rank,hs11-25,d_college_draft_y+2to4_first_by_round,R1,0,2,
2021,hs_ordinal_rank,hs11-25,d_college_draft_y+2to4_first_by_round,R2,1,2,
2021,hs_ordinal_rank,hs11-25,d_college_draft_y+2to4_first_by_round,R3,0,2,
2021,hs_ordinal_rank,hs11-25,d_college_draft_y+2to4_first_by_round,R4-5,1,2,
2021,hs_ordinal_rank,hs11-25,d_college_draft_y+2to4_first_by_round,R6-10,0,2,
2021,hs_ordinal_rank,hs11-25,d_college_draft_y+2to4_first_by_round,R11+,0,2,
2021,hs_ordinal_rank,hs11-25,d_college_draft_y+2to4_by_commit_tier,p4,1,1,
2021,hs_ordinal_rank,hs11-25,d_college_draft_y+2to4_by_commit_tier,mid,0,0,
2021,hs_ordinal_rank,hs11-25,d_college_draft_y+2to4_by_commit_tier,low,0,0,
2021,hs_ordinal_rank,hs11-25,d_college_tier_equals_commit_tier,same_tier,1,2,
2021,hs_ordinal_rank,hs26-50,sample,ranked_hs_prospects,25,25,
2021,hs_ordinal_rank,hs26-50,a_commitment,p4,23,25,
2021,hs_ordinal_rank,hs26-50,a_commitment,mid,0,25,
2021,hs_ordinal_rank,hs26-50,a_commitment,low,0,25,
2021,hs_ordinal_rank,hs26-50,a_commitment,non-D1,0,25,
2021,hs_ordinal_rank,hs26-50,a_commitment,uncommitted,0,25,
2021,hs_ordinal_rank,hs26-50,a_commitment,not stated,2,25,
2021,hs_ordinal_rank,hs26-50,a_commitment,unmatched,0,25,
2021,hs_ordinal_rank,hs26-50,b_hs_draft,drafted,15,25,
2021,hs_ordinal_rank,hs26-50,b_hs_draft,drafted_signed,11,25,
2021,hs_ordinal_rank,hs26-50,b_hs_draft,drafted_unsigned,4,25,
2021,hs_ordinal_rank,hs26-50,b_hs_draft,undrafted,10,25,
2021,hs_ordinal_rank,hs26-50,b_hs_draft_signed_by_round,R1,4,25,
2021,hs_ordinal_rank,hs26-50,b_hs_draft_unsigned_by_round,R1,0,25,
2021,hs_ordinal_rank,hs26-50,b_hs_draft_signed_by_round,R2,4,25,
2021,hs_ordinal_rank,hs26-50,b_hs_draft_unsigned_by_round,R2,0,25,
2021,hs_ordinal_rank,hs26-50,b_hs_draft_signed_by_round,R3,2,25,
2021,hs_ordinal_rank,hs26-50,b_hs_draft_unsigned_by_round,R3,0,25,
2021,hs_ordinal_rank,hs26-50,b_hs_draft_signed_by_round,R4-5,0,25,
2021,hs_ordinal_rank,hs26-50,b_hs_draft_unsigned_by_round,R4-5,0,25,
2021,hs_ordinal_rank,hs26-50,b_hs_draft_signed_by_round,R6-10,0,25,
2021,hs_ordinal_rank,hs26-50,b_hs_draft_unsigned_by_round,R6-10,0,25,
2021,hs_ordinal_rank,hs26-50,b_hs_draft_signed_by_round,R11+,1,25,
2021,hs_ordinal_rank,hs26-50,b_hs_draft_unsigned_by_round,R11+,4,25,
2021,hs_ordinal_rank,hs26-50,c_campus,reached_campus,14,25,unsigned or undrafted; commitment tier from the Pipeline blurb
2021,hs_ordinal_rank,hs26-50,c_campus_by_commit_tier,p4,13,14,
2021,hs_ordinal_rank,hs26-50,c_campus_by_commit_tier,mid,0,14,
2021,hs_ordinal_rank,hs26-50,c_campus_by_commit_tier,low,0,14,
2021,hs_ordinal_rank,hs26-50,c_campus_by_commit_tier,non-D1,0,14,
2021,hs_ordinal_rank,hs26-50,c_campus_by_commit_tier,uncommitted,0,14,
2021,hs_ordinal_rank,hs26-50,c_campus_by_commit_tier,not stated,1,14,
2021,hs_ordinal_rank,hs26-50,c_campus_by_commit_tier,unmatched,0,14,
2021,hs_ordinal_rank,hs26-50,d_college_draft_y+2,drafted,3,14,
2021,hs_ordinal_rank,hs26-50,d_college_draft_y+2,drafted_signed,3,14,
2021,hs_ordinal_rank,hs26-50,d_college_draft_y+2_by_round,R1,0,14,
2021,hs_ordinal_rank,hs26-50,d_college_draft_y+2_by_round,R2,1,14,
2021,hs_ordinal_rank,hs26-50,d_college_draft_y+2_by_round,R3,0,14,
2021,hs_ordinal_rank,hs26-50,d_college_draft_y+2_by_round,R4-5,1,14,
2021,hs_ordinal_rank,hs26-50,d_college_draft_y+2_by_round,R6-10,1,14,
2021,hs_ordinal_rank,hs26-50,d_college_draft_y+2_by_round,R11+,0,14,
2021,hs_ordinal_rank,hs26-50,d_college_draft_y+2_by_college_tier,p4,3,14,
2021,hs_ordinal_rank,hs26-50,d_college_draft_y+2_by_college_tier,mid,0,14,
2021,hs_ordinal_rank,hs26-50,d_college_draft_y+2_by_college_tier,low,0,14,
2021,hs_ordinal_rank,hs26-50,d_college_draft_y+2_by_college_tier,other,0,14,
2021,hs_ordinal_rank,hs26-50,d_college_draft_y+3,drafted,7,14,
2021,hs_ordinal_rank,hs26-50,d_college_draft_y+3,drafted_signed,7,14,
2021,hs_ordinal_rank,hs26-50,d_college_draft_y+3_by_round,R1,3,14,
2021,hs_ordinal_rank,hs26-50,d_college_draft_y+3_by_round,R2,0,14,
2021,hs_ordinal_rank,hs26-50,d_college_draft_y+3_by_round,R3,2,14,
2021,hs_ordinal_rank,hs26-50,d_college_draft_y+3_by_round,R4-5,0,14,
2021,hs_ordinal_rank,hs26-50,d_college_draft_y+3_by_round,R6-10,1,14,
2021,hs_ordinal_rank,hs26-50,d_college_draft_y+3_by_round,R11+,1,14,
2021,hs_ordinal_rank,hs26-50,d_college_draft_y+3_by_college_tier,p4,7,14,
2021,hs_ordinal_rank,hs26-50,d_college_draft_y+3_by_college_tier,mid,0,14,
2021,hs_ordinal_rank,hs26-50,d_college_draft_y+3_by_college_tier,low,0,14,
2021,hs_ordinal_rank,hs26-50,d_college_draft_y+3_by_college_tier,other,0,14,
2021,hs_ordinal_rank,hs26-50,d_college_draft_y+4,drafted,0,14,
2021,hs_ordinal_rank,hs26-50,d_college_draft_y+4,drafted_signed,0,14,
2021,hs_ordinal_rank,hs26-50,d_college_draft_y+4_by_round,R1,0,14,
2021,hs_ordinal_rank,hs26-50,d_college_draft_y+4_by_round,R2,0,14,
2021,hs_ordinal_rank,hs26-50,d_college_draft_y+4_by_round,R3,0,14,
2021,hs_ordinal_rank,hs26-50,d_college_draft_y+4_by_round,R4-5,0,14,
2021,hs_ordinal_rank,hs26-50,d_college_draft_y+4_by_round,R6-10,0,14,
2021,hs_ordinal_rank,hs26-50,d_college_draft_y+4_by_round,R11+,0,14,
2021,hs_ordinal_rank,hs26-50,d_college_draft_y+4_by_college_tier,p4,0,14,
2021,hs_ordinal_rank,hs26-50,d_college_draft_y+4_by_college_tier,mid,0,14,
2021,hs_ordinal_rank,hs26-50,d_college_draft_y+4_by_college_tier,low,0,14,
2021,hs_ordinal_rank,hs26-50,d_college_draft_y+4_by_college_tier,other,0,14,
2021,hs_ordinal_rank,hs26-50,d_college_draft_y+3or4,drafted,7,14,
2021,hs_ordinal_rank,hs26-50,d_college_draft_y+3or4,drafted_signed,7,14,
2021,hs_ordinal_rank,hs26-50,d_college_draft_y+2to4,drafted,10,14,
2021,hs_ordinal_rank,hs26-50,d_college_draft_y+2to4_first_by_round,R1,3,14,
2021,hs_ordinal_rank,hs26-50,d_college_draft_y+2to4_first_by_round,R2,1,14,
2021,hs_ordinal_rank,hs26-50,d_college_draft_y+2to4_first_by_round,R3,2,14,
2021,hs_ordinal_rank,hs26-50,d_college_draft_y+2to4_first_by_round,R4-5,1,14,
2021,hs_ordinal_rank,hs26-50,d_college_draft_y+2to4_first_by_round,R6-10,2,14,
2021,hs_ordinal_rank,hs26-50,d_college_draft_y+2to4_first_by_round,R11+,1,14,
2021,hs_ordinal_rank,hs26-50,d_college_draft_y+2to4_by_commit_tier,p4,9,13,
2021,hs_ordinal_rank,hs26-50,d_college_draft_y+2to4_by_commit_tier,mid,0,0,
2021,hs_ordinal_rank,hs26-50,d_college_draft_y+2to4_by_commit_tier,low,0,0,
2021,hs_ordinal_rank,hs26-50,d_college_tier_equals_commit_tier,same_tier,9,10,
2021,hs_ordinal_rank,hs51+,sample,ranked_hs_prospects,55,55,
2021,hs_ordinal_rank,hs51+,a_commitment,p4,37,55,
2021,hs_ordinal_rank,hs51+,a_commitment,mid,5,55,
2021,hs_ordinal_rank,hs51+,a_commitment,low,0,55,
2021,hs_ordinal_rank,hs51+,a_commitment,non-D1,1,55,
2021,hs_ordinal_rank,hs51+,a_commitment,uncommitted,0,55,
2021,hs_ordinal_rank,hs51+,a_commitment,not stated,12,55,
2021,hs_ordinal_rank,hs51+,a_commitment,unmatched,0,55,
2021,hs_ordinal_rank,hs51+,b_hs_draft,drafted,24,55,
2021,hs_ordinal_rank,hs51+,b_hs_draft,drafted_signed,19,55,
2021,hs_ordinal_rank,hs51+,b_hs_draft,drafted_unsigned,5,55,
2021,hs_ordinal_rank,hs51+,b_hs_draft,undrafted,31,55,
2021,hs_ordinal_rank,hs51+,b_hs_draft_signed_by_round,R1,0,55,
2021,hs_ordinal_rank,hs51+,b_hs_draft_unsigned_by_round,R1,0,55,
2021,hs_ordinal_rank,hs51+,b_hs_draft_signed_by_round,R2,1,55,
2021,hs_ordinal_rank,hs51+,b_hs_draft_unsigned_by_round,R2,0,55,
2021,hs_ordinal_rank,hs51+,b_hs_draft_signed_by_round,R3,8,55,
2021,hs_ordinal_rank,hs51+,b_hs_draft_unsigned_by_round,R3,0,55,
2021,hs_ordinal_rank,hs51+,b_hs_draft_signed_by_round,R4-5,5,55,
2021,hs_ordinal_rank,hs51+,b_hs_draft_unsigned_by_round,R4-5,1,55,
2021,hs_ordinal_rank,hs51+,b_hs_draft_signed_by_round,R6-10,4,55,
2021,hs_ordinal_rank,hs51+,b_hs_draft_unsigned_by_round,R6-10,0,55,
2021,hs_ordinal_rank,hs51+,b_hs_draft_signed_by_round,R11+,1,55,
2021,hs_ordinal_rank,hs51+,b_hs_draft_unsigned_by_round,R11+,4,55,
2021,hs_ordinal_rank,hs51+,c_campus,reached_campus,36,55,unsigned or undrafted; commitment tier from the Pipeline blurb
2021,hs_ordinal_rank,hs51+,c_campus_by_commit_tier,p4,22,36,
2021,hs_ordinal_rank,hs51+,c_campus_by_commit_tier,mid,3,36,
2021,hs_ordinal_rank,hs51+,c_campus_by_commit_tier,low,0,36,
2021,hs_ordinal_rank,hs51+,c_campus_by_commit_tier,non-D1,1,36,
2021,hs_ordinal_rank,hs51+,c_campus_by_commit_tier,uncommitted,0,36,
2021,hs_ordinal_rank,hs51+,c_campus_by_commit_tier,not stated,10,36,
2021,hs_ordinal_rank,hs51+,c_campus_by_commit_tier,unmatched,0,36,
2021,hs_ordinal_rank,hs51+,d_college_draft_y+2,drafted,2,36,
2021,hs_ordinal_rank,hs51+,d_college_draft_y+2,drafted_signed,2,36,
2021,hs_ordinal_rank,hs51+,d_college_draft_y+2_by_round,R1,0,36,
2021,hs_ordinal_rank,hs51+,d_college_draft_y+2_by_round,R2,0,36,
2021,hs_ordinal_rank,hs51+,d_college_draft_y+2_by_round,R3,0,36,
2021,hs_ordinal_rank,hs51+,d_college_draft_y+2_by_round,R4-5,0,36,
2021,hs_ordinal_rank,hs51+,d_college_draft_y+2_by_round,R6-10,1,36,
2021,hs_ordinal_rank,hs51+,d_college_draft_y+2_by_round,R11+,1,36,
2021,hs_ordinal_rank,hs51+,d_college_draft_y+2_by_college_tier,p4,1,36,
2021,hs_ordinal_rank,hs51+,d_college_draft_y+2_by_college_tier,mid,0,36,
2021,hs_ordinal_rank,hs51+,d_college_draft_y+2_by_college_tier,low,0,36,
2021,hs_ordinal_rank,hs51+,d_college_draft_y+2_by_college_tier,other,1,36,
2021,hs_ordinal_rank,hs51+,d_college_draft_y+3,drafted,15,36,
2021,hs_ordinal_rank,hs51+,d_college_draft_y+3,drafted_signed,13,36,
2021,hs_ordinal_rank,hs51+,d_college_draft_y+3_by_round,R1,2,36,
2021,hs_ordinal_rank,hs51+,d_college_draft_y+3_by_round,R2,3,36,
2021,hs_ordinal_rank,hs51+,d_college_draft_y+3_by_round,R3,3,36,
2021,hs_ordinal_rank,hs51+,d_college_draft_y+3_by_round,R4-5,2,36,
2021,hs_ordinal_rank,hs51+,d_college_draft_y+3_by_round,R6-10,4,36,
2021,hs_ordinal_rank,hs51+,d_college_draft_y+3_by_round,R11+,1,36,
2021,hs_ordinal_rank,hs51+,d_college_draft_y+3_by_college_tier,p4,13,36,
2021,hs_ordinal_rank,hs51+,d_college_draft_y+3_by_college_tier,mid,1,36,
2021,hs_ordinal_rank,hs51+,d_college_draft_y+3_by_college_tier,low,0,36,
2021,hs_ordinal_rank,hs51+,d_college_draft_y+3_by_college_tier,other,1,36,
2021,hs_ordinal_rank,hs51+,d_college_draft_y+4,drafted,5,36,
2021,hs_ordinal_rank,hs51+,d_college_draft_y+4,drafted_signed,5,36,
2021,hs_ordinal_rank,hs51+,d_college_draft_y+4_by_round,R1,0,36,
2021,hs_ordinal_rank,hs51+,d_college_draft_y+4_by_round,R2,0,36,
2021,hs_ordinal_rank,hs51+,d_college_draft_y+4_by_round,R3,0,36,
2021,hs_ordinal_rank,hs51+,d_college_draft_y+4_by_round,R4-5,0,36,
2021,hs_ordinal_rank,hs51+,d_college_draft_y+4_by_round,R6-10,3,36,
2021,hs_ordinal_rank,hs51+,d_college_draft_y+4_by_round,R11+,2,36,
2021,hs_ordinal_rank,hs51+,d_college_draft_y+4_by_college_tier,p4,5,36,
2021,hs_ordinal_rank,hs51+,d_college_draft_y+4_by_college_tier,mid,0,36,
2021,hs_ordinal_rank,hs51+,d_college_draft_y+4_by_college_tier,low,0,36,
2021,hs_ordinal_rank,hs51+,d_college_draft_y+4_by_college_tier,other,0,36,
2021,hs_ordinal_rank,hs51+,d_college_draft_y+3or4,drafted,18,36,
2021,hs_ordinal_rank,hs51+,d_college_draft_y+3or4,drafted_signed,18,36,
2021,hs_ordinal_rank,hs51+,d_college_draft_y+2to4,drafted,20,36,
2021,hs_ordinal_rank,hs51+,d_college_draft_y+2to4_first_by_round,R1,2,36,
2021,hs_ordinal_rank,hs51+,d_college_draft_y+2to4_first_by_round,R2,3,36,
2021,hs_ordinal_rank,hs51+,d_college_draft_y+2to4_first_by_round,R3,3,36,
2021,hs_ordinal_rank,hs51+,d_college_draft_y+2to4_first_by_round,R4-5,2,36,
2021,hs_ordinal_rank,hs51+,d_college_draft_y+2to4_first_by_round,R6-10,7,36,
2021,hs_ordinal_rank,hs51+,d_college_draft_y+2to4_first_by_round,R11+,3,36,
2021,hs_ordinal_rank,hs51+,d_college_draft_y+2to4_by_commit_tier,p4,13,22,
2021,hs_ordinal_rank,hs51+,d_college_draft_y+2to4_by_commit_tier,mid,1,3,
2021,hs_ordinal_rank,hs51+,d_college_draft_y+2to4_by_commit_tier,low,0,0,
2021,hs_ordinal_rank,hs51+,d_college_tier_equals_commit_tier,same_tier,12,20,
2022,hs_ordinal_rank,hs1-10,sample,ranked_hs_prospects,10,10,
2022,hs_ordinal_rank,hs1-10,a_commitment,p4,8,10,
2022,hs_ordinal_rank,hs1-10,a_commitment,mid,0,10,
2022,hs_ordinal_rank,hs1-10,a_commitment,low,0,10,
2022,hs_ordinal_rank,hs1-10,a_commitment,non-D1,0,10,
2022,hs_ordinal_rank,hs1-10,a_commitment,uncommitted,0,10,
2022,hs_ordinal_rank,hs1-10,a_commitment,not stated,2,10,
2022,hs_ordinal_rank,hs1-10,a_commitment,unmatched,0,10,
2022,hs_ordinal_rank,hs1-10,b_hs_draft,drafted,10,10,
2022,hs_ordinal_rank,hs1-10,b_hs_draft,drafted_signed,10,10,
2022,hs_ordinal_rank,hs1-10,b_hs_draft,drafted_unsigned,0,10,
2022,hs_ordinal_rank,hs1-10,b_hs_draft,undrafted,0,10,
2022,hs_ordinal_rank,hs1-10,b_hs_draft_signed_by_round,R1,8,10,
2022,hs_ordinal_rank,hs1-10,b_hs_draft_unsigned_by_round,R1,0,10,
2022,hs_ordinal_rank,hs1-10,b_hs_draft_signed_by_round,R2,1,10,
2022,hs_ordinal_rank,hs1-10,b_hs_draft_unsigned_by_round,R2,0,10,
2022,hs_ordinal_rank,hs1-10,b_hs_draft_signed_by_round,R3,0,10,
2022,hs_ordinal_rank,hs1-10,b_hs_draft_unsigned_by_round,R3,0,10,
2022,hs_ordinal_rank,hs1-10,b_hs_draft_signed_by_round,R4-5,1,10,
2022,hs_ordinal_rank,hs1-10,b_hs_draft_unsigned_by_round,R4-5,0,10,
2022,hs_ordinal_rank,hs1-10,b_hs_draft_signed_by_round,R6-10,0,10,
2022,hs_ordinal_rank,hs1-10,b_hs_draft_unsigned_by_round,R6-10,0,10,
2022,hs_ordinal_rank,hs1-10,b_hs_draft_signed_by_round,R11+,0,10,
2022,hs_ordinal_rank,hs1-10,b_hs_draft_unsigned_by_round,R11+,0,10,
2022,hs_ordinal_rank,hs1-10,c_campus,reached_campus,0,10,unsigned or undrafted; commitment tier from the Pipeline blurb
2022,hs_ordinal_rank,hs1-10,c_campus_by_commit_tier,p4,0,0,
2022,hs_ordinal_rank,hs1-10,c_campus_by_commit_tier,mid,0,0,
2022,hs_ordinal_rank,hs1-10,c_campus_by_commit_tier,low,0,0,
2022,hs_ordinal_rank,hs1-10,c_campus_by_commit_tier,non-D1,0,0,
2022,hs_ordinal_rank,hs1-10,c_campus_by_commit_tier,uncommitted,0,0,
2022,hs_ordinal_rank,hs1-10,c_campus_by_commit_tier,not stated,0,0,
2022,hs_ordinal_rank,hs1-10,c_campus_by_commit_tier,unmatched,0,0,
2022,hs_ordinal_rank,hs1-10,d_college_draft_y+2,drafted,0,0,
2022,hs_ordinal_rank,hs1-10,d_college_draft_y+2,drafted_signed,0,0,
2022,hs_ordinal_rank,hs1-10,d_college_draft_y+2_by_round,R1,0,0,
2022,hs_ordinal_rank,hs1-10,d_college_draft_y+2_by_round,R2,0,0,
2022,hs_ordinal_rank,hs1-10,d_college_draft_y+2_by_round,R3,0,0,
2022,hs_ordinal_rank,hs1-10,d_college_draft_y+2_by_round,R4-5,0,0,
2022,hs_ordinal_rank,hs1-10,d_college_draft_y+2_by_round,R6-10,0,0,
2022,hs_ordinal_rank,hs1-10,d_college_draft_y+2_by_round,R11+,0,0,
2022,hs_ordinal_rank,hs1-10,d_college_draft_y+2_by_college_tier,p4,0,0,
2022,hs_ordinal_rank,hs1-10,d_college_draft_y+2_by_college_tier,mid,0,0,
2022,hs_ordinal_rank,hs1-10,d_college_draft_y+2_by_college_tier,low,0,0,
2022,hs_ordinal_rank,hs1-10,d_college_draft_y+2_by_college_tier,other,0,0,
2022,hs_ordinal_rank,hs1-10,d_college_draft_y+3,drafted,0,0,
2022,hs_ordinal_rank,hs1-10,d_college_draft_y+3,drafted_signed,0,0,
2022,hs_ordinal_rank,hs1-10,d_college_draft_y+3_by_round,R1,0,0,
2022,hs_ordinal_rank,hs1-10,d_college_draft_y+3_by_round,R2,0,0,
2022,hs_ordinal_rank,hs1-10,d_college_draft_y+3_by_round,R3,0,0,
2022,hs_ordinal_rank,hs1-10,d_college_draft_y+3_by_round,R4-5,0,0,
2022,hs_ordinal_rank,hs1-10,d_college_draft_y+3_by_round,R6-10,0,0,
2022,hs_ordinal_rank,hs1-10,d_college_draft_y+3_by_round,R11+,0,0,
2022,hs_ordinal_rank,hs1-10,d_college_draft_y+3_by_college_tier,p4,0,0,
2022,hs_ordinal_rank,hs1-10,d_college_draft_y+3_by_college_tier,mid,0,0,
2022,hs_ordinal_rank,hs1-10,d_college_draft_y+3_by_college_tier,low,0,0,
2022,hs_ordinal_rank,hs1-10,d_college_draft_y+3_by_college_tier,other,0,0,
2022,hs_ordinal_rank,hs1-10,d_college_draft_y+4,drafted,0,0,
2022,hs_ordinal_rank,hs1-10,d_college_draft_y+4,drafted_signed,0,0,
2022,hs_ordinal_rank,hs1-10,d_college_draft_y+4_by_round,R1,0,0,
2022,hs_ordinal_rank,hs1-10,d_college_draft_y+4_by_round,R2,0,0,
2022,hs_ordinal_rank,hs1-10,d_college_draft_y+4_by_round,R3,0,0,
2022,hs_ordinal_rank,hs1-10,d_college_draft_y+4_by_round,R4-5,0,0,
2022,hs_ordinal_rank,hs1-10,d_college_draft_y+4_by_round,R6-10,0,0,
2022,hs_ordinal_rank,hs1-10,d_college_draft_y+4_by_round,R11+,0,0,
2022,hs_ordinal_rank,hs1-10,d_college_draft_y+4_by_college_tier,p4,0,0,
2022,hs_ordinal_rank,hs1-10,d_college_draft_y+4_by_college_tier,mid,0,0,
2022,hs_ordinal_rank,hs1-10,d_college_draft_y+4_by_college_tier,low,0,0,
2022,hs_ordinal_rank,hs1-10,d_college_draft_y+4_by_college_tier,other,0,0,
2022,hs_ordinal_rank,hs1-10,d_college_draft_y+3or4,drafted,0,0,
2022,hs_ordinal_rank,hs1-10,d_college_draft_y+3or4,drafted_signed,0,0,
2022,hs_ordinal_rank,hs1-10,d_college_draft_y+2to4,drafted,0,0,
2022,hs_ordinal_rank,hs1-10,d_college_draft_y+2to4_first_by_round,R1,0,0,
2022,hs_ordinal_rank,hs1-10,d_college_draft_y+2to4_first_by_round,R2,0,0,
2022,hs_ordinal_rank,hs1-10,d_college_draft_y+2to4_first_by_round,R3,0,0,
2022,hs_ordinal_rank,hs1-10,d_college_draft_y+2to4_first_by_round,R4-5,0,0,
2022,hs_ordinal_rank,hs1-10,d_college_draft_y+2to4_first_by_round,R6-10,0,0,
2022,hs_ordinal_rank,hs1-10,d_college_draft_y+2to4_first_by_round,R11+,0,0,
2022,hs_ordinal_rank,hs1-10,d_college_draft_y+2to4_by_commit_tier,p4,0,0,
2022,hs_ordinal_rank,hs1-10,d_college_draft_y+2to4_by_commit_tier,mid,0,0,
2022,hs_ordinal_rank,hs1-10,d_college_draft_y+2to4_by_commit_tier,low,0,0,
2022,hs_ordinal_rank,hs1-10,d_college_tier_equals_commit_tier,same_tier,0,0,
2022,hs_ordinal_rank,hs11-25,sample,ranked_hs_prospects,15,15,
2022,hs_ordinal_rank,hs11-25,a_commitment,p4,13,15,
2022,hs_ordinal_rank,hs11-25,a_commitment,mid,0,15,
2022,hs_ordinal_rank,hs11-25,a_commitment,low,0,15,
2022,hs_ordinal_rank,hs11-25,a_commitment,non-D1,0,15,
2022,hs_ordinal_rank,hs11-25,a_commitment,uncommitted,0,15,
2022,hs_ordinal_rank,hs11-25,a_commitment,not stated,2,15,
2022,hs_ordinal_rank,hs11-25,a_commitment,unmatched,0,15,
2022,hs_ordinal_rank,hs11-25,b_hs_draft,drafted,13,15,
2022,hs_ordinal_rank,hs11-25,b_hs_draft,drafted_signed,13,15,
2022,hs_ordinal_rank,hs11-25,b_hs_draft,drafted_unsigned,0,15,
2022,hs_ordinal_rank,hs11-25,b_hs_draft,undrafted,2,15,
2022,hs_ordinal_rank,hs11-25,b_hs_draft_signed_by_round,R1,6,15,
2022,hs_ordinal_rank,hs11-25,b_hs_draft_unsigned_by_round,R1,0,15,
2022,hs_ordinal_rank,hs11-25,b_hs_draft_signed_by_round,R2,7,15,
2022,hs_ordinal_rank,hs11-25,b_hs_draft_unsigned_by_round,R2,0,15,
2022,hs_ordinal_rank,hs11-25,b_hs_draft_signed_by_round,R3,0,15,
2022,hs_ordinal_rank,hs11-25,b_hs_draft_unsigned_by_round,R3,0,15,
2022,hs_ordinal_rank,hs11-25,b_hs_draft_signed_by_round,R4-5,0,15,
2022,hs_ordinal_rank,hs11-25,b_hs_draft_unsigned_by_round,R4-5,0,15,
2022,hs_ordinal_rank,hs11-25,b_hs_draft_signed_by_round,R6-10,0,15,
2022,hs_ordinal_rank,hs11-25,b_hs_draft_unsigned_by_round,R6-10,0,15,
2022,hs_ordinal_rank,hs11-25,b_hs_draft_signed_by_round,R11+,0,15,
2022,hs_ordinal_rank,hs11-25,b_hs_draft_unsigned_by_round,R11+,0,15,
2022,hs_ordinal_rank,hs11-25,c_campus,reached_campus,2,15,unsigned or undrafted; commitment tier from the Pipeline blurb
2022,hs_ordinal_rank,hs11-25,c_campus_by_commit_tier,p4,2,2,
2022,hs_ordinal_rank,hs11-25,c_campus_by_commit_tier,mid,0,2,
2022,hs_ordinal_rank,hs11-25,c_campus_by_commit_tier,low,0,2,
2022,hs_ordinal_rank,hs11-25,c_campus_by_commit_tier,non-D1,0,2,
2022,hs_ordinal_rank,hs11-25,c_campus_by_commit_tier,uncommitted,0,2,
2022,hs_ordinal_rank,hs11-25,c_campus_by_commit_tier,not stated,0,2,
2022,hs_ordinal_rank,hs11-25,c_campus_by_commit_tier,unmatched,0,2,
2022,hs_ordinal_rank,hs11-25,d_college_draft_y+2,drafted,2,2,
2022,hs_ordinal_rank,hs11-25,d_college_draft_y+2,drafted_signed,2,2,
2022,hs_ordinal_rank,hs11-25,d_college_draft_y+2_by_round,R1,1,2,
2022,hs_ordinal_rank,hs11-25,d_college_draft_y+2_by_round,R2,0,2,
2022,hs_ordinal_rank,hs11-25,d_college_draft_y+2_by_round,R3,0,2,
2022,hs_ordinal_rank,hs11-25,d_college_draft_y+2_by_round,R4-5,1,2,
2022,hs_ordinal_rank,hs11-25,d_college_draft_y+2_by_round,R6-10,0,2,
2022,hs_ordinal_rank,hs11-25,d_college_draft_y+2_by_round,R11+,0,2,
2022,hs_ordinal_rank,hs11-25,d_college_draft_y+2_by_college_tier,p4,2,2,
2022,hs_ordinal_rank,hs11-25,d_college_draft_y+2_by_college_tier,mid,0,2,
2022,hs_ordinal_rank,hs11-25,d_college_draft_y+2_by_college_tier,low,0,2,
2022,hs_ordinal_rank,hs11-25,d_college_draft_y+2_by_college_tier,other,0,2,
2022,hs_ordinal_rank,hs11-25,d_college_draft_y+3,drafted,0,2,
2022,hs_ordinal_rank,hs11-25,d_college_draft_y+3,drafted_signed,0,2,
2022,hs_ordinal_rank,hs11-25,d_college_draft_y+3_by_round,R1,0,2,
2022,hs_ordinal_rank,hs11-25,d_college_draft_y+3_by_round,R2,0,2,
2022,hs_ordinal_rank,hs11-25,d_college_draft_y+3_by_round,R3,0,2,
2022,hs_ordinal_rank,hs11-25,d_college_draft_y+3_by_round,R4-5,0,2,
2022,hs_ordinal_rank,hs11-25,d_college_draft_y+3_by_round,R6-10,0,2,
2022,hs_ordinal_rank,hs11-25,d_college_draft_y+3_by_round,R11+,0,2,
2022,hs_ordinal_rank,hs11-25,d_college_draft_y+3_by_college_tier,p4,0,2,
2022,hs_ordinal_rank,hs11-25,d_college_draft_y+3_by_college_tier,mid,0,2,
2022,hs_ordinal_rank,hs11-25,d_college_draft_y+3_by_college_tier,low,0,2,
2022,hs_ordinal_rank,hs11-25,d_college_draft_y+3_by_college_tier,other,0,2,
2022,hs_ordinal_rank,hs11-25,d_college_draft_y+4,drafted,0,2,
2022,hs_ordinal_rank,hs11-25,d_college_draft_y+4,drafted_signed,0,2,
2022,hs_ordinal_rank,hs11-25,d_college_draft_y+4_by_round,R1,0,2,
2022,hs_ordinal_rank,hs11-25,d_college_draft_y+4_by_round,R2,0,2,
2022,hs_ordinal_rank,hs11-25,d_college_draft_y+4_by_round,R3,0,2,
2022,hs_ordinal_rank,hs11-25,d_college_draft_y+4_by_round,R4-5,0,2,
2022,hs_ordinal_rank,hs11-25,d_college_draft_y+4_by_round,R6-10,0,2,
2022,hs_ordinal_rank,hs11-25,d_college_draft_y+4_by_round,R11+,0,2,
2022,hs_ordinal_rank,hs11-25,d_college_draft_y+4_by_college_tier,p4,0,2,
2022,hs_ordinal_rank,hs11-25,d_college_draft_y+4_by_college_tier,mid,0,2,
2022,hs_ordinal_rank,hs11-25,d_college_draft_y+4_by_college_tier,low,0,2,
2022,hs_ordinal_rank,hs11-25,d_college_draft_y+4_by_college_tier,other,0,2,
2022,hs_ordinal_rank,hs11-25,d_college_draft_y+3or4,drafted,0,2,
2022,hs_ordinal_rank,hs11-25,d_college_draft_y+3or4,drafted_signed,0,2,
2022,hs_ordinal_rank,hs11-25,d_college_draft_y+2to4,drafted,2,2,
2022,hs_ordinal_rank,hs11-25,d_college_draft_y+2to4_first_by_round,R1,1,2,
2022,hs_ordinal_rank,hs11-25,d_college_draft_y+2to4_first_by_round,R2,0,2,
2022,hs_ordinal_rank,hs11-25,d_college_draft_y+2to4_first_by_round,R3,0,2,
2022,hs_ordinal_rank,hs11-25,d_college_draft_y+2to4_first_by_round,R4-5,1,2,
2022,hs_ordinal_rank,hs11-25,d_college_draft_y+2to4_first_by_round,R6-10,0,2,
2022,hs_ordinal_rank,hs11-25,d_college_draft_y+2to4_first_by_round,R11+,0,2,
2022,hs_ordinal_rank,hs11-25,d_college_draft_y+2to4_by_commit_tier,p4,2,2,
2022,hs_ordinal_rank,hs11-25,d_college_draft_y+2to4_by_commit_tier,mid,0,0,
2022,hs_ordinal_rank,hs11-25,d_college_draft_y+2to4_by_commit_tier,low,0,0,
2022,hs_ordinal_rank,hs11-25,d_college_tier_equals_commit_tier,same_tier,2,2,
2022,hs_ordinal_rank,hs26-50,sample,ranked_hs_prospects,25,25,
2022,hs_ordinal_rank,hs26-50,a_commitment,p4,20,25,
2022,hs_ordinal_rank,hs26-50,a_commitment,mid,2,25,
2022,hs_ordinal_rank,hs26-50,a_commitment,low,0,25,
2022,hs_ordinal_rank,hs26-50,a_commitment,non-D1,0,25,
2022,hs_ordinal_rank,hs26-50,a_commitment,uncommitted,0,25,
2022,hs_ordinal_rank,hs26-50,a_commitment,not stated,3,25,
2022,hs_ordinal_rank,hs26-50,a_commitment,unmatched,0,25,
2022,hs_ordinal_rank,hs26-50,b_hs_draft,drafted,17,25,
2022,hs_ordinal_rank,hs26-50,b_hs_draft,drafted_signed,12,25,
2022,hs_ordinal_rank,hs26-50,b_hs_draft,drafted_unsigned,5,25,
2022,hs_ordinal_rank,hs26-50,b_hs_draft,undrafted,8,25,
2022,hs_ordinal_rank,hs26-50,b_hs_draft_signed_by_round,R1,2,25,
2022,hs_ordinal_rank,hs26-50,b_hs_draft_unsigned_by_round,R1,0,25,
2022,hs_ordinal_rank,hs26-50,b_hs_draft_signed_by_round,R2,2,25,
2022,hs_ordinal_rank,hs26-50,b_hs_draft_unsigned_by_round,R2,0,25,
2022,hs_ordinal_rank,hs26-50,b_hs_draft_signed_by_round,R3,1,25,
2022,hs_ordinal_rank,hs26-50,b_hs_draft_unsigned_by_round,R3,0,25,
2022,hs_ordinal_rank,hs26-50,b_hs_draft_signed_by_round,R4-5,4,25,
2022,hs_ordinal_rank,hs26-50,b_hs_draft_unsigned_by_round,R4-5,0,25,
2022,hs_ordinal_rank,hs26-50,b_hs_draft_signed_by_round,R6-10,0,25,
2022,hs_ordinal_rank,hs26-50,b_hs_draft_unsigned_by_round,R6-10,0,25,
2022,hs_ordinal_rank,hs26-50,b_hs_draft_signed_by_round,R11+,3,25,
2022,hs_ordinal_rank,hs26-50,b_hs_draft_unsigned_by_round,R11+,5,25,
2022,hs_ordinal_rank,hs26-50,c_campus,reached_campus,13,25,unsigned or undrafted; commitment tier from the Pipeline blurb
2022,hs_ordinal_rank,hs26-50,c_campus_by_commit_tier,p4,11,13,
2022,hs_ordinal_rank,hs26-50,c_campus_by_commit_tier,mid,1,13,
2022,hs_ordinal_rank,hs26-50,c_campus_by_commit_tier,low,0,13,
2022,hs_ordinal_rank,hs26-50,c_campus_by_commit_tier,non-D1,0,13,
2022,hs_ordinal_rank,hs26-50,c_campus_by_commit_tier,uncommitted,0,13,
2022,hs_ordinal_rank,hs26-50,c_campus_by_commit_tier,not stated,1,13,
2022,hs_ordinal_rank,hs26-50,c_campus_by_commit_tier,unmatched,0,13,
2022,hs_ordinal_rank,hs26-50,d_college_draft_y+2,drafted,1,13,
2022,hs_ordinal_rank,hs26-50,d_college_draft_y+2,drafted_signed,1,13,
2022,hs_ordinal_rank,hs26-50,d_college_draft_y+2_by_round,R1,1,13,
2022,hs_ordinal_rank,hs26-50,d_college_draft_y+2_by_round,R2,0,13,
2022,hs_ordinal_rank,hs26-50,d_college_draft_y+2_by_round,R3,0,13,
2022,hs_ordinal_rank,hs26-50,d_college_draft_y+2_by_round,R4-5,0,13,
2022,hs_ordinal_rank,hs26-50,d_college_draft_y+2_by_round,R6-10,0,13,
2022,hs_ordinal_rank,hs26-50,d_college_draft_y+2_by_round,R11+,0,13,
2022,hs_ordinal_rank,hs26-50,d_college_draft_y+2_by_college_tier,p4,1,13,
2022,hs_ordinal_rank,hs26-50,d_college_draft_y+2_by_college_tier,mid,0,13,
2022,hs_ordinal_rank,hs26-50,d_college_draft_y+2_by_college_tier,low,0,13,
2022,hs_ordinal_rank,hs26-50,d_college_draft_y+2_by_college_tier,other,0,13,
2022,hs_ordinal_rank,hs26-50,d_college_draft_y+3,drafted,5,13,
2022,hs_ordinal_rank,hs26-50,d_college_draft_y+3,drafted_signed,5,13,
2022,hs_ordinal_rank,hs26-50,d_college_draft_y+3_by_round,R1,1,13,
2022,hs_ordinal_rank,hs26-50,d_college_draft_y+3_by_round,R2,0,13,
2022,hs_ordinal_rank,hs26-50,d_college_draft_y+3_by_round,R3,0,13,
2022,hs_ordinal_rank,hs26-50,d_college_draft_y+3_by_round,R4-5,2,13,
2022,hs_ordinal_rank,hs26-50,d_college_draft_y+3_by_round,R6-10,0,13,
2022,hs_ordinal_rank,hs26-50,d_college_draft_y+3_by_round,R11+,2,13,
2022,hs_ordinal_rank,hs26-50,d_college_draft_y+3_by_college_tier,p4,4,13,
2022,hs_ordinal_rank,hs26-50,d_college_draft_y+3_by_college_tier,mid,0,13,
2022,hs_ordinal_rank,hs26-50,d_college_draft_y+3_by_college_tier,low,0,13,
2022,hs_ordinal_rank,hs26-50,d_college_draft_y+3_by_college_tier,other,1,13,
2022,hs_ordinal_rank,hs26-50,d_college_draft_y+4,drafted,2,13,
2022,hs_ordinal_rank,hs26-50,d_college_draft_y+4,drafted_signed,2,13,
2022,hs_ordinal_rank,hs26-50,d_college_draft_y+4_by_round,R1,0,13,
2022,hs_ordinal_rank,hs26-50,d_college_draft_y+4_by_round,R2,0,13,
2022,hs_ordinal_rank,hs26-50,d_college_draft_y+4_by_round,R3,0,13,
2022,hs_ordinal_rank,hs26-50,d_college_draft_y+4_by_round,R4-5,0,13,
2022,hs_ordinal_rank,hs26-50,d_college_draft_y+4_by_round,R6-10,1,13,
2022,hs_ordinal_rank,hs26-50,d_college_draft_y+4_by_round,R11+,1,13,
2022,hs_ordinal_rank,hs26-50,d_college_draft_y+4_by_college_tier,p4,2,13,
2022,hs_ordinal_rank,hs26-50,d_college_draft_y+4_by_college_tier,mid,0,13,
2022,hs_ordinal_rank,hs26-50,d_college_draft_y+4_by_college_tier,low,0,13,
2022,hs_ordinal_rank,hs26-50,d_college_draft_y+4_by_college_tier,other,0,13,
2022,hs_ordinal_rank,hs26-50,d_college_draft_y+3or4,drafted,7,13,
2022,hs_ordinal_rank,hs26-50,d_college_draft_y+3or4,drafted_signed,7,13,
2022,hs_ordinal_rank,hs26-50,d_college_draft_y+2to4,drafted,8,13,
2022,hs_ordinal_rank,hs26-50,d_college_draft_y+2to4_first_by_round,R1,2,13,
2022,hs_ordinal_rank,hs26-50,d_college_draft_y+2to4_first_by_round,R2,0,13,
2022,hs_ordinal_rank,hs26-50,d_college_draft_y+2to4_first_by_round,R3,0,13,
2022,hs_ordinal_rank,hs26-50,d_college_draft_y+2to4_first_by_round,R4-5,2,13,
2022,hs_ordinal_rank,hs26-50,d_college_draft_y+2to4_first_by_round,R6-10,1,13,
2022,hs_ordinal_rank,hs26-50,d_college_draft_y+2to4_first_by_round,R11+,3,13,
2022,hs_ordinal_rank,hs26-50,d_college_draft_y+2to4_by_commit_tier,p4,7,11,
2022,hs_ordinal_rank,hs26-50,d_college_draft_y+2to4_by_commit_tier,mid,0,1,
2022,hs_ordinal_rank,hs26-50,d_college_draft_y+2to4_by_commit_tier,low,0,0,
2022,hs_ordinal_rank,hs26-50,d_college_tier_equals_commit_tier,same_tier,6,8,
2022,hs_ordinal_rank,hs51+,sample,ranked_hs_prospects,56,56,
2022,hs_ordinal_rank,hs51+,a_commitment,p4,35,56,
2022,hs_ordinal_rank,hs51+,a_commitment,mid,10,56,
2022,hs_ordinal_rank,hs51+,a_commitment,low,0,56,
2022,hs_ordinal_rank,hs51+,a_commitment,non-D1,2,56,
2022,hs_ordinal_rank,hs51+,a_commitment,uncommitted,0,56,
2022,hs_ordinal_rank,hs51+,a_commitment,not stated,9,56,
2022,hs_ordinal_rank,hs51+,a_commitment,unmatched,0,56,
2022,hs_ordinal_rank,hs51+,b_hs_draft,drafted,21,56,
2022,hs_ordinal_rank,hs51+,b_hs_draft,drafted_signed,10,56,
2022,hs_ordinal_rank,hs51+,b_hs_draft,drafted_unsigned,11,56,
2022,hs_ordinal_rank,hs51+,b_hs_draft,undrafted,35,56,
2022,hs_ordinal_rank,hs51+,b_hs_draft_signed_by_round,R1,0,56,
2022,hs_ordinal_rank,hs51+,b_hs_draft_unsigned_by_round,R1,0,56,
2022,hs_ordinal_rank,hs51+,b_hs_draft_signed_by_round,R2,0,56,
2022,hs_ordinal_rank,hs51+,b_hs_draft_unsigned_by_round,R2,0,56,
2022,hs_ordinal_rank,hs51+,b_hs_draft_signed_by_round,R3,1,56,
2022,hs_ordinal_rank,hs51+,b_hs_draft_unsigned_by_round,R3,0,56,
2022,hs_ordinal_rank,hs51+,b_hs_draft_signed_by_round,R4-5,1,56,
2022,hs_ordinal_rank,hs51+,b_hs_draft_unsigned_by_round,R4-5,0,56,
2022,hs_ordinal_rank,hs51+,b_hs_draft_signed_by_round,R6-10,6,56,
2022,hs_ordinal_rank,hs51+,b_hs_draft_unsigned_by_round,R6-10,0,56,
2022,hs_ordinal_rank,hs51+,b_hs_draft_signed_by_round,R11+,2,56,
2022,hs_ordinal_rank,hs51+,b_hs_draft_unsigned_by_round,R11+,11,56,
2022,hs_ordinal_rank,hs51+,c_campus,reached_campus,46,56,unsigned or undrafted; commitment tier from the Pipeline blurb
2022,hs_ordinal_rank,hs51+,c_campus_by_commit_tier,p4,31,46,
2022,hs_ordinal_rank,hs51+,c_campus_by_commit_tier,mid,6,46,
2022,hs_ordinal_rank,hs51+,c_campus_by_commit_tier,low,0,46,
2022,hs_ordinal_rank,hs51+,c_campus_by_commit_tier,non-D1,1,46,
2022,hs_ordinal_rank,hs51+,c_campus_by_commit_tier,uncommitted,0,46,
2022,hs_ordinal_rank,hs51+,c_campus_by_commit_tier,not stated,8,46,
2022,hs_ordinal_rank,hs51+,c_campus_by_commit_tier,unmatched,0,46,
2022,hs_ordinal_rank,hs51+,d_college_draft_y+2,drafted,4,46,
2022,hs_ordinal_rank,hs51+,d_college_draft_y+2,drafted_signed,4,46,
2022,hs_ordinal_rank,hs51+,d_college_draft_y+2_by_round,R1,0,46,
2022,hs_ordinal_rank,hs51+,d_college_draft_y+2_by_round,R2,1,46,
2022,hs_ordinal_rank,hs51+,d_college_draft_y+2_by_round,R3,0,46,
2022,hs_ordinal_rank,hs51+,d_college_draft_y+2_by_round,R4-5,2,46,
2022,hs_ordinal_rank,hs51+,d_college_draft_y+2_by_round,R6-10,0,46,
2022,hs_ordinal_rank,hs51+,d_college_draft_y+2_by_round,R11+,1,46,
2022,hs_ordinal_rank,hs51+,d_college_draft_y+2_by_college_tier,p4,4,46,
2022,hs_ordinal_rank,hs51+,d_college_draft_y+2_by_college_tier,mid,0,46,
2022,hs_ordinal_rank,hs51+,d_college_draft_y+2_by_college_tier,low,0,46,
2022,hs_ordinal_rank,hs51+,d_college_draft_y+2_by_college_tier,other,0,46,
2022,hs_ordinal_rank,hs51+,d_college_draft_y+3,drafted,26,46,
2022,hs_ordinal_rank,hs51+,d_college_draft_y+3,drafted_signed,26,46,
2022,hs_ordinal_rank,hs51+,d_college_draft_y+3_by_round,R1,6,46,
2022,hs_ordinal_rank,hs51+,d_college_draft_y+3_by_round,R2,4,46,
2022,hs_ordinal_rank,hs51+,d_college_draft_y+3_by_round,R3,0,46,
2022,hs_ordinal_rank,hs51+,d_college_draft_y+3_by_round,R4-5,4,46,
2022,hs_ordinal_rank,hs51+,d_college_draft_y+3_by_round,R6-10,5,46,
2022,hs_ordinal_rank,hs51+,d_college_draft_y+3_by_round,R11+,7,46,
2022,hs_ordinal_rank,hs51+,d_college_draft_y+3_by_college_tier,p4,23,46,
2022,hs_ordinal_rank,hs51+,d_college_draft_y+3_by_college_tier,mid,2,46,
2022,hs_ordinal_rank,hs51+,d_college_draft_y+3_by_college_tier,low,0,46,
2022,hs_ordinal_rank,hs51+,d_college_draft_y+3_by_college_tier,other,1,46,
2022,hs_ordinal_rank,hs51+,d_college_draft_y+4,drafted,3,46,
2022,hs_ordinal_rank,hs51+,d_college_draft_y+4,drafted_signed,3,46,
2022,hs_ordinal_rank,hs51+,d_college_draft_y+4_by_round,R1,0,46,
2022,hs_ordinal_rank,hs51+,d_college_draft_y+4_by_round,R2,0,46,
2022,hs_ordinal_rank,hs51+,d_college_draft_y+4_by_round,R3,0,46,
2022,hs_ordinal_rank,hs51+,d_college_draft_y+4_by_round,R4-5,0,46,
2022,hs_ordinal_rank,hs51+,d_college_draft_y+4_by_round,R6-10,1,46,
2022,hs_ordinal_rank,hs51+,d_college_draft_y+4_by_round,R11+,2,46,
2022,hs_ordinal_rank,hs51+,d_college_draft_y+4_by_college_tier,p4,0,46,
2022,hs_ordinal_rank,hs51+,d_college_draft_y+4_by_college_tier,mid,3,46,
2022,hs_ordinal_rank,hs51+,d_college_draft_y+4_by_college_tier,low,0,46,
2022,hs_ordinal_rank,hs51+,d_college_draft_y+4_by_college_tier,other,0,46,
2022,hs_ordinal_rank,hs51+,d_college_draft_y+3or4,drafted,29,46,
2022,hs_ordinal_rank,hs51+,d_college_draft_y+3or4,drafted_signed,29,46,
2022,hs_ordinal_rank,hs51+,d_college_draft_y+2to4,drafted,33,46,
2022,hs_ordinal_rank,hs51+,d_college_draft_y+2to4_first_by_round,R1,6,46,
2022,hs_ordinal_rank,hs51+,d_college_draft_y+2to4_first_by_round,R2,5,46,
2022,hs_ordinal_rank,hs51+,d_college_draft_y+2to4_first_by_round,R3,0,46,
2022,hs_ordinal_rank,hs51+,d_college_draft_y+2to4_first_by_round,R4-5,6,46,
2022,hs_ordinal_rank,hs51+,d_college_draft_y+2to4_first_by_round,R6-10,6,46,
2022,hs_ordinal_rank,hs51+,d_college_draft_y+2to4_first_by_round,R11+,10,46,
2022,hs_ordinal_rank,hs51+,d_college_draft_y+2to4_by_commit_tier,p4,22,31,
2022,hs_ordinal_rank,hs51+,d_college_draft_y+2to4_by_commit_tier,mid,5,6,
2022,hs_ordinal_rank,hs51+,d_college_draft_y+2to4_by_commit_tier,low,0,0,
2022,hs_ordinal_rank,hs51+,d_college_tier_equals_commit_tier,same_tier,20,33,
2023,hs_ordinal_rank,hs1-10,sample,ranked_hs_prospects,10,10,
2023,hs_ordinal_rank,hs1-10,a_commitment,p4,9,10,
2023,hs_ordinal_rank,hs1-10,a_commitment,mid,0,10,
2023,hs_ordinal_rank,hs1-10,a_commitment,low,0,10,
2023,hs_ordinal_rank,hs1-10,a_commitment,non-D1,0,10,
2023,hs_ordinal_rank,hs1-10,a_commitment,uncommitted,0,10,
2023,hs_ordinal_rank,hs1-10,a_commitment,not stated,1,10,
2023,hs_ordinal_rank,hs1-10,a_commitment,unmatched,0,10,
2023,hs_ordinal_rank,hs1-10,b_hs_draft,drafted,10,10,
2023,hs_ordinal_rank,hs1-10,b_hs_draft,drafted_signed,10,10,
2023,hs_ordinal_rank,hs1-10,b_hs_draft,drafted_unsigned,0,10,
2023,hs_ordinal_rank,hs1-10,b_hs_draft,undrafted,0,10,
2023,hs_ordinal_rank,hs1-10,b_hs_draft_signed_by_round,R1,10,10,
2023,hs_ordinal_rank,hs1-10,b_hs_draft_unsigned_by_round,R1,0,10,
2023,hs_ordinal_rank,hs1-10,b_hs_draft_signed_by_round,R2,0,10,
2023,hs_ordinal_rank,hs1-10,b_hs_draft_unsigned_by_round,R2,0,10,
2023,hs_ordinal_rank,hs1-10,b_hs_draft_signed_by_round,R3,0,10,
2023,hs_ordinal_rank,hs1-10,b_hs_draft_unsigned_by_round,R3,0,10,
2023,hs_ordinal_rank,hs1-10,b_hs_draft_signed_by_round,R4-5,0,10,
2023,hs_ordinal_rank,hs1-10,b_hs_draft_unsigned_by_round,R4-5,0,10,
2023,hs_ordinal_rank,hs1-10,b_hs_draft_signed_by_round,R6-10,0,10,
2023,hs_ordinal_rank,hs1-10,b_hs_draft_unsigned_by_round,R6-10,0,10,
2023,hs_ordinal_rank,hs1-10,b_hs_draft_signed_by_round,R11+,0,10,
2023,hs_ordinal_rank,hs1-10,b_hs_draft_unsigned_by_round,R11+,0,10,
2023,hs_ordinal_rank,hs1-10,c_campus,reached_campus,0,10,unsigned or undrafted; commitment tier from the Pipeline blurb
2023,hs_ordinal_rank,hs1-10,c_campus_by_commit_tier,p4,0,0,
2023,hs_ordinal_rank,hs1-10,c_campus_by_commit_tier,mid,0,0,
2023,hs_ordinal_rank,hs1-10,c_campus_by_commit_tier,low,0,0,
2023,hs_ordinal_rank,hs1-10,c_campus_by_commit_tier,non-D1,0,0,
2023,hs_ordinal_rank,hs1-10,c_campus_by_commit_tier,uncommitted,0,0,
2023,hs_ordinal_rank,hs1-10,c_campus_by_commit_tier,not stated,0,0,
2023,hs_ordinal_rank,hs1-10,c_campus_by_commit_tier,unmatched,0,0,
2023,hs_ordinal_rank,hs1-10,d_college_draft_y+2,drafted,0,0,
2023,hs_ordinal_rank,hs1-10,d_college_draft_y+2,drafted_signed,0,0,
2023,hs_ordinal_rank,hs1-10,d_college_draft_y+2_by_round,R1,0,0,
2023,hs_ordinal_rank,hs1-10,d_college_draft_y+2_by_round,R2,0,0,
2023,hs_ordinal_rank,hs1-10,d_college_draft_y+2_by_round,R3,0,0,
2023,hs_ordinal_rank,hs1-10,d_college_draft_y+2_by_round,R4-5,0,0,
2023,hs_ordinal_rank,hs1-10,d_college_draft_y+2_by_round,R6-10,0,0,
2023,hs_ordinal_rank,hs1-10,d_college_draft_y+2_by_round,R11+,0,0,
2023,hs_ordinal_rank,hs1-10,d_college_draft_y+2_by_college_tier,p4,0,0,
2023,hs_ordinal_rank,hs1-10,d_college_draft_y+2_by_college_tier,mid,0,0,
2023,hs_ordinal_rank,hs1-10,d_college_draft_y+2_by_college_tier,low,0,0,
2023,hs_ordinal_rank,hs1-10,d_college_draft_y+2_by_college_tier,other,0,0,
2023,hs_ordinal_rank,hs1-10,d_college_draft_y+3,drafted,0,0,
2023,hs_ordinal_rank,hs1-10,d_college_draft_y+3,drafted_signed,0,0,
2023,hs_ordinal_rank,hs1-10,d_college_draft_y+3_by_round,R1,0,0,
2023,hs_ordinal_rank,hs1-10,d_college_draft_y+3_by_round,R2,0,0,
2023,hs_ordinal_rank,hs1-10,d_college_draft_y+3_by_round,R3,0,0,
2023,hs_ordinal_rank,hs1-10,d_college_draft_y+3_by_round,R4-5,0,0,
2023,hs_ordinal_rank,hs1-10,d_college_draft_y+3_by_round,R6-10,0,0,
2023,hs_ordinal_rank,hs1-10,d_college_draft_y+3_by_round,R11+,0,0,
2023,hs_ordinal_rank,hs1-10,d_college_draft_y+3_by_college_tier,p4,0,0,
2023,hs_ordinal_rank,hs1-10,d_college_draft_y+3_by_college_tier,mid,0,0,
2023,hs_ordinal_rank,hs1-10,d_college_draft_y+3_by_college_tier,low,0,0,
2023,hs_ordinal_rank,hs1-10,d_college_draft_y+3_by_college_tier,other,0,0,
2023,hs_ordinal_rank,hs11-25,sample,ranked_hs_prospects,15,15,
2023,hs_ordinal_rank,hs11-25,a_commitment,p4,11,15,
2023,hs_ordinal_rank,hs11-25,a_commitment,mid,3,15,
2023,hs_ordinal_rank,hs11-25,a_commitment,low,0,15,
2023,hs_ordinal_rank,hs11-25,a_commitment,non-D1,0,15,
2023,hs_ordinal_rank,hs11-25,a_commitment,uncommitted,0,15,
2023,hs_ordinal_rank,hs11-25,a_commitment,not stated,1,15,
2023,hs_ordinal_rank,hs11-25,a_commitment,unmatched,0,15,
2023,hs_ordinal_rank,hs11-25,b_hs_draft,drafted,14,15,
2023,hs_ordinal_rank,hs11-25,b_hs_draft,drafted_signed,13,15,
2023,hs_ordinal_rank,hs11-25,b_hs_draft,drafted_unsigned,1,15,
2023,hs_ordinal_rank,hs11-25,b_hs_draft,undrafted,1,15,
2023,hs_ordinal_rank,hs11-25,b_hs_draft_signed_by_round,R1,7,15,
2023,hs_ordinal_rank,hs11-25,b_hs_draft_unsigned_by_round,R1,0,15,
2023,hs_ordinal_rank,hs11-25,b_hs_draft_signed_by_round,R2,3,15,
2023,hs_ordinal_rank,hs11-25,b_hs_draft_unsigned_by_round,R2,0,15,
2023,hs_ordinal_rank,hs11-25,b_hs_draft_signed_by_round,R3,1,15,
2023,hs_ordinal_rank,hs11-25,b_hs_draft_unsigned_by_round,R3,0,15,
2023,hs_ordinal_rank,hs11-25,b_hs_draft_signed_by_round,R4-5,1,15,
2023,hs_ordinal_rank,hs11-25,b_hs_draft_unsigned_by_round,R4-5,0,15,
2023,hs_ordinal_rank,hs11-25,b_hs_draft_signed_by_round,R6-10,1,15,
2023,hs_ordinal_rank,hs11-25,b_hs_draft_unsigned_by_round,R6-10,0,15,
2023,hs_ordinal_rank,hs11-25,b_hs_draft_signed_by_round,R11+,0,15,
2023,hs_ordinal_rank,hs11-25,b_hs_draft_unsigned_by_round,R11+,1,15,
2023,hs_ordinal_rank,hs11-25,c_campus,reached_campus,2,15,unsigned or undrafted; commitment tier from the Pipeline blurb
2023,hs_ordinal_rank,hs11-25,c_campus_by_commit_tier,p4,1,2,
2023,hs_ordinal_rank,hs11-25,c_campus_by_commit_tier,mid,0,2,
2023,hs_ordinal_rank,hs11-25,c_campus_by_commit_tier,low,0,2,
2023,hs_ordinal_rank,hs11-25,c_campus_by_commit_tier,non-D1,0,2,
2023,hs_ordinal_rank,hs11-25,c_campus_by_commit_tier,uncommitted,0,2,
2023,hs_ordinal_rank,hs11-25,c_campus_by_commit_tier,not stated,1,2,
2023,hs_ordinal_rank,hs11-25,c_campus_by_commit_tier,unmatched,0,2,
2023,hs_ordinal_rank,hs11-25,d_college_draft_y+2,drafted,0,2,
2023,hs_ordinal_rank,hs11-25,d_college_draft_y+2,drafted_signed,0,2,
2023,hs_ordinal_rank,hs11-25,d_college_draft_y+2_by_round,R1,0,2,
2023,hs_ordinal_rank,hs11-25,d_college_draft_y+2_by_round,R2,0,2,
2023,hs_ordinal_rank,hs11-25,d_college_draft_y+2_by_round,R3,0,2,
2023,hs_ordinal_rank,hs11-25,d_college_draft_y+2_by_round,R4-5,0,2,
2023,hs_ordinal_rank,hs11-25,d_college_draft_y+2_by_round,R6-10,0,2,
2023,hs_ordinal_rank,hs11-25,d_college_draft_y+2_by_round,R11+,0,2,
2023,hs_ordinal_rank,hs11-25,d_college_draft_y+2_by_college_tier,p4,0,2,
2023,hs_ordinal_rank,hs11-25,d_college_draft_y+2_by_college_tier,mid,0,2,
2023,hs_ordinal_rank,hs11-25,d_college_draft_y+2_by_college_tier,low,0,2,
2023,hs_ordinal_rank,hs11-25,d_college_draft_y+2_by_college_tier,other,0,2,
2023,hs_ordinal_rank,hs11-25,d_college_draft_y+3,drafted,2,2,
2023,hs_ordinal_rank,hs11-25,d_college_draft_y+3,drafted_signed,2,2,
2023,hs_ordinal_rank,hs11-25,d_college_draft_y+3_by_round,R1,1,2,
2023,hs_ordinal_rank,hs11-25,d_college_draft_y+3_by_round,R2,0,2,
2023,hs_ordinal_rank,hs11-25,d_college_draft_y+3_by_round,R3,0,2,
2023,hs_ordinal_rank,hs11-25,d_college_draft_y+3_by_round,R4-5,0,2,
2023,hs_ordinal_rank,hs11-25,d_college_draft_y+3_by_round,R6-10,0,2,
2023,hs_ordinal_rank,hs11-25,d_college_draft_y+3_by_round,R11+,1,2,
2023,hs_ordinal_rank,hs11-25,d_college_draft_y+3_by_college_tier,p4,2,2,
2023,hs_ordinal_rank,hs11-25,d_college_draft_y+3_by_college_tier,mid,0,2,
2023,hs_ordinal_rank,hs11-25,d_college_draft_y+3_by_college_tier,low,0,2,
2023,hs_ordinal_rank,hs11-25,d_college_draft_y+3_by_college_tier,other,0,2,
2023,hs_ordinal_rank,hs26-50,sample,ranked_hs_prospects,25,25,
2023,hs_ordinal_rank,hs26-50,a_commitment,p4,25,25,
2023,hs_ordinal_rank,hs26-50,a_commitment,mid,0,25,
2023,hs_ordinal_rank,hs26-50,a_commitment,low,0,25,
2023,hs_ordinal_rank,hs26-50,a_commitment,non-D1,0,25,
2023,hs_ordinal_rank,hs26-50,a_commitment,uncommitted,0,25,
2023,hs_ordinal_rank,hs26-50,a_commitment,not stated,0,25,
2023,hs_ordinal_rank,hs26-50,a_commitment,unmatched,0,25,
2023,hs_ordinal_rank,hs26-50,b_hs_draft,drafted,16,25,
2023,hs_ordinal_rank,hs26-50,b_hs_draft,drafted_signed,15,25,
2023,hs_ordinal_rank,hs26-50,b_hs_draft,drafted_unsigned,1,25,
2023,hs_ordinal_rank,hs26-50,b_hs_draft,undrafted,9,25,
2023,hs_ordinal_rank,hs26-50,b_hs_draft_signed_by_round,R1,4,25,
2023,hs_ordinal_rank,hs26-50,b_hs_draft_unsigned_by_round,R1,0,25,
2023,hs_ordinal_rank,hs26-50,b_hs_draft_signed_by_round,R2,3,25,
2023,hs_ordinal_rank,hs26-50,b_hs_draft_unsigned_by_round,R2,0,25,
2023,hs_ordinal_rank,hs26-50,b_hs_draft_signed_by_round,R3,5,25,
2023,hs_ordinal_rank,hs26-50,b_hs_draft_unsigned_by_round,R3,0,25,
2023,hs_ordinal_rank,hs26-50,b_hs_draft_signed_by_round,R4-5,2,25,
2023,hs_ordinal_rank,hs26-50,b_hs_draft_unsigned_by_round,R4-5,0,25,
2023,hs_ordinal_rank,hs26-50,b_hs_draft_signed_by_round,R6-10,1,25,
2023,hs_ordinal_rank,hs26-50,b_hs_draft_unsigned_by_round,R6-10,0,25,
2023,hs_ordinal_rank,hs26-50,b_hs_draft_signed_by_round,R11+,0,25,
2023,hs_ordinal_rank,hs26-50,b_hs_draft_unsigned_by_round,R11+,1,25,
2023,hs_ordinal_rank,hs26-50,c_campus,reached_campus,10,25,unsigned or undrafted; commitment tier from the Pipeline blurb
2023,hs_ordinal_rank,hs26-50,c_campus_by_commit_tier,p4,10,10,
2023,hs_ordinal_rank,hs26-50,c_campus_by_commit_tier,mid,0,10,
2023,hs_ordinal_rank,hs26-50,c_campus_by_commit_tier,low,0,10,
2023,hs_ordinal_rank,hs26-50,c_campus_by_commit_tier,non-D1,0,10,
2023,hs_ordinal_rank,hs26-50,c_campus_by_commit_tier,uncommitted,0,10,
2023,hs_ordinal_rank,hs26-50,c_campus_by_commit_tier,not stated,0,10,
2023,hs_ordinal_rank,hs26-50,c_campus_by_commit_tier,unmatched,0,10,
2023,hs_ordinal_rank,hs26-50,d_college_draft_y+2,drafted,0,10,
2023,hs_ordinal_rank,hs26-50,d_college_draft_y+2,drafted_signed,0,10,
2023,hs_ordinal_rank,hs26-50,d_college_draft_y+2_by_round,R1,0,10,
2023,hs_ordinal_rank,hs26-50,d_college_draft_y+2_by_round,R2,0,10,
2023,hs_ordinal_rank,hs26-50,d_college_draft_y+2_by_round,R3,0,10,
2023,hs_ordinal_rank,hs26-50,d_college_draft_y+2_by_round,R4-5,0,10,
2023,hs_ordinal_rank,hs26-50,d_college_draft_y+2_by_round,R6-10,0,10,
2023,hs_ordinal_rank,hs26-50,d_college_draft_y+2_by_round,R11+,0,10,
2023,hs_ordinal_rank,hs26-50,d_college_draft_y+2_by_college_tier,p4,0,10,
2023,hs_ordinal_rank,hs26-50,d_college_draft_y+2_by_college_tier,mid,0,10,
2023,hs_ordinal_rank,hs26-50,d_college_draft_y+2_by_college_tier,low,0,10,
2023,hs_ordinal_rank,hs26-50,d_college_draft_y+2_by_college_tier,other,0,10,
2023,hs_ordinal_rank,hs26-50,d_college_draft_y+3,drafted,7,10,
2023,hs_ordinal_rank,hs26-50,d_college_draft_y+3,drafted_signed,7,10,
2023,hs_ordinal_rank,hs26-50,d_college_draft_y+3_by_round,R1,2,10,
2023,hs_ordinal_rank,hs26-50,d_college_draft_y+3_by_round,R2,2,10,
2023,hs_ordinal_rank,hs26-50,d_college_draft_y+3_by_round,R3,1,10,
2023,hs_ordinal_rank,hs26-50,d_college_draft_y+3_by_round,R4-5,1,10,
2023,hs_ordinal_rank,hs26-50,d_college_draft_y+3_by_round,R6-10,1,10,
2023,hs_ordinal_rank,hs26-50,d_college_draft_y+3_by_round,R11+,0,10,
2023,hs_ordinal_rank,hs26-50,d_college_draft_y+3_by_college_tier,p4,7,10,
2023,hs_ordinal_rank,hs26-50,d_college_draft_y+3_by_college_tier,mid,0,10,
2023,hs_ordinal_rank,hs26-50,d_college_draft_y+3_by_college_tier,low,0,10,
2023,hs_ordinal_rank,hs26-50,d_college_draft_y+3_by_college_tier,other,0,10,
2023,hs_ordinal_rank,hs51+,sample,ranked_hs_prospects,52,52,
2023,hs_ordinal_rank,hs51+,a_commitment,p4,41,52,
2023,hs_ordinal_rank,hs51+,a_commitment,mid,5,52,
2023,hs_ordinal_rank,hs51+,a_commitment,low,0,52,
2023,hs_ordinal_rank,hs51+,a_commitment,non-D1,0,52,
2023,hs_ordinal_rank,hs51+,a_commitment,uncommitted,0,52,
2023,hs_ordinal_rank,hs51+,a_commitment,not stated,6,52,
2023,hs_ordinal_rank,hs51+,a_commitment,unmatched,0,52,
2023,hs_ordinal_rank,hs51+,b_hs_draft,drafted,23,52,
2023,hs_ordinal_rank,hs51+,b_hs_draft,drafted_signed,16,52,
2023,hs_ordinal_rank,hs51+,b_hs_draft,drafted_unsigned,7,52,
2023,hs_ordinal_rank,hs51+,b_hs_draft,undrafted,29,52,
2023,hs_ordinal_rank,hs51+,b_hs_draft_signed_by_round,R1,0,52,
2023,hs_ordinal_rank,hs51+,b_hs_draft_unsigned_by_round,R1,0,52,
2023,hs_ordinal_rank,hs51+,b_hs_draft_signed_by_round,R2,0,52,
2023,hs_ordinal_rank,hs51+,b_hs_draft_unsigned_by_round,R2,0,52,
2023,hs_ordinal_rank,hs51+,b_hs_draft_signed_by_round,R3,4,52,
2023,hs_ordinal_rank,hs51+,b_hs_draft_unsigned_by_round,R3,0,52,
2023,hs_ordinal_rank,hs51+,b_hs_draft_signed_by_round,R4-5,6,52,
2023,hs_ordinal_rank,hs51+,b_hs_draft_unsigned_by_round,R4-5,0,52,
2023,hs_ordinal_rank,hs51+,b_hs_draft_signed_by_round,R6-10,3,52,
2023,hs_ordinal_rank,hs51+,b_hs_draft_unsigned_by_round,R6-10,0,52,
2023,hs_ordinal_rank,hs51+,b_hs_draft_signed_by_round,R11+,3,52,
2023,hs_ordinal_rank,hs51+,b_hs_draft_unsigned_by_round,R11+,7,52,
2023,hs_ordinal_rank,hs51+,c_campus,reached_campus,36,52,unsigned or undrafted; commitment tier from the Pipeline blurb
2023,hs_ordinal_rank,hs51+,c_campus_by_commit_tier,p4,30,36,
2023,hs_ordinal_rank,hs51+,c_campus_by_commit_tier,mid,2,36,
2023,hs_ordinal_rank,hs51+,c_campus_by_commit_tier,low,0,36,
2023,hs_ordinal_rank,hs51+,c_campus_by_commit_tier,non-D1,0,36,
2023,hs_ordinal_rank,hs51+,c_campus_by_commit_tier,uncommitted,0,36,
2023,hs_ordinal_rank,hs51+,c_campus_by_commit_tier,not stated,4,36,
2023,hs_ordinal_rank,hs51+,c_campus_by_commit_tier,unmatched,0,36,
2023,hs_ordinal_rank,hs51+,d_college_draft_y+2,drafted,3,36,
2023,hs_ordinal_rank,hs51+,d_college_draft_y+2,drafted_signed,3,36,
2023,hs_ordinal_rank,hs51+,d_college_draft_y+2_by_round,R1,0,36,
2023,hs_ordinal_rank,hs51+,d_college_draft_y+2_by_round,R2,1,36,
2023,hs_ordinal_rank,hs51+,d_college_draft_y+2_by_round,R3,1,36,
2023,hs_ordinal_rank,hs51+,d_college_draft_y+2_by_round,R4-5,0,36,
2023,hs_ordinal_rank,hs51+,d_college_draft_y+2_by_round,R6-10,1,36,
2023,hs_ordinal_rank,hs51+,d_college_draft_y+2_by_round,R11+,0,36,
2023,hs_ordinal_rank,hs51+,d_college_draft_y+2_by_college_tier,p4,2,36,
2023,hs_ordinal_rank,hs51+,d_college_draft_y+2_by_college_tier,mid,1,36,
2023,hs_ordinal_rank,hs51+,d_college_draft_y+2_by_college_tier,low,0,36,
2023,hs_ordinal_rank,hs51+,d_college_draft_y+2_by_college_tier,other,0,36,
2023,hs_ordinal_rank,hs51+,d_college_draft_y+3,drafted,21,36,
2023,hs_ordinal_rank,hs51+,d_college_draft_y+3,drafted_signed,18,36,
2023,hs_ordinal_rank,hs51+,d_college_draft_y+3_by_round,R1,4,36,
2023,hs_ordinal_rank,hs51+,d_college_draft_y+3_by_round,R2,1,36,
2023,hs_ordinal_rank,hs51+,d_college_draft_y+3_by_round,R3,2,36,
2023,hs_ordinal_rank,hs51+,d_college_draft_y+3_by_round,R4-5,5,36,
2023,hs_ordinal_rank,hs51+,d_college_draft_y+3_by_round,R6-10,2,36,
2023,hs_ordinal_rank,hs51+,d_college_draft_y+3_by_round,R11+,7,36,
2023,hs_ordinal_rank,hs51+,d_college_draft_y+3_by_college_tier,p4,19,36,
2023,hs_ordinal_rank,hs51+,d_college_draft_y+3_by_college_tier,mid,1,36,
2023,hs_ordinal_rank,hs51+,d_college_draft_y+3_by_college_tier,low,1,36,
2023,hs_ordinal_rank,hs51+,d_college_draft_y+3_by_college_tier,other,0,36,
2024,hs_ordinal_rank,hs1-10,sample,ranked_hs_prospects,10,10,
2024,hs_ordinal_rank,hs1-10,a_commitment,p4,9,10,
2024,hs_ordinal_rank,hs1-10,a_commitment,mid,0,10,
2024,hs_ordinal_rank,hs1-10,a_commitment,low,0,10,
2024,hs_ordinal_rank,hs1-10,a_commitment,non-D1,0,10,
2024,hs_ordinal_rank,hs1-10,a_commitment,uncommitted,0,10,
2024,hs_ordinal_rank,hs1-10,a_commitment,not stated,1,10,
2024,hs_ordinal_rank,hs1-10,a_commitment,unmatched,0,10,
2024,hs_ordinal_rank,hs1-10,b_hs_draft,drafted,9,10,
2024,hs_ordinal_rank,hs1-10,b_hs_draft,drafted_signed,9,10,
2024,hs_ordinal_rank,hs1-10,b_hs_draft,drafted_unsigned,0,10,
2024,hs_ordinal_rank,hs1-10,b_hs_draft,undrafted,1,10,
2024,hs_ordinal_rank,hs1-10,b_hs_draft_signed_by_round,R1,7,10,
2024,hs_ordinal_rank,hs1-10,b_hs_draft_unsigned_by_round,R1,0,10,
2024,hs_ordinal_rank,hs1-10,b_hs_draft_signed_by_round,R2,2,10,
2024,hs_ordinal_rank,hs1-10,b_hs_draft_unsigned_by_round,R2,0,10,
2024,hs_ordinal_rank,hs1-10,b_hs_draft_signed_by_round,R3,0,10,
2024,hs_ordinal_rank,hs1-10,b_hs_draft_unsigned_by_round,R3,0,10,
2024,hs_ordinal_rank,hs1-10,b_hs_draft_signed_by_round,R4-5,0,10,
2024,hs_ordinal_rank,hs1-10,b_hs_draft_unsigned_by_round,R4-5,0,10,
2024,hs_ordinal_rank,hs1-10,b_hs_draft_signed_by_round,R6-10,0,10,
2024,hs_ordinal_rank,hs1-10,b_hs_draft_unsigned_by_round,R6-10,0,10,
2024,hs_ordinal_rank,hs1-10,b_hs_draft_signed_by_round,R11+,0,10,
2024,hs_ordinal_rank,hs1-10,b_hs_draft_unsigned_by_round,R11+,0,10,
2024,hs_ordinal_rank,hs1-10,c_campus,reached_campus,1,10,unsigned or undrafted; commitment tier from the Pipeline blurb
2024,hs_ordinal_rank,hs1-10,c_campus_by_commit_tier,p4,0,1,
2024,hs_ordinal_rank,hs1-10,c_campus_by_commit_tier,mid,0,1,
2024,hs_ordinal_rank,hs1-10,c_campus_by_commit_tier,low,0,1,
2024,hs_ordinal_rank,hs1-10,c_campus_by_commit_tier,non-D1,0,1,
2024,hs_ordinal_rank,hs1-10,c_campus_by_commit_tier,uncommitted,0,1,
2024,hs_ordinal_rank,hs1-10,c_campus_by_commit_tier,not stated,1,1,
2024,hs_ordinal_rank,hs1-10,c_campus_by_commit_tier,unmatched,0,1,
2024,hs_ordinal_rank,hs1-10,d_college_draft_y+2,drafted,0,1,
2024,hs_ordinal_rank,hs1-10,d_college_draft_y+2,drafted_signed,0,1,
2024,hs_ordinal_rank,hs1-10,d_college_draft_y+2_by_round,R1,0,1,
2024,hs_ordinal_rank,hs1-10,d_college_draft_y+2_by_round,R2,0,1,
2024,hs_ordinal_rank,hs1-10,d_college_draft_y+2_by_round,R3,0,1,
2024,hs_ordinal_rank,hs1-10,d_college_draft_y+2_by_round,R4-5,0,1,
2024,hs_ordinal_rank,hs1-10,d_college_draft_y+2_by_round,R6-10,0,1,
2024,hs_ordinal_rank,hs1-10,d_college_draft_y+2_by_round,R11+,0,1,
2024,hs_ordinal_rank,hs1-10,d_college_draft_y+2_by_college_tier,p4,0,1,
2024,hs_ordinal_rank,hs1-10,d_college_draft_y+2_by_college_tier,mid,0,1,
2024,hs_ordinal_rank,hs1-10,d_college_draft_y+2_by_college_tier,low,0,1,
2024,hs_ordinal_rank,hs1-10,d_college_draft_y+2_by_college_tier,other,0,1,
2024,hs_ordinal_rank,hs11-25,sample,ranked_hs_prospects,15,15,
2024,hs_ordinal_rank,hs11-25,a_commitment,p4,12,15,
2024,hs_ordinal_rank,hs11-25,a_commitment,mid,0,15,
2024,hs_ordinal_rank,hs11-25,a_commitment,low,0,15,
2024,hs_ordinal_rank,hs11-25,a_commitment,non-D1,0,15,
2024,hs_ordinal_rank,hs11-25,a_commitment,uncommitted,0,15,
2024,hs_ordinal_rank,hs11-25,a_commitment,not stated,3,15,
2024,hs_ordinal_rank,hs11-25,a_commitment,unmatched,0,15,
2024,hs_ordinal_rank,hs11-25,b_hs_draft,drafted,15,15,
2024,hs_ordinal_rank,hs11-25,b_hs_draft,drafted_signed,14,15,
2024,hs_ordinal_rank,hs11-25,b_hs_draft,drafted_unsigned,1,15,
2024,hs_ordinal_rank,hs11-25,b_hs_draft,undrafted,0,15,
2024,hs_ordinal_rank,hs11-25,b_hs_draft_signed_by_round,R1,5,15,
2024,hs_ordinal_rank,hs11-25,b_hs_draft_unsigned_by_round,R1,0,15,
2024,hs_ordinal_rank,hs11-25,b_hs_draft_signed_by_round,R2,8,15,
2024,hs_ordinal_rank,hs11-25,b_hs_draft_unsigned_by_round,R2,1,15,
2024,hs_ordinal_rank,hs11-25,b_hs_draft_signed_by_round,R3,1,15,
2024,hs_ordinal_rank,hs11-25,b_hs_draft_unsigned_by_round,R3,0,15,
2024,hs_ordinal_rank,hs11-25,b_hs_draft_signed_by_round,R4-5,0,15,
2024,hs_ordinal_rank,hs11-25,b_hs_draft_unsigned_by_round,R4-5,0,15,
2024,hs_ordinal_rank,hs11-25,b_hs_draft_signed_by_round,R6-10,0,15,
2024,hs_ordinal_rank,hs11-25,b_hs_draft_unsigned_by_round,R6-10,0,15,
2024,hs_ordinal_rank,hs11-25,b_hs_draft_signed_by_round,R11+,0,15,
2024,hs_ordinal_rank,hs11-25,b_hs_draft_unsigned_by_round,R11+,0,15,
2024,hs_ordinal_rank,hs11-25,c_campus,reached_campus,1,15,unsigned or undrafted; commitment tier from the Pipeline blurb
2024,hs_ordinal_rank,hs11-25,c_campus_by_commit_tier,p4,1,1,
2024,hs_ordinal_rank,hs11-25,c_campus_by_commit_tier,mid,0,1,
2024,hs_ordinal_rank,hs11-25,c_campus_by_commit_tier,low,0,1,
2024,hs_ordinal_rank,hs11-25,c_campus_by_commit_tier,non-D1,0,1,
2024,hs_ordinal_rank,hs11-25,c_campus_by_commit_tier,uncommitted,0,1,
2024,hs_ordinal_rank,hs11-25,c_campus_by_commit_tier,not stated,0,1,
2024,hs_ordinal_rank,hs11-25,c_campus_by_commit_tier,unmatched,0,1,
2024,hs_ordinal_rank,hs11-25,d_college_draft_y+2,drafted,0,1,
2024,hs_ordinal_rank,hs11-25,d_college_draft_y+2,drafted_signed,0,1,
2024,hs_ordinal_rank,hs11-25,d_college_draft_y+2_by_round,R1,0,1,
2024,hs_ordinal_rank,hs11-25,d_college_draft_y+2_by_round,R2,0,1,
2024,hs_ordinal_rank,hs11-25,d_college_draft_y+2_by_round,R3,0,1,
2024,hs_ordinal_rank,hs11-25,d_college_draft_y+2_by_round,R4-5,0,1,
2024,hs_ordinal_rank,hs11-25,d_college_draft_y+2_by_round,R6-10,0,1,
2024,hs_ordinal_rank,hs11-25,d_college_draft_y+2_by_round,R11+,0,1,
2024,hs_ordinal_rank,hs11-25,d_college_draft_y+2_by_college_tier,p4,0,1,
2024,hs_ordinal_rank,hs11-25,d_college_draft_y+2_by_college_tier,mid,0,1,
2024,hs_ordinal_rank,hs11-25,d_college_draft_y+2_by_college_tier,low,0,1,
2024,hs_ordinal_rank,hs11-25,d_college_draft_y+2_by_college_tier,other,0,1,
2024,hs_ordinal_rank,hs26-50,sample,ranked_hs_prospects,25,25,
2024,hs_ordinal_rank,hs26-50,a_commitment,p4,18,25,
2024,hs_ordinal_rank,hs26-50,a_commitment,mid,0,25,
2024,hs_ordinal_rank,hs26-50,a_commitment,low,0,25,
2024,hs_ordinal_rank,hs26-50,a_commitment,non-D1,0,25,
2024,hs_ordinal_rank,hs26-50,a_commitment,uncommitted,0,25,
2024,hs_ordinal_rank,hs26-50,a_commitment,not stated,7,25,
2024,hs_ordinal_rank,hs26-50,a_commitment,unmatched,0,25,
2024,hs_ordinal_rank,hs26-50,b_hs_draft,drafted,12,25,
2024,hs_ordinal_rank,hs26-50,b_hs_draft,drafted_signed,8,25,
2024,hs_ordinal_rank,hs26-50,b_hs_draft,drafted_unsigned,4,25,
2024,hs_ordinal_rank,hs26-50,b_hs_draft,undrafted,13,25,
2024,hs_ordinal_rank,hs26-50,b_hs_draft_signed_by_round,R1,1,25,
2024,hs_ordinal_rank,hs26-50,b_hs_draft_unsigned_by_round,R1,0,25,
2024,hs_ordinal_rank,hs26-50,b_hs_draft_signed_by_round,R2,4,25,
2024,hs_ordinal_rank,hs26-50,b_hs_draft_unsigned_by_round,R2,1,25,
2024,hs_ordinal_rank,hs26-50,b_hs_draft_signed_by_round,R3,0,25,
2024,hs_ordinal_rank,hs26-50,b_hs_draft_unsigned_by_round,R3,0,25,
2024,hs_ordinal_rank,hs26-50,b_hs_draft_signed_by_round,R4-5,1,25,
2024,hs_ordinal_rank,hs26-50,b_hs_draft_unsigned_by_round,R4-5,0,25,
2024,hs_ordinal_rank,hs26-50,b_hs_draft_signed_by_round,R6-10,2,25,
2024,hs_ordinal_rank,hs26-50,b_hs_draft_unsigned_by_round,R6-10,0,25,
2024,hs_ordinal_rank,hs26-50,b_hs_draft_signed_by_round,R11+,0,25,
2024,hs_ordinal_rank,hs26-50,b_hs_draft_unsigned_by_round,R11+,3,25,
2024,hs_ordinal_rank,hs26-50,c_campus,reached_campus,17,25,unsigned or undrafted; commitment tier from the Pipeline blurb
2024,hs_ordinal_rank,hs26-50,c_campus_by_commit_tier,p4,10,17,
2024,hs_ordinal_rank,hs26-50,c_campus_by_commit_tier,mid,0,17,
2024,hs_ordinal_rank,hs26-50,c_campus_by_commit_tier,low,0,17,
2024,hs_ordinal_rank,hs26-50,c_campus_by_commit_tier,non-D1,0,17,
2024,hs_ordinal_rank,hs26-50,c_campus_by_commit_tier,uncommitted,0,17,
2024,hs_ordinal_rank,hs26-50,c_campus_by_commit_tier,not stated,7,17,
2024,hs_ordinal_rank,hs26-50,c_campus_by_commit_tier,unmatched,0,17,
2024,hs_ordinal_rank,hs26-50,d_college_draft_y+2,drafted,5,17,
2024,hs_ordinal_rank,hs26-50,d_college_draft_y+2,drafted_signed,5,17,
2024,hs_ordinal_rank,hs26-50,d_college_draft_y+2_by_round,R1,3,17,
2024,hs_ordinal_rank,hs26-50,d_college_draft_y+2_by_round,R2,0,17,
2024,hs_ordinal_rank,hs26-50,d_college_draft_y+2_by_round,R3,0,17,
2024,hs_ordinal_rank,hs26-50,d_college_draft_y+2_by_round,R4-5,0,17,
2024,hs_ordinal_rank,hs26-50,d_college_draft_y+2_by_round,R6-10,1,17,
2024,hs_ordinal_rank,hs26-50,d_college_draft_y+2_by_round,R11+,1,17,
2024,hs_ordinal_rank,hs26-50,d_college_draft_y+2_by_college_tier,p4,4,17,
2024,hs_ordinal_rank,hs26-50,d_college_draft_y+2_by_college_tier,mid,0,17,
2024,hs_ordinal_rank,hs26-50,d_college_draft_y+2_by_college_tier,low,0,17,
2024,hs_ordinal_rank,hs26-50,d_college_draft_y+2_by_college_tier,other,1,17,
2024,hs_ordinal_rank,hs51+,sample,ranked_hs_prospects,38,38,
2024,hs_ordinal_rank,hs51+,a_commitment,p4,28,38,
2024,hs_ordinal_rank,hs51+,a_commitment,mid,1,38,
2024,hs_ordinal_rank,hs51+,a_commitment,low,0,38,
2024,hs_ordinal_rank,hs51+,a_commitment,non-D1,1,38,
2024,hs_ordinal_rank,hs51+,a_commitment,uncommitted,0,38,
2024,hs_ordinal_rank,hs51+,a_commitment,not stated,8,38,
2024,hs_ordinal_rank,hs51+,a_commitment,unmatched,0,38,
2024,hs_ordinal_rank,hs51+,b_hs_draft,drafted,16,38,
2024,hs_ordinal_rank,hs51+,b_hs_draft,drafted_signed,9,38,
2024,hs_ordinal_rank,hs51+,b_hs_draft,drafted_unsigned,7,38,
2024,hs_ordinal_rank,hs51+,b_hs_draft,undrafted,22,38,
2024,hs_ordinal_rank,hs51+,b_hs_draft_signed_by_round,R1,0,38,
2024,hs_ordinal_rank,hs51+,b_hs_draft_unsigned_by_round,R1,0,38,
2024,hs_ordinal_rank,hs51+,b_hs_draft_signed_by_round,R2,0,38,
2024,hs_ordinal_rank,hs51+,b_hs_draft_unsigned_by_round,R2,0,38,
2024,hs_ordinal_rank,hs51+,b_hs_draft_signed_by_round,R3,2,38,
2024,hs_ordinal_rank,hs51+,b_hs_draft_unsigned_by_round,R3,0,38,
2024,hs_ordinal_rank,hs51+,b_hs_draft_signed_by_round,R4-5,4,38,
2024,hs_ordinal_rank,hs51+,b_hs_draft_unsigned_by_round,R4-5,0,38,
2024,hs_ordinal_rank,hs51+,b_hs_draft_signed_by_round,R6-10,2,38,
2024,hs_ordinal_rank,hs51+,b_hs_draft_unsigned_by_round,R6-10,0,38,
2024,hs_ordinal_rank,hs51+,b_hs_draft_signed_by_round,R11+,1,38,
2024,hs_ordinal_rank,hs51+,b_hs_draft_unsigned_by_round,R11+,7,38,
2024,hs_ordinal_rank,hs51+,c_campus,reached_campus,29,38,unsigned or undrafted; commitment tier from the Pipeline blurb
2024,hs_ordinal_rank,hs51+,c_campus_by_commit_tier,p4,22,29,
2024,hs_ordinal_rank,hs51+,c_campus_by_commit_tier,mid,1,29,
2024,hs_ordinal_rank,hs51+,c_campus_by_commit_tier,low,0,29,
2024,hs_ordinal_rank,hs51+,c_campus_by_commit_tier,non-D1,1,29,
2024,hs_ordinal_rank,hs51+,c_campus_by_commit_tier,uncommitted,0,29,
2024,hs_ordinal_rank,hs51+,c_campus_by_commit_tier,not stated,5,29,
2024,hs_ordinal_rank,hs51+,c_campus_by_commit_tier,unmatched,0,29,
2024,hs_ordinal_rank,hs51+,d_college_draft_y+2,drafted,4,29,
2024,hs_ordinal_rank,hs51+,d_college_draft_y+2,drafted_signed,4,29,
2024,hs_ordinal_rank,hs51+,d_college_draft_y+2_by_round,R1,2,29,
2024,hs_ordinal_rank,hs51+,d_college_draft_y+2_by_round,R2,2,29,
2024,hs_ordinal_rank,hs51+,d_college_draft_y+2_by_round,R3,0,29,
2024,hs_ordinal_rank,hs51+,d_college_draft_y+2_by_round,R4-5,0,29,
2024,hs_ordinal_rank,hs51+,d_college_draft_y+2_by_round,R6-10,0,29,
2024,hs_ordinal_rank,hs51+,d_college_draft_y+2_by_round,R11+,0,29,
2024,hs_ordinal_rank,hs51+,d_college_draft_y+2_by_college_tier,p4,4,29,
2024,hs_ordinal_rank,hs51+,d_college_draft_y+2_by_college_tier,mid,0,29,
2024,hs_ordinal_rank,hs51+,d_college_draft_y+2_by_college_tier,low,0,29,
2024,hs_ordinal_rank,hs51+,d_college_draft_y+2_by_college_tier,other,0,29,
2019-2024,hs_ordinal_rank,hs1-10,sample,ranked_hs_prospects,60,60,
2019-2024,hs_ordinal_rank,hs1-10,a_commitment,p4,55,60,
2019-2024,hs_ordinal_rank,hs1-10,a_commitment,mid,0,60,
2019-2024,hs_ordinal_rank,hs1-10,a_commitment,low,0,60,
2019-2024,hs_ordinal_rank,hs1-10,a_commitment,non-D1,0,60,
2019-2024,hs_ordinal_rank,hs1-10,a_commitment,uncommitted,0,60,
2019-2024,hs_ordinal_rank,hs1-10,a_commitment,not stated,5,60,
2019-2024,hs_ordinal_rank,hs1-10,a_commitment,unmatched,0,60,
2019-2024,hs_ordinal_rank,hs1-10,b_hs_draft,drafted,59,60,
2019-2024,hs_ordinal_rank,hs1-10,b_hs_draft,drafted_signed,58,60,
2019-2024,hs_ordinal_rank,hs1-10,b_hs_draft,drafted_unsigned,1,60,
2019-2024,hs_ordinal_rank,hs1-10,b_hs_draft,undrafted,1,60,
2019-2024,hs_ordinal_rank,hs1-10,b_hs_draft_signed_by_round,R1,51,60,
2019-2024,hs_ordinal_rank,hs1-10,b_hs_draft_unsigned_by_round,R1,0,60,
2019-2024,hs_ordinal_rank,hs1-10,b_hs_draft_signed_by_round,R2,5,60,
2019-2024,hs_ordinal_rank,hs1-10,b_hs_draft_unsigned_by_round,R2,0,60,
2019-2024,hs_ordinal_rank,hs1-10,b_hs_draft_signed_by_round,R3,1,60,
2019-2024,hs_ordinal_rank,hs1-10,b_hs_draft_unsigned_by_round,R3,0,60,
2019-2024,hs_ordinal_rank,hs1-10,b_hs_draft_signed_by_round,R4-5,1,60,
2019-2024,hs_ordinal_rank,hs1-10,b_hs_draft_unsigned_by_round,R4-5,0,60,
2019-2024,hs_ordinal_rank,hs1-10,b_hs_draft_signed_by_round,R6-10,0,60,
2019-2024,hs_ordinal_rank,hs1-10,b_hs_draft_unsigned_by_round,R6-10,0,60,
2019-2024,hs_ordinal_rank,hs1-10,b_hs_draft_signed_by_round,R11+,0,60,
2019-2024,hs_ordinal_rank,hs1-10,b_hs_draft_unsigned_by_round,R11+,1,60,
2019-2024,hs_ordinal_rank,hs1-10,c_campus,reached_campus,2,60,unsigned or undrafted; commitment tier from the Pipeline blurb
2019-2024,hs_ordinal_rank,hs1-10,c_campus_by_commit_tier,p4,1,2,
2019-2024,hs_ordinal_rank,hs1-10,c_campus_by_commit_tier,mid,0,2,
2019-2024,hs_ordinal_rank,hs1-10,c_campus_by_commit_tier,low,0,2,
2019-2024,hs_ordinal_rank,hs1-10,c_campus_by_commit_tier,non-D1,0,2,
2019-2024,hs_ordinal_rank,hs1-10,c_campus_by_commit_tier,uncommitted,0,2,
2019-2024,hs_ordinal_rank,hs1-10,c_campus_by_commit_tier,not stated,1,2,
2019-2024,hs_ordinal_rank,hs1-10,c_campus_by_commit_tier,unmatched,0,2,
2019-2024,hs_ordinal_rank,hs11-25,sample,ranked_hs_prospects,90,90,
2019-2024,hs_ordinal_rank,hs11-25,a_commitment,p4,72,90,
2019-2024,hs_ordinal_rank,hs11-25,a_commitment,mid,7,90,
2019-2024,hs_ordinal_rank,hs11-25,a_commitment,low,0,90,
2019-2024,hs_ordinal_rank,hs11-25,a_commitment,non-D1,0,90,
2019-2024,hs_ordinal_rank,hs11-25,a_commitment,uncommitted,0,90,
2019-2024,hs_ordinal_rank,hs11-25,a_commitment,not stated,11,90,
2019-2024,hs_ordinal_rank,hs11-25,a_commitment,unmatched,0,90,
2019-2024,hs_ordinal_rank,hs11-25,b_hs_draft,drafted,81,90,
2019-2024,hs_ordinal_rank,hs11-25,b_hs_draft,drafted_signed,74,90,
2019-2024,hs_ordinal_rank,hs11-25,b_hs_draft,drafted_unsigned,7,90,
2019-2024,hs_ordinal_rank,hs11-25,b_hs_draft,undrafted,9,90,
2019-2024,hs_ordinal_rank,hs11-25,b_hs_draft_signed_by_round,R1,30,90,
2019-2024,hs_ordinal_rank,hs11-25,b_hs_draft_unsigned_by_round,R1,0,90,
2019-2024,hs_ordinal_rank,hs11-25,b_hs_draft_signed_by_round,R2,35,90,
2019-2024,hs_ordinal_rank,hs11-25,b_hs_draft_unsigned_by_round,R2,1,90,
2019-2024,hs_ordinal_rank,hs11-25,b_hs_draft_signed_by_round,R3,7,90,
2019-2024,hs_ordinal_rank,hs11-25,b_hs_draft_unsigned_by_round,R3,0,90,
2019-2024,hs_ordinal_rank,hs11-25,b_hs_draft_signed_by_round,R4-5,1,90,
2019-2024,hs_ordinal_rank,hs11-25,b_hs_draft_unsigned_by_round,R4-5,0,90,
2019-2024,hs_ordinal_rank,hs11-25,b_hs_draft_signed_by_round,R6-10,1,90,
2019-2024,hs_ordinal_rank,hs11-25,b_hs_draft_unsigned_by_round,R6-10,0,90,
2019-2024,hs_ordinal_rank,hs11-25,b_hs_draft_signed_by_round,R11+,0,90,
2019-2024,hs_ordinal_rank,hs11-25,b_hs_draft_unsigned_by_round,R11+,6,90,
2019-2024,hs_ordinal_rank,hs11-25,c_campus,reached_campus,16,90,unsigned or undrafted; commitment tier from the Pipeline blurb
2019-2024,hs_ordinal_rank,hs11-25,c_campus_by_commit_tier,p4,13,16,
2019-2024,hs_ordinal_rank,hs11-25,c_campus_by_commit_tier,mid,1,16,
2019-2024,hs_ordinal_rank,hs11-25,c_campus_by_commit_tier,low,0,16,
2019-2024,hs_ordinal_rank,hs11-25,c_campus_by_commit_tier,non-D1,0,16,
2019-2024,hs_ordinal_rank,hs11-25,c_campus_by_commit_tier,uncommitted,0,16,
2019-2024,hs_ordinal_rank,hs11-25,c_campus_by_commit_tier,not stated,2,16,
2019-2024,hs_ordinal_rank,hs11-25,c_campus_by_commit_tier,unmatched,0,16,
2019-2024,hs_ordinal_rank,hs26-50,sample,ranked_hs_prospects,150,150,
2019-2024,hs_ordinal_rank,hs26-50,a_commitment,p4,127,150,
2019-2024,hs_ordinal_rank,hs26-50,a_commitment,mid,5,150,
2019-2024,hs_ordinal_rank,hs26-50,a_commitment,low,2,150,
2019-2024,hs_ordinal_rank,hs26-50,a_commitment,non-D1,0,150,
2019-2024,hs_ordinal_rank,hs26-50,a_commitment,uncommitted,0,150,
2019-2024,hs_ordinal_rank,hs26-50,a_commitment,not stated,16,150,
2019-2024,hs_ordinal_rank,hs26-50,a_commitment,unmatched,0,150,
2019-2024,hs_ordinal_rank,hs26-50,b_hs_draft,drafted,94,150,
2019-2024,hs_ordinal_rank,hs26-50,b_hs_draft,drafted_signed,71,150,
2019-2024,hs_ordinal_rank,hs26-50,b_hs_draft,drafted_unsigned,23,150,
2019-2024,hs_ordinal_rank,hs26-50,b_hs_draft,undrafted,56,150,
2019-2024,hs_ordinal_rank,hs26-50,b_hs_draft_signed_by_round,R1,12,150,
2019-2024,hs_ordinal_rank,hs26-50,b_hs_draft_unsigned_by_round,R1,0,150,
2019-2024,hs_ordinal_rank,hs26-50,b_hs_draft_signed_by_round,R2,22,150,
2019-2024,hs_ordinal_rank,hs26-50,b_hs_draft_unsigned_by_round,R2,1,150,
2019-2024,hs_ordinal_rank,hs26-50,b_hs_draft_signed_by_round,R3,16,150,
2019-2024,hs_ordinal_rank,hs26-50,b_hs_draft_unsigned_by_round,R3,0,150,
2019-2024,hs_ordinal_rank,hs26-50,b_hs_draft_signed_by_round,R4-5,13,150,
2019-2024,hs_ordinal_rank,hs26-50,b_hs_draft_unsigned_by_round,R4-5,0,150,
2019-2024,hs_ordinal_rank,hs26-50,b_hs_draft_signed_by_round,R6-10,4,150,
2019-2024,hs_ordinal_rank,hs26-50,b_hs_draft_unsigned_by_round,R6-10,0,150,
2019-2024,hs_ordinal_rank,hs26-50,b_hs_draft_signed_by_round,R11+,4,150,
2019-2024,hs_ordinal_rank,hs26-50,b_hs_draft_unsigned_by_round,R11+,22,150,
2019-2024,hs_ordinal_rank,hs26-50,c_campus,reached_campus,79,150,unsigned or undrafted; commitment tier from the Pipeline blurb
2019-2024,hs_ordinal_rank,hs26-50,c_campus_by_commit_tier,p4,62,79,
2019-2024,hs_ordinal_rank,hs26-50,c_campus_by_commit_tier,mid,3,79,
2019-2024,hs_ordinal_rank,hs26-50,c_campus_by_commit_tier,low,1,79,
2019-2024,hs_ordinal_rank,hs26-50,c_campus_by_commit_tier,non-D1,0,79,
2019-2024,hs_ordinal_rank,hs26-50,c_campus_by_commit_tier,uncommitted,0,79,
2019-2024,hs_ordinal_rank,hs26-50,c_campus_by_commit_tier,not stated,13,79,
2019-2024,hs_ordinal_rank,hs26-50,c_campus_by_commit_tier,unmatched,0,79,
2019-2024,hs_ordinal_rank,hs51+,sample,ranked_hs_prospects,257,257,
2019-2024,hs_ordinal_rank,hs51+,a_commitment,p4,180,257,
2019-2024,hs_ordinal_rank,hs51+,a_commitment,mid,31,257,
2019-2024,hs_ordinal_rank,hs51+,a_commitment,low,0,257,
2019-2024,hs_ordinal_rank,hs51+,a_commitment,non-D1,7,257,
2019-2024,hs_ordinal_rank,hs51+,a_commitment,uncommitted,0,257,
2019-2024,hs_ordinal_rank,hs51+,a_commitment,not stated,39,257,
2019-2024,hs_ordinal_rank,hs51+,a_commitment,unmatched,0,257,
2019-2024,hs_ordinal_rank,hs51+,b_hs_draft,drafted,115,257,
2019-2024,hs_ordinal_rank,hs51+,b_hs_draft,drafted_signed,75,257,
2019-2024,hs_ordinal_rank,hs51+,b_hs_draft,drafted_unsigned,40,257,
2019-2024,hs_ordinal_rank,hs51+,b_hs_draft,undrafted,142,257,
2019-2024,hs_ordinal_rank,hs51+,b_hs_draft_signed_by_round,R1,1,257,
2019-2024,hs_ordinal_rank,hs51+,b_hs_draft_unsigned_by_round,R1,0,257,
2019-2024,hs_ordinal_rank,hs51+,b_hs_draft_signed_by_round,R2,2,257,
2019-2024,hs_ordinal_rank,hs51+,b_hs_draft_unsigned_by_round,R2,0,257,
2019-2024,hs_ordinal_rank,hs51+,b_hs_draft_signed_by_round,R3,19,257,
2019-2024,hs_ordinal_rank,hs51+,b_hs_draft_unsigned_by_round,R3,0,257,
2019-2024,hs_ordinal_rank,hs51+,b_hs_draft_signed_by_round,R4-5,24,257,
2019-2024,hs_ordinal_rank,hs51+,b_hs_draft_unsigned_by_round,R4-5,1,257,
2019-2024,hs_ordinal_rank,hs51+,b_hs_draft_signed_by_round,R6-10,17,257,
2019-2024,hs_ordinal_rank,hs51+,b_hs_draft_unsigned_by_round,R6-10,0,257,
2019-2024,hs_ordinal_rank,hs51+,b_hs_draft_signed_by_round,R11+,12,257,
2019-2024,hs_ordinal_rank,hs51+,b_hs_draft_unsigned_by_round,R11+,39,257,
2019-2024,hs_ordinal_rank,hs51+,c_campus,reached_campus,182,257,unsigned or undrafted; commitment tier from the Pipeline blurb
2019-2024,hs_ordinal_rank,hs51+,c_campus_by_commit_tier,p4,134,182,
2019-2024,hs_ordinal_rank,hs51+,c_campus_by_commit_tier,mid,15,182,
2019-2024,hs_ordinal_rank,hs51+,c_campus_by_commit_tier,low,0,182,
2019-2024,hs_ordinal_rank,hs51+,c_campus_by_commit_tier,non-D1,3,182,
2019-2024,hs_ordinal_rank,hs51+,c_campus_by_commit_tier,uncommitted,0,182,
2019-2024,hs_ordinal_rank,hs51+,c_campus_by_commit_tier,not stated,30,182,
2019-2024,hs_ordinal_rank,hs51+,c_campus_by_commit_tier,unmatched,0,182,
2019-2022,hs_ordinal_rank,hs1-10,sample,ranked_hs_prospects,40,40,
2019-2022,hs_ordinal_rank,hs1-10,a_commitment,p4,37,40,
2019-2022,hs_ordinal_rank,hs1-10,a_commitment,mid,0,40,
2019-2022,hs_ordinal_rank,hs1-10,a_commitment,low,0,40,
2019-2022,hs_ordinal_rank,hs1-10,a_commitment,non-D1,0,40,
2019-2022,hs_ordinal_rank,hs1-10,a_commitment,uncommitted,0,40,
2019-2022,hs_ordinal_rank,hs1-10,a_commitment,not stated,3,40,
2019-2022,hs_ordinal_rank,hs1-10,a_commitment,unmatched,0,40,
2019-2022,hs_ordinal_rank,hs1-10,b_hs_draft,drafted,40,40,
2019-2022,hs_ordinal_rank,hs1-10,b_hs_draft,drafted_signed,39,40,
2019-2022,hs_ordinal_rank,hs1-10,b_hs_draft,drafted_unsigned,1,40,
2019-2022,hs_ordinal_rank,hs1-10,b_hs_draft,undrafted,0,40,
2019-2022,hs_ordinal_rank,hs1-10,b_hs_draft_signed_by_round,R1,34,40,
2019-2022,hs_ordinal_rank,hs1-10,b_hs_draft_unsigned_by_round,R1,0,40,
2019-2022,hs_ordinal_rank,hs1-10,b_hs_draft_signed_by_round,R2,3,40,
2019-2022,hs_ordinal_rank,hs1-10,b_hs_draft_unsigned_by_round,R2,0,40,
2019-2022,hs_ordinal_rank,hs1-10,b_hs_draft_signed_by_round,R3,1,40,
2019-2022,hs_ordinal_rank,hs1-10,b_hs_draft_unsigned_by_round,R3,0,40,
2019-2022,hs_ordinal_rank,hs1-10,b_hs_draft_signed_by_round,R4-5,1,40,
2019-2022,hs_ordinal_rank,hs1-10,b_hs_draft_unsigned_by_round,R4-5,0,40,
2019-2022,hs_ordinal_rank,hs1-10,b_hs_draft_signed_by_round,R6-10,0,40,
2019-2022,hs_ordinal_rank,hs1-10,b_hs_draft_unsigned_by_round,R6-10,0,40,
2019-2022,hs_ordinal_rank,hs1-10,b_hs_draft_signed_by_round,R11+,0,40,
2019-2022,hs_ordinal_rank,hs1-10,b_hs_draft_unsigned_by_round,R11+,1,40,
2019-2022,hs_ordinal_rank,hs1-10,c_campus,reached_campus,1,40,unsigned or undrafted; commitment tier from the Pipeline blurb
2019-2022,hs_ordinal_rank,hs1-10,c_campus_by_commit_tier,p4,1,1,
2019-2022,hs_ordinal_rank,hs1-10,c_campus_by_commit_tier,mid,0,1,
2019-2022,hs_ordinal_rank,hs1-10,c_campus_by_commit_tier,low,0,1,
2019-2022,hs_ordinal_rank,hs1-10,c_campus_by_commit_tier,non-D1,0,1,
2019-2022,hs_ordinal_rank,hs1-10,c_campus_by_commit_tier,uncommitted,0,1,
2019-2022,hs_ordinal_rank,hs1-10,c_campus_by_commit_tier,not stated,0,1,
2019-2022,hs_ordinal_rank,hs1-10,c_campus_by_commit_tier,unmatched,0,1,
2019-2022,hs_ordinal_rank,hs1-10,d_college_draft_y+2,drafted,0,1,
2019-2022,hs_ordinal_rank,hs1-10,d_college_draft_y+2,drafted_signed,0,1,
2019-2022,hs_ordinal_rank,hs1-10,d_college_draft_y+2_by_round,R1,0,1,
2019-2022,hs_ordinal_rank,hs1-10,d_college_draft_y+2_by_round,R2,0,1,
2019-2022,hs_ordinal_rank,hs1-10,d_college_draft_y+2_by_round,R3,0,1,
2019-2022,hs_ordinal_rank,hs1-10,d_college_draft_y+2_by_round,R4-5,0,1,
2019-2022,hs_ordinal_rank,hs1-10,d_college_draft_y+2_by_round,R6-10,0,1,
2019-2022,hs_ordinal_rank,hs1-10,d_college_draft_y+2_by_round,R11+,0,1,
2019-2022,hs_ordinal_rank,hs1-10,d_college_draft_y+2_by_college_tier,p4,0,1,
2019-2022,hs_ordinal_rank,hs1-10,d_college_draft_y+2_by_college_tier,mid,0,1,
2019-2022,hs_ordinal_rank,hs1-10,d_college_draft_y+2_by_college_tier,low,0,1,
2019-2022,hs_ordinal_rank,hs1-10,d_college_draft_y+2_by_college_tier,other,0,1,
2019-2022,hs_ordinal_rank,hs1-10,d_college_draft_y+3,drafted,1,1,
2019-2022,hs_ordinal_rank,hs1-10,d_college_draft_y+3,drafted_signed,1,1,
2019-2022,hs_ordinal_rank,hs1-10,d_college_draft_y+3_by_round,R1,0,1,
2019-2022,hs_ordinal_rank,hs1-10,d_college_draft_y+3_by_round,R2,0,1,
2019-2022,hs_ordinal_rank,hs1-10,d_college_draft_y+3_by_round,R3,0,1,
2019-2022,hs_ordinal_rank,hs1-10,d_college_draft_y+3_by_round,R4-5,1,1,
2019-2022,hs_ordinal_rank,hs1-10,d_college_draft_y+3_by_round,R6-10,0,1,
2019-2022,hs_ordinal_rank,hs1-10,d_college_draft_y+3_by_round,R11+,0,1,
2019-2022,hs_ordinal_rank,hs1-10,d_college_draft_y+3_by_college_tier,p4,1,1,
2019-2022,hs_ordinal_rank,hs1-10,d_college_draft_y+3_by_college_tier,mid,0,1,
2019-2022,hs_ordinal_rank,hs1-10,d_college_draft_y+3_by_college_tier,low,0,1,
2019-2022,hs_ordinal_rank,hs1-10,d_college_draft_y+3_by_college_tier,other,0,1,
2019-2022,hs_ordinal_rank,hs1-10,d_college_draft_y+4,drafted,0,1,
2019-2022,hs_ordinal_rank,hs1-10,d_college_draft_y+4,drafted_signed,0,1,
2019-2022,hs_ordinal_rank,hs1-10,d_college_draft_y+4_by_round,R1,0,1,
2019-2022,hs_ordinal_rank,hs1-10,d_college_draft_y+4_by_round,R2,0,1,
2019-2022,hs_ordinal_rank,hs1-10,d_college_draft_y+4_by_round,R3,0,1,
2019-2022,hs_ordinal_rank,hs1-10,d_college_draft_y+4_by_round,R4-5,0,1,
2019-2022,hs_ordinal_rank,hs1-10,d_college_draft_y+4_by_round,R6-10,0,1,
2019-2022,hs_ordinal_rank,hs1-10,d_college_draft_y+4_by_round,R11+,0,1,
2019-2022,hs_ordinal_rank,hs1-10,d_college_draft_y+4_by_college_tier,p4,0,1,
2019-2022,hs_ordinal_rank,hs1-10,d_college_draft_y+4_by_college_tier,mid,0,1,
2019-2022,hs_ordinal_rank,hs1-10,d_college_draft_y+4_by_college_tier,low,0,1,
2019-2022,hs_ordinal_rank,hs1-10,d_college_draft_y+4_by_college_tier,other,0,1,
2019-2022,hs_ordinal_rank,hs1-10,d_college_draft_y+3or4,drafted,1,1,
2019-2022,hs_ordinal_rank,hs1-10,d_college_draft_y+3or4,drafted_signed,1,1,
2019-2022,hs_ordinal_rank,hs1-10,d_college_draft_y+2to4,drafted,1,1,
2019-2022,hs_ordinal_rank,hs1-10,d_college_draft_y+2to4_first_by_round,R1,0,1,
2019-2022,hs_ordinal_rank,hs1-10,d_college_draft_y+2to4_first_by_round,R2,0,1,
2019-2022,hs_ordinal_rank,hs1-10,d_college_draft_y+2to4_first_by_round,R3,0,1,
2019-2022,hs_ordinal_rank,hs1-10,d_college_draft_y+2to4_first_by_round,R4-5,1,1,
2019-2022,hs_ordinal_rank,hs1-10,d_college_draft_y+2to4_first_by_round,R6-10,0,1,
2019-2022,hs_ordinal_rank,hs1-10,d_college_draft_y+2to4_first_by_round,R11+,0,1,
2019-2022,hs_ordinal_rank,hs1-10,d_college_draft_y+2to4_by_commit_tier,p4,1,1,
2019-2022,hs_ordinal_rank,hs1-10,d_college_draft_y+2to4_by_commit_tier,mid,0,0,
2019-2022,hs_ordinal_rank,hs1-10,d_college_draft_y+2to4_by_commit_tier,low,0,0,
2019-2022,hs_ordinal_rank,hs1-10,d_college_tier_equals_commit_tier,same_tier,1,1,
2019-2022,hs_ordinal_rank,hs11-25,sample,ranked_hs_prospects,60,60,
2019-2022,hs_ordinal_rank,hs11-25,a_commitment,p4,49,60,
2019-2022,hs_ordinal_rank,hs11-25,a_commitment,mid,4,60,
2019-2022,hs_ordinal_rank,hs11-25,a_commitment,low,0,60,
2019-2022,hs_ordinal_rank,hs11-25,a_commitment,non-D1,0,60,
2019-2022,hs_ordinal_rank,hs11-25,a_commitment,uncommitted,0,60,
2019-2022,hs_ordinal_rank,hs11-25,a_commitment,not stated,7,60,
2019-2022,hs_ordinal_rank,hs11-25,a_commitment,unmatched,0,60,
2019-2022,hs_ordinal_rank,hs11-25,b_hs_draft,drafted,52,60,
2019-2022,hs_ordinal_rank,hs11-25,b_hs_draft,drafted_signed,47,60,
2019-2022,hs_ordinal_rank,hs11-25,b_hs_draft,drafted_unsigned,5,60,
2019-2022,hs_ordinal_rank,hs11-25,b_hs_draft,undrafted,8,60,
2019-2022,hs_ordinal_rank,hs11-25,b_hs_draft_signed_by_round,R1,18,60,
2019-2022,hs_ordinal_rank,hs11-25,b_hs_draft_unsigned_by_round,R1,0,60,
2019-2022,hs_ordinal_rank,hs11-25,b_hs_draft_signed_by_round,R2,24,60,
2019-2022,hs_ordinal_rank,hs11-25,b_hs_draft_unsigned_by_round,R2,0,60,
2019-2022,hs_ordinal_rank,hs11-25,b_hs_draft_signed_by_round,R3,5,60,
2019-2022,hs_ordinal_rank,hs11-25,b_hs_draft_unsigned_by_round,R3,0,60,
2019-2022,hs_ordinal_rank,hs11-25,b_hs_draft_signed_by_round,R4-5,0,60,
2019-2022,hs_ordinal_rank,hs11-25,b_hs_draft_unsigned_by_round,R4-5,0,60,
2019-2022,hs_ordinal_rank,hs11-25,b_hs_draft_signed_by_round,R6-10,0,60,
2019-2022,hs_ordinal_rank,hs11-25,b_hs_draft_unsigned_by_round,R6-10,0,60,
2019-2022,hs_ordinal_rank,hs11-25,b_hs_draft_signed_by_round,R11+,0,60,
2019-2022,hs_ordinal_rank,hs11-25,b_hs_draft_unsigned_by_round,R11+,5,60,
2019-2022,hs_ordinal_rank,hs11-25,c_campus,reached_campus,13,60,unsigned or undrafted; commitment tier from the Pipeline blurb
2019-2022,hs_ordinal_rank,hs11-25,c_campus_by_commit_tier,p4,11,13,
2019-2022,hs_ordinal_rank,hs11-25,c_campus_by_commit_tier,mid,1,13,
2019-2022,hs_ordinal_rank,hs11-25,c_campus_by_commit_tier,low,0,13,
2019-2022,hs_ordinal_rank,hs11-25,c_campus_by_commit_tier,non-D1,0,13,
2019-2022,hs_ordinal_rank,hs11-25,c_campus_by_commit_tier,uncommitted,0,13,
2019-2022,hs_ordinal_rank,hs11-25,c_campus_by_commit_tier,not stated,1,13,
2019-2022,hs_ordinal_rank,hs11-25,c_campus_by_commit_tier,unmatched,0,13,
2019-2022,hs_ordinal_rank,hs11-25,d_college_draft_y+2,drafted,5,13,
2019-2022,hs_ordinal_rank,hs11-25,d_college_draft_y+2,drafted_signed,5,13,
2019-2022,hs_ordinal_rank,hs11-25,d_college_draft_y+2_by_round,R1,4,13,
2019-2022,hs_ordinal_rank,hs11-25,d_college_draft_y+2_by_round,R2,0,13,
2019-2022,hs_ordinal_rank,hs11-25,d_college_draft_y+2_by_round,R3,0,13,
2019-2022,hs_ordinal_rank,hs11-25,d_college_draft_y+2_by_round,R4-5,1,13,
2019-2022,hs_ordinal_rank,hs11-25,d_college_draft_y+2_by_round,R6-10,0,13,
2019-2022,hs_ordinal_rank,hs11-25,d_college_draft_y+2_by_round,R11+,0,13,
2019-2022,hs_ordinal_rank,hs11-25,d_college_draft_y+2_by_college_tier,p4,5,13,
2019-2022,hs_ordinal_rank,hs11-25,d_college_draft_y+2_by_college_tier,mid,0,13,
2019-2022,hs_ordinal_rank,hs11-25,d_college_draft_y+2_by_college_tier,low,0,13,
2019-2022,hs_ordinal_rank,hs11-25,d_college_draft_y+2_by_college_tier,other,0,13,
2019-2022,hs_ordinal_rank,hs11-25,d_college_draft_y+3,drafted,8,13,
2019-2022,hs_ordinal_rank,hs11-25,d_college_draft_y+3,drafted_signed,7,13,
2019-2022,hs_ordinal_rank,hs11-25,d_college_draft_y+3_by_round,R1,1,13,
2019-2022,hs_ordinal_rank,hs11-25,d_college_draft_y+3_by_round,R2,2,13,
2019-2022,hs_ordinal_rank,hs11-25,d_college_draft_y+3_by_round,R3,0,13,
2019-2022,hs_ordinal_rank,hs11-25,d_college_draft_y+3_by_round,R4-5,1,13,
2019-2022,hs_ordinal_rank,hs11-25,d_college_draft_y+3_by_round,R6-10,1,13,
2019-2022,hs_ordinal_rank,hs11-25,d_college_draft_y+3_by_round,R11+,3,13,
2019-2022,hs_ordinal_rank,hs11-25,d_college_draft_y+3_by_college_tier,p4,7,13,
2019-2022,hs_ordinal_rank,hs11-25,d_college_draft_y+3_by_college_tier,mid,1,13,
2019-2022,hs_ordinal_rank,hs11-25,d_college_draft_y+3_by_college_tier,low,0,13,
2019-2022,hs_ordinal_rank,hs11-25,d_college_draft_y+3_by_college_tier,other,0,13,
2019-2022,hs_ordinal_rank,hs11-25,d_college_draft_y+4,drafted,1,13,
2019-2022,hs_ordinal_rank,hs11-25,d_college_draft_y+4,drafted_signed,1,13,
2019-2022,hs_ordinal_rank,hs11-25,d_college_draft_y+4_by_round,R1,0,13,
2019-2022,hs_ordinal_rank,hs11-25,d_college_draft_y+4_by_round,R2,0,13,
2019-2022,hs_ordinal_rank,hs11-25,d_college_draft_y+4_by_round,R3,0,13,
2019-2022,hs_ordinal_rank,hs11-25,d_college_draft_y+4_by_round,R4-5,0,13,
2019-2022,hs_ordinal_rank,hs11-25,d_college_draft_y+4_by_round,R6-10,0,13,
2019-2022,hs_ordinal_rank,hs11-25,d_college_draft_y+4_by_round,R11+,1,13,
2019-2022,hs_ordinal_rank,hs11-25,d_college_draft_y+4_by_college_tier,p4,1,13,
2019-2022,hs_ordinal_rank,hs11-25,d_college_draft_y+4_by_college_tier,mid,0,13,
2019-2022,hs_ordinal_rank,hs11-25,d_college_draft_y+4_by_college_tier,low,0,13,
2019-2022,hs_ordinal_rank,hs11-25,d_college_draft_y+4_by_college_tier,other,0,13,
2019-2022,hs_ordinal_rank,hs11-25,d_college_draft_y+3or4,drafted,8,13,
2019-2022,hs_ordinal_rank,hs11-25,d_college_draft_y+3or4,drafted_signed,8,13,
2019-2022,hs_ordinal_rank,hs11-25,d_college_draft_y+2to4,drafted,13,13,
2019-2022,hs_ordinal_rank,hs11-25,d_college_draft_y+2to4_first_by_round,R1,5,13,
2019-2022,hs_ordinal_rank,hs11-25,d_college_draft_y+2to4_first_by_round,R2,2,13,
2019-2022,hs_ordinal_rank,hs11-25,d_college_draft_y+2to4_first_by_round,R3,0,13,
2019-2022,hs_ordinal_rank,hs11-25,d_college_draft_y+2to4_first_by_round,R4-5,2,13,
2019-2022,hs_ordinal_rank,hs11-25,d_college_draft_y+2to4_first_by_round,R6-10,1,13,
2019-2022,hs_ordinal_rank,hs11-25,d_college_draft_y+2to4_first_by_round,R11+,3,13,
2019-2022,hs_ordinal_rank,hs11-25,d_college_draft_y+2to4_by_commit_tier,p4,11,11,
2019-2022,hs_ordinal_rank,hs11-25,d_college_draft_y+2to4_by_commit_tier,mid,1,1,
2019-2022,hs_ordinal_rank,hs11-25,d_college_draft_y+2to4_by_commit_tier,low,0,0,
2019-2022,hs_ordinal_rank,hs11-25,d_college_tier_equals_commit_tier,same_tier,12,13,
2019-2022,hs_ordinal_rank,hs26-50,sample,ranked_hs_prospects,100,100,
2019-2022,hs_ordinal_rank,hs26-50,a_commitment,p4,84,100,
2019-2022,hs_ordinal_rank,hs26-50,a_commitment,mid,5,100,
2019-2022,hs_ordinal_rank,hs26-50,a_commitment,low,2,100,
2019-2022,hs_ordinal_rank,hs26-50,a_commitment,non-D1,0,100,
2019-2022,hs_ordinal_rank,hs26-50,a_commitment,uncommitted,0,100,
2019-2022,hs_ordinal_rank,hs26-50,a_commitment,not stated,9,100,
2019-2022,hs_ordinal_rank,hs26-50,a_commitment,unmatched,0,100,
2019-2022,hs_ordinal_rank,hs26-50,b_hs_draft,drafted,66,100,
2019-2022,hs_ordinal_rank,hs26-50,b_hs_draft,drafted_signed,48,100,
2019-2022,hs_ordinal_rank,hs26-50,b_hs_draft,drafted_unsigned,18,100,
2019-2022,hs_ordinal_rank,hs26-50,b_hs_draft,undrafted,34,100,
2019-2022,hs_ordinal_rank,hs26-50,b_hs_draft_signed_by_round,R1,7,100,
2019-2022,hs_ordinal_rank,hs26-50,b_hs_draft_unsigned_by_round,R1,0,100,
2019-2022,hs_ordinal_rank,hs26-50,b_hs_draft_signed_by_round,R2,15,100,
2019-2022,hs_ordinal_rank,hs26-50,b_hs_draft_unsigned_by_round,R2,0,100,
2019-2022,hs_ordinal_rank,hs26-50,b_hs_draft_signed_by_round,R3,11,100,
2019-2022,hs_ordinal_rank,hs26-50,b_hs_draft_unsigned_by_round,R3,0,100,
2019-2022,hs_ordinal_rank,hs26-50,b_hs_draft_signed_by_round,R4-5,10,100,
2019-2022,hs_ordinal_rank,hs26-50,b_hs_draft_unsigned_by_round,R4-5,0,100,
2019-2022,hs_ordinal_rank,hs26-50,b_hs_draft_signed_by_round,R6-10,1,100,
2019-2022,hs_ordinal_rank,hs26-50,b_hs_draft_unsigned_by_round,R6-10,0,100,
2019-2022,hs_ordinal_rank,hs26-50,b_hs_draft_signed_by_round,R11+,4,100,
2019-2022,hs_ordinal_rank,hs26-50,b_hs_draft_unsigned_by_round,R11+,18,100,
2019-2022,hs_ordinal_rank,hs26-50,c_campus,reached_campus,52,100,unsigned or undrafted; commitment tier from the Pipeline blurb
2019-2022,hs_ordinal_rank,hs26-50,c_campus_by_commit_tier,p4,42,52,
2019-2022,hs_ordinal_rank,hs26-50,c_campus_by_commit_tier,mid,3,52,
2019-2022,hs_ordinal_rank,hs26-50,c_campus_by_commit_tier,low,1,52,
2019-2022,hs_ordinal_rank,hs26-50,c_campus_by_commit_tier,non-D1,0,52,
2019-2022,hs_ordinal_rank,hs26-50,c_campus_by_commit_tier,uncommitted,0,52,
2019-2022,hs_ordinal_rank,hs26-50,c_campus_by_commit_tier,not stated,6,52,
2019-2022,hs_ordinal_rank,hs26-50,c_campus_by_commit_tier,unmatched,0,52,
2019-2022,hs_ordinal_rank,hs26-50,d_college_draft_y+2,drafted,8,52,
2019-2022,hs_ordinal_rank,hs26-50,d_college_draft_y+2,drafted_signed,7,52,
2019-2022,hs_ordinal_rank,hs26-50,d_college_draft_y+2_by_round,R1,2,52,
2019-2022,hs_ordinal_rank,hs26-50,d_college_draft_y+2_by_round,R2,2,52,
2019-2022,hs_ordinal_rank,hs26-50,d_college_draft_y+2_by_round,R3,1,52,
2019-2022,hs_ordinal_rank,hs26-50,d_college_draft_y+2_by_round,R4-5,1,52,
2019-2022,hs_ordinal_rank,hs26-50,d_college_draft_y+2_by_round,R6-10,2,52,
2019-2022,hs_ordinal_rank,hs26-50,d_college_draft_y+2_by_round,R11+,0,52,
2019-2022,hs_ordinal_rank,hs26-50,d_college_draft_y+2_by_college_tier,p4,8,52,
2019-2022,hs_ordinal_rank,hs26-50,d_college_draft_y+2_by_college_tier,mid,0,52,
2019-2022,hs_ordinal_rank,hs26-50,d_college_draft_y+2_by_college_tier,low,0,52,
2019-2022,hs_ordinal_rank,hs26-50,d_college_draft_y+2_by_college_tier,other,0,52,
2019-2022,hs_ordinal_rank,hs26-50,d_college_draft_y+3,drafted,25,52,
2019-2022,hs_ordinal_rank,hs26-50,d_college_draft_y+3,drafted_signed,25,52,
2019-2022,hs_ordinal_rank,hs26-50,d_college_draft_y+3_by_round,R1,7,52,
2019-2022,hs_ordinal_rank,hs26-50,d_college_draft_y+3_by_round,R2,1,52,
2019-2022,hs_ordinal_rank,hs26-50,d_college_draft_y+3_by_round,R3,3,52,
2019-2022,hs_ordinal_rank,hs26-50,d_college_draft_y+3_by_round,R4-5,4,52,
2019-2022,hs_ordinal_rank,hs26-50,d_college_draft_y+3_by_round,R6-10,5,52,
2019-2022,hs_ordinal_rank,hs26-50,d_college_draft_y+3_by_round,R11+,5,52,
2019-2022,hs_ordinal_rank,hs26-50,d_college_draft_y+3_by_college_tier,p4,24,52,
2019-2022,hs_ordinal_rank,hs26-50,d_college_draft_y+3_by_college_tier,mid,0,52,
2019-2022,hs_ordinal_rank,hs26-50,d_college_draft_y+3_by_college_tier,low,0,52,
2019-2022,hs_ordinal_rank,hs26-50,d_college_draft_y+3_by_college_tier,other,1,52,
2019-2022,hs_ordinal_rank,hs26-50,d_college_draft_y+4,drafted,4,52,
2019-2022,hs_ordinal_rank,hs26-50,d_college_draft_y+4,drafted_signed,3,52,
2019-2022,hs_ordinal_rank,hs26-50,d_college_draft_y+4_by_round,R1,0,52,
2019-2022,hs_ordinal_rank,hs26-50,d_college_draft_y+4_by_round,R2,0,52,
2019-2022,hs_ordinal_rank,hs26-50,d_college_draft_y+4_by_round,R3,0,52,
2019-2022,hs_ordinal_rank,hs26-50,d_college_draft_y+4_by_round,R4-5,0,52,
2019-2022,hs_ordinal_rank,hs26-50,d_college_draft_y+4_by_round,R6-10,2,52,
2019-2022,hs_ordinal_rank,hs26-50,d_college_draft_y+4_by_round,R11+,2,52,
2019-2022,hs_ordinal_rank,hs26-50,d_college_draft_y+4_by_college_tier,p4,3,52,
2019-2022,hs_ordinal_rank,hs26-50,d_college_draft_y+4_by_college_tier,mid,0,52,
2019-2022,hs_ordinal_rank,hs26-50,d_college_draft_y+4_by_college_tier,low,0,52,
2019-2022,hs_ordinal_rank,hs26-50,d_college_draft_y+4_by_college_tier,other,1,52,
2019-2022,hs_ordinal_rank,hs26-50,d_college_draft_y+3or4,drafted,28,52,
2019-2022,hs_ordinal_rank,hs26-50,d_college_draft_y+3or4,drafted_signed,28,52,
2019-2022,hs_ordinal_rank,hs26-50,d_college_draft_y+2to4,drafted,35,52,
2019-2022,hs_ordinal_rank,hs26-50,d_college_draft_y+2to4_first_by_round,R1,9,52,
2019-2022,hs_ordinal_rank,hs26-50,d_college_draft_y+2to4_first_by_round,R2,3,52,
2019-2022,hs_ordinal_rank,hs26-50,d_college_draft_y+2to4_first_by_round,R3,3,52,
2019-2022,hs_ordinal_rank,hs26-50,d_college_draft_y+2to4_first_by_round,R4-5,5,52,
2019-2022,hs_ordinal_rank,hs26-50,d_college_draft_y+2to4_first_by_round,R6-10,9,52,
2019-2022,hs_ordinal_rank,hs26-50,d_college_draft_y+2to4_first_by_round,R11+,6,52,
2019-2022,hs_ordinal_rank,hs26-50,d_college_draft_y+2to4_by_commit_tier,p4,29,42,
2019-2022,hs_ordinal_rank,hs26-50,d_college_draft_y+2to4_by_commit_tier,mid,0,3,
2019-2022,hs_ordinal_rank,hs26-50,d_college_draft_y+2to4_by_commit_tier,low,0,1,
2019-2022,hs_ordinal_rank,hs26-50,d_college_tier_equals_commit_tier,same_tier,28,35,
2019-2022,hs_ordinal_rank,hs51+,sample,ranked_hs_prospects,167,167,
2019-2022,hs_ordinal_rank,hs51+,a_commitment,p4,111,167,
2019-2022,hs_ordinal_rank,hs51+,a_commitment,mid,25,167,
2019-2022,hs_ordinal_rank,hs51+,a_commitment,low,0,167,
2019-2022,hs_ordinal_rank,hs51+,a_commitment,non-D1,6,167,
2019-2022,hs_ordinal_rank,hs51+,a_commitment,uncommitted,0,167,
2019-2022,hs_ordinal_rank,hs51+,a_commitment,not stated,25,167,
2019-2022,hs_ordinal_rank,hs51+,a_commitment,unmatched,0,167,
2019-2022,hs_ordinal_rank,hs51+,b_hs_draft,drafted,76,167,
2019-2022,hs_ordinal_rank,hs51+,b_hs_draft,drafted_signed,50,167,
2019-2022,hs_ordinal_rank,hs51+,b_hs_draft,drafted_unsigned,26,167,
2019-2022,hs_ordinal_rank,hs51+,b_hs_draft,undrafted,91,167,
2019-2022,hs_ordinal_rank,hs51+,b_hs_draft_signed_by_round,R1,1,167,
2019-2022,hs_ordinal_rank,hs51+,b_hs_draft_unsigned_by_round,R1,0,167,
2019-2022,hs_ordinal_rank,hs51+,b_hs_draft_signed_by_round,R2,2,167,
2019-2022,hs_ordinal_rank,hs51+,b_hs_draft_unsigned_by_round,R2,0,167,
2019-2022,hs_ordinal_rank,hs51+,b_hs_draft_signed_by_round,R3,13,167,
2019-2022,hs_ordinal_rank,hs51+,b_hs_draft_unsigned_by_round,R3,0,167,
2019-2022,hs_ordinal_rank,hs51+,b_hs_draft_signed_by_round,R4-5,14,167,
2019-2022,hs_ordinal_rank,hs51+,b_hs_draft_unsigned_by_round,R4-5,1,167,
2019-2022,hs_ordinal_rank,hs51+,b_hs_draft_signed_by_round,R6-10,12,167,
2019-2022,hs_ordinal_rank,hs51+,b_hs_draft_unsigned_by_round,R6-10,0,167,
2019-2022,hs_ordinal_rank,hs51+,b_hs_draft_signed_by_round,R11+,8,167,
2019-2022,hs_ordinal_rank,hs51+,b_hs_draft_unsigned_by_round,R11+,25,167,
2019-2022,hs_ordinal_rank,hs51+,c_campus,reached_campus,117,167,unsigned or undrafted; commitment tier from the Pipeline blurb
2019-2022,hs_ordinal_rank,hs51+,c_campus_by_commit_tier,p4,82,117,
2019-2022,hs_ordinal_rank,hs51+,c_campus_by_commit_tier,mid,12,117,
2019-2022,hs_ordinal_rank,hs51+,c_campus_by_commit_tier,low,0,117,
2019-2022,hs_ordinal_rank,hs51+,c_campus_by_commit_tier,non-D1,2,117,
2019-2022,hs_ordinal_rank,hs51+,c_campus_by_commit_tier,uncommitted,0,117,
2019-2022,hs_ordinal_rank,hs51+,c_campus_by_commit_tier,not stated,21,117,
2019-2022,hs_ordinal_rank,hs51+,c_campus_by_commit_tier,unmatched,0,117,
2019-2022,hs_ordinal_rank,hs51+,d_college_draft_y+2,drafted,12,117,
2019-2022,hs_ordinal_rank,hs51+,d_college_draft_y+2,drafted_signed,12,117,
2019-2022,hs_ordinal_rank,hs51+,d_college_draft_y+2_by_round,R1,2,117,
2019-2022,hs_ordinal_rank,hs51+,d_college_draft_y+2_by_round,R2,2,117,
2019-2022,hs_ordinal_rank,hs51+,d_college_draft_y+2_by_round,R3,0,117,
2019-2022,hs_ordinal_rank,hs51+,d_college_draft_y+2_by_round,R4-5,2,117,
2019-2022,hs_ordinal_rank,hs51+,d_college_draft_y+2_by_round,R6-10,3,117,
2019-2022,hs_ordinal_rank,hs51+,d_college_draft_y+2_by_round,R11+,3,117,
2019-2022,hs_ordinal_rank,hs51+,d_college_draft_y+2_by_college_tier,p4,10,117,
2019-2022,hs_ordinal_rank,hs51+,d_college_draft_y+2_by_college_tier,mid,0,117,
2019-2022,hs_ordinal_rank,hs51+,d_college_draft_y+2_by_college_tier,low,0,117,
2019-2022,hs_ordinal_rank,hs51+,d_college_draft_y+2_by_college_tier,other,2,117,
2019-2022,hs_ordinal_rank,hs51+,d_college_draft_y+3,drafted,59,117,
2019-2022,hs_ordinal_rank,hs51+,d_college_draft_y+3,drafted_signed,57,117,
2019-2022,hs_ordinal_rank,hs51+,d_college_draft_y+3_by_round,R1,9,117,
2019-2022,hs_ordinal_rank,hs51+,d_college_draft_y+3_by_round,R2,10,117,
2019-2022,hs_ordinal_rank,hs51+,d_college_draft_y+3_by_round,R3,3,117,
2019-2022,hs_ordinal_rank,hs51+,d_college_draft_y+3_by_round,R4-5,9,117,
2019-2022,hs_ordinal_rank,hs51+,d_college_draft_y+3_by_round,R6-10,13,117,
2019-2022,hs_ordinal_rank,hs51+,d_college_draft_y+3_by_round,R11+,15,117,
2019-2022,hs_ordinal_rank,hs51+,d_college_draft_y+3_by_college_tier,p4,53,117,
2019-2022,hs_ordinal_rank,hs51+,d_college_draft_y+3_by_college_tier,mid,4,117,
2019-2022,hs_ordinal_rank,hs51+,d_college_draft_y+3_by_college_tier,low,0,117,
2019-2022,hs_ordinal_rank,hs51+,d_college_draft_y+3_by_college_tier,other,2,117,
2019-2022,hs_ordinal_rank,hs51+,d_college_draft_y+4,drafted,9,117,
2019-2022,hs_ordinal_rank,hs51+,d_college_draft_y+4,drafted_signed,9,117,
2019-2022,hs_ordinal_rank,hs51+,d_college_draft_y+4_by_round,R1,0,117,
2019-2022,hs_ordinal_rank,hs51+,d_college_draft_y+4_by_round,R2,0,117,
2019-2022,hs_ordinal_rank,hs51+,d_college_draft_y+4_by_round,R3,1,117,
2019-2022,hs_ordinal_rank,hs51+,d_college_draft_y+4_by_round,R4-5,0,117,
2019-2022,hs_ordinal_rank,hs51+,d_college_draft_y+4_by_round,R6-10,4,117,
2019-2022,hs_ordinal_rank,hs51+,d_college_draft_y+4_by_round,R11+,4,117,
2019-2022,hs_ordinal_rank,hs51+,d_college_draft_y+4_by_college_tier,p4,6,117,
2019-2022,hs_ordinal_rank,hs51+,d_college_draft_y+4_by_college_tier,mid,3,117,
2019-2022,hs_ordinal_rank,hs51+,d_college_draft_y+4_by_college_tier,low,0,117,
2019-2022,hs_ordinal_rank,hs51+,d_college_draft_y+4_by_college_tier,other,0,117,
2019-2022,hs_ordinal_rank,hs51+,d_college_draft_y+3or4,drafted,66,117,
2019-2022,hs_ordinal_rank,hs51+,d_college_draft_y+3or4,drafted_signed,66,117,
2019-2022,hs_ordinal_rank,hs51+,d_college_draft_y+2to4,drafted,78,117,
2019-2022,hs_ordinal_rank,hs51+,d_college_draft_y+2to4_first_by_round,R1,11,117,
2019-2022,hs_ordinal_rank,hs51+,d_college_draft_y+2to4_first_by_round,R2,12,117,
2019-2022,hs_ordinal_rank,hs51+,d_college_draft_y+2to4_first_by_round,R3,4,117,
2019-2022,hs_ordinal_rank,hs51+,d_college_draft_y+2to4_first_by_round,R4-5,11,117,
2019-2022,hs_ordinal_rank,hs51+,d_college_draft_y+2to4_first_by_round,R6-10,19,117,
2019-2022,hs_ordinal_rank,hs51+,d_college_draft_y+2to4_first_by_round,R11+,21,117,
2019-2022,hs_ordinal_rank,hs51+,d_college_draft_y+2to4_by_commit_tier,p4,56,82,
2019-2022,hs_ordinal_rank,hs51+,d_college_draft_y+2to4_by_commit_tier,mid,8,12,
2019-2022,hs_ordinal_rank,hs51+,d_college_draft_y+2to4_by_commit_tier,low,0,0,
2019-2022,hs_ordinal_rank,hs51+,d_college_tier_equals_commit_tier,same_tier,53,78,
2018,all_hs_picks_in_draft,all,background,picks_total,1214,1214,every pick in the draft feed
2018,all_hs_picks_in_draft,all,background,hs_sr_picks,301,1214,"2019: no schoolClass in the feed, HS inferred from school name and age"
2018,all_hs_picks_in_draft,all,background,hs_sr_signed,133,301,
2018,all_hs_picks_in_draft,R1,background,hs_sr_picks,22,301,
2018,all_hs_picks_in_draft,R1,background,hs_sr_signed,17,22,
2018,all_hs_picks_in_draft,R2,background,hs_sr_picks,15,301,
2018,all_hs_picks_in_draft,R2,background,hs_sr_signed,15,15,
2018,all_hs_picks_in_draft,R3,background,hs_sr_picks,4,301,
2018,all_hs_picks_in_draft,R3,background,hs_sr_signed,4,4,
2018,all_hs_picks_in_draft,R4-5,background,hs_sr_picks,10,301,
2018,all_hs_picks_in_draft,R4-5,background,hs_sr_signed,10,10,
2018,all_hs_picks_in_draft,R6-10,background,hs_sr_picks,22,301,
2018,all_hs_picks_in_draft,R6-10,background,hs_sr_signed,22,22,
2018,all_hs_picks_in_draft,R11+,background,hs_sr_picks,228,301,
2018,all_hs_picks_in_draft,R11+,background,hs_sr_signed,65,228,
2019,all_hs_picks_in_draft,all,background,picks_total,1217,1217,every pick in the draft feed
2019,all_hs_picks_in_draft,all,background,hs_sr_picks,306,1217,"2019: no schoolClass in the feed, HS inferred from school name and age"
2019,all_hs_picks_in_draft,all,background,hs_sr_signed,137,306,
2019,all_hs_picks_in_draft,R1,background,hs_sr_picks,13,306,
2019,all_hs_picks_in_draft,R1,background,hs_sr_signed,13,13,
2019,all_hs_picks_in_draft,R2,background,hs_sr_picks,12,306,
2019,all_hs_picks_in_draft,R2,background,hs_sr_signed,12,12,
2019,all_hs_picks_in_draft,R3,background,hs_sr_picks,12,306,
2019,all_hs_picks_in_draft,R3,background,hs_sr_signed,12,12,
2019,all_hs_picks_in_draft,R4-5,background,hs_sr_picks,11,306,
2019,all_hs_picks_in_draft,R4-5,background,hs_sr_signed,11,11,
2019,all_hs_picks_in_draft,R6-10,background,hs_sr_picks,15,306,
2019,all_hs_picks_in_draft,R6-10,background,hs_sr_signed,14,15,
2019,all_hs_picks_in_draft,R11+,background,hs_sr_picks,243,306,
2019,all_hs_picks_in_draft,R11+,background,hs_sr_signed,75,243,
2020,all_hs_picks_in_draft,all,background,picks_total,160,160,every pick in the draft feed
2020,all_hs_picks_in_draft,all,background,hs_sr_picks,47,160,"2019: no schoolClass in the feed, HS inferred from school name and age"
2020,all_hs_picks_in_draft,all,background,hs_sr_signed,47,47,
2020,all_hs_picks_in_draft,R1,background,hs_sr_picks,13,47,
2020,all_hs_picks_in_draft,R1,background,hs_sr_signed,13,13,
2020,all_hs_picks_in_draft,R2,background,hs_sr_picks,12,47,
2020,all_hs_picks_in_draft,R2,background,hs_sr_signed,12,12,
2020,all_hs_picks_in_draft,R3,background,hs_sr_picks,8,47,
2020,all_hs_picks_in_draft,R3,background,hs_sr_signed,8,8,
2020,all_hs_picks_in_draft,R4-5,background,hs_sr_picks,14,47,
2020,all_hs_picks_in_draft,R4-5,background,hs_sr_signed,14,14,
2020,all_hs_picks_in_draft,R6-10,background,hs_sr_picks,0,47,
2020,all_hs_picks_in_draft,R6-10,background,hs_sr_signed,0,0,
2020,all_hs_picks_in_draft,R11+,background,hs_sr_picks,0,47,
2020,all_hs_picks_in_draft,R11+,background,hs_sr_signed,0,0,
2021,all_hs_picks_in_draft,all,background,picks_total,612,612,every pick in the draft feed
2021,all_hs_picks_in_draft,all,background,hs_sr_picks,114,612,"2019: no schoolClass in the feed, HS inferred from school name and age"
2021,all_hs_picks_in_draft,all,background,hs_sr_signed,87,114,
2021,all_hs_picks_in_draft,R1,background,hs_sr_picks,18,114,
2021,all_hs_picks_in_draft,R1,background,hs_sr_signed,18,18,
2021,all_hs_picks_in_draft,R2,background,hs_sr_picks,11,114,
2021,all_hs_picks_in_draft,R2,background,hs_sr_signed,11,11,
2021,all_hs_picks_in_draft,R3,background,hs_sr_picks,13,114,
2021,all_hs_picks_in_draft,R3,background,hs_sr_signed,13,13,
2021,all_hs_picks_in_draft,R4-5,background,hs_sr_picks,11,114,
2021,all_hs_picks_in_draft,R4-5,background,hs_sr_signed,10,11,
2021,all_hs_picks_in_draft,R6-10,background,hs_sr_picks,10,114,
2021,all_hs_picks_in_draft,R6-10,background,hs_sr_signed,10,10,
2021,all_hs_picks_in_draft,R11+,background,hs_sr_picks,51,114,
2021,all_hs_picks_in_draft,R11+,background,hs_sr_signed,25,51,
2022,all_hs_picks_in_draft,all,background,picks_total,616,616,every pick in the draft feed
2022,all_hs_picks_in_draft,all,background,hs_sr_picks,117,616,"2019: no schoolClass in the feed, HS inferred from school name and age"
2022,all_hs_picks_in_draft,all,background,hs_sr_signed,85,117,
2022,all_hs_picks_in_draft,R1,background,hs_sr_picks,16,117,
2022,all_hs_picks_in_draft,R1,background,hs_sr_signed,16,16,
2022,all_hs_picks_in_draft,R2,background,hs_sr_picks,10,117,
2022,all_hs_picks_in_draft,R2,background,hs_sr_signed,10,10,
2022,all_hs_picks_in_draft,R3,background,hs_sr_picks,3,117,
2022,all_hs_picks_in_draft,R3,background,hs_sr_signed,3,3,
2022,all_hs_picks_in_draft,R4-5,background,hs_sr_picks,8,117,
2022,all_hs_picks_in_draft,R4-5,background,hs_sr_signed,8,8,
2022,all_hs_picks_in_draft,R6-10,background,hs_sr_picks,16,117,
2022,all_hs_picks_in_draft,R6-10,background,hs_sr_signed,16,16,
2022,all_hs_picks_in_draft,R11+,background,hs_sr_picks,64,117,
2022,all_hs_picks_in_draft,R11+,background,hs_sr_signed,32,64,
2023,all_hs_picks_in_draft,all,background,picks_total,614,614,every pick in the draft feed
2023,all_hs_picks_in_draft,all,background,hs_sr_picks,124,614,"2019: no schoolClass in the feed, HS inferred from school name and age"
2023,all_hs_picks_in_draft,all,background,hs_sr_signed,95,124,
2023,all_hs_picks_in_draft,R1,background,hs_sr_picks,21,124,
2023,all_hs_picks_in_draft,R1,background,hs_sr_signed,21,21,
2023,all_hs_picks_in_draft,R2,background,hs_sr_picks,6,124,
2023,all_hs_picks_in_draft,R2,background,hs_sr_signed,6,6,
2023,all_hs_picks_in_draft,R3,background,hs_sr_picks,10,124,
2023,all_hs_picks_in_draft,R3,background,hs_sr_signed,10,10,
2023,all_hs_picks_in_draft,R4-5,background,hs_sr_picks,11,124,
2023,all_hs_picks_in_draft,R4-5,background,hs_sr_signed,11,11,
2023,all_hs_picks_in_draft,R6-10,background,hs_sr_picks,12,124,
2023,all_hs_picks_in_draft,R6-10,background,hs_sr_signed,12,12,
2023,all_hs_picks_in_draft,R11+,background,hs_sr_picks,63,124,
2023,all_hs_picks_in_draft,R11+,background,hs_sr_signed,34,63,
2024,all_hs_picks_in_draft,all,background,picks_total,615,615,every pick in the draft feed
2024,all_hs_picks_in_draft,all,background,hs_sr_picks,113,615,"2019: no schoolClass in the feed, HS inferred from school name and age"
2024,all_hs_picks_in_draft,all,background,hs_sr_signed,87,113,
2024,all_hs_picks_in_draft,R1,background,hs_sr_picks,13,113,
2024,all_hs_picks_in_draft,R1,background,hs_sr_signed,13,13,
2024,all_hs_picks_in_draft,R2,background,hs_sr_picks,17,113,
2024,all_hs_picks_in_draft,R2,background,hs_sr_signed,15,17,
2024,all_hs_picks_in_draft,R3,background,hs_sr_picks,6,113,
2024,all_hs_picks_in_draft,R3,background,hs_sr_signed,6,6,
2024,all_hs_picks_in_draft,R4-5,background,hs_sr_picks,9,113,
2024,all_hs_picks_in_draft,R4-5,background,hs_sr_signed,9,9,
2024,all_hs_picks_in_draft,R6-10,background,hs_sr_picks,12,113,
2024,all_hs_picks_in_draft,R6-10,background,hs_sr_signed,12,12,
2024,all_hs_picks_in_draft,R11+,background,hs_sr_picks,56,113,
2024,all_hs_picks_in_draft,R11+,background,hs_sr_signed,32,56,
2025,all_hs_picks_in_draft,all,background,picks_total,615,615,every pick in the draft feed
2025,all_hs_picks_in_draft,all,background,hs_sr_picks,123,615,"2019: no schoolClass in the feed, HS inferred from school name and age"
2025,all_hs_picks_in_draft,all,background,hs_sr_signed,97,123,
2025,all_hs_picks_in_draft,R1,background,hs_sr_picks,19,123,
2025,all_hs_picks_in_draft,R1,background,hs_sr_signed,19,19,
2025,all_hs_picks_in_draft,R2,background,hs_sr_picks,8,123,
2025,all_hs_picks_in_draft,R2,background,hs_sr_signed,7,8,
2025,all_hs_picks_in_draft,R3,background,hs_sr_picks,5,123,
2025,all_hs_picks_in_draft,R3,background,hs_sr_signed,5,5,
2025,all_hs_picks_in_draft,R4-5,background,hs_sr_picks,18,123,
2025,all_hs_picks_in_draft,R4-5,background,hs_sr_signed,18,18,
2025,all_hs_picks_in_draft,R6-10,background,hs_sr_picks,13,123,
2025,all_hs_picks_in_draft,R6-10,background,hs_sr_signed,12,13,
2025,all_hs_picks_in_draft,R11+,background,hs_sr_picks,58,123,
2025,all_hs_picks_in_draft,R11+,background,hs_sr_signed,34,58,
2026,all_hs_picks_in_draft,all,background,picks_total,613,613,every pick in the draft feed
2026,all_hs_picks_in_draft,all,background,hs_sr_picks,127,613,"2019: no schoolClass in the feed, HS inferred from school name and age"
2026,all_hs_picks_in_draft,all,background,hs_sr_signed,92,127,
2026,all_hs_picks_in_draft,R1,background,hs_sr_picks,14,127,
2026,all_hs_picks_in_draft,R1,background,hs_sr_signed,14,14,
2026,all_hs_picks_in_draft,R2,background,hs_sr_picks,10,127,
2026,all_hs_picks_in_draft,R2,background,hs_sr_signed,9,10,
2026,all_hs_picks_in_draft,R3,background,hs_sr_picks,7,127,
2026,all_hs_picks_in_draft,R3,background,hs_sr_signed,6,7,
2026,all_hs_picks_in_draft,R4-5,background,hs_sr_picks,13,127,
2026,all_hs_picks_in_draft,R4-5,background,hs_sr_signed,13,13,
2026,all_hs_picks_in_draft,R6-10,background,hs_sr_picks,15,127,
2026,all_hs_picks_in_draft,R6-10,background,hs_sr_signed,15,15,
2026,all_hs_picks_in_draft,R11+,background,hs_sr_picks,67,127,
2026,all_hs_picks_in_draft,R11+,background,hs_sr_signed,34,67,
2018,ba_hs_top100_2017-11,ba1-10,sample,ranked_hs_prospects,10,10,"BA HS Top 100 for the 2018 draft, published 2017-11-17"
2018,ba_hs_top100_2017-11,ba1-10,sample,found_in_mlb_registry,10,10,
2018,ba_hs_top100_2017-11,ba1-10,sample,on_pipeline_top200_at_draft,10,10,
2018,ba_hs_top100_2017-11,ba1-10,a_commitment,p4,10,10,
2018,ba_hs_top100_2017-11,ba1-10,a_commitment,mid,0,10,
2018,ba_hs_top100_2017-11,ba1-10,a_commitment,low,0,10,
2018,ba_hs_top100_2017-11,ba1-10,a_commitment,non-D1,0,10,
2018,ba_hs_top100_2017-11,ba1-10,a_commitment,uncommitted,0,10,
2018,ba_hs_top100_2017-11,ba1-10,a_commitment,not stated,0,10,
2018,ba_hs_top100_2017-11,ba1-10,a_commitment,unmatched,0,10,
2018,ba_hs_top100_2017-11,ba1-10,a_commitment,uncommitted,0,10,
2018,ba_hs_top100_2017-11,ba1-10,b_hs_draft,drafted,10,10,
2018,ba_hs_top100_2017-11,ba1-10,b_hs_draft,drafted_signed,8,10,
2018,ba_hs_top100_2017-11,ba1-10,b_hs_draft,drafted_unsigned,2,10,
2018,ba_hs_top100_2017-11,ba1-10,b_hs_draft,undrafted,0,10,
2018,ba_hs_top100_2017-11,ba1-10,b_hs_draft_signed_by_round,R1,7,10,
2018,ba_hs_top100_2017-11,ba1-10,b_hs_draft_signed_by_round,R2,1,10,
2018,ba_hs_top100_2017-11,ba1-10,b_hs_draft_signed_by_round,R3,0,10,
2018,ba_hs_top100_2017-11,ba1-10,b_hs_draft_signed_by_round,R4-5,0,10,
2018,ba_hs_top100_2017-11,ba1-10,b_hs_draft_signed_by_round,R6-10,0,10,
2018,ba_hs_top100_2017-11,ba1-10,b_hs_draft_signed_by_round,R11+,0,10,
2018,ba_hs_top100_2017-11,ba1-10,c_campus,reached_campus,2,10,
2018,ba_hs_top100_2017-11,ba1-10,c_campus_by_commit_tier,p4,2,2,
2018,ba_hs_top100_2017-11,ba1-10,c_campus_by_commit_tier,mid,0,2,
2018,ba_hs_top100_2017-11,ba1-10,c_campus_by_commit_tier,low,0,2,
2018,ba_hs_top100_2017-11,ba1-10,c_campus_by_commit_tier,non-D1,0,2,
2018,ba_hs_top100_2017-11,ba1-10,c_campus_by_commit_tier,uncommitted,0,2,
2018,ba_hs_top100_2017-11,ba1-10,c_campus_by_commit_tier,not stated,0,2,
2018,ba_hs_top100_2017-11,ba1-10,c_campus_by_commit_tier,unmatched,0,2,
2018,ba_hs_top100_2017-11,ba1-10,c_campus_by_commit_tier,uncommitted,0,2,
2018,ba_hs_top100_2017-11,ba1-10,d_college_draft_y+2,drafted,0,2,
2018,ba_hs_top100_2017-11,ba1-10,d_college_draft_y+2_by_round,R1,0,2,
2018,ba_hs_top100_2017-11,ba1-10,d_college_draft_y+2_by_round,R2,0,2,
2018,ba_hs_top100_2017-11,ba1-10,d_college_draft_y+2_by_round,R3,0,2,
2018,ba_hs_top100_2017-11,ba1-10,d_college_draft_y+2_by_round,R4-5,0,2,
2018,ba_hs_top100_2017-11,ba1-10,d_college_draft_y+2_by_round,R6-10,0,2,
2018,ba_hs_top100_2017-11,ba1-10,d_college_draft_y+2_by_round,R11+,0,2,
2018,ba_hs_top100_2017-11,ba1-10,d_college_draft_y+2_by_college_tier,p4,0,2,
2018,ba_hs_top100_2017-11,ba1-10,d_college_draft_y+2_by_college_tier,mid,0,2,
2018,ba_hs_top100_2017-11,ba1-10,d_college_draft_y+2_by_college_tier,low,0,2,
2018,ba_hs_top100_2017-11,ba1-10,d_college_draft_y+2_by_college_tier,other,0,2,
2018,ba_hs_top100_2017-11,ba1-10,d_college_draft_y+3,drafted,1,2,
2018,ba_hs_top100_2017-11,ba1-10,d_college_draft_y+3_by_round,R1,1,2,
2018,ba_hs_top100_2017-11,ba1-10,d_college_draft_y+3_by_round,R2,0,2,
2018,ba_hs_top100_2017-11,ba1-10,d_college_draft_y+3_by_round,R3,0,2,
2018,ba_hs_top100_2017-11,ba1-10,d_college_draft_y+3_by_round,R4-5,0,2,
2018,ba_hs_top100_2017-11,ba1-10,d_college_draft_y+3_by_round,R6-10,0,2,
2018,ba_hs_top100_2017-11,ba1-10,d_college_draft_y+3_by_round,R11+,0,2,
2018,ba_hs_top100_2017-11,ba1-10,d_college_draft_y+3_by_college_tier,p4,1,2,
2018,ba_hs_top100_2017-11,ba1-10,d_college_draft_y+3_by_college_tier,mid,0,2,
2018,ba_hs_top100_2017-11,ba1-10,d_college_draft_y+3_by_college_tier,low,0,2,
2018,ba_hs_top100_2017-11,ba1-10,d_college_draft_y+3_by_college_tier,other,0,2,
2018,ba_hs_top100_2017-11,ba1-10,d_college_draft_y+4,drafted,1,2,
2018,ba_hs_top100_2017-11,ba1-10,d_college_draft_y+4_by_round,R1,1,2,
2018,ba_hs_top100_2017-11,ba1-10,d_college_draft_y+4_by_round,R2,0,2,
2018,ba_hs_top100_2017-11,ba1-10,d_college_draft_y+4_by_round,R3,0,2,
2018,ba_hs_top100_2017-11,ba1-10,d_college_draft_y+4_by_round,R4-5,0,2,
2018,ba_hs_top100_2017-11,ba1-10,d_college_draft_y+4_by_round,R6-10,0,2,
2018,ba_hs_top100_2017-11,ba1-10,d_college_draft_y+4_by_round,R11+,0,2,
2018,ba_hs_top100_2017-11,ba1-10,d_college_draft_y+4_by_college_tier,p4,0,2,
2018,ba_hs_top100_2017-11,ba1-10,d_college_draft_y+4_by_college_tier,mid,0,2,
2018,ba_hs_top100_2017-11,ba1-10,d_college_draft_y+4_by_college_tier,low,0,2,
2018,ba_hs_top100_2017-11,ba1-10,d_college_draft_y+4_by_college_tier,other,1,2,
2018,ba_hs_top100_2017-11,ba1-10,d_college_draft_y+5,drafted,0,2,
2018,ba_hs_top100_2017-11,ba1-10,d_college_draft_y+5_by_round,R1,0,2,
2018,ba_hs_top100_2017-11,ba1-10,d_college_draft_y+5_by_round,R2,0,2,
2018,ba_hs_top100_2017-11,ba1-10,d_college_draft_y+5_by_round,R3,0,2,
2018,ba_hs_top100_2017-11,ba1-10,d_college_draft_y+5_by_round,R4-5,0,2,
2018,ba_hs_top100_2017-11,ba1-10,d_college_draft_y+5_by_round,R6-10,0,2,
2018,ba_hs_top100_2017-11,ba1-10,d_college_draft_y+5_by_round,R11+,0,2,
2018,ba_hs_top100_2017-11,ba1-10,d_college_draft_y+5_by_college_tier,p4,0,2,
2018,ba_hs_top100_2017-11,ba1-10,d_college_draft_y+5_by_college_tier,mid,0,2,
2018,ba_hs_top100_2017-11,ba1-10,d_college_draft_y+5_by_college_tier,low,0,2,
2018,ba_hs_top100_2017-11,ba1-10,d_college_draft_y+5_by_college_tier,other,0,2,
2018,ba_hs_top100_2017-11,ba1-10,d_college_draft_y+3or4,drafted,1,2,
2018,ba_hs_top100_2017-11,ba1-10,d_college_draft_y+2to4,drafted,1,2,
2018,ba_hs_top100_2017-11,ba1-10,d_college_draft_y+2to5,drafted,1,2,
2018,ba_hs_top100_2017-11,ba1-10,d_college_draft_y+2to4_first_by_round,R1,1,2,
2018,ba_hs_top100_2017-11,ba1-10,d_college_draft_y+2to4_first_by_round,R2,0,2,
2018,ba_hs_top100_2017-11,ba1-10,d_college_draft_y+2to4_first_by_round,R3,0,2,
2018,ba_hs_top100_2017-11,ba1-10,d_college_draft_y+2to4_first_by_round,R4-5,0,2,
2018,ba_hs_top100_2017-11,ba1-10,d_college_draft_y+2to4_first_by_round,R6-10,0,2,
2018,ba_hs_top100_2017-11,ba1-10,d_college_draft_y+2to4_first_by_round,R11+,0,2,
2018,ba_hs_top100_2017-11,ba1-10,d_college_draft_y+2to4_by_commit_tier,p4,1,2,
2018,ba_hs_top100_2017-11,ba1-10,d_college_draft_y+2to4_by_commit_tier,mid,0,0,
2018,ba_hs_top100_2017-11,ba1-10,d_college_draft_y+2to4_by_commit_tier,low,0,0,
2018,ba_hs_top100_2017-11,ba11-25,sample,ranked_hs_prospects,15,15,"BA HS Top 100 for the 2018 draft, published 2017-11-17"
2018,ba_hs_top100_2017-11,ba11-25,sample,found_in_mlb_registry,13,15,
2018,ba_hs_top100_2017-11,ba11-25,sample,on_pipeline_top200_at_draft,12,15,
2018,ba_hs_top100_2017-11,ba11-25,a_commitment,p4,15,15,
2018,ba_hs_top100_2017-11,ba11-25,a_commitment,mid,0,15,
2018,ba_hs_top100_2017-11,ba11-25,a_commitment,low,0,15,
2018,ba_hs_top100_2017-11,ba11-25,a_commitment,non-D1,0,15,
2018,ba_hs_top100_2017-11,ba11-25,a_commitment,uncommitted,0,15,
2018,ba_hs_top100_2017-11,ba11-25,a_commitment,not stated,0,15,
2018,ba_hs_top100_2017-11,ba11-25,a_commitment,unmatched,0,15,
2018,ba_hs_top100_2017-11,ba11-25,a_commitment,uncommitted,0,15,
2018,ba_hs_top100_2017-11,ba11-25,b_hs_draft,drafted,12,15,
2018,ba_hs_top100_2017-11,ba11-25,b_hs_draft,drafted_signed,6,15,
2018,ba_hs_top100_2017-11,ba11-25,b_hs_draft,drafted_unsigned,6,15,
2018,ba_hs_top100_2017-11,ba11-25,b_hs_draft,undrafted,3,15,
2018,ba_hs_top100_2017-11,ba11-25,b_hs_draft_signed_by_round,R1,4,15,
2018,ba_hs_top100_2017-11,ba11-25,b_hs_draft_signed_by_round,R2,2,15,
2018,ba_hs_top100_2017-11,ba11-25,b_hs_draft_signed_by_round,R3,0,15,
2018,ba_hs_top100_2017-11,ba11-25,b_hs_draft_signed_by_round,R4-5,0,15,
2018,ba_hs_top100_2017-11,ba11-25,b_hs_draft_signed_by_round,R6-10,0,15,
2018,ba_hs_top100_2017-11,ba11-25,b_hs_draft_signed_by_round,R11+,0,15,
2018,ba_hs_top100_2017-11,ba11-25,c_campus,reached_campus,9,15,
2018,ba_hs_top100_2017-11,ba11-25,c_campus_by_commit_tier,p4,9,9,
2018,ba_hs_top100_2017-11,ba11-25,c_campus_by_commit_tier,mid,0,9,
2018,ba_hs_top100_2017-11,ba11-25,c_campus_by_commit_tier,low,0,9,
2018,ba_hs_top100_2017-11,ba11-25,c_campus_by_commit_tier,non-D1,0,9,
2018,ba_hs_top100_2017-11,ba11-25,c_campus_by_commit_tier,uncommitted,0,9,
2018,ba_hs_top100_2017-11,ba11-25,c_campus_by_commit_tier,not stated,0,9,
2018,ba_hs_top100_2017-11,ba11-25,c_campus_by_commit_tier,unmatched,0,9,
2018,ba_hs_top100_2017-11,ba11-25,c_campus_by_commit_tier,uncommitted,0,9,
2018,ba_hs_top100_2017-11,ba11-25,d_college_draft_y+2,drafted,2,9,
2018,ba_hs_top100_2017-11,ba11-25,d_college_draft_y+2_by_round,R1,1,9,
2018,ba_hs_top100_2017-11,ba11-25,d_college_draft_y+2_by_round,R2,0,9,
2018,ba_hs_top100_2017-11,ba11-25,d_college_draft_y+2_by_round,R3,1,9,
2018,ba_hs_top100_2017-11,ba11-25,d_college_draft_y+2_by_round,R4-5,0,9,
2018,ba_hs_top100_2017-11,ba11-25,d_college_draft_y+2_by_round,R6-10,0,9,
2018,ba_hs_top100_2017-11,ba11-25,d_college_draft_y+2_by_round,R11+,0,9,
2018,ba_hs_top100_2017-11,ba11-25,d_college_draft_y+2_by_college_tier,p4,2,9,
2018,ba_hs_top100_2017-11,ba11-25,d_college_draft_y+2_by_college_tier,mid,0,9,
2018,ba_hs_top100_2017-11,ba11-25,d_college_draft_y+2_by_college_tier,low,0,9,
2018,ba_hs_top100_2017-11,ba11-25,d_college_draft_y+2_by_college_tier,other,0,9,
2018,ba_hs_top100_2017-11,ba11-25,d_college_draft_y+3,drafted,2,9,
2018,ba_hs_top100_2017-11,ba11-25,d_college_draft_y+3_by_round,R1,0,9,
2018,ba_hs_top100_2017-11,ba11-25,d_college_draft_y+3_by_round,R2,0,9,
2018,ba_hs_top100_2017-11,ba11-25,d_college_draft_y+3_by_round,R3,1,9,
2018,ba_hs_top100_2017-11,ba11-25,d_college_draft_y+3_by_round,R4-5,0,9,
2018,ba_hs_top100_2017-11,ba11-25,d_college_draft_y+3_by_round,R6-10,1,9,
2018,ba_hs_top100_2017-11,ba11-25,d_college_draft_y+3_by_round,R11+,0,9,
2018,ba_hs_top100_2017-11,ba11-25,d_college_draft_y+3_by_college_tier,p4,2,9,
2018,ba_hs_top100_2017-11,ba11-25,d_college_draft_y+3_by_college_tier,mid,0,9,
2018,ba_hs_top100_2017-11,ba11-25,d_college_draft_y+3_by_college_tier,low,0,9,
2018,ba_hs_top100_2017-11,ba11-25,d_college_draft_y+3_by_college_tier,other,0,9,
2018,ba_hs_top100_2017-11,ba11-25,d_college_draft_y+4,drafted,1,9,
2018,ba_hs_top100_2017-11,ba11-25,d_college_draft_y+4_by_round,R1,0,9,
2018,ba_hs_top100_2017-11,ba11-25,d_college_draft_y+4_by_round,R2,0,9,
2018,ba_hs_top100_2017-11,ba11-25,d_college_draft_y+4_by_round,R3,0,9,
2018,ba_hs_top100_2017-11,ba11-25,d_college_draft_y+4_by_round,R4-5,0,9,
2018,ba_hs_top100_2017-11,ba11-25,d_college_draft_y+4_by_round,R6-10,0,9,
2018,ba_hs_top100_2017-11,ba11-25,d_college_draft_y+4_by_round,R11+,1,9,
2018,ba_hs_top100_2017-11,ba11-25,d_college_draft_y+4_by_college_tier,p4,1,9,
2018,ba_hs_top100_2017-11,ba11-25,d_college_draft_y+4_by_college_tier,mid,0,9,
2018,ba_hs_top100_2017-11,ba11-25,d_college_draft_y+4_by_college_tier,low,0,9,
2018,ba_hs_top100_2017-11,ba11-25,d_college_draft_y+4_by_college_tier,other,0,9,
2018,ba_hs_top100_2017-11,ba11-25,d_college_draft_y+5,drafted,0,9,
2018,ba_hs_top100_2017-11,ba11-25,d_college_draft_y+5_by_round,R1,0,9,
2018,ba_hs_top100_2017-11,ba11-25,d_college_draft_y+5_by_round,R2,0,9,
2018,ba_hs_top100_2017-11,ba11-25,d_college_draft_y+5_by_round,R3,0,9,
2018,ba_hs_top100_2017-11,ba11-25,d_college_draft_y+5_by_round,R4-5,0,9,
2018,ba_hs_top100_2017-11,ba11-25,d_college_draft_y+5_by_round,R6-10,0,9,
2018,ba_hs_top100_2017-11,ba11-25,d_college_draft_y+5_by_round,R11+,0,9,
2018,ba_hs_top100_2017-11,ba11-25,d_college_draft_y+5_by_college_tier,p4,0,9,
2018,ba_hs_top100_2017-11,ba11-25,d_college_draft_y+5_by_college_tier,mid,0,9,
2018,ba_hs_top100_2017-11,ba11-25,d_college_draft_y+5_by_college_tier,low,0,9,
2018,ba_hs_top100_2017-11,ba11-25,d_college_draft_y+5_by_college_tier,other,0,9,
2018,ba_hs_top100_2017-11,ba11-25,d_college_draft_y+3or4,drafted,3,9,
2018,ba_hs_top100_2017-11,ba11-25,d_college_draft_y+2to4,drafted,5,9,
2018,ba_hs_top100_2017-11,ba11-25,d_college_draft_y+2to5,drafted,5,9,
2018,ba_hs_top100_2017-11,ba11-25,d_college_draft_y+2to4_first_by_round,R1,1,9,
2018,ba_hs_top100_2017-11,ba11-25,d_college_draft_y+2to4_first_by_round,R2,0,9,
2018,ba_hs_top100_2017-11,ba11-25,d_college_draft_y+2to4_first_by_round,R3,2,9,
2018,ba_hs_top100_2017-11,ba11-25,d_college_draft_y+2to4_first_by_round,R4-5,0,9,
2018,ba_hs_top100_2017-11,ba11-25,d_college_draft_y+2to4_first_by_round,R6-10,1,9,
2018,ba_hs_top100_2017-11,ba11-25,d_college_draft_y+2to4_first_by_round,R11+,1,9,
2018,ba_hs_top100_2017-11,ba11-25,d_college_draft_y+2to4_by_commit_tier,p4,5,9,
2018,ba_hs_top100_2017-11,ba11-25,d_college_draft_y+2to4_by_commit_tier,mid,0,0,
2018,ba_hs_top100_2017-11,ba11-25,d_college_draft_y+2to4_by_commit_tier,low,0,0,
2018,ba_hs_top100_2017-11,ba26-50,sample,ranked_hs_prospects,25,25,"BA HS Top 100 for the 2018 draft, published 2017-11-17"
2018,ba_hs_top100_2017-11,ba26-50,sample,found_in_mlb_registry,23,25,
2018,ba_hs_top100_2017-11,ba26-50,sample,on_pipeline_top200_at_draft,19,25,
2018,ba_hs_top100_2017-11,ba26-50,a_commitment,p4,22,25,
2018,ba_hs_top100_2017-11,ba26-50,a_commitment,mid,3,25,
2018,ba_hs_top100_2017-11,ba26-50,a_commitment,low,0,25,
2018,ba_hs_top100_2017-11,ba26-50,a_commitment,non-D1,0,25,
2018,ba_hs_top100_2017-11,ba26-50,a_commitment,uncommitted,0,25,
2018,ba_hs_top100_2017-11,ba26-50,a_commitment,not stated,0,25,
2018,ba_hs_top100_2017-11,ba26-50,a_commitment,unmatched,0,25,
2018,ba_hs_top100_2017-11,ba26-50,a_commitment,uncommitted,0,25,
2018,ba_hs_top100_2017-11,ba26-50,b_hs_draft,drafted,19,25,
2018,ba_hs_top100_2017-11,ba26-50,b_hs_draft,drafted_signed,13,25,
2018,ba_hs_top100_2017-11,ba26-50,b_hs_draft,drafted_unsigned,6,25,
2018,ba_hs_top100_2017-11,ba26-50,b_hs_draft,undrafted,6,25,
2018,ba_hs_top100_2017-11,ba26-50,b_hs_draft_signed_by_round,R1,1,25,
2018,ba_hs_top100_2017-11,ba26-50,b_hs_draft_signed_by_round,R2,7,25,
2018,ba_hs_top100_2017-11,ba26-50,b_hs_draft_signed_by_round,R3,2,25,
2018,ba_hs_top100_2017-11,ba26-50,b_hs_draft_signed_by_round,R4-5,0,25,
2018,ba_hs_top100_2017-11,ba26-50,b_hs_draft_signed_by_round,R6-10,2,25,
2018,ba_hs_top100_2017-11,ba26-50,b_hs_draft_signed_by_round,R11+,1,25,
2018,ba_hs_top100_2017-11,ba26-50,c_campus,reached_campus,12,25,
2018,ba_hs_top100_2017-11,ba26-50,c_campus_by_commit_tier,p4,11,12,
2018,ba_hs_top100_2017-11,ba26-50,c_campus_by_commit_tier,mid,1,12,
2018,ba_hs_top100_2017-11,ba26-50,c_campus_by_commit_tier,low,0,12,
2018,ba_hs_top100_2017-11,ba26-50,c_campus_by_commit_tier,non-D1,0,12,
2018,ba_hs_top100_2017-11,ba26-50,c_campus_by_commit_tier,uncommitted,0,12,
2018,ba_hs_top100_2017-11,ba26-50,c_campus_by_commit_tier,not stated,0,12,
2018,ba_hs_top100_2017-11,ba26-50,c_campus_by_commit_tier,unmatched,0,12,
2018,ba_hs_top100_2017-11,ba26-50,c_campus_by_commit_tier,uncommitted,0,12,
2018,ba_hs_top100_2017-11,ba26-50,d_college_draft_y+2,drafted,1,12,
2018,ba_hs_top100_2017-11,ba26-50,d_college_draft_y+2_by_round,R1,0,12,
2018,ba_hs_top100_2017-11,ba26-50,d_college_draft_y+2_by_round,R2,1,12,
2018,ba_hs_top100_2017-11,ba26-50,d_college_draft_y+2_by_round,R3,0,12,
2018,ba_hs_top100_2017-11,ba26-50,d_college_draft_y+2_by_round,R4-5,0,12,
2018,ba_hs_top100_2017-11,ba26-50,d_college_draft_y+2_by_round,R6-10,0,12,
2018,ba_hs_top100_2017-11,ba26-50,d_college_draft_y+2_by_round,R11+,0,12,
2018,ba_hs_top100_2017-11,ba26-50,d_college_draft_y+2_by_college_tier,p4,1,12,
2018,ba_hs_top100_2017-11,ba26-50,d_college_draft_y+2_by_college_tier,mid,0,12,
2018,ba_hs_top100_2017-11,ba26-50,d_college_draft_y+2_by_college_tier,low,0,12,
2018,ba_hs_top100_2017-11,ba26-50,d_college_draft_y+2_by_college_tier,other,0,12,
2018,ba_hs_top100_2017-11,ba26-50,d_college_draft_y+3,drafted,3,12,
2018,ba_hs_top100_2017-11,ba26-50,d_college_draft_y+3_by_round,R1,0,12,
2018,ba_hs_top100_2017-11,ba26-50,d_college_draft_y+3_by_round,R2,1,12,
2018,ba_hs_top100_2017-11,ba26-50,d_college_draft_y+3_by_round,R3,0,12,
2018,ba_hs_top100_2017-11,ba26-50,d_college_draft_y+3_by_round,R4-5,0,12,
2018,ba_hs_top100_2017-11,ba26-50,d_college_draft_y+3_by_round,R6-10,0,12,
2018,ba_hs_top100_2017-11,ba26-50,d_college_draft_y+3_by_round,R11+,2,12,
2018,ba_hs_top100_2017-11,ba26-50,d_college_draft_y+3_by_college_tier,p4,3,12,
2018,ba_hs_top100_2017-11,ba26-50,d_college_draft_y+3_by_college_tier,mid,0,12,
2018,ba_hs_top100_2017-11,ba26-50,d_college_draft_y+3_by_college_tier,low,0,12,
2018,ba_hs_top100_2017-11,ba26-50,d_college_draft_y+3_by_college_tier,other,0,12,
2018,ba_hs_top100_2017-11,ba26-50,d_college_draft_y+4,drafted,1,12,
2018,ba_hs_top100_2017-11,ba26-50,d_college_draft_y+4_by_round,R1,0,12,
2018,ba_hs_top100_2017-11,ba26-50,d_college_draft_y+4_by_round,R2,0,12,
2018,ba_hs_top100_2017-11,ba26-50,d_college_draft_y+4_by_round,R3,0,12,
2018,ba_hs_top100_2017-11,ba26-50,d_college_draft_y+4_by_round,R4-5,1,12,
2018,ba_hs_top100_2017-11,ba26-50,d_college_draft_y+4_by_round,R6-10,0,12,
2018,ba_hs_top100_2017-11,ba26-50,d_college_draft_y+4_by_round,R11+,0,12,
2018,ba_hs_top100_2017-11,ba26-50,d_college_draft_y+4_by_college_tier,p4,1,12,
2018,ba_hs_top100_2017-11,ba26-50,d_college_draft_y+4_by_college_tier,mid,0,12,
2018,ba_hs_top100_2017-11,ba26-50,d_college_draft_y+4_by_college_tier,low,0,12,
2018,ba_hs_top100_2017-11,ba26-50,d_college_draft_y+4_by_college_tier,other,0,12,
2018,ba_hs_top100_2017-11,ba26-50,d_college_draft_y+5,drafted,0,12,
2018,ba_hs_top100_2017-11,ba26-50,d_college_draft_y+5_by_round,R1,0,12,
2018,ba_hs_top100_2017-11,ba26-50,d_college_draft_y+5_by_round,R2,0,12,
2018,ba_hs_top100_2017-11,ba26-50,d_college_draft_y+5_by_round,R3,0,12,
2018,ba_hs_top100_2017-11,ba26-50,d_college_draft_y+5_by_round,R4-5,0,12,
2018,ba_hs_top100_2017-11,ba26-50,d_college_draft_y+5_by_round,R6-10,0,12,
2018,ba_hs_top100_2017-11,ba26-50,d_college_draft_y+5_by_round,R11+,0,12,
2018,ba_hs_top100_2017-11,ba26-50,d_college_draft_y+5_by_college_tier,p4,0,12,
2018,ba_hs_top100_2017-11,ba26-50,d_college_draft_y+5_by_college_tier,mid,0,12,
2018,ba_hs_top100_2017-11,ba26-50,d_college_draft_y+5_by_college_tier,low,0,12,
2018,ba_hs_top100_2017-11,ba26-50,d_college_draft_y+5_by_college_tier,other,0,12,
2018,ba_hs_top100_2017-11,ba26-50,d_college_draft_y+3or4,drafted,4,12,
2018,ba_hs_top100_2017-11,ba26-50,d_college_draft_y+2to4,drafted,5,12,
2018,ba_hs_top100_2017-11,ba26-50,d_college_draft_y+2to5,drafted,5,12,
2018,ba_hs_top100_2017-11,ba26-50,d_college_draft_y+2to4_first_by_round,R1,0,12,
2018,ba_hs_top100_2017-11,ba26-50,d_college_draft_y+2to4_first_by_round,R2,2,12,
2018,ba_hs_top100_2017-11,ba26-50,d_college_draft_y+2to4_first_by_round,R3,0,12,
2018,ba_hs_top100_2017-11,ba26-50,d_college_draft_y+2to4_first_by_round,R4-5,1,12,
2018,ba_hs_top100_2017-11,ba26-50,d_college_draft_y+2to4_first_by_round,R6-10,0,12,
2018,ba_hs_top100_2017-11,ba26-50,d_college_draft_y+2to4_first_by_round,R11+,2,12,
2018,ba_hs_top100_2017-11,ba26-50,d_college_draft_y+2to4_by_commit_tier,p4,5,11,
2018,ba_hs_top100_2017-11,ba26-50,d_college_draft_y+2to4_by_commit_tier,mid,0,1,
2018,ba_hs_top100_2017-11,ba26-50,d_college_draft_y+2to4_by_commit_tier,low,0,0,
2018,ba_hs_top100_2017-11,ba51-100,sample,ranked_hs_prospects,50,50,"BA HS Top 100 for the 2018 draft, published 2017-11-17"
2018,ba_hs_top100_2017-11,ba51-100,sample,found_in_mlb_registry,48,50,
2018,ba_hs_top100_2017-11,ba51-100,sample,on_pipeline_top200_at_draft,23,50,
2018,ba_hs_top100_2017-11,ba51-100,a_commitment,p4,45,50,
2018,ba_hs_top100_2017-11,ba51-100,a_commitment,mid,5,50,
2018,ba_hs_top100_2017-11,ba51-100,a_commitment,low,0,50,
2018,ba_hs_top100_2017-11,ba51-100,a_commitment,non-D1,0,50,
2018,ba_hs_top100_2017-11,ba51-100,a_commitment,uncommitted,0,50,
2018,ba_hs_top100_2017-11,ba51-100,a_commitment,not stated,0,50,
2018,ba_hs_top100_2017-11,ba51-100,a_commitment,unmatched,0,50,
2018,ba_hs_top100_2017-11,ba51-100,a_commitment,uncommitted,0,50,
2018,ba_hs_top100_2017-11,ba51-100,b_hs_draft,drafted,33,50,
2018,ba_hs_top100_2017-11,ba51-100,b_hs_draft,drafted_signed,13,50,
2018,ba_hs_top100_2017-11,ba51-100,b_hs_draft,drafted_unsigned,20,50,
2018,ba_hs_top100_2017-11,ba51-100,b_hs_draft,undrafted,17,50,
2018,ba_hs_top100_2017-11,ba51-100,b_hs_draft_signed_by_round,R1,2,50,
2018,ba_hs_top100_2017-11,ba51-100,b_hs_draft_signed_by_round,R2,2,50,
2018,ba_hs_top100_2017-11,ba51-100,b_hs_draft_signed_by_round,R3,1,50,
2018,ba_hs_top100_2017-11,ba51-100,b_hs_draft_signed_by_round,R4-5,2,50,
2018,ba_hs_top100_2017-11,ba51-100,b_hs_draft_signed_by_round,R6-10,3,50,
2018,ba_hs_top100_2017-11,ba51-100,b_hs_draft_signed_by_round,R11+,3,50,
2018,ba_hs_top100_2017-11,ba51-100,c_campus,reached_campus,37,50,
2018,ba_hs_top100_2017-11,ba51-100,c_campus_by_commit_tier,p4,33,37,
2018,ba_hs_top100_2017-11,ba51-100,c_campus_by_commit_tier,mid,4,37,
2018,ba_hs_top100_2017-11,ba51-100,c_campus_by_commit_tier,low,0,37,
2018,ba_hs_top100_2017-11,ba51-100,c_campus_by_commit_tier,non-D1,0,37,
2018,ba_hs_top100_2017-11,ba51-100,c_campus_by_commit_tier,uncommitted,0,37,
2018,ba_hs_top100_2017-11,ba51-100,c_campus_by_commit_tier,not stated,0,37,
2018,ba_hs_top100_2017-11,ba51-100,c_campus_by_commit_tier,unmatched,0,37,
2018,ba_hs_top100_2017-11,ba51-100,c_campus_by_commit_tier,uncommitted,0,37,
2018,ba_hs_top100_2017-11,ba51-100,d_college_draft_y+2,drafted,2,37,
2018,ba_hs_top100_2017-11,ba51-100,d_college_draft_y+2_by_round,R1,1,37,
2018,ba_hs_top100_2017-11,ba51-100,d_college_draft_y+2_by_round,R2,0,37,
2018,ba_hs_top100_2017-11,ba51-100,d_college_draft_y+2_by_round,R3,0,37,
2018,ba_hs_top100_2017-11,ba51-100,d_college_draft_y+2_by_round,R4-5,1,37,
2018,ba_hs_top100_2017-11,ba51-100,d_college_draft_y+2_by_round,R6-10,0,37,
2018,ba_hs_top100_2017-11,ba51-100,d_college_draft_y+2_by_round,R11+,0,37,
2018,ba_hs_top100_2017-11,ba51-100,d_college_draft_y+2_by_college_tier,p4,1,37,
2018,ba_hs_top100_2017-11,ba51-100,d_college_draft_y+2_by_college_tier,mid,0,37,
2018,ba_hs_top100_2017-11,ba51-100,d_college_draft_y+2_by_college_tier,low,0,37,
2018,ba_hs_top100_2017-11,ba51-100,d_college_draft_y+2_by_college_tier,other,1,37,
2018,ba_hs_top100_2017-11,ba51-100,d_college_draft_y+3,drafted,9,37,
2018,ba_hs_top100_2017-11,ba51-100,d_college_draft_y+3_by_round,R1,2,37,
2018,ba_hs_top100_2017-11,ba51-100,d_college_draft_y+3_by_round,R2,1,37,
2018,ba_hs_top100_2017-11,ba51-100,d_college_draft_y+3_by_round,R3,0,37,
2018,ba_hs_top100_2017-11,ba51-100,d_college_draft_y+3_by_round,R4-5,1,37,
2018,ba_hs_top100_2017-11,ba51-100,d_college_draft_y+3_by_round,R6-10,1,37,
2018,ba_hs_top100_2017-11,ba51-100,d_college_draft_y+3_by_round,R11+,4,37,
2018,ba_hs_top100_2017-11,ba51-100,d_college_draft_y+3_by_college_tier,p4,9,37,
2018,ba_hs_top100_2017-11,ba51-100,d_college_draft_y+3_by_college_tier,mid,0,37,
2018,ba_hs_top100_2017-11,ba51-100,d_college_draft_y+3_by_college_tier,low,0,37,
2018,ba_hs_top100_2017-11,ba51-100,d_college_draft_y+3_by_college_tier,other,0,37,
2018,ba_hs_top100_2017-11,ba51-100,d_college_draft_y+4,drafted,4,37,
2018,ba_hs_top100_2017-11,ba51-100,d_college_draft_y+4_by_round,R1,0,37,
2018,ba_hs_top100_2017-11,ba51-100,d_college_draft_y+4_by_round,R2,0,37,
2018,ba_hs_top100_2017-11,ba51-100,d_college_draft_y+4_by_round,R3,0,37,
2018,ba_hs_top100_2017-11,ba51-100,d_college_draft_y+4_by_round,R4-5,0,37,
2018,ba_hs_top100_2017-11,ba51-100,d_college_draft_y+4_by_round,R6-10,2,37,
2018,ba_hs_top100_2017-11,ba51-100,d_college_draft_y+4_by_round,R11+,2,37,
2018,ba_hs_top100_2017-11,ba51-100,d_college_draft_y+4_by_college_tier,p4,4,37,
2018,ba_hs_top100_2017-11,ba51-100,d_college_draft_y+4_by_college_tier,mid,0,37,
2018,ba_hs_top100_2017-11,ba51-100,d_college_draft_y+4_by_college_tier,low,0,37,
2018,ba_hs_top100_2017-11,ba51-100,d_college_draft_y+4_by_college_tier,other,0,37,
2018,ba_hs_top100_2017-11,ba51-100,d_college_draft_y+5,drafted,1,37,
2018,ba_hs_top100_2017-11,ba51-100,d_college_draft_y+5_by_round,R1,0,37,
2018,ba_hs_top100_2017-11,ba51-100,d_college_draft_y+5_by_round,R2,0,37,
2018,ba_hs_top100_2017-11,ba51-100,d_college_draft_y+5_by_round,R3,0,37,
2018,ba_hs_top100_2017-11,ba51-100,d_college_draft_y+5_by_round,R4-5,0,37,
2018,ba_hs_top100_2017-11,ba51-100,d_college_draft_y+5_by_round,R6-10,1,37,
2018,ba_hs_top100_2017-11,ba51-100,d_college_draft_y+5_by_round,R11+,0,37,
2018,ba_hs_top100_2017-11,ba51-100,d_college_draft_y+5_by_college_tier,p4,1,37,
2018,ba_hs_top100_2017-11,ba51-100,d_college_draft_y+5_by_college_tier,mid,0,37,
2018,ba_hs_top100_2017-11,ba51-100,d_college_draft_y+5_by_college_tier,low,0,37,
2018,ba_hs_top100_2017-11,ba51-100,d_college_draft_y+5_by_college_tier,other,0,37,
2018,ba_hs_top100_2017-11,ba51-100,d_college_draft_y+3or4,drafted,13,37,
2018,ba_hs_top100_2017-11,ba51-100,d_college_draft_y+2to4,drafted,15,37,
2018,ba_hs_top100_2017-11,ba51-100,d_college_draft_y+2to5,drafted,15,37,
2018,ba_hs_top100_2017-11,ba51-100,d_college_draft_y+2to4_first_by_round,R1,3,37,
2018,ba_hs_top100_2017-11,ba51-100,d_college_draft_y+2to4_first_by_round,R2,1,37,
2018,ba_hs_top100_2017-11,ba51-100,d_college_draft_y+2to4_first_by_round,R3,0,37,
2018,ba_hs_top100_2017-11,ba51-100,d_college_draft_y+2to4_first_by_round,R4-5,2,37,
2018,ba_hs_top100_2017-11,ba51-100,d_college_draft_y+2to4_first_by_round,R6-10,3,37,
2018,ba_hs_top100_2017-11,ba51-100,d_college_draft_y+2to4_first_by_round,R11+,6,37,
2018,ba_hs_top100_2017-11,ba51-100,d_college_draft_y+2to4_by_commit_tier,p4,14,33,
2018,ba_hs_top100_2017-11,ba51-100,d_college_draft_y+2to4_by_commit_tier,mid,1,4,
2018,ba_hs_top100_2017-11,ba51-100,d_college_draft_y+2to4_by_commit_tier,low,0,0,
