tid,ncaa_team_id,school,conference,tier,program_tradition_grade,program_tradition_score,program_tradition_confidence,conference_prestige_grade,conference_prestige_score,conference_prestige_confidence,omaha_contender_grade,omaha_contender_score,omaha_contender_confidence,academic_prestige_grade,academic_prestige_score,academic_prestige_confidence,campus_life_grade,campus_life_score,campus_life_confidence,climate_grade,climate_score,climate_confidence,money_grade,money_score,money_confidence,facilities_grade,facilities_score,facilities_confidence,ballpark_atmosphere_grade,ballpark_atmosphere_score,ballpark_atmosphere_confidence,brand_exposure_grade,brand_exposure_score,brand_exposure_confidence,draft_development_grade,draft_development_score,draft_development_confidence,coach_prestige_grade,coach_prestige_score,coach_prestige_confidence,coach_stability_grade,coach_stability_score,coach_stability_confidence,tradition_points,hosting_points,n_field_2015_2025,n_host_2015_2025,n_super_2015_2025,n_omaha_2015_2025,n_title_2015_2025,d1_winpct_2021_2025,program_tradition_score,conf_rpi_mean,conf_bids_per_member,sim_strength_o_plus_d,grad_rate_6yr,admit_rate,admit_rate_reported,enrollment,locale_code,tavg_feb_may_f,precip_days_feb_may,tmax_feb_may_f,climate_discomfort,climate_penalty_f,climate_station,climate_station_miles,baseball_expenses_2024_25,money_imputed,program_tradition_source,conference_prestige_source,omaha_contender_source,academic_prestige_source,campus_life_source,climate_source,money_source,facilities_source,ballpark_atmosphere_source,brand_exposure_source,draft_development_source,coach_prestige_source,coach_stability_source
0,596471,A&M-Corpus Christi,Southland,low,C-,0.2134,B,C+,0.386,B,F,0.0212,A,D+,0.1352,A,B-,0.5651,C,A-,0.9153,A,C,0.2883,A,C,0.3078,D,C,0.3795,D,D,0.0619,D,C-,0.2362,D,C,,D,C,,D,0.0,0.0,0,0,0,0,0,0.4389,0.2134,0.4934,0.0909,-1.1064,34,89.0,True,10855,11,72.0,23.6,78.95,0.0,1.652,USW00012926,3.3,1111127.0,False,"NCAA tournament brackets 2015-2025 (Wikipedia pages, data/ncaa_brackets) + D1 win pct 2021-2025 (data.ncaa.com scoreboards)","RPI computed from data.ncaa.com scoreboards 2021-2025 (engine/rpi.py) + bids from the brackets, 2025 conference map","the sim's drawn team strength o + d, reference world seed 20251000; a dynasty regrades it from its own draw","IPEDS 2023 DRVGR (GBA6RTT) and DRVADM (DVADM01), NCES","IPEDS 2023 DRVEF (ENRTOT) and HD2024 (LOCALE), NCES; weighting GUESS","NOAA NCEI 1991-2020 monthly normals, nearest station: daily highs against a comfortable band (GUESS) and precipitation days","EADA 2024-25, baseball total expenses (U.S. Department of Education)","GUESS proxy: baseball expenses, regional hosting, conference","GUESS proxy: regional hosting, enrollment, conference","GUESS proxy, to be replaced by TV and streaming appearance counts: conference media footprint (config MEDIA_FOOTPRINT), NCAA tournament appearances, Omaha and super regional history","GUESS proxy: program tradition, baseball expenses, conference",neutral baseline for a new coach,neutral baseline for a new coach
1,596477,Abilene Christian,WAC,mid,C,0.3404,B,C,0.3339,B,C-,0.2394,A,B,0.6726,A,C-,0.2524,C,A-,0.9153,A,B-,0.5684,A,B-,0.5179,D,D+,0.1775,D,D+,0.1498,D,C,0.3795,D,C,,D,C,,D,0.0,0.0,0,0,0,0,0,0.5858,0.3404,0.4797,0.0895,-0.3601,60,64.0,True,5114,12,62.07,23.6,74.8,0.0,1.652,USW00013962,4.3,1785262.0,False,"NCAA tournament brackets 2015-2025 (Wikipedia pages, data/ncaa_brackets) + D1 win pct 2021-2025 (data.ncaa.com scoreboards)","RPI computed from data.ncaa.com scoreboards 2021-2025 (engine/rpi.py) + bids from the brackets, 2025 conference map","the sim's drawn team strength o + d, reference world seed 20251000; a dynasty regrades it from its own draw","IPEDS 2023 DRVGR (GBA6RTT) and DRVADM (DVADM01), NCES","IPEDS 2023 DRVEF (ENRTOT) and HD2024 (LOCALE), NCES; weighting GUESS","NOAA NCEI 1991-2020 monthly normals, nearest station: daily highs against a comfortable band (GUESS) and precipitation days","EADA 2024-25, baseball total expenses (U.S. Department of Education)","GUESS proxy: baseball expenses, regional hosting, conference","GUESS proxy: regional hosting, enrollment, conference","GUESS proxy, to be replaced by TV and streaming appearance counts: conference media footprint (config MEDIA_FOOTPRINT), NCAA tournament appearances, Omaha and super regional history","GUESS proxy: program tradition, baseball expenses, conference",neutral baseline for a new coach,neutral baseline for a new coach
2,596430,Air Force,Mountain West,mid,C+,0.4739,B,C+,0.4788,B,C+,0.399,A,A-,0.9186,A,F,0.0277,C,C,0.2818,A,B-,0.5391,D,B-,0.5456,D,C,0.272,D,B-,0.5358,D,B-,0.5228,D,C,,D,C,,D,0.5946,0.0,1,0,0,0,0,0.4864,0.4739,0.4899,0.125,-0.1136,88,14.0,True,4124,41,40.9,33.7,54.55,7.35,9.709,USC00055734,6.5,1710686.0,True,"NCAA tournament brackets 2015-2025 (Wikipedia pages, data/ncaa_brackets) + D1 win pct 2021-2025 (data.ncaa.com scoreboards)","RPI computed from data.ncaa.com scoreboards 2021-2025 (engine/rpi.py) + bids from the brackets, 2025 conference map","the sim's drawn team strength o + d, reference world seed 20251000; a dynasty regrades it from its own draw","IPEDS 2023 DRVGR (GBA6RTT) and DRVADM (DVADM01), NCES","IPEDS 2023 DRVEF (ENRTOT) and HD2024 (LOCALE), NCES; weighting GUESS","NOAA NCEI 1991-2020 monthly normals, nearest station: daily highs against a comfortable band (GUESS) and precipitation days","EADA 2024-25, baseball total expenses (U.S. Department of Education)","GUESS proxy: baseball expenses, regional hosting, conference","GUESS proxy: regional hosting, enrollment, conference","GUESS proxy, to be replaced by TV and streaming appearance counts: conference media footprint (config MEDIA_FOOTPRINT), NCAA tournament appearances, Omaha and super regional history","GUESS proxy: program tradition, baseball expenses, conference",neutral baseline for a new coach,neutral baseline for a new coach
3,596419,Akron,MAC,mid,D,0.0765,B,C,0.3013,B,B+,0.7769,A,B-,0.5195,A,B-,0.5749,C,C-,0.1873,A,F,0.0277,A,D,0.0733,D,C,0.373,D,C-,0.215,D,D-,0.057,D,C,,D,C,,D,0.0,0.0,0,0,0,0,0,0.3166,0.0765,0.4761,0.0909,0.3778,53,71.0,True,13518,12,45.8,46.5,56.0,7.825,11.08,USW00014813,3.6,526191.0,False,"NCAA tournament brackets 2015-2025 (Wikipedia pages, data/ncaa_brackets) + D1 win pct 2021-2025 (data.ncaa.com scoreboards)","RPI computed from data.ncaa.com scoreboards 2021-2025 (engine/rpi.py) + bids from the brackets, 2025 conference map","the sim's drawn team strength o + d, reference world seed 20251000; a dynasty regrades it from its own draw","IPEDS 2023 DRVGR (GBA6RTT) and DRVADM (DVADM01), NCES","IPEDS 2023 DRVEF (ENRTOT) and HD2024 (LOCALE), NCES; weighting GUESS","NOAA NCEI 1991-2020 monthly normals, nearest station: daily highs against a comfortable band (GUESS) and precipitation days","EADA 2024-25, baseball total expenses (U.S. Department of Education)","GUESS proxy: baseball expenses, regional hosting, conference","GUESS proxy: regional hosting, enrollment, conference","GUESS proxy, to be replaced by TV and streaming appearance counts: conference media footprint (config MEDIA_FOOTPRINT), NCAA tournament appearances, Omaha and super regional history","GUESS proxy: program tradition, baseball expenses, conference",neutral baseline for a new coach,neutral baseline for a new coach
4,596480,Alabama,SEC,p4,A,0.9267,B,A+,0.9739,B,B+,0.7606,A,B-,0.5847,A,A-,0.8779,C,B,0.6759,A,A,0.9463,A,A,0.9528,D,A+,0.9723,D,A,0.9332,D,A,0.956,D,C,,D,C,,D,13.4938,1.8963,5,2,2,1,0,0.607,0.9267,0.5817,0.7542,0.3518,74,76.0,True,39622,12,60.38,40.4,72.1,0.0,2.828,USW00073801,2.6,6668905.0,False,"NCAA tournament brackets 2015-2025 (Wikipedia pages, data/ncaa_brackets) + D1 win pct 2021-2025 (data.ncaa.com scoreboards)","RPI computed from data.ncaa.com scoreboards 2021-2025 (engine/rpi.py) + bids from the brackets, 2025 conference map","the sim's drawn team strength o + d, reference world seed 20251000; a dynasty regrades it from its own draw","IPEDS 2023 DRVGR (GBA6RTT) and DRVADM (DVADM01), NCES","IPEDS 2023 DRVEF (ENRTOT) and HD2024 (LOCALE), NCES; weighting GUESS","NOAA NCEI 1991-2020 monthly normals, nearest station: daily highs against a comfortable band (GUESS) and precipitation days","EADA 2024-25, baseball total expenses (U.S. Department of Education)","GUESS proxy: baseball expenses, regional hosting, conference","GUESS proxy: regional hosting, enrollment, conference","GUESS proxy, to be replaced by TV and streaming appearance counts: conference media footprint (config MEDIA_FOOTPRINT), NCAA tournament appearances, Omaha and super regional history","GUESS proxy: program tradition, baseball expenses, conference",neutral baseline for a new coach,neutral baseline for a new coach
5,596478,Alabama A&M,SWAC,low,F,0.0179,B,F,0.0195,B,D+,0.1287,A,B-,0.5228,A,C,0.3176,C,B-,0.6173,A,D-,0.057,A,F,0.0244,D,D,0.0961,D,D,0.0619,D,F,0.0114,D,C,,D,C,,D,0.0,0.0,0,0,0,0,0,0.23,0.0179,0.4194,0.0833,-0.5557,29,66.0,True,6614,12,58.78,42.6,69.97,0.725,3.707,USW00003856,15.7,674499.0,False,"NCAA tournament brackets 2015-2025 (Wikipedia pages, data/ncaa_brackets) + D1 win pct 2021-2025 (data.ncaa.com scoreboards)","RPI computed from data.ncaa.com scoreboards 2021-2025 (engine/rpi.py) + bids from the brackets, 2025 conference map","the sim's drawn team strength o + d, reference world seed 20251000; a dynasty regrades it from its own draw","IPEDS 2023 DRVGR (GBA6RTT) and DRVADM (DVADM01), NCES","IPEDS 2023 DRVEF (ENRTOT) and HD2024 (LOCALE), NCES; weighting GUESS","NOAA NCEI 1991-2020 monthly normals, nearest station: daily highs against a comfortable band (GUESS) and precipitation days","EADA 2024-25, baseball total expenses (U.S. Department of Education)","GUESS proxy: baseball expenses, regional hosting, conference","GUESS proxy: regional hosting, enrollment, conference","GUESS proxy, to be replaced by TV and streaming appearance counts: conference media footprint (config MEDIA_FOOTPRINT), NCAA tournament appearances, Omaha and super regional history","GUESS proxy: program tradition, baseball expenses, conference",neutral baseline for a new coach,neutral baseline for a new coach
6,596479,Alabama St.,SWAC,low,B,0.715,B,F,0.0195,B,D+,0.1221,A,F,0.0114,A,C-,0.2134,C,B,0.7313,A,D,0.0733,A,D-,0.0375,D,F,0.0261,D,B-,0.5326,D,C-,0.2557,D,C,,D,C,,D,1.994,0.0,3,0,0,0,0,0.5857,0.715,0.4194,0.0833,-0.5647,30,96.0,True,3870,12,62.77,34.4,75.35,0.0,2.408,USW00013895,7.9,711717.0,False,"NCAA tournament brackets 2015-2025 (Wikipedia pages, data/ncaa_brackets) + D1 win pct 2021-2025 (data.ncaa.com scoreboards)","RPI computed from data.ncaa.com scoreboards 2021-2025 (engine/rpi.py) + bids from the brackets, 2025 conference map","the sim's drawn team strength o + d, reference world seed 20251000; a dynasty regrades it from its own draw","IPEDS 2023 DRVGR (GBA6RTT) and DRVADM (DVADM01), NCES","IPEDS 2023 DRVEF (ENRTOT) and HD2024 (LOCALE), NCES; weighting GUESS","NOAA NCEI 1991-2020 monthly normals, nearest station: daily highs against a comfortable band (GUESS) and precipitation days","EADA 2024-25, baseball total expenses (U.S. Department of Education)","GUESS proxy: baseball expenses, regional hosting, conference","GUESS proxy: regional hosting, enrollment, conference","GUESS proxy, to be replaced by TV and streaming appearance counts: conference media footprint (config MEDIA_FOOTPRINT), NCAA tournament appearances, Omaha and super regional history","GUESS proxy: program tradition, baseball expenses, conference",neutral baseline for a new coach,neutral baseline for a new coach
7,596483,Alcorn,SWAC,low,F,0.0049,B,F,0.0195,B,D+,0.1352,A,B,0.715,A,F,0.0016,C,B+,0.7818,A,D-,0.0309,A,F,0.0114,D,F,0.0114,D,D,0.0619,D,F,0.0049,D,C,,D,C,,D,0.0,0.0,0,0,0,0,0,0.1108,0.0049,0.4194,0.0833,-0.5457,45,25.0,True,2894,43,61.85,32.0,73.88,0.0,2.24,USC00168163,7.3,564424.0,False,"NCAA tournament brackets 2015-2025 (Wikipedia pages, data/ncaa_brackets) + D1 win pct 2021-2025 (data.ncaa.com scoreboards)","RPI computed from data.ncaa.com scoreboards 2021-2025 (engine/rpi.py) + bids from the brackets, 2025 conference map","the sim's drawn team strength o + d, reference world seed 20251000; a dynasty regrades it from its own draw","IPEDS 2023 DRVGR (GBA6RTT) and DRVADM (DVADM01), NCES","IPEDS 2023 DRVEF (ENRTOT) and HD2024 (LOCALE), NCES; weighting GUESS","NOAA NCEI 1991-2020 monthly normals, nearest station: daily highs against a comfortable band (GUESS) and precipitation days","EADA 2024-25, baseball total expenses (U.S. Department of Education)","GUESS proxy: baseball expenses, regional hosting, conference","GUESS proxy: regional hosting, enrollment, conference","GUESS proxy, to be replaced by TV and streaming appearance counts: conference media footprint (config MEDIA_FOOTPRINT), NCAA tournament appearances, Omaha and super regional history","GUESS proxy: program tradition, baseball expenses, conference",neutral baseline for a new coach,neutral baseline for a new coach
8,596484,App State,Sun Belt,mid,C-,0.259,B,B,0.7394,B,B-,0.614,A,C,0.298,A,C+,0.399,C,C,0.298,A,B-,0.5977,A,B,0.6433,D,B,0.6889,D,C,0.3371,D,B-,0.5423,D,C,,D,C,,D,0.0,0.0,0,0,0,0,0,0.4788,0.259,0.5228,0.2484,0.1309,73,89.0,True,21253,32,45.4,50.7,56.88,5.9,9.449,USC00310982,2.0,1860111.0,False,"NCAA tournament brackets 2015-2025 (Wikipedia pages, data/ncaa_brackets) + D1 win pct 2021-2025 (data.ncaa.com scoreboards)","RPI computed from data.ncaa.com scoreboards 2021-2025 (engine/rpi.py) + bids from the brackets, 2025 conference map","the sim's drawn team strength o + d, reference world seed 20251000; a dynasty regrades it from its own draw","IPEDS 2023 DRVGR (GBA6RTT) and DRVADM (DVADM01), NCES","IPEDS 2023 DRVEF (ENRTOT) and HD2024 (LOCALE), NCES; weighting GUESS","NOAA NCEI 1991-2020 monthly normals, nearest station: daily highs against a comfortable band (GUESS) and precipitation days","EADA 2024-25, baseball total expenses (U.S. Department of Education)","GUESS proxy: baseball expenses, regional hosting, conference","GUESS proxy: regional hosting, enrollment, conference","GUESS proxy, to be replaced by TV and streaming appearance counts: conference media footprint (config MEDIA_FOOTPRINT), NCAA tournament appearances, Omaha and super regional history","GUESS proxy: program tradition, baseball expenses, conference",neutral baseline for a new coach,neutral baseline for a new coach
9,596706,Arizona,Big 12,p4,A,0.9332,B,A-,0.873,B,A,0.9397,A,C,0.3339,A,A+,0.9821,C,A+,0.9886,A,A,0.956,A,A,0.93,D,A,0.9593,D,A-,0.9007,D,A,0.9332,D,C,,D,C,,D,14.2051,1.3409,7,2,3,3,0,0.6192,0.9332,0.5414,0.4043,0.7875,66,86.0,True,53001,11,66.65,11.3,79.55,0.25,1.041,USC00028815,0.3,7130803.0,False,"NCAA tournament brackets 2015-2025 (Wikipedia pages, data/ncaa_brackets) + D1 win pct 2021-2025 (data.ncaa.com scoreboards)","RPI computed from data.ncaa.com scoreboards 2021-2025 (engine/rpi.py) + bids from the brackets, 2025 conference map","the sim's drawn team strength o + d, reference world seed 20251000; a dynasty regrades it from its own draw","IPEDS 2023 DRVGR (GBA6RTT) and DRVADM (DVADM01), NCES","IPEDS 2023 DRVEF (ENRTOT) and HD2024 (LOCALE), NCES; weighting GUESS","NOAA NCEI 1991-2020 monthly normals, nearest station: daily highs against a comfortable band (GUESS) and precipitation days","EADA 2024-25, baseball total expenses (U.S. Department of Education)","GUESS proxy: baseball expenses, regional hosting, conference","GUESS proxy: regional hosting, enrollment, conference","GUESS proxy, to be replaced by TV and streaming appearance counts: conference media footprint (config MEDIA_FOOTPRINT), NCAA tournament appearances, Omaha and super regional history","GUESS proxy: program tradition, baseball expenses, conference",neutral baseline for a new coach,neutral baseline for a new coach
10,596485,Arizona St.,Big 12,p4,B+,0.8029,B,A-,0.873,B,A-,0.8681,A,C-,0.2427,A,A,0.9658,C,A-,0.8681,A,A-,0.8974,A,B+,0.8388,D,B+,0.8453,D,A-,0.8681,D,A-,0.8746,D,C,,D,C,,D,3.4298,0.0,6,0,0,0,0,0.5554,0.8029,0.5414,0.4043,0.531,68,90.0,True,79593,12,66.6,10.3,84.0,1.25,1.971,USC00028499,0.9,5112811.0,False,"NCAA tournament brackets 2015-2025 (Wikipedia pages, data/ncaa_brackets) + D1 win pct 2021-2025 (data.ncaa.com scoreboards)","RPI computed from data.ncaa.com scoreboards 2021-2025 (engine/rpi.py) + bids from the brackets, 2025 conference map","the sim's drawn team strength o + d, reference world seed 20251000; a dynasty regrades it from its own draw","IPEDS 2023 DRVGR (GBA6RTT) and DRVADM (DVADM01), NCES","IPEDS 2023 DRVEF (ENRTOT) and HD2024 (LOCALE), NCES; weighting GUESS","NOAA NCEI 1991-2020 monthly normals, nearest station: daily highs against a comfortable band (GUESS) and precipitation days","EADA 2024-25, baseball total expenses (U.S. Department of Education)","GUESS proxy: baseball expenses, regional hosting, conference","GUESS proxy: regional hosting, enrollment, conference","GUESS proxy, to be replaced by TV and streaming appearance counts: conference media footprint (config MEDIA_FOOTPRINT), NCAA tournament appearances, Omaha and super regional history","GUESS proxy: program tradition, baseball expenses, conference",neutral baseline for a new coach,neutral baseline for a new coach
11,596466,Ark.-Pine Bluff,SWAC,low,D,0.07,B,F,0.0195,B,D,0.0733,A,B-,0.6075,A,F,0.0244,C,B,0.6401,A,F,0.0147,A,F,0.0049,D,F,0.0016,D,D,0.0619,D,F,0.0147,D,C,,D,C,,D,0.0,0.0,0,0,0,0,0,0.3151,0.07,0.4194,0.0833,-0.7463,40,58.0,True,2100,32,58.67,36.0,68.97,0.975,3.495,USC00035754,1.3,404042.0,False,"NCAA tournament brackets 2015-2025 (Wikipedia pages, data/ncaa_brackets) + D1 win pct 2021-2025 (data.ncaa.com scoreboards)","RPI computed from data.ncaa.com scoreboards 2021-2025 (engine/rpi.py) + bids from the brackets, 2025 conference map","the sim's drawn team strength o + d, reference world seed 20251000; a dynasty regrades it from its own draw","IPEDS 2023 DRVGR (GBA6RTT) and DRVADM (DVADM01), NCES","IPEDS 2023 DRVEF (ENRTOT) and HD2024 (LOCALE), NCES; weighting GUESS","NOAA NCEI 1991-2020 monthly normals, nearest station: daily highs against a comfortable band (GUESS) and precipitation days","EADA 2024-25, baseball total expenses (U.S. Department of Education)","GUESS proxy: baseball expenses, regional hosting, conference","GUESS proxy: regional hosting, enrollment, conference","GUESS proxy, to be replaced by TV and streaming appearance counts: conference media footprint (config MEDIA_FOOTPRINT), NCAA tournament appearances, Omaha and super regional history","GUESS proxy: program tradition, baseball expenses, conference",neutral baseline for a new coach,neutral baseline for a new coach
12,596487,Arkansas,SEC,p4,A+,0.9821,B,A+,0.9739,B,B+,0.7573,A,B,0.6433,A,B+,0.8192,C,B-,0.5489,A,A+,0.9853,A,A+,0.9984,D,A+,0.9821,D,A+,0.9951,D,A+,0.9919,D,C,,D,C,,D,23.2668,3.9489,10,7,6,5,0,0.7445,0.9821,0.5817,0.7542,0.3427,70,72.0,True,32140,12,53.3,33.9,63.8,2.425,4.798,USC00032444,2.2,9895653.0,False,"NCAA tournament brackets 2015-2025 (Wikipedia pages, data/ncaa_brackets) + D1 win pct 2021-2025 (data.ncaa.com scoreboards)","RPI computed from data.ncaa.com scoreboards 2021-2025 (engine/rpi.py) + bids from the brackets, 2025 conference map","the sim's drawn team strength o + d, reference world seed 20251000; a dynasty regrades it from its own draw","IPEDS 2023 DRVGR (GBA6RTT) and DRVADM (DVADM01), NCES","IPEDS 2023 DRVEF (ENRTOT) and HD2024 (LOCALE), NCES; weighting GUESS","NOAA NCEI 1991-2020 monthly normals, nearest station: daily highs against a comfortable band (GUESS) and precipitation days","EADA 2024-25, baseball total expenses (U.S. Department of Education)","GUESS proxy: baseball expenses, regional hosting, conference","GUESS proxy: regional hosting, enrollment, conference","GUESS proxy, to be replaced by TV and streaming appearance counts: conference media footprint (config MEDIA_FOOTPRINT), NCAA tournament appearances, Omaha and super regional history","GUESS proxy: program tradition, baseball expenses, conference",neutral baseline for a new coach,neutral baseline for a new coach
13,596486,Arkansas St.,Sun Belt,mid,D+,0.1547,B,B,0.7394,B,B,0.6661,A,B-,0.5423,A,B-,0.5326,C,B-,0.5293,A,B,0.6694,A,B,0.6922,D,B,0.6303,D,C,0.3371,D,B-,0.513,D,C,,D,C,,D,0.0,0.0,0,0,0,0,0,0.3984,0.1547,0.5228,0.2484,0.2051,53,70.0,True,14032,13,54.2,38.3,65.1,2.375,5.056,USC00033734,1.3,2178253.0,False,"NCAA tournament brackets 2015-2025 (Wikipedia pages, data/ncaa_brackets) + D1 win pct 2021-2025 (data.ncaa.com scoreboards)","RPI computed from data.ncaa.com scoreboards 2021-2025 (engine/rpi.py) + bids from the brackets, 2025 conference map","the sim's drawn team strength o + d, reference world seed 20251000; a dynasty regrades it from its own draw","IPEDS 2023 DRVGR (GBA6RTT) and DRVADM (DVADM01), NCES","IPEDS 2023 DRVEF (ENRTOT) and HD2024 (LOCALE), NCES; weighting GUESS","NOAA NCEI 1991-2020 monthly normals, nearest station: daily highs against a comfortable band (GUESS) and precipitation days","EADA 2024-25, baseball total expenses (U.S. Department of Education)","GUESS proxy: baseball expenses, regional hosting, conference","GUESS proxy: regional hosting, enrollment, conference","GUESS proxy, to be replaced by TV and streaming appearance counts: conference media footprint (config MEDIA_FOOTPRINT), NCAA tournament appearances, Omaha and super regional history","GUESS proxy: program tradition, baseball expenses, conference",neutral baseline for a new coach,neutral baseline for a new coach
14,596702,Army West Point,Patriot,low,B+,0.7997,B,C+,0.4332,B,D-,0.0537,A,A-,0.9072,A,D-,0.0472,C,D+,0.1775,A,D+,0.1661,D,C-,0.2378,D,C-,0.2443,D,B-,0.6238,D,B-,0.5326,D,C,,D,C,,D,3.2935,0.0,6,0,0,0,0,0.5641,0.7997,0.4669,0.1667,-0.8324,85,14.0,True,4508,31,45.15,39.9,54.55,8.425,11.218,USC00309292,0.2,918912.5,True,"NCAA tournament brackets 2015-2025 (Wikipedia pages, data/ncaa_brackets) + D1 win pct 2021-2025 (data.ncaa.com scoreboards)","RPI computed from data.ncaa.com scoreboards 2021-2025 (engine/rpi.py) + bids from the brackets, 2025 conference map","the sim's drawn team strength o + d, reference world seed 20251000; a dynasty regrades it from its own draw","IPEDS 2023 DRVGR (GBA6RTT) and DRVADM (DVADM01), NCES","IPEDS 2023 DRVEF (ENRTOT) and HD2024 (LOCALE), NCES; weighting GUESS","NOAA NCEI 1991-2020 monthly normals, nearest station: daily highs against a comfortable band (GUESS) and precipitation days","EADA 2024-25, baseball total expenses (U.S. Department of Education)","GUESS proxy: baseball expenses, regional hosting, conference","GUESS proxy: regional hosting, enrollment, conference","GUESS proxy, to be replaced by TV and streaming appearance counts: conference media footprint (config MEDIA_FOOTPRINT), NCAA tournament appearances, Omaha and super regional history","GUESS proxy: program tradition, baseball expenses, conference",neutral baseline for a new coach,neutral baseline for a new coach
15,596489,Auburn,SEC,p4,A,0.9625,B,A+,0.9739,B,B,0.6596,A,B+,0.7704,A,B+,0.7704,C,B,0.6857,A,A,0.9593,A,A+,0.9756,D,A+,0.9756,D,A+,0.9756,D,A+,0.9723,D,C,,D,C,,D,17.7733,3.4909,8,4,5,2,0,0.6014,0.9625,0.5817,0.7542,0.2049,79,50.0,True,33015,13,60.03,38.9,71.18,0.0,2.723,USC00010425,1.3,7570627.0,False,"NCAA tournament brackets 2015-2025 (Wikipedia pages, data/ncaa_brackets) + D1 win pct 2021-2025 (data.ncaa.com scoreboards)","RPI computed from data.ncaa.com scoreboards 2021-2025 (engine/rpi.py) + bids from the brackets, 2025 conference map","the sim's drawn team strength o + d, reference world seed 20251000; a dynasty regrades it from its own draw","IPEDS 2023 DRVGR (GBA6RTT) and DRVADM (DVADM01), NCES","IPEDS 2023 DRVEF (ENRTOT) and HD2024 (LOCALE), NCES; weighting GUESS","NOAA NCEI 1991-2020 monthly normals, nearest station: daily highs against a comfortable band (GUESS) and precipitation days","EADA 2024-25, baseball total expenses (U.S. Department of Education)","GUESS proxy: baseball expenses, regional hosting, conference","GUESS proxy: regional hosting, enrollment, conference","GUESS proxy, to be replaced by TV and streaming appearance counts: conference media footprint (config MEDIA_FOOTPRINT), NCAA tournament appearances, Omaha and super regional history","GUESS proxy: program tradition, baseball expenses, conference",neutral baseline for a new coach,neutral baseline for a new coach
16,596490,Austin Peay,ASUN,mid,C,0.3274,B,D+,0.1303,B,D+,0.1124,A,F,0.0179,A,C+,0.4739,C,B-,0.5065,A,B-,0.5163,A,C+,0.3958,D,C-,0.1938,D,C-,0.215,D,C-,0.2687,D,C,,D,C,,D,0.0,0.0,0,0,0,0,0,0.556,0.3274,0.4721,0.0697,-0.6071,43,96.0,True,9945,12,54.55,47.5,66.0,2.1,5.425,USC00401790,1.4,1668972.0,False,"NCAA tournament brackets 2015-2025 (Wikipedia pages, data/ncaa_brackets) + D1 win pct 2021-2025 (data.ncaa.com scoreboards)","RPI computed from data.ncaa.com scoreboards 2021-2025 (engine/rpi.py) + bids from the brackets, 2025 conference map","the sim's drawn team strength o + d, reference world seed 20251000; a dynasty regrades it from its own draw","IPEDS 2023 DRVGR (GBA6RTT) and DRVADM (DVADM01), NCES","IPEDS 2023 DRVEF (ENRTOT) and HD2024 (LOCALE), NCES; weighting GUESS","NOAA NCEI 1991-2020 monthly normals, nearest station: daily highs against a comfortable band (GUESS) and precipitation days","EADA 2024-25, baseball total expenses (U.S. Department of Education)","GUESS proxy: baseball expenses, regional hosting, conference","GUESS proxy: regional hosting, enrollment, conference","GUESS proxy, to be replaced by TV and streaming appearance counts: conference media footprint (config MEDIA_FOOTPRINT), NCAA tournament appearances, Omaha and super regional history","GUESS proxy: program tradition, baseball expenses, conference",neutral baseline for a new coach,neutral baseline for a new coach
17,596499,BYU,Big 12,p4,C+,0.3958,B,A-,0.873,B,A-,0.9169,A,B,0.702,A,B+,0.8322,C,C+,0.4658,A,B+,0.842,A,B+,0.8225,D,B+,0.7736,D,B+,0.7932,D,B,0.741,D,C,,D,C,,D,0.25,0.0,1,0,0,0,0,0.4896,0.3958,0.5414,0.4043,0.6893,82,69.0,True,35074,12,49.57,37.2,61.83,3.5,6.104,USC00427064,0.4,3945397.0,False,"NCAA tournament brackets 2015-2025 (Wikipedia pages, data/ncaa_brackets) + D1 win pct 2021-2025 (data.ncaa.com scoreboards)","RPI computed from data.ncaa.com scoreboards 2021-2025 (engine/rpi.py) + bids from the brackets, 2025 conference map","the sim's drawn team strength o + d, reference world seed 20251000; a dynasty regrades it from its own draw","IPEDS 2023 DRVGR (GBA6RTT) and DRVADM (DVADM01), NCES","IPEDS 2023 DRVEF (ENRTOT) and HD2024 (LOCALE), NCES; weighting GUESS","NOAA NCEI 1991-2020 monthly normals, nearest station: daily highs against a comfortable band (GUESS) and precipitation days","EADA 2024-25, baseball total expenses (U.S. Department of Education)","GUESS proxy: baseball expenses, regional hosting, conference","GUESS proxy: regional hosting, enrollment, conference","GUESS proxy, to be replaced by TV and streaming appearance counts: conference media footprint (config MEDIA_FOOTPRINT), NCAA tournament appearances, Omaha and super regional history","GUESS proxy: program tradition, baseball expenses, conference",neutral baseline for a new coach,neutral baseline for a new coach
18,596491,Ball St.,MAC,mid,B-,0.5391,B,C,0.3013,B,B-,0.6205,A,B-,0.5619,A,B,0.6336,C,C-,0.2231,A,C+,0.4446,A,C+,0.3893,D,C+,0.4772,D,C+,0.4788,D,C+,0.4446,D,C,,D,C,,D,0.7071,0.0,1,0,0,0,0,0.6275,0.5391,0.4761,0.0909,0.1459,63,72.0,True,20440,13,47.88,47.0,57.37,7.3,10.59,USW00094895,2.3,1478071.0,False,"NCAA tournament brackets 2015-2025 (Wikipedia pages, data/ncaa_brackets) + D1 win pct 2021-2025 (data.ncaa.com scoreboards)","RPI computed from data.ncaa.com scoreboards 2021-2025 (engine/rpi.py) + bids from the brackets, 2025 conference map","the sim's drawn team strength o + d, reference world seed 20251000; a dynasty regrades it from its own draw","IPEDS 2023 DRVGR (GBA6RTT) and DRVADM (DVADM01), NCES","IPEDS 2023 DRVEF (ENRTOT) and HD2024 (LOCALE), NCES; weighting GUESS","NOAA NCEI 1991-2020 monthly normals, nearest station: daily highs against a comfortable band (GUESS) and precipitation days","EADA 2024-25, baseball total expenses (U.S. Department of Education)","GUESS proxy: baseball expenses, regional hosting, conference","GUESS proxy: regional hosting, enrollment, conference","GUESS proxy, to be replaced by TV and streaming appearance counts: conference media footprint (config MEDIA_FOOTPRINT), NCAA tournament appearances, Omaha and super regional history","GUESS proxy: program tradition, baseball expenses, conference",neutral baseline for a new coach,neutral baseline for a new coach
19,596493,Baylor,Big 12,p4,B-,0.5521,B,A-,0.873,B,A-,0.8909,A,B+,0.7671,A,B,0.6922,C,A-,0.8583,A,A-,0.8941,A,B+,0.8355,D,B,0.7443,D,B+,0.8257,D,B+,0.8192,D,C,,D,C,,D,0.9009,0.0,3,0,0,0,0,0.4903,0.5521,0.5414,0.4043,0.5824,80,51.0,True,20824,12,61.93,29.6,72.33,0.0,2.072,USC00419417,6.7,5077125.0,False,"NCAA tournament brackets 2015-2025 (Wikipedia pages, data/ncaa_brackets) + D1 win pct 2021-2025 (data.ncaa.com scoreboards)","RPI computed from data.ncaa.com scoreboards 2021-2025 (engine/rpi.py) + bids from the brackets, 2025 conference map","the sim's drawn team strength o + d, reference world seed 20251000; a dynasty regrades it from its own draw","IPEDS 2023 DRVGR (GBA6RTT) and DRVADM (DVADM01), NCES","IPEDS 2023 DRVEF (ENRTOT) and HD2024 (LOCALE), NCES; weighting GUESS","NOAA NCEI 1991-2020 monthly normals, nearest station: daily highs against a comfortable band (GUESS) and precipitation days","EADA 2024-25, baseball total expenses (U.S. Department of Education)","GUESS proxy: baseball expenses, regional hosting, conference","GUESS proxy: regional hosting, enrollment, conference","GUESS proxy, to be replaced by TV and streaming appearance counts: conference media footprint (config MEDIA_FOOTPRINT), NCAA tournament appearances, Omaha and super regional history","GUESS proxy: program tradition, baseball expenses, conference",neutral baseline for a new coach,neutral baseline for a new coach
20,596693,Bellarmine,ASUN,mid,F,0.0244,B,D+,0.1303,B,C+,0.4707,A,D+,0.1743,A,C-,0.2329,C,C+,0.4283,A,C-,0.2524,A,C-,0.2036,D,D,0.07,D,C-,0.215,D,D-,0.0472,D,C,,D,C,,D,0.0,0.0,0,0,0,0,0,0.2459,0.0244,0.4721,0.0697,-0.0168,68,94.0,True,2993,11,52.85,48.3,62.55,3.875,7.256,USW00013810,2.3,1046718.0,False,"NCAA tournament brackets 2015-2025 (Wikipedia pages, data/ncaa_brackets) + D1 win pct 2021-2025 (data.ncaa.com scoreboards)","RPI computed from data.ncaa.com scoreboards 2021-2025 (engine/rpi.py) + bids from the brackets, 2025 conference map","the sim's drawn team strength o + d, reference world seed 20251000; a dynasty regrades it from its own draw","IPEDS 2023 DRVGR (GBA6RTT) and DRVADM (DVADM01), NCES","IPEDS 2023 DRVEF (ENRTOT) and HD2024 (LOCALE), NCES; weighting GUESS","NOAA NCEI 1991-2020 monthly normals, nearest station: daily highs against a comfortable band (GUESS) and precipitation days","EADA 2024-25, baseball total expenses (U.S. Department of Education)","GUESS proxy: baseball expenses, regional hosting, conference","GUESS proxy: regional hosting, enrollment, conference","GUESS proxy, to be replaced by TV and streaming appearance counts: conference media footprint (config MEDIA_FOOTPRINT), NCAA tournament appearances, Omaha and super regional history","GUESS proxy: program tradition, baseball expenses, conference",neutral baseline for a new coach,neutral baseline for a new coach
21,596470,Belmont,MVC,mid,C-,0.2427,B,B-,0.5375,B,A-,0.8616,A,D+,0.1482,A,C+,0.4577,C,B-,0.5554,A,B-,0.5033,A,B-,0.5293,D,C+,0.4055,D,C-,0.215,D,C+,0.3893,D,C,,D,C,,D,0.0,0.0,0,0,0,0,0,0.4585,0.2427,0.4955,0.1231,0.5016,72,96.0,True,8862,11,56.25,45.3,67.38,1.55,4.721,USW00013897,6.0,1626135.0,False,"NCAA tournament brackets 2015-2025 (Wikipedia pages, data/ncaa_brackets) + D1 win pct 2021-2025 (data.ncaa.com scoreboards)","RPI computed from data.ncaa.com scoreboards 2021-2025 (engine/rpi.py) + bids from the brackets, 2025 conference map","the sim's drawn team strength o + d, reference world seed 20251000; a dynasty regrades it from its own draw","IPEDS 2023 DRVGR (GBA6RTT) and DRVADM (DVADM01), NCES","IPEDS 2023 DRVEF (ENRTOT) and HD2024 (LOCALE), NCES; weighting GUESS","NOAA NCEI 1991-2020 monthly normals, nearest station: daily highs against a comfortable band (GUESS) and precipitation days","EADA 2024-25, baseball total expenses (U.S. Department of Education)","GUESS proxy: baseball expenses, regional hosting, conference","GUESS proxy: regional hosting, enrollment, conference","GUESS proxy, to be replaced by TV and streaming appearance counts: conference media footprint (config MEDIA_FOOTPRINT), NCAA tournament appearances, Omaha and super regional history","GUESS proxy: program tradition, baseball expenses, conference",neutral baseline for a new coach,neutral baseline for a new coach
22,596494,Bethune-Cookman,SWAC,low,B,0.6629,B,F,0.0195,B,D,0.0635,A,F,0.0049,A,D,0.0961,C,A-,0.8941,A,C-,0.2557,A,D+,0.158,D,F,0.0081,D,B-,0.5033,D,C,0.298,D,C,,D,C,,D,1.4602,0.0,3,0,0,0,0,0.5409,0.6629,0.4194,0.0833,-0.796,28,100.0,True,2515,13,68.28,26.2,76.72,0.0,1.834,USC00082150,1.7,1053753.0,False,"NCAA tournament brackets 2015-2025 (Wikipedia pages, data/ncaa_brackets) + D1 win pct 2021-2025 (data.ncaa.com scoreboards)","RPI computed from data.ncaa.com scoreboards 2021-2025 (engine/rpi.py) + bids from the brackets, 2025 conference map","the sim's drawn team strength o + d, reference world seed 20251000; a dynasty regrades it from its own draw","IPEDS 2023 DRVGR (GBA6RTT) and DRVADM (DVADM01), NCES","IPEDS 2023 DRVEF (ENRTOT) and HD2024 (LOCALE), NCES; weighting GUESS","NOAA NCEI 1991-2020 monthly normals, nearest station: daily highs against a comfortable band (GUESS) and precipitation days","EADA 2024-25, baseball total expenses (U.S. Department of Education)","GUESS proxy: baseball expenses, regional hosting, conference","GUESS proxy: regional hosting, enrollment, conference","GUESS proxy, to be replaced by TV and streaming appearance counts: conference media footprint (config MEDIA_FOOTPRINT), NCAA tournament appearances, Omaha and super regional history","GUESS proxy: program tradition, baseball expenses, conference",neutral baseline for a new coach,neutral baseline for a new coach
23,596495,Binghamton,America East,low,B+,0.7866,B,C+,0.4544,B,B-,0.5293,A,B+,0.8453,A,B-,0.5261,C,F,0.0147,A,C,0.3241,A,C,0.3599,D,B-,0.5554,D,B-,0.5945,D,B-,0.614,D,C,,D,C,,D,2.994,0.0,4,0,0,0,0,0.4863,0.7866,0.4716,0.1429,0.0462,84,38.0,True,18456,22,39.4,57.0,48.33,13.225,17.215,USW00004725,7.8,1199146.0,False,"NCAA tournament brackets 2015-2025 (Wikipedia pages, data/ncaa_brackets) + D1 win pct 2021-2025 (data.ncaa.com scoreboards)","RPI computed from data.ncaa.com scoreboards 2021-2025 (engine/rpi.py) + bids from the brackets, 2025 conference map","the sim's drawn team strength o + d, reference world seed 20251000; a dynasty regrades it from its own draw","IPEDS 2023 DRVGR (GBA6RTT) and DRVADM (DVADM01), NCES","IPEDS 2023 DRVEF (ENRTOT) and HD2024 (LOCALE), NCES; weighting GUESS","NOAA NCEI 1991-2020 monthly normals, nearest station: daily highs against a comfortable band (GUESS) and precipitation days","EADA 2024-25, baseball total expenses (U.S. Department of Education)","GUESS proxy: baseball expenses, regional hosting, conference","GUESS proxy: regional hosting, enrollment, conference","GUESS proxy, to be replaced by TV and streaming appearance counts: conference media footprint (config MEDIA_FOOTPRINT), NCAA tournament appearances, Omaha and super regional history","GUESS proxy: program tradition, baseball expenses, conference",neutral baseline for a new coach,neutral baseline for a new coach
24,596496,Boston College,ACC,p4,B,0.7443,B,A,0.9218,B,A,0.9593,A,A-,0.9186,A,B-,0.5619,C,D,0.1026,A,B+,0.8453,A,B+,0.8257,D,B,0.715,D,A-,0.8648,D,A-,0.8616,D,C,,D,C,,D,2.527,0.0,3,0,1,0,0,0.4626,0.7443,0.5642,0.5583,0.8738,91,16.0,True,15280,13,44.27,45.6,51.85,9.775,12.967,USW00014739,8.3,3947274.0,False,"NCAA tournament brackets 2015-2025 (Wikipedia pages, data/ncaa_brackets) + D1 win pct 2021-2025 (data.ncaa.com scoreboards)","RPI computed from data.ncaa.com scoreboards 2021-2025 (engine/rpi.py) + bids from the brackets, 2025 conference map","the sim's drawn team strength o + d, reference world seed 20251000; a dynasty regrades it from its own draw","IPEDS 2023 DRVGR (GBA6RTT) and DRVADM (DVADM01), NCES","IPEDS 2023 DRVEF (ENRTOT) and HD2024 (LOCALE), NCES; weighting GUESS","NOAA NCEI 1991-2020 monthly normals, nearest station: daily highs against a comfortable band (GUESS) and precipitation days","EADA 2024-25, baseball total expenses (U.S. Department of Education)","GUESS proxy: baseball expenses, regional hosting, conference","GUESS proxy: regional hosting, enrollment, conference","GUESS proxy, to be replaced by TV and streaming appearance counts: conference media footprint (config MEDIA_FOOTPRINT), NCAA tournament appearances, Omaha and super regional history","GUESS proxy: program tradition, baseball expenses, conference",neutral baseline for a new coach,neutral baseline for a new coach
25,596497,Bowling Green,MAC,mid,C,0.2883,B,C,0.3013,B,B,0.6303,A,C,0.3762,A,C,0.3599,C,D+,0.1254,A,C-,0.2199,A,C-,0.2427,D,C+,0.4446,D,C-,0.215,D,C-,0.2166,D,C,,D,C,,D,0.0,0.0,0,0,0,0,0,0.5035,0.2883,0.4761,0.0909,0.167,62,81.0,True,17027,31,43.88,34.8,53.1,9.7,12.136,USC00330862,1.6,995223.0,False,"NCAA tournament brackets 2015-2025 (Wikipedia pages, data/ncaa_brackets) + D1 win pct 2021-2025 (data.ncaa.com scoreboards)","RPI computed from data.ncaa.com scoreboards 2021-2025 (engine/rpi.py) + bids from the brackets, 2025 conference map","the sim's drawn team strength o + d, reference world seed 20251000; a dynasty regrades it from its own draw","IPEDS 2023 DRVGR (GBA6RTT) and DRVADM (DVADM01), NCES","IPEDS 2023 DRVEF (ENRTOT) and HD2024 (LOCALE), NCES; weighting GUESS","NOAA NCEI 1991-2020 monthly normals, nearest station: daily highs against a comfortable band (GUESS) and precipitation days","EADA 2024-25, baseball total expenses (U.S. Department of Education)","GUESS proxy: baseball expenses, regional hosting, conference","GUESS proxy: regional hosting, enrollment, conference","GUESS proxy, to be replaced by TV and streaming appearance counts: conference media footprint (config MEDIA_FOOTPRINT), NCAA tournament appearances, Omaha and super regional history","GUESS proxy: program tradition, baseball expenses, conference",neutral baseline for a new coach,neutral baseline for a new coach
26,596498,Bradley,MVC,mid,C,0.3046,B,B-,0.5375,B,C,0.3567,A,B-,0.5326,A,C-,0.259,C,C-,0.2199,A,C+,0.4544,A,C+,0.4805,D,C,0.3208,D,C+,0.4055,D,C+,0.4055,D,C,,D,C,,D,0.1768,0.0,1,0,0,0,0,0.343,0.3046,0.4955,0.1231,-0.1524,72,77.0,True,5217,12,46.95,43.8,56.95,7.525,10.591,USW00014842,4.1,1499532.0,False,"NCAA tournament brackets 2015-2025 (Wikipedia pages, data/ncaa_brackets) + D1 win pct 2021-2025 (data.ncaa.com scoreboards)","RPI computed from data.ncaa.com scoreboards 2021-2025 (engine/rpi.py) + bids from the brackets, 2025 conference map","the sim's drawn team strength o + d, reference world seed 20251000; a dynasty regrades it from its own draw","IPEDS 2023 DRVGR (GBA6RTT) and DRVADM (DVADM01), NCES","IPEDS 2023 DRVEF (ENRTOT) and HD2024 (LOCALE), NCES; weighting GUESS","NOAA NCEI 1991-2020 monthly normals, nearest station: daily highs against a comfortable band (GUESS) and precipitation days","EADA 2024-25, baseball total expenses (U.S. Department of Education)","GUESS proxy: baseball expenses, regional hosting, conference","GUESS proxy: regional hosting, enrollment, conference","GUESS proxy, to be replaced by TV and streaming appearance counts: conference media footprint (config MEDIA_FOOTPRINT), NCAA tournament appearances, Omaha and super regional history","GUESS proxy: program tradition, baseball expenses, conference",neutral baseline for a new coach,neutral baseline for a new coach
27,596500,Brown,Ivy League,low,D,0.0668,B,C-,0.2378,B,F,0.0277,A,A+,0.987,A,B-,0.5293,C,D+,0.1564,A,D-,0.044,A,D,0.0635,D,C,0.3029,D,D+,0.1287,D,D-,0.0342,D,C,,D,C,,D,0.0,0.0,0,0,0,0,0,0.3147,0.0668,0.4664,0.1078,-1.0257,96,5.0,True,11516,12,44.83,45.8,54.0,8.225,11.431,USW00014765,7.4,639939.0,False,"NCAA tournament brackets 2015-2025 (Wikipedia pages, data/ncaa_brackets) + D1 win pct 2021-2025 (data.ncaa.com scoreboards)","RPI computed from data.ncaa.com scoreboards 2021-2025 (engine/rpi.py) + bids from the brackets, 2025 conference map","the sim's drawn team strength o + d, reference world seed 20251000; a dynasty regrades it from its own draw","IPEDS 2023 DRVGR (GBA6RTT) and DRVADM (DVADM01), NCES","IPEDS 2023 DRVEF (ENRTOT) and HD2024 (LOCALE), NCES; weighting GUESS","NOAA NCEI 1991-2020 monthly normals, nearest station: daily highs against a comfortable band (GUESS) and precipitation days","EADA 2024-25, baseball total expenses (U.S. Department of Education)","GUESS proxy: baseball expenses, regional hosting, conference","GUESS proxy: regional hosting, enrollment, conference","GUESS proxy, to be replaced by TV and streaming appearance counts: conference media footprint (config MEDIA_FOOTPRINT), NCAA tournament appearances, Omaha and super regional history","GUESS proxy: program tradition, baseball expenses, conference",neutral baseline for a new coach,neutral baseline for a new coach
28,596501,Bryant,America East,low,B-,0.614,B,C+,0.4544,B,C,0.298,A,B,0.7182,A,D+,0.1124,C,D+,0.1515,A,C+,0.4381,A,C+,0.4349,D,C-,0.2134,D,C+,0.399,D,B-,0.5554,D,C,,D,C,,D,1.0511,0.0,2,0,0,0,0,0.6079,0.614,0.4716,0.1429,-0.2266,81,66.0,True,3592,21,44.02,45.7,54.23,8.25,11.449,USC00379423,5.1,1472179.0,False,"NCAA tournament brackets 2015-2025 (Wikipedia pages, data/ncaa_brackets) + D1 win pct 2021-2025 (data.ncaa.com scoreboards)","RPI computed from data.ncaa.com scoreboards 2021-2025 (engine/rpi.py) + bids from the brackets, 2025 conference map","the sim's drawn team strength o + d, reference world seed 20251000; a dynasty regrades it from its own draw","IPEDS 2023 DRVGR (GBA6RTT) and DRVADM (DVADM01), NCES","IPEDS 2023 DRVEF (ENRTOT) and HD2024 (LOCALE), NCES; weighting GUESS","NOAA NCEI 1991-2020 monthly normals, nearest station: daily highs against a comfortable band (GUESS) and precipitation days","EADA 2024-25, baseball total expenses (U.S. Department of Education)","GUESS proxy: baseball expenses, regional hosting, conference","GUESS proxy: regional hosting, enrollment, conference","GUESS proxy, to be replaced by TV and streaming appearance counts: conference media footprint (config MEDIA_FOOTPRINT), NCAA tournament appearances, Omaha and super regional history","GUESS proxy: program tradition, baseball expenses, conference",neutral baseline for a new coach,neutral baseline for a new coach
29,596502,Bucknell,Patriot,low,C-,0.2199,B,C+,0.4332,B,C-,0.2199,A,A-,0.8583,A,D-,0.0342,C,D+,0.1401,A,C-,0.2166,A,C,0.272,D,C-,0.2166,D,D,0.0619,D,C-,0.2329,D,C,,D,C,,D,0.0,0.0,0,0,0,0,0,0.4423,0.2199,0.4669,0.1667,-0.3884,86,32.0,True,3892,32,44.0,46.3,55.05,8.4,11.641,USC00364976,0.5,984253.0,False,"NCAA tournament brackets 2015-2025 (Wikipedia pages, data/ncaa_brackets) + D1 win pct 2021-2025 (data.ncaa.com scoreboards)","RPI computed from data.ncaa.com scoreboards 2021-2025 (engine/rpi.py) + bids from the brackets, 2025 conference map","the sim's drawn team strength o + d, reference world seed 20251000; a dynasty regrades it from its own draw","IPEDS 2023 DRVGR (GBA6RTT) and DRVADM (DVADM01), NCES","IPEDS 2023 DRVEF (ENRTOT) and HD2024 (LOCALE), NCES; weighting GUESS","NOAA NCEI 1991-2020 monthly normals, nearest station: daily highs against a comfortable band (GUESS) and precipitation days","EADA 2024-25, baseball total expenses (U.S. Department of Education)","GUESS proxy: baseball expenses, regional hosting, conference","GUESS proxy: regional hosting, enrollment, conference","GUESS proxy, to be replaced by TV and streaming appearance counts: conference media footprint (config MEDIA_FOOTPRINT), NCAA tournament appearances, Omaha and super regional history","GUESS proxy: program tradition, baseball expenses, conference",neutral baseline for a new coach,neutral baseline for a new coach
30,596503,Butler,Big East,mid,D-,0.0537,B,B,0.671,B,C+,0.4577,A,C,0.373,A,C,0.3306,C,C-,0.2427,A,C+,0.4283,A,B-,0.5098,D,C+,0.4186,D,C,0.3371,D,C,0.3046,D,C,,D,C,,D,0.0,0.0,0,0,0,0,0,0.3001,0.0537,0.5067,0.1781,-0.0376,79,86.0,True,5763,11,48.12,46.2,57.72,6.725,9.959,USW00053842,6.6,1468642.0,False,"NCAA tournament brackets 2015-2025 (Wikipedia pages, data/ncaa_brackets) + D1 win pct 2021-2025 (data.ncaa.com scoreboards)","RPI computed from data.ncaa.com scoreboards 2021-2025 (engine/rpi.py) + bids from the brackets, 2025 conference map","the sim's drawn team strength o + d, reference world seed 20251000; a dynasty regrades it from its own draw","IPEDS 2023 DRVGR (GBA6RTT) and DRVADM (DVADM01), NCES","IPEDS 2023 DRVEF (ENRTOT) and HD2024 (LOCALE), NCES; weighting GUESS","NOAA NCEI 1991-2020 monthly normals, nearest station: daily highs against a comfortable band (GUESS) and precipitation days","EADA 2024-25, baseball total expenses (U.S. Department of Education)","GUESS proxy: baseball expenses, regional hosting, conference","GUESS proxy: regional hosting, enrollment, conference","GUESS proxy, to be replaced by TV and streaming appearance counts: conference media footprint (config MEDIA_FOOTPRINT), NCAA tournament appearances, Omaha and super regional history","GUESS proxy: program tradition, baseball expenses, conference",neutral baseline for a new coach,neutral baseline for a new coach
31,596505,CSU Bakersfield,Big West,mid,C,0.2915,B,B,0.6401,B,C+,0.4446,A,C-,0.1873,A,B-,0.5228,C,A+,0.9723,A,C,0.3567,A,C+,0.4283,D,B-,0.5228,D,C+,0.4055,D,C+,0.4023,D,C,,D,C,,D,0.1768,0.0,1,0,0,0,0,0.3304,0.2915,0.5024,0.1493,-0.059,49,88.0,True,9787,11,60.33,16.0,72.55,0.0,1.12,USC00040444,5.6,1238083.0,False,"NCAA tournament brackets 2015-2025 (Wikipedia pages, data/ncaa_brackets) + D1 win pct 2021-2025 (data.ncaa.com scoreboards)","RPI computed from data.ncaa.com scoreboards 2021-2025 (engine/rpi.py) + bids from the brackets, 2025 conference map","the sim's drawn team strength o + d, reference world seed 20251000; a dynasty regrades it from its own draw","IPEDS 2023 DRVGR (GBA6RTT) and DRVADM (DVADM01), NCES","IPEDS 2023 DRVEF (ENRTOT) and HD2024 (LOCALE), NCES; weighting GUESS","NOAA NCEI 1991-2020 monthly normals, nearest station: daily highs against a comfortable band (GUESS) and precipitation days","EADA 2024-25, baseball total expenses (U.S. Department of Education)","GUESS proxy: baseball expenses, regional hosting, conference","GUESS proxy: regional hosting, enrollment, conference","GUESS proxy, to be replaced by TV and streaming appearance counts: conference media footprint (config MEDIA_FOOTPRINT), NCAA tournament appearances, Omaha and super regional history","GUESS proxy: program tradition, baseball expenses, conference",neutral baseline for a new coach,neutral baseline for a new coach
32,596508,CSUN,Big West,mid,C,0.298,B,B,0.6401,B,C-,0.2687,A,D+,0.1384,A,A,0.9267,C,A+,0.9756,A,B,0.6401,A,B,0.6466,D,B,0.7313,D,C-,0.215,D,B-,0.5358,D,C,,D,C,,D,0.0,0.0,0,0,0,0,0,0.5169,0.298,0.5024,0.1493,-0.2891,56,93.0,True,37760,11,61.83,15.9,72.85,0.0,1.113,USC00046263,0.4,1994292.0,False,"NCAA tournament brackets 2015-2025 (Wikipedia pages, data/ncaa_brackets) + D1 win pct 2021-2025 (data.ncaa.com scoreboards)","RPI computed from data.ncaa.com scoreboards 2021-2025 (engine/rpi.py) + bids from the brackets, 2025 conference map","the sim's drawn team strength o + d, reference world seed 20251000; a dynasty regrades it from its own draw","IPEDS 2023 DRVGR (GBA6RTT) and DRVADM (DVADM01), NCES","IPEDS 2023 DRVEF (ENRTOT) and HD2024 (LOCALE), NCES; weighting GUESS","NOAA NCEI 1991-2020 monthly normals, nearest station: daily highs against a comfortable band (GUESS) and precipitation days","EADA 2024-25, baseball total expenses (U.S. Department of Education)","GUESS proxy: baseball expenses, regional hosting, conference","GUESS proxy: regional hosting, enrollment, conference","GUESS proxy, to be replaced by TV and streaming appearance counts: conference media footprint (config MEDIA_FOOTPRINT), NCAA tournament appearances, Omaha and super regional history","GUESS proxy: program tradition, baseball expenses, conference",neutral baseline for a new coach,neutral baseline for a new coach
33,596504,Cal Poly,Big West,mid,B+,0.842,B,B,0.6401,B,C-,0.2296,A,A-,0.855,A,B-,0.5195,C,A-,0.9072,A,B-,0.6173,A,B-,0.6205,D,B,0.6531,D,B,0.702,D,B+,0.7736,D,C,,D,C,,D,4.5676,0.0,2,0,1,0,0,0.5948,0.842,0.5024,0.1493,-0.3682,85,30.0,True,22485,23,57.52,24.9,68.43,0.0,1.743,USC00047851,0.5,1914252.0,False,"NCAA tournament brackets 2015-2025 (Wikipedia pages, data/ncaa_brackets) + D1 win pct 2021-2025 (data.ncaa.com scoreboards)","RPI computed from data.ncaa.com scoreboards 2021-2025 (engine/rpi.py) + bids from the brackets, 2025 conference map","the sim's drawn team strength o + d, reference world seed 20251000; a dynasty regrades it from its own draw","IPEDS 2023 DRVGR (GBA6RTT) and DRVADM (DVADM01), NCES","IPEDS 2023 DRVEF (ENRTOT) and HD2024 (LOCALE), NCES; weighting GUESS","NOAA NCEI 1991-2020 monthly normals, nearest station: daily highs against a comfortable band (GUESS) and precipitation days","EADA 2024-25, baseball total expenses (U.S. Department of Education)","GUESS proxy: baseball expenses, regional hosting, conference","GUESS proxy: regional hosting, enrollment, conference","GUESS proxy, to be replaced by TV and streaming appearance counts: conference media footprint (config MEDIA_FOOTPRINT), NCAA tournament appearances, Omaha and super regional history","GUESS proxy: program tradition, baseball expenses, conference",neutral baseline for a new coach,neutral baseline for a new coach
34,596506,Cal St. Fullerton,Big West,mid,B+,0.8322,B,B,0.6401,B,B+,0.8322,A,C,0.3274,A,B+,0.8062,C,A+,0.9821,A,B,0.6824,A,B+,0.816,D,A-,0.8746,D,B+,0.7769,D,B+,0.7899,D,C,,D,C,,D,4.5467,0.1768,5,1,3,2,0,0.4427,0.8322,0.5024,0.1493,0.4849,69,87.0,True,41962,21,64.05,15.7,74.82,0.0,1.099,USC00040192,2.7,2216837.0,False,"NCAA tournament brackets 2015-2025 (Wikipedia pages, data/ncaa_brackets) + D1 win pct 2021-2025 (data.ncaa.com scoreboards)","RPI computed from data.ncaa.com scoreboards 2021-2025 (engine/rpi.py) + bids from the brackets, 2025 conference map","the sim's drawn team strength o + d, reference world seed 20251000; a dynasty regrades it from its own draw","IPEDS 2023 DRVGR (GBA6RTT) and DRVADM (DVADM01), NCES","IPEDS 2023 DRVEF (ENRTOT) and HD2024 (LOCALE), NCES; weighting GUESS","NOAA NCEI 1991-2020 monthly normals, nearest station: daily highs against a comfortable band (GUESS) and precipitation days","EADA 2024-25, baseball total expenses (U.S. Department of Education)","GUESS proxy: baseball expenses, regional hosting, conference","GUESS proxy: regional hosting, enrollment, conference","GUESS proxy, to be replaced by TV and streaming appearance counts: conference media footprint (config MEDIA_FOOTPRINT), NCAA tournament appearances, Omaha and super regional history","GUESS proxy: program tradition, baseball expenses, conference",neutral baseline for a new coach,neutral baseline for a new coach
35,596511,California,ACC,p4,C+,0.4707,B,A,0.9218,B,A+,0.9821,A,A,0.943,A,A-,0.9169,C,B+,0.8176,A,B,0.7378,A,B+,0.7638,D,B+,0.8355,D,B+,0.8225,D,B+,0.7541,D,C,,D,C,,D,0.5303,0.0,2,0,0,0,0,0.5122,0.4707,0.5642,0.5583,0.9422,93,12.0,True,45699,12,56.22,30.7,65.88,0.0,2.149,USC00040693,0.2,2570634.0,False,"NCAA tournament brackets 2015-2025 (Wikipedia pages, data/ncaa_brackets) + D1 win pct 2021-2025 (data.ncaa.com scoreboards)","RPI computed from data.ncaa.com scoreboards 2021-2025 (engine/rpi.py) + bids from the brackets, 2025 conference map","the sim's drawn team strength o + d, reference world seed 20251000; a dynasty regrades it from its own draw","IPEDS 2023 DRVGR (GBA6RTT) and DRVADM (DVADM01), NCES","IPEDS 2023 DRVEF (ENRTOT) and HD2024 (LOCALE), NCES; weighting GUESS","NOAA NCEI 1991-2020 monthly normals, nearest station: daily highs against a comfortable band (GUESS) and precipitation days","EADA 2024-25, baseball total expenses (U.S. Department of Education)","GUESS proxy: baseball expenses, regional hosting, conference","GUESS proxy: regional hosting, enrollment, conference","GUESS proxy, to be replaced by TV and streaming appearance counts: conference media footprint (config MEDIA_FOOTPRINT), NCAA tournament appearances, Omaha and super regional history","GUESS proxy: program tradition, baseball expenses, conference",neutral baseline for a new coach,neutral baseline for a new coach
36,596476,California Baptist,WAC,mid,C,0.3371,B,C,0.3339,B,B-,0.5261,A,B-,0.5163,A,B-,0.5814,C,A,0.9593,A,B+,0.7508,A,B,0.6336,D,C,0.3534,D,D+,0.1498,D,C+,0.4805,D,C,,D,C,,D,0.0,0.0,0,0,0,0,0,0.5788,0.3371,0.4797,0.0895,0.0434,60,74.0,True,11407,11,61.57,17.6,73.95,0.0,1.232,USW00003171,1.7,2710931.0,False,"NCAA tournament brackets 2015-2025 (Wikipedia pages, data/ncaa_brackets) + D1 win pct 2021-2025 (data.ncaa.com scoreboards)","RPI computed from data.ncaa.com scoreboards 2021-2025 (engine/rpi.py) + bids from the brackets, 2025 conference map","the sim's drawn team strength o + d, reference world seed 20251000; a dynasty regrades it from its own draw","IPEDS 2023 DRVGR (GBA6RTT) and DRVADM (DVADM01), NCES","IPEDS 2023 DRVEF (ENRTOT) and HD2024 (LOCALE), NCES; weighting GUESS","NOAA NCEI 1991-2020 monthly normals, nearest station: daily highs against a comfortable band (GUESS) and precipitation days","EADA 2024-25, baseball total expenses (U.S. Department of Education)","GUESS proxy: baseball expenses, regional hosting, conference","GUESS proxy: regional hosting, enrollment, conference","GUESS proxy, to be replaced by TV and streaming appearance counts: conference media footprint (config MEDIA_FOOTPRINT), NCAA tournament appearances, Omaha and super regional history","GUESS proxy: program tradition, baseball expenses, conference",neutral baseline for a new coach,neutral baseline for a new coach
37,596516,Campbell,CAA,mid,B+,0.7573,B,B-,0.6026,B,B-,0.5195,A,D+,0.114,A,D-,0.0537,C,B-,0.5977,A,B,0.6498,A,B,0.6401,D,C,0.3616,D,B,0.7345,D,B,0.7476,D,C,,D,C,,D,2.4526,0.0,5,0,0,0,0,0.6006,0.7573,0.5029,0.1407,0.0398,55,94.0,True,5115,31,55.65,38.9,68.2,1.175,3.898,USC00314987,4.6,2042745.0,False,"NCAA tournament brackets 2015-2025 (Wikipedia pages, data/ncaa_brackets) + D1 win pct 2021-2025 (data.ncaa.com scoreboards)","RPI computed from data.ncaa.com scoreboards 2021-2025 (engine/rpi.py) + bids from the brackets, 2025 conference map","the sim's drawn team strength o + d, reference world seed 20251000; a dynasty regrades it from its own draw","IPEDS 2023 DRVGR (GBA6RTT) and DRVADM (DVADM01), NCES","IPEDS 2023 DRVEF (ENRTOT) and HD2024 (LOCALE), NCES; weighting GUESS","NOAA NCEI 1991-2020 monthly normals, nearest station: daily highs against a comfortable band (GUESS) and precipitation days","EADA 2024-25, baseball total expenses (U.S. Department of Education)","GUESS proxy: baseball expenses, regional hosting, conference","GUESS proxy: regional hosting, enrollment, conference","GUESS proxy, to be replaced by TV and streaming appearance counts: conference media footprint (config MEDIA_FOOTPRINT), NCAA tournament appearances, Omaha and super regional history","GUESS proxy: program tradition, baseball expenses, conference",neutral baseline for a new coach,neutral baseline for a new coach
38,596517,Canisius,MAAC,low,B-,0.5717,B,D,0.0603,B,C-,0.2101,A,C+,0.4446,A,C-,0.1971,C,F,0.0244,A,D,0.0668,A,D-,0.044,D,F,0.0212,D,C+,0.4674,D,C-,0.2036,D,C,,D,C,,D,1.0687,0.0,3,0,0,0,0,0.4289,0.5717,0.4574,0.0875,-0.4006,71,82.0,True,2545,11,41.0,56.8,49.3,12.55,16.526,USW00014733,6.1,689997.0,False,"NCAA tournament brackets 2015-2025 (Wikipedia pages, data/ncaa_brackets) + D1 win pct 2021-2025 (data.ncaa.com scoreboards)","RPI computed from data.ncaa.com scoreboards 2021-2025 (engine/rpi.py) + bids from the brackets, 2025 conference map","the sim's drawn team strength o + d, reference world seed 20251000; a dynasty regrades it from its own draw","IPEDS 2023 DRVGR (GBA6RTT) and DRVADM (DVADM01), NCES","IPEDS 2023 DRVEF (ENRTOT) and HD2024 (LOCALE), NCES; weighting GUESS","NOAA NCEI 1991-2020 monthly normals, nearest station: daily highs against a comfortable band (GUESS) and precipitation days","EADA 2024-25, baseball total expenses (U.S. Department of Education)","GUESS proxy: baseball expenses, regional hosting, conference","GUESS proxy: regional hosting, enrollment, conference","GUESS proxy, to be replaced by TV and streaming appearance counts: conference media footprint (config MEDIA_FOOTPRINT), NCAA tournament appearances, Omaha and super regional history","GUESS proxy: program tradition, baseball expenses, conference",neutral baseline for a new coach,neutral baseline for a new coach
39,596457,Central Ark.,ASUN,mid,C-,0.1938,B,D+,0.1303,B,D+,0.1612,A,D+,0.1547,A,C+,0.3827,C,B-,0.5912,A,C-,0.2362,A,D+,0.1775,D,C-,0.1873,D,C-,0.215,D,D+,0.1189,D,C,,D,C,,D,0.0,0.0,0,0,0,0,0,0.4273,0.1938,0.4721,0.0697,-0.4959,53,90.0,True,9790,13,55.33,35.5,67.12,1.475,3.96,USC00031596,2.5,1013450.0,False,"NCAA tournament brackets 2015-2025 (Wikipedia pages, data/ncaa_brackets) + D1 win pct 2021-2025 (data.ncaa.com scoreboards)","RPI computed from data.ncaa.com scoreboards 2021-2025 (engine/rpi.py) + bids from the brackets, 2025 conference map","the sim's drawn team strength o + d, reference world seed 20251000; a dynasty regrades it from its own draw","IPEDS 2023 DRVGR (GBA6RTT) and DRVADM (DVADM01), NCES","IPEDS 2023 DRVEF (ENRTOT) and HD2024 (LOCALE), NCES; weighting GUESS","NOAA NCEI 1991-2020 monthly normals, nearest station: daily highs against a comfortable band (GUESS) and precipitation days","EADA 2024-25, baseball total expenses (U.S. Department of Education)","GUESS proxy: baseball expenses, regional hosting, conference","GUESS proxy: regional hosting, enrollment, conference","GUESS proxy, to be replaced by TV and streaming appearance counts: conference media footprint (config MEDIA_FOOTPRINT), NCAA tournament appearances, Omaha and super regional history","GUESS proxy: program tradition, baseball expenses, conference",neutral baseline for a new coach,neutral baseline for a new coach
40,596518,Central Conn. St.,NEC,low,B+,0.7801,B,D+,0.1678,B,B+,0.7704,A,C+,0.3974,A,C,0.3502,C,D+,0.171,A,D+,0.1352,A,D,0.1091,D,C-,0.2068,D,B-,0.6042,D,C,0.3664,D,C,,D,C,,D,2.8107,0.0,5,0,0,0,0,0.6037,0.7801,0.4205,0.1182,0.373,49,76.0,True,9712,21,44.98,43.6,54.52,8.225,11.277,USW00014752,6.7,847191.0,False,"NCAA tournament brackets 2015-2025 (Wikipedia pages, data/ncaa_brackets) + D1 win pct 2021-2025 (data.ncaa.com scoreboards)","RPI computed from data.ncaa.com scoreboards 2021-2025 (engine/rpi.py) + bids from the brackets, 2025 conference map","the sim's drawn team strength o + d, reference world seed 20251000; a dynasty regrades it from its own draw","IPEDS 2023 DRVGR (GBA6RTT) and DRVADM (DVADM01), NCES","IPEDS 2023 DRVEF (ENRTOT) and HD2024 (LOCALE), NCES; weighting GUESS","NOAA NCEI 1991-2020 monthly normals, nearest station: daily highs against a comfortable band (GUESS) and precipitation days","EADA 2024-25, baseball total expenses (U.S. Department of Education)","GUESS proxy: baseball expenses, regional hosting, conference","GUESS proxy: regional hosting, enrollment, conference","GUESS proxy, to be replaced by TV and streaming appearance counts: conference media footprint (config MEDIA_FOOTPRINT), NCAA tournament appearances, Omaha and super regional history","GUESS proxy: program tradition, baseball expenses, conference",neutral baseline for a new coach,neutral baseline for a new coach
41,596520,Central Mich.,MAC,mid,B,0.6531,B,C,0.3013,B,B+,0.7671,A,C-,0.1906,A,C-,0.2687,C,D-,0.0375,A,C,0.3697,A,C,0.3469,D,C+,0.3925,D,B,0.6564,D,C+,0.4837,D,C,,D,C,,D,1.4482,0.0,3,0,0,0,0,0.4851,0.6531,0.4761,0.0909,0.366,62,91.0,True,14399,32,39.73,43.1,49.75,12.375,15.392,USC00200146,15.5,1268545.0,False,"NCAA tournament brackets 2015-2025 (Wikipedia pages, data/ncaa_brackets) + D1 win pct 2021-2025 (data.ncaa.com scoreboards)","RPI computed from data.ncaa.com scoreboards 2021-2025 (engine/rpi.py) + bids from the brackets, 2025 conference map","the sim's drawn team strength o + d, reference world seed 20251000; a dynasty regrades it from its own draw","IPEDS 2023 DRVGR (GBA6RTT) and DRVADM (DVADM01), NCES","IPEDS 2023 DRVEF (ENRTOT) and HD2024 (LOCALE), NCES; weighting GUESS","NOAA NCEI 1991-2020 monthly normals, nearest station: daily highs against a comfortable band (GUESS) and precipitation days","EADA 2024-25, baseball total expenses (U.S. Department of Education)","GUESS proxy: baseball expenses, regional hosting, conference","GUESS proxy: regional hosting, enrollment, conference","GUESS proxy, to be replaced by TV and streaming appearance counts: conference media footprint (config MEDIA_FOOTPRINT), NCAA tournament appearances, Omaha and super regional history","GUESS proxy: program tradition, baseball expenses, conference",neutral baseline for a new coach,neutral baseline for a new coach
42,596492,Charleston So.,Big South,mid,C-,0.2622,B,D,0.0961,B,C+,0.3827,A,C+,0.3974,A,C-,0.184,C,B+,0.7573,A,C,0.2752,A,C-,0.2134,D,D-,0.0586,D,D+,0.1498,D,D+,0.1515,D,C,,D,C,,D,0.0,0.0,0,0,0,0,0,0.4801,0.2622,0.4715,0.0714,-0.1226,49,76.0,True,3545,12,62.62,32.7,73.65,0.0,2.289,USW00013880,6.1,1089044.0,False,"NCAA tournament brackets 2015-2025 (Wikipedia pages, data/ncaa_brackets) + D1 win pct 2021-2025 (data.ncaa.com scoreboards)","RPI computed from data.ncaa.com scoreboards 2021-2025 (engine/rpi.py) + bids from the brackets, 2025 conference map","the sim's drawn team strength o + d, reference world seed 20251000; a dynasty regrades it from its own draw","IPEDS 2023 DRVGR (GBA6RTT) and DRVADM (DVADM01), NCES","IPEDS 2023 DRVEF (ENRTOT) and HD2024 (LOCALE), NCES; weighting GUESS","NOAA NCEI 1991-2020 monthly normals, nearest station: daily highs against a comfortable band (GUESS) and precipitation days","EADA 2024-25, baseball total expenses (U.S. Department of Education)","GUESS proxy: baseball expenses, regional hosting, conference","GUESS proxy: regional hosting, enrollment, conference","GUESS proxy, to be replaced by TV and streaming appearance counts: conference media footprint (config MEDIA_FOOTPRINT), NCAA tournament appearances, Omaha and super regional history","GUESS proxy: program tradition, baseball expenses, conference",neutral baseline for a new coach,neutral baseline for a new coach
43,596615,Charlotte,The American,mid,B,0.6433,B,B,0.7003,B,B-,0.5814,A,C+,0.4495,A,B+,0.8388,C,B,0.6433,A,B,0.702,A,B,0.7182,D,B,0.7215,D,B,0.6792,D,B,0.7443,D,C,,D,C,,D,1.2071,0.0,2,0,0,0,0,0.5562,0.6433,0.5148,0.2168,0.1138,68,80.0,True,30298,11,56.15,38.0,69.18,0.825,3.485,USC00311975,11.0,2288536.0,False,"NCAA tournament brackets 2015-2025 (Wikipedia pages, data/ncaa_brackets) + D1 win pct 2021-2025 (data.ncaa.com scoreboards)","RPI computed from data.ncaa.com scoreboards 2021-2025 (engine/rpi.py) + bids from the brackets, 2025 conference map","the sim's drawn team strength o + d, reference world seed 20251000; a dynasty regrades it from its own draw","IPEDS 2023 DRVGR (GBA6RTT) and DRVADM (DVADM01), NCES","IPEDS 2023 DRVEF (ENRTOT) and HD2024 (LOCALE), NCES; weighting GUESS","NOAA NCEI 1991-2020 monthly normals, nearest station: daily highs against a comfortable band (GUESS) and precipitation days","EADA 2024-25, baseball total expenses (U.S. Department of Education)","GUESS proxy: baseball expenses, regional hosting, conference","GUESS proxy: regional hosting, enrollment, conference","GUESS proxy, to be replaced by TV and streaming appearance counts: conference media footprint (config MEDIA_FOOTPRINT), NCAA tournament appearances, Omaha and super regional history","GUESS proxy: program tradition, baseball expenses, conference",neutral baseline for a new coach,neutral baseline for a new coach
44,596521,Cincinnati,Big 12,p4,B+,0.7606,B,A-,0.873,B,A,0.9235,A,C,0.3208,A,A,0.9528,C,C,0.3502,A,B+,0.7801,A,B+,0.7769,D,B+,0.816,D,B+,0.8453,D,B+,0.842,D,C,,D,C,,D,2.5428,0.0,3,0,0,0,0,0.5177,0.7606,0.5414,0.4043,0.709,71,88.0,True,43338,11,49.45,48.1,60.4,5.1,8.467,USW00093812,5.5,3098431.0,False,"NCAA tournament brackets 2015-2025 (Wikipedia pages, data/ncaa_brackets) + D1 win pct 2021-2025 (data.ncaa.com scoreboards)","RPI computed from data.ncaa.com scoreboards 2021-2025 (engine/rpi.py) + bids from the brackets, 2025 conference map","the sim's drawn team strength o + d, reference world seed 20251000; a dynasty regrades it from its own draw","IPEDS 2023 DRVGR (GBA6RTT) and DRVADM (DVADM01), NCES","IPEDS 2023 DRVEF (ENRTOT) and HD2024 (LOCALE), NCES; weighting GUESS","NOAA NCEI 1991-2020 monthly normals, nearest station: daily highs against a comfortable band (GUESS) and precipitation days","EADA 2024-25, baseball total expenses (U.S. Department of Education)","GUESS proxy: baseball expenses, regional hosting, conference","GUESS proxy: regional hosting, enrollment, conference","GUESS proxy, to be replaced by TV and streaming appearance counts: conference media footprint (config MEDIA_FOOTPRINT), NCAA tournament appearances, Omaha and super regional history","GUESS proxy: program tradition, baseball expenses, conference",neutral baseline for a new coach,neutral baseline for a new coach
45,596523,Clemson,ACC,p4,A-,0.8909,B,A,0.9218,B,A-,0.9137,A,A-,0.8518,A,B,0.6466,C,B,0.6336,A,A,0.9658,A,A,0.9658,D,A,0.9495,D,A-,0.9088,D,A,0.9365,D,C,,D,C,,D,8.8232,3.3055,8,6,1,0,0,0.662,0.8909,0.5642,0.5583,0.6809,88,38.0,True,28747,22,57.02,40.6,68.9,0.725,3.567,USC00381770,1.5,7742573.0,False,"NCAA tournament brackets 2015-2025 (Wikipedia pages, data/ncaa_brackets) + D1 win pct 2021-2025 (data.ncaa.com scoreboards)","RPI computed from data.ncaa.com scoreboards 2021-2025 (engine/rpi.py) + bids from the brackets, 2025 conference map","the sim's drawn team strength o + d, reference world seed 20251000; a dynasty regrades it from its own draw","IPEDS 2023 DRVGR (GBA6RTT) and DRVADM (DVADM01), NCES","IPEDS 2023 DRVEF (ENRTOT) and HD2024 (LOCALE), NCES; weighting GUESS","NOAA NCEI 1991-2020 monthly normals, nearest station: daily highs against a comfortable band (GUESS) and precipitation days","EADA 2024-25, baseball total expenses (U.S. Department of Education)","GUESS proxy: baseball expenses, regional hosting, conference","GUESS proxy: regional hosting, enrollment, conference","GUESS proxy, to be replaced by TV and streaming appearance counts: conference media footprint (config MEDIA_FOOTPRINT), NCAA tournament appearances, Omaha and super regional history","GUESS proxy: program tradition, baseball expenses, conference",neutral baseline for a new coach,neutral baseline for a new coach
46,596524,Coastal Carolina,Sun Belt,mid,A,0.943,B,B,0.7394,B,D+,0.1678,A,C,0.3469,A,C+,0.4251,C,B+,0.8241,A,A-,0.9104,A,A-,0.9007,D,B+,0.8322,D,B+,0.8192,D,A-,0.8941,D,C,,D,C,,D,15.0559,2.0044,9,3,2,2,1,0.6647,0.943,0.5228,0.2484,-0.4835,51,80.0,True,10829,13,60.15,30.6,71.75,0.0,2.142,USC00381997,3.6,5210907.0,False,"NCAA tournament brackets 2015-2025 (Wikipedia pages, data/ncaa_brackets) + D1 win pct 2021-2025 (data.ncaa.com scoreboards)","RPI computed from data.ncaa.com scoreboards 2021-2025 (engine/rpi.py) + bids from the brackets, 2025 conference map","the sim's drawn team strength o + d, reference world seed 20251000; a dynasty regrades it from its own draw","IPEDS 2023 DRVGR (GBA6RTT) and DRVADM (DVADM01), NCES","IPEDS 2023 DRVEF (ENRTOT) and HD2024 (LOCALE), NCES; weighting GUESS","NOAA NCEI 1991-2020 monthly normals, nearest station: daily highs against a comfortable band (GUESS) and precipitation days","EADA 2024-25, baseball total expenses (U.S. Department of Education)","GUESS proxy: baseball expenses, regional hosting, conference","GUESS proxy: regional hosting, enrollment, conference","GUESS proxy, to be replaced by TV and streaming appearance counts: conference media footprint (config MEDIA_FOOTPRINT), NCAA tournament appearances, Omaha and super regional history","GUESS proxy: program tradition, baseball expenses, conference",neutral baseline for a new coach,neutral baseline for a new coach
47,596459,Col. of Charleston,CAA,mid,C+,0.4316,B,B-,0.6026,B,B+,0.8094,A,B-,0.5879,A,B-,0.5358,C,A-,0.8534,A,B-,0.5521,A,B-,0.5749,D,B-,0.5521,D,C+,0.4055,D,B-,0.5586,D,C,,D,C,,D,0.1768,0.0,1,0,0,0,0,0.6482,0.4316,0.5029,0.1407,0.4243,65,72.0,True,11729,12,62.88,29.7,69.3,0.0,2.079,USW00013782,0.5,1752757.0,False,"NCAA tournament brackets 2015-2025 (Wikipedia pages, data/ncaa_brackets) + D1 win pct 2021-2025 (data.ncaa.com scoreboards)","RPI computed from data.ncaa.com scoreboards 2021-2025 (engine/rpi.py) + bids from the brackets, 2025 conference map","the sim's drawn team strength o + d, reference world seed 20251000; a dynasty regrades it from its own draw","IPEDS 2023 DRVGR (GBA6RTT) and DRVADM (DVADM01), NCES","IPEDS 2023 DRVEF (ENRTOT) and HD2024 (LOCALE), NCES; weighting GUESS","NOAA NCEI 1991-2020 monthly normals, nearest station: daily highs against a comfortable band (GUESS) and precipitation days","EADA 2024-25, baseball total expenses (U.S. Department of Education)","GUESS proxy: baseball expenses, regional hosting, conference","GUESS proxy: regional hosting, enrollment, conference","GUESS proxy, to be replaced by TV and streaming appearance counts: conference media footprint (config MEDIA_FOOTPRINT), NCAA tournament appearances, Omaha and super regional history","GUESS proxy: program tradition, baseball expenses, conference",neutral baseline for a new coach,neutral baseline for a new coach
48,596525,Columbia,Ivy League,low,B,0.7182,B,C-,0.2378,B,D-,0.0407,A,A+,0.9919,A,A-,0.9072,C,C-,0.2329,A,C+,0.4837,A,C+,0.4088,D,B-,0.5651,D,B-,0.6107,D,B-,0.5391,D,C,,D,C,,D,2.0687,0.0,4,0,0,0,0,0.5728,0.7182,0.4664,0.1078,-0.9785,95,4.0,True,35279,11,48.9,44.0,56.32,6.975,10.055,USW00094728,2.1,1571842.0,False,"NCAA tournament brackets 2015-2025 (Wikipedia pages, data/ncaa_brackets) + D1 win pct 2021-2025 (data.ncaa.com scoreboards)","RPI computed from data.ncaa.com scoreboards 2021-2025 (engine/rpi.py) + bids from the brackets, 2025 conference map","the sim's drawn team strength o + d, reference world seed 20251000; a dynasty regrades it from its own draw","IPEDS 2023 DRVGR (GBA6RTT) and DRVADM (DVADM01), NCES","IPEDS 2023 DRVEF (ENRTOT) and HD2024 (LOCALE), NCES; weighting GUESS","NOAA NCEI 1991-2020 monthly normals, nearest station: daily highs against a comfortable band (GUESS) and precipitation days","EADA 2024-25, baseball total expenses (U.S. Department of Education)","GUESS proxy: baseball expenses, regional hosting, conference","GUESS proxy: regional hosting, enrollment, conference","GUESS proxy, to be replaced by TV and streaming appearance counts: conference media footprint (config MEDIA_FOOTPRINT), NCAA tournament appearances, Omaha and super regional history","GUESS proxy: program tradition, baseball expenses, conference",neutral baseline for a new coach,neutral baseline for a new coach
49,596527,Coppin St.,NEC,low,C+,0.4479,B,D+,0.1678,B,C-,0.2557,A,B,0.6498,A,C-,0.1808,C,C+,0.4088,A,F,0.0114,A,D-,0.0342,D,D,0.0635,D,C,0.3143,D,D+,0.1678,D,C,,D,C,,D,0.5946,0.0,1,0,0,0,0,0.3328,0.4479,0.4205,0.1182,-0.3071,26,50.0,True,2101,11,52.7,42.7,61.18,4.5,7.489,USW00093784,3.4,370256.0,False,"NCAA tournament brackets 2015-2025 (Wikipedia pages, data/ncaa_brackets) + D1 win pct 2021-2025 (data.ncaa.com scoreboards)","RPI computed from data.ncaa.com scoreboards 2021-2025 (engine/rpi.py) + bids from the brackets, 2025 conference map","the sim's drawn team strength o + d, reference world seed 20251000; a dynasty regrades it from its own draw","IPEDS 2023 DRVGR (GBA6RTT) and DRVADM (DVADM01), NCES","IPEDS 2023 DRVEF (ENRTOT) and HD2024 (LOCALE), NCES; weighting GUESS","NOAA NCEI 1991-2020 monthly normals, nearest station: daily highs against a comfortable band (GUESS) and precipitation days","EADA 2024-25, baseball total expenses (U.S. Department of Education)","GUESS proxy: baseball expenses, regional hosting, conference","GUESS proxy: regional hosting, enrollment, conference","GUESS proxy, to be replaced by TV and streaming appearance counts: conference media footprint (config MEDIA_FOOTPRINT), NCAA tournament appearances, Omaha and super regional history","GUESS proxy: program tradition, baseball expenses, conference",neutral baseline for a new coach,neutral baseline for a new coach
50,596528,Cornell,Ivy League,low,D,0.1059,B,C-,0.2378,B,D,0.1091,A,A,0.9593,A,B,0.7117,C,F,0.0212,A,D+,0.1221,A,D+,0.1189,D,C+,0.5,D,D+,0.1287,D,D,0.0798,D,C,,D,C,,D,0.0,0.0,0,0,0,0,0,0.3476,0.1059,0.4664,0.1078,-0.622,95,8.0,True,26264,13,38.68,55.3,48.92,12.9,16.771,USC00304174,1.7,810915.0,False,"NCAA tournament brackets 2015-2025 (Wikipedia pages, data/ncaa_brackets) + D1 win pct 2021-2025 (data.ncaa.com scoreboards)","RPI computed from data.ncaa.com scoreboards 2021-2025 (engine/rpi.py) + bids from the brackets, 2025 conference map","the sim's drawn team strength o + d, reference world seed 20251000; a dynasty regrades it from its own draw","IPEDS 2023 DRVGR (GBA6RTT) and DRVADM (DVADM01), NCES","IPEDS 2023 DRVEF (ENRTOT) and HD2024 (LOCALE), NCES; weighting GUESS","NOAA NCEI 1991-2020 monthly normals, nearest station: daily highs against a comfortable band (GUESS) and precipitation days","EADA 2024-25, baseball total expenses (U.S. Department of Education)","GUESS proxy: baseball expenses, regional hosting, conference","GUESS proxy: regional hosting, enrollment, conference","GUESS proxy, to be replaced by TV and streaming appearance counts: conference media footprint (config MEDIA_FOOTPRINT), NCAA tournament appearances, Omaha and super regional history","GUESS proxy: program tradition, baseball expenses, conference",neutral baseline for a new coach,neutral baseline for a new coach
51,596529,Creighton,Big East,mid,B,0.6661,B,B,0.671,B,C,0.3339,A,B,0.6759,A,C+,0.4349,C,C-,0.2378,A,B,0.7476,A,B,0.728,D,C+,0.4837,D,B,0.7052,D,B+,0.7638,D,C,,D,C,,D,1.3536,0.0,2,0,0,0,0,0.6591,0.6661,0.5067,0.1781,-0.1697,80,72.0,True,8255,11,46.52,38.6,57.35,7.325,10.027,USW00014942,4.0,2703983.0,False,"NCAA tournament brackets 2015-2025 (Wikipedia pages, data/ncaa_brackets) + D1 win pct 2021-2025 (data.ncaa.com scoreboards)","RPI computed from data.ncaa.com scoreboards 2021-2025 (engine/rpi.py) + bids from the brackets, 2025 conference map","the sim's drawn team strength o + d, reference world seed 20251000; a dynasty regrades it from its own draw","IPEDS 2023 DRVGR (GBA6RTT) and DRVADM (DVADM01), NCES","IPEDS 2023 DRVEF (ENRTOT) and HD2024 (LOCALE), NCES; weighting GUESS","NOAA NCEI 1991-2020 monthly normals, nearest station: daily highs against a comfortable band (GUESS) and precipitation days","EADA 2024-25, baseball total expenses (U.S. Department of Education)","GUESS proxy: baseball expenses, regional hosting, conference","GUESS proxy: regional hosting, enrollment, conference","GUESS proxy, to be replaced by TV and streaming appearance counts: conference media footprint (config MEDIA_FOOTPRINT), NCAA tournament appearances, Omaha and super regional history","GUESS proxy: program tradition, baseball expenses, conference",neutral baseline for a new coach,neutral baseline for a new coach
52,596703,DBU,CUSA,mid,A-,0.8681,B,B+,0.7785,B,C+,0.4935,A,C-,0.1808,A,C,0.2915,C,B,0.7378,A,A-,0.8681,A,A-,0.8779,D,B,0.7182,D,B+,0.8094,D,A-,0.8713,D,C,,D,C,,D,6.1072,0.1768,10,1,1,0,0,0.7028,0.8681,0.5126,0.2627,0.0098,60,91.0,True,4201,11,62.4,34.2,72.57,0.0,2.394,USW00003971,5.0,4328777.0,False,"NCAA tournament brackets 2015-2025 (Wikipedia pages, data/ncaa_brackets) + D1 win pct 2021-2025 (data.ncaa.com scoreboards)","RPI computed from data.ncaa.com scoreboards 2021-2025 (engine/rpi.py) + bids from the brackets, 2025 conference map","the sim's drawn team strength o + d, reference world seed 20251000; a dynasty regrades it from its own draw","IPEDS 2023 DRVGR (GBA6RTT) and DRVADM (DVADM01), NCES","IPEDS 2023 DRVEF (ENRTOT) and HD2024 (LOCALE), NCES; weighting GUESS","NOAA NCEI 1991-2020 monthly normals, nearest station: daily highs against a comfortable band (GUESS) and precipitation days","EADA 2024-25, baseball total expenses (U.S. Department of Education)","GUESS proxy: baseball expenses, regional hosting, conference","GUESS proxy: regional hosting, enrollment, conference","GUESS proxy, to be replaced by TV and streaming appearance counts: conference media footprint (config MEDIA_FOOTPRINT), NCAA tournament appearances, Omaha and super regional history","GUESS proxy: program tradition, baseball expenses, conference",neutral baseline for a new coach,neutral baseline for a new coach
53,596530,Dartmouth,Ivy League,low,D-,0.057,B,C-,0.2378,B,D,0.1026,A,A+,0.9756,A,D-,0.0505,C,D,0.0635,A,D,0.0993,A,D,0.1059,D,D+,0.1678,D,D+,0.1287,D,D-,0.0407,D,C,,D,C,,D,0.0,0.0,0,0,0,0,0,0.3069,0.057,0.4664,0.1078,-0.6239,96,6.0,True,6746,33,40.73,41.0,51.75,10.975,13.845,USC00273850,0.2,774995.0,False,"NCAA tournament brackets 2015-2025 (Wikipedia pages, data/ncaa_brackets) + D1 win pct 2021-2025 (data.ncaa.com scoreboards)","RPI computed from data.ncaa.com scoreboards 2021-2025 (engine/rpi.py) + bids from the brackets, 2025 conference map","the sim's drawn team strength o + d, reference world seed 20251000; a dynasty regrades it from its own draw","IPEDS 2023 DRVGR (GBA6RTT) and DRVADM (DVADM01), NCES","IPEDS 2023 DRVEF (ENRTOT) and HD2024 (LOCALE), NCES; weighting GUESS","NOAA NCEI 1991-2020 monthly normals, nearest station: daily highs against a comfortable band (GUESS) and precipitation days","EADA 2024-25, baseball total expenses (U.S. Department of Education)","GUESS proxy: baseball expenses, regional hosting, conference","GUESS proxy: regional hosting, enrollment, conference","GUESS proxy, to be replaced by TV and streaming appearance counts: conference media footprint (config MEDIA_FOOTPRINT), NCAA tournament appearances, Omaha and super regional history","GUESS proxy: program tradition, baseball expenses, conference",neutral baseline for a new coach,neutral baseline for a new coach
54,596531,Davidson,Atlantic 10,mid,B-,0.5228,B,C-,0.2052,B,B-,0.5098,A,A,0.9332,A,D,0.07,C,B-,0.5684,A,C+,0.4577,A,C+,0.3827,D,D,0.0798,D,B-,0.6205,D,C+,0.3827,D,C,,D,C,,D,0.75,0.0,1,0,1,0,0,0.5516,0.5228,0.4775,0.0833,0.0237,92,14.0,True,1904,21,53.9,39.3,66.08,1.525,4.276,USC00317618,18.4,1505685.0,False,"NCAA tournament brackets 2015-2025 (Wikipedia pages, data/ncaa_brackets) + D1 win pct 2021-2025 (data.ncaa.com scoreboards)","RPI computed from data.ncaa.com scoreboards 2021-2025 (engine/rpi.py) + bids from the brackets, 2025 conference map","the sim's drawn team strength o + d, reference world seed 20251000; a dynasty regrades it from its own draw","IPEDS 2023 DRVGR (GBA6RTT) and DRVADM (DVADM01), NCES","IPEDS 2023 DRVEF (ENRTOT) and HD2024 (LOCALE), NCES; weighting GUESS","NOAA NCEI 1991-2020 monthly normals, nearest station: daily highs against a comfortable band (GUESS) and precipitation days","EADA 2024-25, baseball total expenses (U.S. Department of Education)","GUESS proxy: baseball expenses, regional hosting, conference","GUESS proxy: regional hosting, enrollment, conference","GUESS proxy, to be replaced by TV and streaming appearance counts: conference media footprint (config MEDIA_FOOTPRINT), NCAA tournament appearances, Omaha and super regional history","GUESS proxy: program tradition, baseball expenses, conference",neutral baseline for a new coach,neutral baseline for a new coach
55,596532,Dayton,Atlantic 10,mid,C,0.2785,B,C-,0.2052,B,C,0.285,A,B,0.7427,A,B-,0.5065,C,C-,0.215,A,B-,0.5717,A,C+,0.4544,D,C,0.2818,D,C-,0.215,D,C,0.2948,D,C,,D,C,,D,0.0,0.0,0,0,0,0,0,0.4944,0.2785,0.4775,0.0833,-0.2386,82,62.0,True,11304,12,47.2,48.0,57.52,7.275,10.635,USC00332067,1.8,1815382.0,False,"NCAA tournament brackets 2015-2025 (Wikipedia pages, data/ncaa_brackets) + D1 win pct 2021-2025 (data.ncaa.com scoreboards)","RPI computed from data.ncaa.com scoreboards 2021-2025 (engine/rpi.py) + bids from the brackets, 2025 conference map","the sim's drawn team strength o + d, reference world seed 20251000; a dynasty regrades it from its own draw","IPEDS 2023 DRVGR (GBA6RTT) and DRVADM (DVADM01), NCES","IPEDS 2023 DRVEF (ENRTOT) and HD2024 (LOCALE), NCES; weighting GUESS","NOAA NCEI 1991-2020 monthly normals, nearest station: daily highs against a comfortable band (GUESS) and precipitation days","EADA 2024-25, baseball total expenses (U.S. Department of Education)","GUESS proxy: baseball expenses, regional hosting, conference","GUESS proxy: regional hosting, enrollment, conference","GUESS proxy, to be replaced by TV and streaming appearance counts: conference media footprint (config MEDIA_FOOTPRINT), NCAA tournament appearances, Omaha and super regional history","GUESS proxy: program tradition, baseball expenses, conference",neutral baseline for a new coach,neutral baseline for a new coach
56,596534,Delaware,CAA,mid,C+,0.4023,B,B-,0.6026,B,B+,0.8192,A,B,0.728,A,B,0.6596,C,C,0.3697,A,C+,0.4511,A,B-,0.5033,D,B,0.6564,D,C+,0.43,D,B-,0.5033,D,C,,D,C,,D,0.25,0.0,1,0,0,0,0,0.5075,0.4023,0.5029,0.1407,0.4687,81,65.0,True,24221,21,49.33,41.9,60.58,5.05,7.983,USC00076410,0.9,1486755.0,False,"NCAA tournament brackets 2015-2025 (Wikipedia pages, data/ncaa_brackets) + D1 win pct 2021-2025 (data.ncaa.com scoreboards)","RPI computed from data.ncaa.com scoreboards 2021-2025 (engine/rpi.py) + bids from the brackets, 2025 conference map","the sim's drawn team strength o + d, reference world seed 20251000; a dynasty regrades it from its own draw","IPEDS 2023 DRVGR (GBA6RTT) and DRVADM (DVADM01), NCES","IPEDS 2023 DRVEF (ENRTOT) and HD2024 (LOCALE), NCES; weighting GUESS","NOAA NCEI 1991-2020 monthly normals, nearest station: daily highs against a comfortable band (GUESS) and precipitation days","EADA 2024-25, baseball total expenses (U.S. Department of Education)","GUESS proxy: baseball expenses, regional hosting, conference","GUESS proxy: regional hosting, enrollment, conference","GUESS proxy, to be replaced by TV and streaming appearance counts: conference media footprint (config MEDIA_FOOTPRINT), NCAA tournament appearances, Omaha and super regional history","GUESS proxy: program tradition, baseball expenses, conference",neutral baseline for a new coach,neutral baseline for a new coach
57,596533,Delaware St.,NEC,low,D,0.0928,B,D+,0.1678,B,C,0.3371,A,B-,0.5668,A,C-,0.2231,C,C+,0.4218,A,F,0.0081,A,D-,0.0309,D,D+,0.1417,D,D,0.0619,D,F,0.0277,D,C,,D,C,,D,0.0,0.0,0,0,0,0,0,0.3369,0.0928,0.4205,0.1182,-0.1692,39,62.0,True,5828,13,50.77,39.8,60.58,4.525,7.311,USC00072730,3.4,318890.0,False,"NCAA tournament brackets 2015-2025 (Wikipedia pages, data/ncaa_brackets) + D1 win pct 2021-2025 (data.ncaa.com scoreboards)","RPI computed from data.ncaa.com scoreboards 2021-2025 (engine/rpi.py) + bids from the brackets, 2025 conference map","the sim's drawn team strength o + d, reference world seed 20251000; a dynasty regrades it from its own draw","IPEDS 2023 DRVGR (GBA6RTT) and DRVADM (DVADM01), NCES","IPEDS 2023 DRVEF (ENRTOT) and HD2024 (LOCALE), NCES; weighting GUESS","NOAA NCEI 1991-2020 monthly normals, nearest station: daily highs against a comfortable band (GUESS) and precipitation days","EADA 2024-25, baseball total expenses (U.S. Department of Education)","GUESS proxy: baseball expenses, regional hosting, conference","GUESS proxy: regional hosting, enrollment, conference","GUESS proxy, to be replaced by TV and streaming appearance counts: conference media footprint (config MEDIA_FOOTPRINT), NCAA tournament appearances, Omaha and super regional history","GUESS proxy: program tradition, baseball expenses, conference",neutral baseline for a new coach,neutral baseline for a new coach
58,596708,Duke,ACC,p4,A-,0.8876,B,A,0.9218,B,A+,0.9853,A,A+,0.9707,A,B,0.702,C,B-,0.5651,A,A-,0.8909,A,B+,0.8453,D,B,0.741,D,A-,0.9137,D,A-,0.9104,D,C,,D,C,,D,8.625,0.0,7,0,4,0,0,0.5972,0.8876,0.5642,0.5583,0.947,96,7.0,True,17112,11,53.62,35.2,65.03,1.875,4.339,USC00312515,3.2,4939712.0,False,"NCAA tournament brackets 2015-2025 (Wikipedia pages, data/ncaa_brackets) + D1 win pct 2021-2025 (data.ncaa.com scoreboards)","RPI computed from data.ncaa.com scoreboards 2021-2025 (engine/rpi.py) + bids from the brackets, 2025 conference map","the sim's drawn team strength o + d, reference world seed 20251000; a dynasty regrades it from its own draw","IPEDS 2023 DRVGR (GBA6RTT) and DRVADM (DVADM01), NCES","IPEDS 2023 DRVEF (ENRTOT) and HD2024 (LOCALE), NCES; weighting GUESS","NOAA NCEI 1991-2020 monthly normals, nearest station: daily highs against a comfortable band (GUESS) and precipitation days","EADA 2024-25, baseball total expenses (U.S. Department of Education)","GUESS proxy: baseball expenses, regional hosting, conference","GUESS proxy: regional hosting, enrollment, conference","GUESS proxy, to be replaced by TV and streaming appearance counts: conference media footprint (config MEDIA_FOOTPRINT), NCAA tournament appearances, Omaha and super regional history","GUESS proxy: program tradition, baseball expenses, conference",neutral baseline for a new coach,neutral baseline for a new coach
59,596536,ETSU,SoCon,mid,B-,0.5912,B,B-,0.57,B,B+,0.7638,A,C-,0.2296,A,B-,0.513,C,C+,0.4609,A,B+,0.8192,A,B,0.7443,D,B-,0.5603,D,B-,0.5277,D,B,0.7215,D,C,,D,C,,D,1.0,0.0,1,0,0,0,0,0.5958,0.5912,0.5121,0.125,0.3544,50,87.0,True,13586,13,51.38,49.9,63.73,2.675,6.168,USC00402806,7.5,3479039.0,False,"NCAA tournament brackets 2015-2025 (Wikipedia pages, data/ncaa_brackets) + D1 win pct 2021-2025 (data.ncaa.com scoreboards)","RPI computed from data.ncaa.com scoreboards 2021-2025 (engine/rpi.py) + bids from the brackets, 2025 conference map","the sim's drawn team strength o + d, reference world seed 20251000; a dynasty regrades it from its own draw","IPEDS 2023 DRVGR (GBA6RTT) and DRVADM (DVADM01), NCES","IPEDS 2023 DRVEF (ENRTOT) and HD2024 (LOCALE), NCES; weighting GUESS","NOAA NCEI 1991-2020 monthly normals, nearest station: daily highs against a comfortable band (GUESS) and precipitation days","EADA 2024-25, baseball total expenses (U.S. Department of Education)","GUESS proxy: baseball expenses, regional hosting, conference","GUESS proxy: regional hosting, enrollment, conference","GUESS proxy, to be replaced by TV and streaming appearance counts: conference media footprint (config MEDIA_FOOTPRINT), NCAA tournament appearances, Omaha and super regional history","GUESS proxy: program tradition, baseball expenses, conference",neutral baseline for a new coach,neutral baseline for a new coach
60,596535,East Carolina,The American,mid,A-,0.9137,B,B,0.7003,B,C,0.3241,A,C-,0.2264,A,B,0.7215,C,B-,0.6107,A,B+,0.8322,A,A-,0.8746,D,A-,0.8811,D,B+,0.816,D,A-,0.8583,D,C,,D,C,,D,11.7728,2.5864,10,5,4,0,0,0.6737,0.9137,0.5148,0.2168,-0.1812,62,90.0,True,26785,13,57.48,42.5,68.72,0.775,3.75,USC00313638,2.8,3717159.0,False,"NCAA tournament brackets 2015-2025 (Wikipedia pages, data/ncaa_brackets) + D1 win pct 2021-2025 (data.ncaa.com scoreboards)","RPI computed from data.ncaa.com scoreboards 2021-2025 (engine/rpi.py) + bids from the brackets, 2025 conference map","the sim's drawn team strength o + d, reference world seed 20251000; a dynasty regrades it from its own draw","IPEDS 2023 DRVGR (GBA6RTT) and DRVADM (DVADM01), NCES","IPEDS 2023 DRVEF (ENRTOT) and HD2024 (LOCALE), NCES; weighting GUESS","NOAA NCEI 1991-2020 monthly normals, nearest station: daily highs against a comfortable band (GUESS) and precipitation days","EADA 2024-25, baseball total expenses (U.S. Department of Education)","GUESS proxy: baseball expenses, regional hosting, conference","GUESS proxy: regional hosting, enrollment, conference","GUESS proxy, to be replaced by TV and streaming appearance counts: conference media footprint (config MEDIA_FOOTPRINT), NCAA tournament appearances, Omaha and super regional history","GUESS proxy: program tradition, baseball expenses, conference",neutral baseline for a new coach,neutral baseline for a new coach
61,596537,Eastern Ill.,OVC,low,B-,0.5098,B,C-,0.2671,B,C+,0.4414,A,B-,0.513,A,D,0.0765,C,C,0.3371,A,D+,0.1775,A,D+,0.171,D,C-,0.2329,D,C,0.3616,D,C,0.2818,D,C,,D,C,,D,0.7071,0.0,1,0,0,0,0,0.5404,0.5098,0.4691,0.1,-0.0631,45,68.0,True,8804,33,49.8,43.9,60.5,5.6,8.673,USC00111436,0.6,926418.0,False,"NCAA tournament brackets 2015-2025 (Wikipedia pages, data/ncaa_brackets) + D1 win pct 2021-2025 (data.ncaa.com scoreboards)","RPI computed from data.ncaa.com scoreboards 2021-2025 (engine/rpi.py) + bids from the brackets, 2025 conference map","the sim's drawn team strength o + d, reference world seed 20251000; a dynasty regrades it from its own draw","IPEDS 2023 DRVGR (GBA6RTT) and DRVADM (DVADM01), NCES","IPEDS 2023 DRVEF (ENRTOT) and HD2024 (LOCALE), NCES; weighting GUESS","NOAA NCEI 1991-2020 monthly normals, nearest station: daily highs against a comfortable band (GUESS) and precipitation days","EADA 2024-25, baseball total expenses (U.S. Department of Education)","GUESS proxy: baseball expenses, regional hosting, conference","GUESS proxy: regional hosting, enrollment, conference","GUESS proxy, to be replaced by TV and streaming appearance counts: conference media footprint (config MEDIA_FOOTPRINT), NCAA tournament appearances, Omaha and super regional history","GUESS proxy: program tradition, baseball expenses, conference",neutral baseline for a new coach,neutral baseline for a new coach
62,596538,Eastern Ky.,ASUN,mid,D+,0.1417,B,D+,0.1303,B,D,0.07,A,C+,0.4088,A,C,0.2818,C,C+,0.4805,A,C,0.373,A,C,0.2883,D,C,0.2915,D,C-,0.215,D,D+,0.1384,D,C,,D,C,,D,0.0,0.0,0,0,0,0,0,0.392,0.1417,0.4721,0.0697,-0.7685,55,78.0,True,15008,32,52.5,39.6,63.8,2.9,5.672,USC00151890,18.9,1272728.0,False,"NCAA tournament brackets 2015-2025 (Wikipedia pages, data/ncaa_brackets) + D1 win pct 2021-2025 (data.ncaa.com scoreboards)","RPI computed from data.ncaa.com scoreboards 2021-2025 (engine/rpi.py) + bids from the brackets, 2025 conference map","the sim's drawn team strength o + d, reference world seed 20251000; a dynasty regrades it from its own draw","IPEDS 2023 DRVGR (GBA6RTT) and DRVADM (DVADM01), NCES","IPEDS 2023 DRVEF (ENRTOT) and HD2024 (LOCALE), NCES; weighting GUESS","NOAA NCEI 1991-2020 monthly normals, nearest station: daily highs against a comfortable band (GUESS) and precipitation days","EADA 2024-25, baseball total expenses (U.S. Department of Education)","GUESS proxy: baseball expenses, regional hosting, conference","GUESS proxy: regional hosting, enrollment, conference","GUESS proxy, to be replaced by TV and streaming appearance counts: conference media footprint (config MEDIA_FOOTPRINT), NCAA tournament appearances, Omaha and super regional history","GUESS proxy: program tradition, baseball expenses, conference",neutral baseline for a new coach,neutral baseline for a new coach
63,596539,Eastern Mich.,MAC,mid,D+,0.1384,B,C,0.3013,B,B,0.6336,A,C,0.3078,A,C+,0.4707,C,D-,0.0489,A,C,0.3664,A,C,0.3436,D,C,0.3697,D,C-,0.215,D,C-,0.184,D,C,,D,C,,D,0.0,0.0,0,0,0,0,0,0.3908,0.1384,0.4761,0.0909,0.1697,45,81.0,True,13324,21,41.15,57.7,52.13,10.475,14.514,USC00200228,3.4,1257911.0,False,"NCAA tournament brackets 2015-2025 (Wikipedia pages, data/ncaa_brackets) + D1 win pct 2021-2025 (data.ncaa.com scoreboards)","RPI computed from data.ncaa.com scoreboards 2021-2025 (engine/rpi.py) + bids from the brackets, 2025 conference map","the sim's drawn team strength o + d, reference world seed 20251000; a dynasty regrades it from its own draw","IPEDS 2023 DRVGR (GBA6RTT) and DRVADM (DVADM01), NCES","IPEDS 2023 DRVEF (ENRTOT) and HD2024 (LOCALE), NCES; weighting GUESS","NOAA NCEI 1991-2020 monthly normals, nearest station: daily highs against a comfortable band (GUESS) and precipitation days","EADA 2024-25, baseball total expenses (U.S. Department of Education)","GUESS proxy: baseball expenses, regional hosting, conference","GUESS proxy: regional hosting, enrollment, conference","GUESS proxy, to be replaced by TV and streaming appearance counts: conference media footprint (config MEDIA_FOOTPRINT), NCAA tournament appearances, Omaha and super regional history","GUESS proxy: program tradition, baseball expenses, conference",neutral baseline for a new coach,neutral baseline for a new coach
64,596460,Elon,CAA,mid,C-,0.2655,B,B-,0.6026,B,B,0.6401,A,B,0.7117,A,D+,0.1743,C,B-,0.5847,A,B-,0.5879,A,B-,0.5945,D,C+,0.4218,D,C-,0.215,D,C+,0.487,D,C,,D,C,,D,0.0,0.0,0,0,0,0,0,0.4815,0.2655,0.5029,0.1407,0.1817,83,67.0,True,7207,22,56.28,42.3,68.35,1.05,4.011,USW00093783,4.2,1843417.0,False,"NCAA tournament brackets 2015-2025 (Wikipedia pages, data/ncaa_brackets) + D1 win pct 2021-2025 (data.ncaa.com scoreboards)","RPI computed from data.ncaa.com scoreboards 2021-2025 (engine/rpi.py) + bids from the brackets, 2025 conference map","the sim's drawn team strength o + d, reference world seed 20251000; a dynasty regrades it from its own draw","IPEDS 2023 DRVGR (GBA6RTT) and DRVADM (DVADM01), NCES","IPEDS 2023 DRVEF (ENRTOT) and HD2024 (LOCALE), NCES; weighting GUESS","NOAA NCEI 1991-2020 monthly normals, nearest station: daily highs against a comfortable band (GUESS) and precipitation days","EADA 2024-25, baseball total expenses (U.S. Department of Education)","GUESS proxy: baseball expenses, regional hosting, conference","GUESS proxy: regional hosting, enrollment, conference","GUESS proxy, to be replaced by TV and streaming appearance counts: conference media footprint (config MEDIA_FOOTPRINT), NCAA tournament appearances, Omaha and super regional history","GUESS proxy: program tradition, baseball expenses, conference",neutral baseline for a new coach,neutral baseline for a new coach
65,596709,Evansville,MVC,mid,B+,0.7541,B,B-,0.5375,B,B,0.6954,A,C+,0.5,A,D+,0.1254,C,C+,0.4495,A,B-,0.5586,A,B-,0.5619,D,C-,0.2264,D,B,0.6303,D,B,0.6792,D,C,,D,C,,D,2.5227,0.0,1,0,1,0,0,0.513,0.7541,0.4955,0.1231,0.2522,71,78.0,True,2109,12,53.85,43.0,63.48,3.5,6.51,USC00122731,2.3,1763389.0,False,"NCAA tournament brackets 2015-2025 (Wikipedia pages, data/ncaa_brackets) + D1 win pct 2021-2025 (data.ncaa.com scoreboards)","RPI computed from data.ncaa.com scoreboards 2021-2025 (engine/rpi.py) + bids from the brackets, 2025 conference map","the sim's drawn team strength o + d, reference world seed 20251000; a dynasty regrades it from its own draw","IPEDS 2023 DRVGR (GBA6RTT) and DRVADM (DVADM01), NCES","IPEDS 2023 DRVEF (ENRTOT) and HD2024 (LOCALE), NCES; weighting GUESS","NOAA NCEI 1991-2020 monthly normals, nearest station: daily highs against a comfortable band (GUESS) and precipitation days","EADA 2024-25, baseball total expenses (U.S. Department of Education)","GUESS proxy: baseball expenses, regional hosting, conference","GUESS proxy: regional hosting, enrollment, conference","GUESS proxy, to be replaced by TV and streaming appearance counts: conference media footprint (config MEDIA_FOOTPRINT), NCAA tournament appearances, Omaha and super regional history","GUESS proxy: program tradition, baseball expenses, conference",neutral baseline for a new coach,neutral baseline for a new coach
66,596541,FDU,NEC,low,C-,0.2166,B,D+,0.1678,B,C+,0.4023,A,D,0.0993,A,C-,0.2622,C,C,0.2752,A,D,0.0798,A,D,0.07,D,D+,0.1612,D,D,0.0619,D,D,0.0961,D,C,,D,C,,D,0.0,0.0,0,0,0,0,0,0.4395,0.2166,0.4205,0.1182,-0.1099,62,96.0,True,7607,21,48.38,44.8,57.25,6.65,9.786,USW00094741,3.7,724356.0,False,"NCAA tournament brackets 2015-2025 (Wikipedia pages, data/ncaa_brackets) + D1 win pct 2021-2025 (data.ncaa.com scoreboards)","RPI computed from data.ncaa.com scoreboards 2021-2025 (engine/rpi.py) + bids from the brackets, 2025 conference map","the sim's drawn team strength o + d, reference world seed 20251000; a dynasty regrades it from its own draw","IPEDS 2023 DRVGR (GBA6RTT) and DRVADM (DVADM01), NCES","IPEDS 2023 DRVEF (ENRTOT) and HD2024 (LOCALE), NCES; weighting GUESS","NOAA NCEI 1991-2020 monthly normals, nearest station: daily highs against a comfortable band (GUESS) and precipitation days","EADA 2024-25, baseball total expenses (U.S. Department of Education)","GUESS proxy: baseball expenses, regional hosting, conference","GUESS proxy: regional hosting, enrollment, conference","GUESS proxy, to be replaced by TV and streaming appearance counts: conference media footprint (config MEDIA_FOOTPRINT), NCAA tournament appearances, Omaha and super regional history","GUESS proxy: program tradition, baseball expenses, conference",neutral baseline for a new coach,neutral baseline for a new coach
67,596473,FGCU,ASUN,mid,C+,0.4283,B,D+,0.1303,B,C,0.3795,A,C+,0.4349,A,B-,0.5489,C,A-,0.8648,A,C,0.3534,A,C,0.285,D,C,0.3078,D,C+,0.43,D,C-,0.259,D,C,,D,C,,D,0.25,0.0,1,0,0,0,0,0.5735,0.4283,0.4721,0.0697,-0.1262,56,77.0,True,16167,21,72.05,28.2,82.67,0.0,1.974,USW00012894,5.1,1237703.0,False,"NCAA tournament brackets 2015-2025 (Wikipedia pages, data/ncaa_brackets) + D1 win pct 2021-2025 (data.ncaa.com scoreboards)","RPI computed from data.ncaa.com scoreboards 2021-2025 (engine/rpi.py) + bids from the brackets, 2025 conference map","the sim's drawn team strength o + d, reference world seed 20251000; a dynasty regrades it from its own draw","IPEDS 2023 DRVGR (GBA6RTT) and DRVADM (DVADM01), NCES","IPEDS 2023 DRVEF (ENRTOT) and HD2024 (LOCALE), NCES; weighting GUESS","NOAA NCEI 1991-2020 monthly normals, nearest station: daily highs against a comfortable band (GUESS) and precipitation days","EADA 2024-25, baseball total expenses (U.S. Department of Education)","GUESS proxy: baseball expenses, regional hosting, conference","GUESS proxy: regional hosting, enrollment, conference","GUESS proxy, to be replaced by TV and streaming appearance counts: conference media footprint (config MEDIA_FOOTPRINT), NCAA tournament appearances, Omaha and super regional history","GUESS proxy: program tradition, baseball expenses, conference",neutral baseline for a new coach,neutral baseline for a new coach
68,596544,FIU,CUSA,mid,C,0.3502,B,B+,0.7785,B,B-,0.5358,A,B,0.7313,A,A-,0.8583,C,B+,0.8046,A,B-,0.5065,A,B-,0.5912,D,B+,0.7818,D,B-,0.5163,D,B-,0.5684,D,C,,D,C,,D,0.1768,0.0,1,0,0,0,0,0.4441,0.3502,0.5126,0.2627,0.0562,74,59.0,True,53953,21,74.2,31.1,82.8,0.0,2.177,USC00085667,0.6,1630533.0,False,"NCAA tournament brackets 2015-2025 (Wikipedia pages, data/ncaa_brackets) + D1 win pct 2021-2025 (data.ncaa.com scoreboards)","RPI computed from data.ncaa.com scoreboards 2021-2025 (engine/rpi.py) + bids from the brackets, 2025 conference map","the sim's drawn team strength o + d, reference world seed 20251000; a dynasty regrades it from its own draw","IPEDS 2023 DRVGR (GBA6RTT) and DRVADM (DVADM01), NCES","IPEDS 2023 DRVEF (ENRTOT) and HD2024 (LOCALE), NCES; weighting GUESS","NOAA NCEI 1991-2020 monthly normals, nearest station: daily highs against a comfortable band (GUESS) and precipitation days","EADA 2024-25, baseball total expenses (U.S. Department of Education)","GUESS proxy: baseball expenses, regional hosting, conference","GUESS proxy: regional hosting, enrollment, conference","GUESS proxy, to be replaced by TV and streaming appearance counts: conference media footprint (config MEDIA_FOOTPRINT), NCAA tournament appearances, Omaha and super regional history","GUESS proxy: program tradition, baseball expenses, conference",neutral baseline for a new coach,neutral baseline for a new coach
69,596540,Fairfield,MAAC,low,B,0.6987,B,D,0.0603,B,C,0.2915,A,B+,0.8127,A,C-,0.2101,C,D+,0.1466,A,C+,0.4121,A,C,0.298,D,D+,0.1156,D,B-,0.5212,D,C+,0.4153,D,C,,D,C,,D,1.7102,0.0,3,0,0,0,0,0.6618,0.6987,0.4574,0.0875,-0.2367,84,45.0,True,6289,21,45.75,45.2,53.65,8.45,11.614,USW00094702,6.6,1386567.0,False,"NCAA tournament brackets 2015-2025 (Wikipedia pages, data/ncaa_brackets) + D1 win pct 2021-2025 (data.ncaa.com scoreboards)","RPI computed from data.ncaa.com scoreboards 2021-2025 (engine/rpi.py) + bids from the brackets, 2025 conference map","the sim's drawn team strength o + d, reference world seed 20251000; a dynasty regrades it from its own draw","IPEDS 2023 DRVGR (GBA6RTT) and DRVADM (DVADM01), NCES","IPEDS 2023 DRVEF (ENRTOT) and HD2024 (LOCALE), NCES; weighting GUESS","NOAA NCEI 1991-2020 monthly normals, nearest station: daily highs against a comfortable band (GUESS) and precipitation days","EADA 2024-25, baseball total expenses (U.S. Department of Education)","GUESS proxy: baseball expenses, regional hosting, conference","GUESS proxy: regional hosting, enrollment, conference","GUESS proxy, to be replaced by TV and streaming appearance counts: conference media footprint (config MEDIA_FOOTPRINT), NCAA tournament appearances, Omaha and super regional history","GUESS proxy: program tradition, baseball expenses, conference",neutral baseline for a new coach,neutral baseline for a new coach
70,596543,Fla. Atlantic,The American,mid,B-,0.5977,B,B,0.7003,B,B,0.715,A,B-,0.5586,A,B,0.7443,C,B+,0.829,A,B-,0.6238,A,B,0.6498,D,B,0.7248,D,B,0.7378,D,B,0.6987,D,C,,D,C,,D,1.0379,0.0,4,0,0,0,0,0.5885,0.5977,0.5148,0.2168,0.2635,64,73.0,True,30790,13,74.8,30.4,82.05,0.0,2.128,USW00092805,8.5,1924032.0,False,"NCAA tournament brackets 2015-2025 (Wikipedia pages, data/ncaa_brackets) + D1 win pct 2021-2025 (data.ncaa.com scoreboards)","RPI computed from data.ncaa.com scoreboards 2021-2025 (engine/rpi.py) + bids from the brackets, 2025 conference map","the sim's drawn team strength o + d, reference world seed 20251000; a dynasty regrades it from its own draw","IPEDS 2023 DRVGR (GBA6RTT) and DRVADM (DVADM01), NCES","IPEDS 2023 DRVEF (ENRTOT) and HD2024 (LOCALE), NCES; weighting GUESS","NOAA NCEI 1991-2020 monthly normals, nearest station: daily highs against a comfortable band (GUESS) and precipitation days","EADA 2024-25, baseball total expenses (U.S. Department of Education)","GUESS proxy: baseball expenses, regional hosting, conference","GUESS proxy: regional hosting, enrollment, conference","GUESS proxy, to be replaced by TV and streaming appearance counts: conference media footprint (config MEDIA_FOOTPRINT), NCAA tournament appearances, Omaha and super regional history","GUESS proxy: program tradition, baseball expenses, conference",neutral baseline for a new coach,neutral baseline for a new coach
71,596546,Florida,SEC,p4,A+,0.9886,B,A+,0.9739,B,B-,0.5033,A,A-,0.8974,A,A,0.9495,C,A-,0.8827,A,A,0.943,A,A+,0.9723,D,A+,0.9984,D,A+,0.9984,D,A+,0.9805,D,C,,D,C,,D,23.9135,3.9252,11,8,6,6,1,0.6275,0.9886,0.5817,0.7542,0.0181,91,24.0,True,54814,12,66.15,27.7,78.9,0.0,1.939,USW00012816,5.4,6404716.0,False,"NCAA tournament brackets 2015-2025 (Wikipedia pages, data/ncaa_brackets) + D1 win pct 2021-2025 (data.ncaa.com scoreboards)","RPI computed from data.ncaa.com scoreboards 2021-2025 (engine/rpi.py) + bids from the brackets, 2025 conference map","the sim's drawn team strength o + d, reference world seed 20251000; a dynasty regrades it from its own draw","IPEDS 2023 DRVGR (GBA6RTT) and DRVADM (DVADM01), NCES","IPEDS 2023 DRVEF (ENRTOT) and HD2024 (LOCALE), NCES; weighting GUESS","NOAA NCEI 1991-2020 monthly normals, nearest station: daily highs against a comfortable band (GUESS) and precipitation days","EADA 2024-25, baseball total expenses (U.S. Department of Education)","GUESS proxy: baseball expenses, regional hosting, conference","GUESS proxy: regional hosting, enrollment, conference","GUESS proxy, to be replaced by TV and streaming appearance counts: conference media footprint (config MEDIA_FOOTPRINT), NCAA tournament appearances, Omaha and super regional history","GUESS proxy: program tradition, baseball expenses, conference",neutral baseline for a new coach,neutral baseline for a new coach
72,596542,Florida A&M,SWAC,low,B,0.6368,B,F,0.0195,B,D+,0.171,A,B+,0.7541,A,C+,0.4283,C,B+,0.8339,A,D-,0.0537,A,F,0.0212,D,D+,0.1384,D,C+,0.4902,D,C-,0.2296,D,C,,D,C,,D,1.2374,0.0,3,0,0,0,0,0.5117,0.6368,0.4194,0.0833,-0.4817,52,21.0,True,9265,12,64.88,30.3,77.4,0.0,2.121,USW00093805,3.1,669968.0,False,"NCAA tournament brackets 2015-2025 (Wikipedia pages, data/ncaa_brackets) + D1 win pct 2021-2025 (data.ncaa.com scoreboards)","RPI computed from data.ncaa.com scoreboards 2021-2025 (engine/rpi.py) + bids from the brackets, 2025 conference map","the sim's drawn team strength o + d, reference world seed 20251000; a dynasty regrades it from its own draw","IPEDS 2023 DRVGR (GBA6RTT) and DRVADM (DVADM01), NCES","IPEDS 2023 DRVEF (ENRTOT) and HD2024 (LOCALE), NCES; weighting GUESS","NOAA NCEI 1991-2020 monthly normals, nearest station: daily highs against a comfortable band (GUESS) and precipitation days","EADA 2024-25, baseball total expenses (U.S. Department of Education)","GUESS proxy: baseball expenses, regional hosting, conference","GUESS proxy: regional hosting, enrollment, conference","GUESS proxy, to be replaced by TV and streaming appearance counts: conference media footprint (config MEDIA_FOOTPRINT), NCAA tournament appearances, Omaha and super regional history","GUESS proxy: program tradition, baseball expenses, conference",neutral baseline for a new coach,neutral baseline for a new coach
73,596545,Florida St.,ACC,p4,A+,0.9756,B,A,0.9218,B,A-,0.9072,A,A-,0.8616,A,A-,0.9039,C,B+,0.8339,A,A,0.9528,A,A,0.9691,D,A+,0.9886,D,A,0.9658,D,A,0.9593,D,C,,D,C,,D,19.3732,3.9644,10,7,6,3,0,0.6251,0.9756,0.5642,0.5583,0.6479,83,25.0,True,43234,12,64.88,30.3,77.4,0.0,2.121,USW00093805,3.7,6866464.0,False,"NCAA tournament brackets 2015-2025 (Wikipedia pages, data/ncaa_brackets) + D1 win pct 2021-2025 (data.ncaa.com scoreboards)","RPI computed from data.ncaa.com scoreboards 2021-2025 (engine/rpi.py) + bids from the brackets, 2025 conference map","the sim's drawn team strength o + d, reference world seed 20251000; a dynasty regrades it from its own draw","IPEDS 2023 DRVGR (GBA6RTT) and DRVADM (DVADM01), NCES","IPEDS 2023 DRVEF (ENRTOT) and HD2024 (LOCALE), NCES; weighting GUESS","NOAA NCEI 1991-2020 monthly normals, nearest station: daily highs against a comfortable band (GUESS) and precipitation days","EADA 2024-25, baseball total expenses (U.S. Department of Education)","GUESS proxy: baseball expenses, regional hosting, conference","GUESS proxy: regional hosting, enrollment, conference","GUESS proxy, to be replaced by TV and streaming appearance counts: conference media footprint (config MEDIA_FOOTPRINT), NCAA tournament appearances, Omaha and super regional history","GUESS proxy: program tradition, baseball expenses, conference",neutral baseline for a new coach,neutral baseline for a new coach
74,596547,Fordham,Atlantic 10,mid,C+,0.399,B,C-,0.2052,B,C,0.3306,A,B+,0.7573,A,B,0.6726,C,C,0.2704,A,B-,0.5912,A,C+,0.487,D,C,0.3469,D,C+,0.4495,D,C,0.3599,D,C,,D,C,,D,0.3536,0.0,1,0,0,0,0,0.4021,0.399,0.4775,0.0833,-0.1762,80,56.0,True,16153,11,48.58,43.5,56.65,6.775,9.82,USC00300961,2.3,1852313.0,False,"NCAA tournament brackets 2015-2025 (Wikipedia pages, data/ncaa_brackets) + D1 win pct 2021-2025 (data.ncaa.com scoreboards)","RPI computed from data.ncaa.com scoreboards 2021-2025 (engine/rpi.py) + bids from the brackets, 2025 conference map","the sim's drawn team strength o + d, reference world seed 20251000; a dynasty regrades it from its own draw","IPEDS 2023 DRVGR (GBA6RTT) and DRVADM (DVADM01), NCES","IPEDS 2023 DRVEF (ENRTOT) and HD2024 (LOCALE), NCES; weighting GUESS","NOAA NCEI 1991-2020 monthly normals, nearest station: daily highs against a comfortable band (GUESS) and precipitation days","EADA 2024-25, baseball total expenses (U.S. Department of Education)","GUESS proxy: baseball expenses, regional hosting, conference","GUESS proxy: regional hosting, enrollment, conference","GUESS proxy, to be replaced by TV and streaming appearance counts: conference media footprint (config MEDIA_FOOTPRINT), NCAA tournament appearances, Omaha and super regional history","GUESS proxy: program tradition, baseball expenses, conference",neutral baseline for a new coach,neutral baseline for a new coach
75,596707,Fresno St.,Mountain West,mid,B,0.7215,B,C+,0.4788,B,B+,0.8257,A,D,0.0668,A,B+,0.7785,C,A,0.9235,A,B,0.6889,A,B-,0.627,D,B-,0.5977,D,B,0.7248,D,B,0.7117,D,C,,D,C,,D,2.1944,0.0,3,0,0,0,0,0.4958,0.7215,0.4899,0.125,0.4763,55,96.0,True,23986,11,60.55,22.9,71.3,0.0,1.603,USW00093193,2.6,2222293.0,False,"NCAA tournament brackets 2015-2025 (Wikipedia pages, data/ncaa_brackets) + D1 win pct 2021-2025 (data.ncaa.com scoreboards)","RPI computed from data.ncaa.com scoreboards 2021-2025 (engine/rpi.py) + bids from the brackets, 2025 conference map","the sim's drawn team strength o + d, reference world seed 20251000; a dynasty regrades it from its own draw","IPEDS 2023 DRVGR (GBA6RTT) and DRVADM (DVADM01), NCES","IPEDS 2023 DRVEF (ENRTOT) and HD2024 (LOCALE), NCES; weighting GUESS","NOAA NCEI 1991-2020 monthly normals, nearest station: daily highs against a comfortable band (GUESS) and precipitation days","EADA 2024-25, baseball total expenses (U.S. Department of Education)","GUESS proxy: baseball expenses, regional hosting, conference","GUESS proxy: regional hosting, enrollment, conference","GUESS proxy, to be replaced by TV and streaming appearance counts: conference media footprint (config MEDIA_FOOTPRINT), NCAA tournament appearances, Omaha and super regional history","GUESS proxy: program tradition, baseball expenses, conference",neutral baseline for a new coach,neutral baseline for a new coach
76,596551,Ga. Southern,Sun Belt,mid,B,0.6336,B,B,0.7394,B,B-,0.6238,A,D+,0.1547,A,C+,0.4805,C,A-,0.8909,A,B-,0.5945,A,B+,0.7932,D,A-,0.8681,D,B,0.6336,D,B,0.7248,D,C,,D,C,,D,1.1892,0.5946,1,1,0,0,0,0.5461,0.6336,0.5228,0.2484,0.1483,53,90.0,True,26041,32,62.5,27.2,74.9,0.0,1.904,USC00091266,7.3,1854632.0,False,"NCAA tournament brackets 2015-2025 (Wikipedia pages, data/ncaa_brackets) + D1 win pct 2021-2025 (data.ncaa.com scoreboards)","RPI computed from data.ncaa.com scoreboards 2021-2025 (engine/rpi.py) + bids from the brackets, 2025 conference map","the sim's drawn team strength o + d, reference world seed 20251000; a dynasty regrades it from its own draw","IPEDS 2023 DRVGR (GBA6RTT) and DRVADM (DVADM01), NCES","IPEDS 2023 DRVEF (ENRTOT) and HD2024 (LOCALE), NCES; weighting GUESS","NOAA NCEI 1991-2020 monthly normals, nearest station: daily highs against a comfortable band (GUESS) and precipitation days","EADA 2024-25, baseball total expenses (U.S. Department of Education)","GUESS proxy: baseball expenses, regional hosting, conference","GUESS proxy: regional hosting, enrollment, conference","GUESS proxy, to be replaced by TV and streaming appearance counts: conference media footprint (config MEDIA_FOOTPRINT), NCAA tournament appearances, Omaha and super regional history","GUESS proxy: program tradition, baseball expenses, conference",neutral baseline for a new coach,neutral baseline for a new coach
77,596461,Gardner-Webb,Big South,mid,C-,0.1808,B,D,0.0961,B,B,0.7443,A,C,0.2704,A,F,0.0114,C,B,0.6303,A,C-,0.2459,A,D+,0.1678,D,D-,0.0472,D,D+,0.1498,D,D,0.1026,D,C,,D,C,,D,0.0,0.0,0,0,0,0,0,0.4227,0.1808,0.4715,0.0714,0.321,59,87.0,True,3125,42,54.75,38.5,68.45,0.875,3.57,USC00317845,7.0,1029829.0,False,"NCAA tournament brackets 2015-2025 (Wikipedia pages, data/ncaa_brackets) + D1 win pct 2021-2025 (data.ncaa.com scoreboards)","RPI computed from data.ncaa.com scoreboards 2021-2025 (engine/rpi.py) + bids from the brackets, 2025 conference map","the sim's drawn team strength o + d, reference world seed 20251000; a dynasty regrades it from its own draw","IPEDS 2023 DRVGR (GBA6RTT) and DRVADM (DVADM01), NCES","IPEDS 2023 DRVEF (ENRTOT) and HD2024 (LOCALE), NCES; weighting GUESS","NOAA NCEI 1991-2020 monthly normals, nearest station: daily highs against a comfortable band (GUESS) and precipitation days","EADA 2024-25, baseball total expenses (U.S. Department of Education)","GUESS proxy: baseball expenses, regional hosting, conference","GUESS proxy: regional hosting, enrollment, conference","GUESS proxy, to be replaced by TV and streaming appearance counts: conference media footprint (config MEDIA_FOOTPRINT), NCAA tournament appearances, Omaha and super regional history","GUESS proxy: program tradition, baseball expenses, conference",neutral baseline for a new coach,neutral baseline for a new coach
78,596548,George Mason,Atlantic 10,mid,B-,0.5065,B,C-,0.2052,B,C+,0.4153,A,C,0.2769,A,B+,0.7866,C,C,0.3599,A,C+,0.3958,A,C,0.3371,D,B-,0.5684,D,C+,0.4788,D,C,0.342,D,C,,D,C,,D,0.7071,0.0,1,0,0,0,0,0.4912,0.5065,0.4775,0.0833,-0.0855,69,89.0,True,39527,21,48.02,43.5,58.75,5.35,8.395,USC00448737,4.3,1306937.0,False,"NCAA tournament brackets 2015-2025 (Wikipedia pages, data/ncaa_brackets) + D1 win pct 2021-2025 (data.ncaa.com scoreboards)","RPI computed from data.ncaa.com scoreboards 2021-2025 (engine/rpi.py) + bids from the brackets, 2025 conference map","the sim's drawn team strength o + d, reference world seed 20251000; a dynasty regrades it from its own draw","IPEDS 2023 DRVGR (GBA6RTT) and DRVADM (DVADM01), NCES","IPEDS 2023 DRVEF (ENRTOT) and HD2024 (LOCALE), NCES; weighting GUESS","NOAA NCEI 1991-2020 monthly normals, nearest station: daily highs against a comfortable band (GUESS) and precipitation days","EADA 2024-25, baseball total expenses (U.S. Department of Education)","GUESS proxy: baseball expenses, regional hosting, conference","GUESS proxy: regional hosting, enrollment, conference","GUESS proxy, to be replaced by TV and streaming appearance counts: conference media footprint (config MEDIA_FOOTPRINT), NCAA tournament appearances, Omaha and super regional history","GUESS proxy: program tradition, baseball expenses, conference",neutral baseline for a new coach,neutral baseline for a new coach
79,596549,George Washington,Atlantic 10,mid,C,0.285,B,C-,0.2052,B,B,0.6368,A,B+,0.8274,A,B+,0.7932,C,C+,0.4381,A,B,0.6368,A,B-,0.5358,D,C+,0.4707,D,C-,0.215,D,C,0.3208,D,C,,D,C,,D,0.0,0.0,0,0,0,0,0,0.4993,0.285,0.4775,0.0833,0.1772,85,44.0,True,25568,11,53.25,42.7,62.33,3.8,6.789,USW00013743,3.6,1981575.0,False,"NCAA tournament brackets 2015-2025 (Wikipedia pages, data/ncaa_brackets) + D1 win pct 2021-2025 (data.ncaa.com scoreboards)","RPI computed from data.ncaa.com scoreboards 2021-2025 (engine/rpi.py) + bids from the brackets, 2025 conference map","the sim's drawn team strength o + d, reference world seed 20251000; a dynasty regrades it from its own draw","IPEDS 2023 DRVGR (GBA6RTT) and DRVADM (DVADM01), NCES","IPEDS 2023 DRVEF (ENRTOT) and HD2024 (LOCALE), NCES; weighting GUESS","NOAA NCEI 1991-2020 monthly normals, nearest station: daily highs against a comfortable band (GUESS) and precipitation days","EADA 2024-25, baseball total expenses (U.S. Department of Education)","GUESS proxy: baseball expenses, regional hosting, conference","GUESS proxy: regional hosting, enrollment, conference","GUESS proxy, to be replaced by TV and streaming appearance counts: conference media footprint (config MEDIA_FOOTPRINT), NCAA tournament appearances, Omaha and super regional history","GUESS proxy: program tradition, baseball expenses, conference",neutral baseline for a new coach,neutral baseline for a new coach
80,596550,Georgetown,Big East,mid,C-,0.2264,B,B,0.671,B,C+,0.487,A,A,0.9365,A,B,0.7378,C,C+,0.3893,A,B-,0.6075,A,B-,0.6238,D,B,0.6498,D,C,0.3371,D,C+,0.4967,D,C,,D,C,,D,0.0,0.0,0,0,0,0,0,0.4466,0.2264,0.5067,0.1781,-0.0003,94,13.0,True,20392,11,50.33,43.6,61.12,4.7,7.752,USC00182325,3.0,1875125.0,False,"NCAA tournament brackets 2015-2025 (Wikipedia pages, data/ncaa_brackets) + D1 win pct 2021-2025 (data.ncaa.com scoreboards)","RPI computed from data.ncaa.com scoreboards 2021-2025 (engine/rpi.py) + bids from the brackets, 2025 conference map","the sim's drawn team strength o + d, reference world seed 20251000; a dynasty regrades it from its own draw","IPEDS 2023 DRVGR (GBA6RTT) and DRVADM (DVADM01), NCES","IPEDS 2023 DRVEF (ENRTOT) and HD2024 (LOCALE), NCES; weighting GUESS","NOAA NCEI 1991-2020 monthly normals, nearest station: daily highs against a comfortable band (GUESS) and precipitation days","EADA 2024-25, baseball total expenses (U.S. Department of Education)","GUESS proxy: baseball expenses, regional hosting, conference","GUESS proxy: regional hosting, enrollment, conference","GUESS proxy, to be replaced by TV and streaming appearance counts: conference media footprint (config MEDIA_FOOTPRINT), NCAA tournament appearances, Omaha and super regional history","GUESS proxy: program tradition, baseball expenses, conference",neutral baseline for a new coach,neutral baseline for a new coach
81,596554,Georgia,SEC,p4,A,0.9495,B,A+,0.9739,B,B+,0.7508,A,C-,0.2508,A,D,0.0668,C,B+,0.7541,A,F,0.0244,A,B-,0.5554,D,A-,0.8583,D,A,0.9495,D,B+,0.7508,D,C,,D,C,,D,15.5843,3.681,6,5,2,1,0,0.6382,0.9495,0.5817,0.7542,0.3277,62,88.0,True,6811,32,59.58,32.9,73.03,0.0,2.303,USC00095874,1.0,484686.0,False,"NCAA tournament brackets 2015-2025 (Wikipedia pages, data/ncaa_brackets) + D1 win pct 2021-2025 (data.ncaa.com scoreboards)","RPI computed from data.ncaa.com scoreboards 2021-2025 (engine/rpi.py) + bids from the brackets, 2025 conference map","the sim's drawn team strength o + d, reference world seed 20251000; a dynasty regrades it from its own draw","IPEDS 2023 DRVGR (GBA6RTT) and DRVADM (DVADM01), NCES","IPEDS 2023 DRVEF (ENRTOT) and HD2024 (LOCALE), NCES; weighting GUESS","NOAA NCEI 1991-2020 monthly normals, nearest station: daily highs against a comfortable band (GUESS) and precipitation days","EADA 2024-25, baseball total expenses (U.S. Department of Education)","GUESS proxy: baseball expenses, regional hosting, conference","GUESS proxy: regional hosting, enrollment, conference","GUESS proxy, to be replaced by TV and streaming appearance counts: conference media footprint (config MEDIA_FOOTPRINT), NCAA tournament appearances, Omaha and super regional history","GUESS proxy: program tradition, baseball expenses, conference",neutral baseline for a new coach,neutral baseline for a new coach
82,596552,Georgia St.,Sun Belt,mid,C-,0.2492,B,B,0.7394,B,C+,0.4381,A,B,0.6564,A,A-,0.9007,C,B,0.6547,A,C+,0.4805,A,B-,0.5651,D,B+,0.7573,D,C,0.3371,D,C+,0.4902,D,C,,D,C,,D,0.0,0.0,0,0,0,0,0,0.4687,0.2492,0.5228,0.2484,-0.0653,54,62.0,True,34974,11,58.35,40.9,69.83,0.4,3.263,USW00003888,8.0,1560595.0,False,"NCAA tournament brackets 2015-2025 (Wikipedia pages, data/ncaa_brackets) + D1 win pct 2021-2025 (data.ncaa.com scoreboards)","RPI computed from data.ncaa.com scoreboards 2021-2025 (engine/rpi.py) + bids from the brackets, 2025 conference map","the sim's drawn team strength o + d, reference world seed 20251000; a dynasty regrades it from its own draw","IPEDS 2023 DRVGR (GBA6RTT) and DRVADM (DVADM01), NCES","IPEDS 2023 DRVEF (ENRTOT) and HD2024 (LOCALE), NCES; weighting GUESS","NOAA NCEI 1991-2020 monthly normals, nearest station: daily highs against a comfortable band (GUESS) and precipitation days","EADA 2024-25, baseball total expenses (U.S. Department of Education)","GUESS proxy: baseball expenses, regional hosting, conference","GUESS proxy: regional hosting, enrollment, conference","GUESS proxy, to be replaced by TV and streaming appearance counts: conference media footprint (config MEDIA_FOOTPRINT), NCAA tournament appearances, Omaha and super regional history","GUESS proxy: program tradition, baseball expenses, conference",neutral baseline for a new coach,neutral baseline for a new coach
83,596553,Georgia Tech,ACC,p4,A-,0.8713,B,A,0.9218,B,A+,0.9756,A,A,0.9267,A,A+,0.9756,C,B,0.6547,A,B+,0.8388,A,A-,0.8909,D,A,0.9691,D,A-,0.8909,D,A-,0.8974,D,C,,D,C,,D,6.2312,1.5428,7,2,0,0,0,0.5901,0.8713,0.5642,0.5583,0.9327,92,16.0,True,47946,11,58.35,40.9,69.83,0.4,3.263,USW00003888,7.3,3778809.0,False,"NCAA tournament brackets 2015-2025 (Wikipedia pages, data/ncaa_brackets) + D1 win pct 2021-2025 (data.ncaa.com scoreboards)","RPI computed from data.ncaa.com scoreboards 2021-2025 (engine/rpi.py) + bids from the brackets, 2025 conference map","the sim's drawn team strength o + d, reference world seed 20251000; a dynasty regrades it from its own draw","IPEDS 2023 DRVGR (GBA6RTT) and DRVADM (DVADM01), NCES","IPEDS 2023 DRVEF (ENRTOT) and HD2024 (LOCALE), NCES; weighting GUESS","NOAA NCEI 1991-2020 monthly normals, nearest station: daily highs against a comfortable band (GUESS) and precipitation days","EADA 2024-25, baseball total expenses (U.S. Department of Education)","GUESS proxy: baseball expenses, regional hosting, conference","GUESS proxy: regional hosting, enrollment, conference","GUESS proxy, to be replaced by TV and streaming appearance counts: conference media footprint (config MEDIA_FOOTPRINT), NCAA tournament appearances, Omaha and super regional history","GUESS proxy: program tradition, baseball expenses, conference",neutral baseline for a new coach,neutral baseline for a new coach
84,596555,Gonzaga,WCC,mid,B,0.6824,B,B-,0.5065,B,D+,0.1254,A,B,0.6596,A,C,0.3404,C,C-,0.2655,A,B+,0.7704,A,B,0.7117,D,C,0.3567,D,B,0.741,D,B,0.7313,D,C,,D,C,,D,1.6021,0.0,4,0,0,0,0,0.5029,0.6824,0.4864,0.1292,-0.5579,87,76.0,True,7306,12,45.27,45.7,55.78,6.65,9.849,USW00094176,3.9,2876575.0,False,"NCAA tournament brackets 2015-2025 (Wikipedia pages, data/ncaa_brackets) + D1 win pct 2021-2025 (data.ncaa.com scoreboards)","RPI computed from data.ncaa.com scoreboards 2021-2025 (engine/rpi.py) + bids from the brackets, 2025 conference map","the sim's drawn team strength o + d, reference world seed 20251000; a dynasty regrades it from its own draw","IPEDS 2023 DRVGR (GBA6RTT) and DRVADM (DVADM01), NCES","IPEDS 2023 DRVEF (ENRTOT) and HD2024 (LOCALE), NCES; weighting GUESS","NOAA NCEI 1991-2020 monthly normals, nearest station: daily highs against a comfortable band (GUESS) and precipitation days","EADA 2024-25, baseball total expenses (U.S. Department of Education)","GUESS proxy: baseball expenses, regional hosting, conference","GUESS proxy: regional hosting, enrollment, conference","GUESS proxy, to be replaced by TV and streaming appearance counts: conference media footprint (config MEDIA_FOOTPRINT), NCAA tournament appearances, Omaha and super regional history","GUESS proxy: program tradition, baseball expenses, conference",neutral baseline for a new coach,neutral baseline for a new coach
85,596710,Grambling,SWAC,low,B-,0.5261,B,F,0.0195,B,C+,0.4967,A,B,0.7085,A,D-,0.044,C,B,0.7199,A,D+,0.1417,A,D,0.0765,D,D-,0.0537,D,C,0.373,D,C-,0.1873,D,C,,D,C,,D,0.8409,0.0,1,0,0,0,0,0.4664,0.5261,0.4194,0.0833,0.01,32,24.0,True,5114,32,60.82,35.4,72.33,0.0,2.478,USC00168067,3.8,862739.0,False,"NCAA tournament brackets 2015-2025 (Wikipedia pages, data/ncaa_brackets) + D1 win pct 2021-2025 (data.ncaa.com scoreboards)","RPI computed from data.ncaa.com scoreboards 2021-2025 (engine/rpi.py) + bids from the brackets, 2025 conference map","the sim's drawn team strength o + d, reference world seed 20251000; a dynasty regrades it from its own draw","IPEDS 2023 DRVGR (GBA6RTT) and DRVADM (DVADM01), NCES","IPEDS 2023 DRVEF (ENRTOT) and HD2024 (LOCALE), NCES; weighting GUESS","NOAA NCEI 1991-2020 monthly normals, nearest station: daily highs against a comfortable band (GUESS) and precipitation days","EADA 2024-25, baseball total expenses (U.S. Department of Education)","GUESS proxy: baseball expenses, regional hosting, conference","GUESS proxy: regional hosting, enrollment, conference","GUESS proxy, to be replaced by TV and streaming appearance counts: conference media footprint (config MEDIA_FOOTPRINT), NCAA tournament appearances, Omaha and super regional history","GUESS proxy: program tradition, baseball expenses, conference",neutral baseline for a new coach,neutral baseline for a new coach
86,596462,Grand Canyon,WAC,mid,B,0.7117,B,C,0.3339,B,B-,0.5554,A,B-,0.5945,A,A+,0.9984,C,A-,0.9039,A,B-,0.5358,A,C+,0.4837,D,B,0.6661,D,B,0.6401,D,B-,0.6107,D,C,,D,C,,D,1.9355,0.0,3,0,0,0,0,0.6167,0.7117,0.4797,0.0895,0.0833,43,60.0,True,107563,11,70.35,9.7,82.22,1.125,1.804,USW00023183,9.4,1707463.0,False,"NCAA tournament brackets 2015-2025 (Wikipedia pages, data/ncaa_brackets) + D1 win pct 2021-2025 (data.ncaa.com scoreboards)","RPI computed from data.ncaa.com scoreboards 2021-2025 (engine/rpi.py) + bids from the brackets, 2025 conference map","the sim's drawn team strength o + d, reference world seed 20251000; a dynasty regrades it from its own draw","IPEDS 2023 DRVGR (GBA6RTT) and DRVADM (DVADM01), NCES","IPEDS 2023 DRVEF (ENRTOT) and HD2024 (LOCALE), NCES; weighting GUESS","NOAA NCEI 1991-2020 monthly normals, nearest station: daily highs against a comfortable band (GUESS) and precipitation days","EADA 2024-25, baseball total expenses (U.S. Department of Education)","GUESS proxy: baseball expenses, regional hosting, conference","GUESS proxy: regional hosting, enrollment, conference","GUESS proxy, to be replaced by TV and streaming appearance counts: conference media footprint (config MEDIA_FOOTPRINT), NCAA tournament appearances, Omaha and super regional history","GUESS proxy: program tradition, baseball expenses, conference",neutral baseline for a new coach,neutral baseline for a new coach
87,596556,Harvard,Ivy League,low,C+,0.3925,B,C-,0.2378,B,C-,0.184,A,A+,0.9984,A,B+,0.7899,C,D,0.1026,A,D+,0.158,A,D+,0.1547,D,B-,0.5277,D,C,0.3664,D,C-,0.2231,D,C,,D,C,,D,0.3536,0.0,1,0,0,0,0,0.3842,0.3925,0.4664,0.1078,-0.456,97,3.0,True,30386,12,44.27,45.6,51.85,9.775,12.967,USW00014739,5.6,903151.0,False,"NCAA tournament brackets 2015-2025 (Wikipedia pages, data/ncaa_brackets) + D1 win pct 2021-2025 (data.ncaa.com scoreboards)","RPI computed from data.ncaa.com scoreboards 2021-2025 (engine/rpi.py) + bids from the brackets, 2025 conference map","the sim's drawn team strength o + d, reference world seed 20251000; a dynasty regrades it from its own draw","IPEDS 2023 DRVGR (GBA6RTT) and DRVADM (DVADM01), NCES","IPEDS 2023 DRVEF (ENRTOT) and HD2024 (LOCALE), NCES; weighting GUESS","NOAA NCEI 1991-2020 monthly normals, nearest station: daily highs against a comfortable band (GUESS) and precipitation days","EADA 2024-25, baseball total expenses (U.S. Department of Education)","GUESS proxy: baseball expenses, regional hosting, conference","GUESS proxy: regional hosting, enrollment, conference","GUESS proxy, to be replaced by TV and streaming appearance counts: conference media footprint (config MEDIA_FOOTPRINT), NCAA tournament appearances, Omaha and super regional history","GUESS proxy: program tradition, baseball expenses, conference",neutral baseline for a new coach,neutral baseline for a new coach
88,596557,Hawaii,Big West,mid,C,0.3306,B,B,0.6401,B,C,0.373,A,B-,0.6205,A,B,0.7182,C,B,0.6889,A,B,0.715,A,B,0.7052,D,B,0.6336,D,C-,0.215,D,B-,0.5977,D,C,,D,C,,D,0.0,0.0,0,0,0,0,0,0.5631,0.3306,0.5024,0.1493,-0.1372,63,70.0,True,19256,11,75.55,38.7,82.42,0.0,2.709,USC00519397,1.9,2373995.0,False,"NCAA tournament brackets 2015-2025 (Wikipedia pages, data/ncaa_brackets) + D1 win pct 2021-2025 (data.ncaa.com scoreboards)","RPI computed from data.ncaa.com scoreboards 2021-2025 (engine/rpi.py) + bids from the brackets, 2025 conference map","the sim's drawn team strength o + d, reference world seed 20251000; a dynasty regrades it from its own draw","IPEDS 2023 DRVGR (GBA6RTT) and DRVADM (DVADM01), NCES","IPEDS 2023 DRVEF (ENRTOT) and HD2024 (LOCALE), NCES; weighting GUESS","NOAA NCEI 1991-2020 monthly normals, nearest station: daily highs against a comfortable band (GUESS) and precipitation days","EADA 2024-25, baseball total expenses (U.S. Department of Education)","GUESS proxy: baseball expenses, regional hosting, conference","GUESS proxy: regional hosting, enrollment, conference","GUESS proxy, to be replaced by TV and streaming appearance counts: conference media footprint (config MEDIA_FOOTPRINT), NCAA tournament appearances, Omaha and super regional history","GUESS proxy: program tradition, baseball expenses, conference",neutral baseline for a new coach,neutral baseline for a new coach
89,596705,High Point,Big South,mid,B-,0.5456,B,D,0.0961,B,C,0.3111,A,C+,0.4967,A,C,0.2948,C,B-,0.6075,A,B-,0.5261,A,C+,0.386,D,D+,0.1287,D,C+,0.4544,D,C,0.373,D,C,,D,C,,D,0.8409,0.0,1,0,0,0,0,0.515,0.5456,0.4715,0.0714,-0.2033,69,77.0,True,6052,12,56.95,39.7,68.47,1.0,3.779,USC00314063,1.4,1672971.0,False,"NCAA tournament brackets 2015-2025 (Wikipedia pages, data/ncaa_brackets) + D1 win pct 2021-2025 (data.ncaa.com scoreboards)","RPI computed from data.ncaa.com scoreboards 2021-2025 (engine/rpi.py) + bids from the brackets, 2025 conference map","the sim's drawn team strength o + d, reference world seed 20251000; a dynasty regrades it from its own draw","IPEDS 2023 DRVGR (GBA6RTT) and DRVADM (DVADM01), NCES","IPEDS 2023 DRVEF (ENRTOT) and HD2024 (LOCALE), NCES; weighting GUESS","NOAA NCEI 1991-2020 monthly normals, nearest station: daily highs against a comfortable band (GUESS) and precipitation days","EADA 2024-25, baseball total expenses (U.S. Department of Education)","GUESS proxy: baseball expenses, regional hosting, conference","GUESS proxy: regional hosting, enrollment, conference","GUESS proxy, to be replaced by TV and streaming appearance counts: conference media footprint (config MEDIA_FOOTPRINT), NCAA tournament appearances, Omaha and super regional history","GUESS proxy: program tradition, baseball expenses, conference",neutral baseline for a new coach,neutral baseline for a new coach
90,596558,Hofstra,CAA,mid,C+,0.4674,B,B-,0.6026,B,C+,0.3893,A,B,0.6401,A,C,0.3762,C,C,0.3127,A,B-,0.5228,A,B-,0.5586,D,B-,0.5163,D,C+,0.4739,D,B-,0.5651,D,C,,D,C,,D,0.5946,0.0,1,0,0,0,0,0.4408,0.4674,0.5029,0.1407,-0.1198,67,71.0,True,10393,21,48.45,41.4,57.3,6.2,9.098,USC00305377,1.5,1670343.0,False,"NCAA tournament brackets 2015-2025 (Wikipedia pages, data/ncaa_brackets) + D1 win pct 2021-2025 (data.ncaa.com scoreboards)","RPI computed from data.ncaa.com scoreboards 2021-2025 (engine/rpi.py) + bids from the brackets, 2025 conference map","the sim's drawn team strength o + d, reference world seed 20251000; a dynasty regrades it from its own draw","IPEDS 2023 DRVGR (GBA6RTT) and DRVADM (DVADM01), NCES","IPEDS 2023 DRVEF (ENRTOT) and HD2024 (LOCALE), NCES; weighting GUESS","NOAA NCEI 1991-2020 monthly normals, nearest station: daily highs against a comfortable band (GUESS) and precipitation days","EADA 2024-25, baseball total expenses (U.S. Department of Education)","GUESS proxy: baseball expenses, regional hosting, conference","GUESS proxy: regional hosting, enrollment, conference","GUESS proxy, to be replaced by TV and streaming appearance counts: conference media footprint (config MEDIA_FOOTPRINT), NCAA tournament appearances, Omaha and super regional history","GUESS proxy: program tradition, baseball expenses, conference",neutral baseline for a new coach,neutral baseline for a new coach
91,596559,Holy Cross,Patriot,low,B,0.7378,B,C+,0.4332,B,B,0.6433,A,A-,0.9039,A,D+,0.1612,C,D-,0.0407,A,D-,0.0375,A,D+,0.1156,D,C-,0.1824,D,B-,0.5554,D,C+,0.4267,D,C,,D,C,,D,2.4392,0.0,3,0,0,0,0,0.4181,0.7378,0.4669,0.1667,0.1863,90,21.0,True,3035,12,41.08,49.1,50.1,11.55,14.987,USW00094746,4.0,622923.0,False,"NCAA tournament brackets 2015-2025 (Wikipedia pages, data/ncaa_brackets) + D1 win pct 2021-2025 (data.ncaa.com scoreboards)","RPI computed from data.ncaa.com scoreboards 2021-2025 (engine/rpi.py) + bids from the brackets, 2025 conference map","the sim's drawn team strength o + d, reference world seed 20251000; a dynasty regrades it from its own draw","IPEDS 2023 DRVGR (GBA6RTT) and DRVADM (DVADM01), NCES","IPEDS 2023 DRVEF (ENRTOT) and HD2024 (LOCALE), NCES; weighting GUESS","NOAA NCEI 1991-2020 monthly normals, nearest station: daily highs against a comfortable band (GUESS) and precipitation days","EADA 2024-25, baseball total expenses (U.S. Department of Education)","GUESS proxy: baseball expenses, regional hosting, conference","GUESS proxy: regional hosting, enrollment, conference","GUESS proxy, to be replaced by TV and streaming appearance counts: conference media footprint (config MEDIA_FOOTPRINT), NCAA tournament appearances, Omaha and super regional history","GUESS proxy: program tradition, baseball expenses, conference",neutral baseline for a new coach,neutral baseline for a new coach
92,596561,Houston,Big 12,p4,B-,0.6205,B,A-,0.873,B,B,0.6987,A,B,0.6466,A,A,0.9625,C,A,0.9365,A,B+,0.7932,A,A-,0.8681,D,A,0.9365,D,B+,0.829,D,B+,0.816,D,C,,D,C,,D,1.1509,0.4268,3,2,0,0,0,0.5392,0.6205,0.5414,0.4043,0.2531,65,70.0,True,46676,11,67.15,20.6,76.22,0.0,1.442,USC00414326,4.2,3189990.0,False,"NCAA tournament brackets 2015-2025 (Wikipedia pages, data/ncaa_brackets) + D1 win pct 2021-2025 (data.ncaa.com scoreboards)","RPI computed from data.ncaa.com scoreboards 2021-2025 (engine/rpi.py) + bids from the brackets, 2025 conference map","the sim's drawn team strength o + d, reference world seed 20251000; a dynasty regrades it from its own draw","IPEDS 2023 DRVGR (GBA6RTT) and DRVADM (DVADM01), NCES","IPEDS 2023 DRVEF (ENRTOT) and HD2024 (LOCALE), NCES; weighting GUESS","NOAA NCEI 1991-2020 monthly normals, nearest station: daily highs against a comfortable band (GUESS) and precipitation days","EADA 2024-25, baseball total expenses (U.S. Department of Education)","GUESS proxy: baseball expenses, regional hosting, conference","GUESS proxy: regional hosting, enrollment, conference","GUESS proxy, to be replaced by TV and streaming appearance counts: conference media footprint (config MEDIA_FOOTPRINT), NCAA tournament appearances, Omaha and super regional history","GUESS proxy: program tradition, baseball expenses, conference",neutral baseline for a new coach,neutral baseline for a new coach
93,596560,Houston Christian,Southland,low,B-,0.5847,B,C+,0.386,B,F,0.0147,A,C-,0.2655,A,C,0.285,C,B,0.7117,A,C,0.3013,A,C,0.3176,D,C-,0.1971,D,C+,0.4153,D,C+,0.4544,D,C,,D,C,,D,1.1768,0.0,2,0,0,0,0,0.3921,0.5847,0.4934,0.0909,-1.1853,50,85.0,True,4189,11,67.93,36.3,77.35,0.0,2.541,USW00012977,9.8,1157217.0,False,"NCAA tournament brackets 2015-2025 (Wikipedia pages, data/ncaa_brackets) + D1 win pct 2021-2025 (data.ncaa.com scoreboards)","RPI computed from data.ncaa.com scoreboards 2021-2025 (engine/rpi.py) + bids from the brackets, 2025 conference map","the sim's drawn team strength o + d, reference world seed 20251000; a dynasty regrades it from its own draw","IPEDS 2023 DRVGR (GBA6RTT) and DRVADM (DVADM01), NCES","IPEDS 2023 DRVEF (ENRTOT) and HD2024 (LOCALE), NCES; weighting GUESS","NOAA NCEI 1991-2020 monthly normals, nearest station: daily highs against a comfortable band (GUESS) and precipitation days","EADA 2024-25, baseball total expenses (U.S. Department of Education)","GUESS proxy: baseball expenses, regional hosting, conference","GUESS proxy: regional hosting, enrollment, conference","GUESS proxy, to be replaced by TV and streaming appearance counts: conference media footprint (config MEDIA_FOOTPRINT), NCAA tournament appearances, Omaha and super regional history","GUESS proxy: program tradition, baseball expenses, conference",neutral baseline for a new coach,neutral baseline for a new coach
94,596563,Illinois,Big Ten,p4,B,0.702,B,B+,0.8225,B,A,0.9463,A,B+,0.8274,A,A-,0.9137,C,C-,0.1938,A,B+,0.8355,A,A-,0.8713,D,A,0.9235,D,A-,0.8616,D,B+,0.8225,D,C,,D,C,,D,1.9016,0.1768,3,1,1,0,0,0.549,0.702,0.5236,0.2548,0.7966,85,44.0,True,56563,13,46.55,45.3,56.42,7.8,10.971,USC00118740,1.6,3765062.0,False,"NCAA tournament brackets 2015-2025 (Wikipedia pages, data/ncaa_brackets) + D1 win pct 2021-2025 (data.ncaa.com scoreboards)","RPI computed from data.ncaa.com scoreboards 2021-2025 (engine/rpi.py) + bids from the brackets, 2025 conference map","the sim's drawn team strength o + d, reference world seed 20251000; a dynasty regrades it from its own draw","IPEDS 2023 DRVGR (GBA6RTT) and DRVADM (DVADM01), NCES","IPEDS 2023 DRVEF (ENRTOT) and HD2024 (LOCALE), NCES; weighting GUESS","NOAA NCEI 1991-2020 monthly normals, nearest station: daily highs against a comfortable band (GUESS) and precipitation days","EADA 2024-25, baseball total expenses (U.S. Department of Education)","GUESS proxy: baseball expenses, regional hosting, conference","GUESS proxy: regional hosting, enrollment, conference","GUESS proxy, to be replaced by TV and streaming appearance counts: conference media footprint (config MEDIA_FOOTPRINT), NCAA tournament appearances, Omaha and super regional history","GUESS proxy: program tradition, baseball expenses, conference",neutral baseline for a new coach,neutral baseline for a new coach
95,596562,Illinois St.,MVC,mid,C+,0.4153,B,B-,0.5375,B,B-,0.5521,A,C-,0.2557,A,B-,0.5684,C,C-,0.2003,A,C+,0.386,A,C+,0.4218,D,B-,0.601,D,C+,0.4495,D,C+,0.4609,D,C,,D,C,,D,0.3536,0.0,1,0,0,0,0,0.4548,0.4153,0.4955,0.1231,0.0797,66,89.0,True,20989,22,44.88,41.7,56.2,8.0,10.919,USC00116200,3.5,1294199.0,False,"NCAA tournament brackets 2015-2025 (Wikipedia pages, data/ncaa_brackets) + D1 win pct 2021-2025 (data.ncaa.com scoreboards)","RPI computed from data.ncaa.com scoreboards 2021-2025 (engine/rpi.py) + bids from the brackets, 2025 conference map","the sim's drawn team strength o + d, reference world seed 20251000; a dynasty regrades it from its own draw","IPEDS 2023 DRVGR (GBA6RTT) and DRVADM (DVADM01), NCES","IPEDS 2023 DRVEF (ENRTOT) and HD2024 (LOCALE), NCES; weighting GUESS","NOAA NCEI 1991-2020 monthly normals, nearest station: daily highs against a comfortable band (GUESS) and precipitation days","EADA 2024-25, baseball total expenses (U.S. Department of Education)","GUESS proxy: baseball expenses, regional hosting, conference","GUESS proxy: regional hosting, enrollment, conference","GUESS proxy, to be replaced by TV and streaming appearance counts: conference media footprint (config MEDIA_FOOTPRINT), NCAA tournament appearances, Omaha and super regional history","GUESS proxy: program tradition, baseball expenses, conference",neutral baseline for a new coach,neutral baseline for a new coach
96,596566,Indiana,Big Ten,p4,B+,0.7704,B,B+,0.8225,B,A,0.943,A,B-,0.5261,A,A-,0.8616,C,C,0.2883,A,B+,0.8225,A,B+,0.7866,D,B+,0.7899,D,A-,0.8779,D,B+,0.8453,D,C,,D,C,,D,2.6256,0.0,6,0,0,0,0,0.5651,0.7704,0.5236,0.2548,0.7948,81,80.0,True,47527,13,47.83,45.9,58.1,6.45,9.663,USC00120784,0.6,3492068.0,False,"NCAA tournament brackets 2015-2025 (Wikipedia pages, data/ncaa_brackets) + D1 win pct 2021-2025 (data.ncaa.com scoreboards)","RPI computed from data.ncaa.com scoreboards 2021-2025 (engine/rpi.py) + bids from the brackets, 2025 conference map","the sim's drawn team strength o + d, reference world seed 20251000; a dynasty regrades it from its own draw","IPEDS 2023 DRVGR (GBA6RTT) and DRVADM (DVADM01), NCES","IPEDS 2023 DRVEF (ENRTOT) and HD2024 (LOCALE), NCES; weighting GUESS","NOAA NCEI 1991-2020 monthly normals, nearest station: daily highs against a comfortable band (GUESS) and precipitation days","EADA 2024-25, baseball total expenses (U.S. Department of Education)","GUESS proxy: baseball expenses, regional hosting, conference","GUESS proxy: regional hosting, enrollment, conference","GUESS proxy, to be replaced by TV and streaming appearance counts: conference media footprint (config MEDIA_FOOTPRINT), NCAA tournament appearances, Omaha and super regional history","GUESS proxy: program tradition, baseball expenses, conference",neutral baseline for a new coach,neutral baseline for a new coach
97,596565,Indiana St.,MVC,mid,B+,0.8388,B,B-,0.5375,B,C,0.3469,A,D,0.0798,A,C,0.3143,C,C,0.2948,A,C+,0.4251,A,B,0.6564,D,B,0.7117,D,B+,0.7541,D,B,0.6694,D,C,,D,C,,D,4.5229,0.7071,4,1,1,0,0,0.5959,0.8388,0.4955,0.1231,-0.1666,41,92.0,True,8304,13,48.4,44.1,58.48,6.4,9.487,USW00003868,5.4,1466964.0,False,"NCAA tournament brackets 2015-2025 (Wikipedia pages, data/ncaa_brackets) + D1 win pct 2021-2025 (data.ncaa.com scoreboards)","RPI computed from data.ncaa.com scoreboards 2021-2025 (engine/rpi.py) + bids from the brackets, 2025 conference map","the sim's drawn team strength o + d, reference world seed 20251000; a dynasty regrades it from its own draw","IPEDS 2023 DRVGR (GBA6RTT) and DRVADM (DVADM01), NCES","IPEDS 2023 DRVEF (ENRTOT) and HD2024 (LOCALE), NCES; weighting GUESS","NOAA NCEI 1991-2020 monthly normals, nearest station: daily highs against a comfortable band (GUESS) and precipitation days","EADA 2024-25, baseball total expenses (U.S. Department of Education)","GUESS proxy: baseball expenses, regional hosting, conference","GUESS proxy: regional hosting, enrollment, conference","GUESS proxy, to be replaced by TV and streaming appearance counts: conference media footprint (config MEDIA_FOOTPRINT), NCAA tournament appearances, Omaha and super regional history","GUESS proxy: program tradition, baseball expenses, conference",neutral baseline for a new coach,neutral baseline for a new coach
98,596568,Iona,MAAC,low,F,0.0277,B,D,0.0603,B,C+,0.4837,A,D+,0.1629,A,D+,0.1221,C,C,0.285,A,D,0.1091,A,D,0.0603,D,D-,0.044,D,D,0.0619,D,F,0.0179,D,C,,D,C,,D,0.0,0.0,0,0,0,0,0,0.2539,0.0277,0.4574,0.0875,-0.0077,57,91.0,True,3720,21,46.83,44.0,57.35,6.6,9.68,USC00302129,6.1,787230.0,False,"NCAA tournament brackets 2015-2025 (Wikipedia pages, data/ncaa_brackets) + D1 win pct 2021-2025 (data.ncaa.com scoreboards)","RPI computed from data.ncaa.com scoreboards 2021-2025 (engine/rpi.py) + bids from the brackets, 2025 conference map","the sim's drawn team strength o + d, reference world seed 20251000; a dynasty regrades it from its own draw","IPEDS 2023 DRVGR (GBA6RTT) and DRVADM (DVADM01), NCES","IPEDS 2023 DRVEF (ENRTOT) and HD2024 (LOCALE), NCES; weighting GUESS","NOAA NCEI 1991-2020 monthly normals, nearest station: daily highs against a comfortable band (GUESS) and precipitation days","EADA 2024-25, baseball total expenses (U.S. Department of Education)","GUESS proxy: baseball expenses, regional hosting, conference","GUESS proxy: regional hosting, enrollment, conference","GUESS proxy, to be replaced by TV and streaming appearance counts: conference media footprint (config MEDIA_FOOTPRINT), NCAA tournament appearances, Omaha and super regional history","GUESS proxy: program tradition, baseball expenses, conference",neutral baseline for a new coach,neutral baseline for a new coach
99,596569,Iowa,Big Ten,p4,B,0.6401,B,B+,0.8225,B,A,0.956,A,C+,0.4023,A,B,0.741,C,D+,0.1401,A,B+,0.7997,A,B+,0.7736,D,B+,0.7606,D,B+,0.8355,D,B+,0.8094,D,C,,D,C,,D,1.1339,0.0,3,0,0,0,0,0.6184,0.6401,0.5236,0.2548,0.8699,73,85.0,True,30042,13,45.12,41.3,55.25,8.75,11.641,USW00014937,2.0,3423406.0,False,"NCAA tournament brackets 2015-2025 (Wikipedia pages, data/ncaa_brackets) + D1 win pct 2021-2025 (data.ncaa.com scoreboards)","RPI computed from data.ncaa.com scoreboards 2021-2025 (engine/rpi.py) + bids from the brackets, 2025 conference map","the sim's drawn team strength o + d, reference world seed 20251000; a dynasty regrades it from its own draw","IPEDS 2023 DRVGR (GBA6RTT) and DRVADM (DVADM01), NCES","IPEDS 2023 DRVEF (ENRTOT) and HD2024 (LOCALE), NCES; weighting GUESS","NOAA NCEI 1991-2020 monthly normals, nearest station: daily highs against a comfortable band (GUESS) and precipitation days","EADA 2024-25, baseball total expenses (U.S. Department of Education)","GUESS proxy: baseball expenses, regional hosting, conference","GUESS proxy: regional hosting, enrollment, conference","GUESS proxy, to be replaced by TV and streaming appearance counts: conference media footprint (config MEDIA_FOOTPRINT), NCAA tournament appearances, Omaha and super regional history","GUESS proxy: program tradition, baseball expenses, conference",neutral baseline for a new coach,neutral baseline for a new coach
100,596570,Jackson St.,SWAC,low,C,0.3469,B,F,0.0195,B,D+,0.1319,A,D,0.0896,A,C,0.3111,C,B,0.7068,A,D-,0.0342,A,F,0.0147,D,D,0.0863,D,D,0.0619,D,D,0.0863,D,C,,D,C,,D,0.0,0.0,0,0,0,0,0,0.6051,0.3469,0.4194,0.0833,-0.5489,32,91.0,True,6564,12,62.32,36.4,73.05,0.0,2.548,USW00013927,2.9,622094.0,False,"NCAA tournament brackets 2015-2025 (Wikipedia pages, data/ncaa_brackets) + D1 win pct 2021-2025 (data.ncaa.com scoreboards)","RPI computed from data.ncaa.com scoreboards 2021-2025 (engine/rpi.py) + bids from the brackets, 2025 conference map","the sim's drawn team strength o + d, reference world seed 20251000; a dynasty regrades it from its own draw","IPEDS 2023 DRVGR (GBA6RTT) and DRVADM (DVADM01), NCES","IPEDS 2023 DRVEF (ENRTOT) and HD2024 (LOCALE), NCES; weighting GUESS","NOAA NCEI 1991-2020 monthly normals, nearest station: daily highs against a comfortable band (GUESS) and precipitation days","EADA 2024-25, baseball total expenses (U.S. Department of Education)","GUESS proxy: baseball expenses, regional hosting, conference","GUESS proxy: regional hosting, enrollment, conference","GUESS proxy, to be replaced by TV and streaming appearance counts: conference media footprint (config MEDIA_FOOTPRINT), NCAA tournament appearances, Omaha and super regional history","GUESS proxy: program tradition, baseball expenses, conference",neutral baseline for a new coach,neutral baseline for a new coach
101,596572,Jacksonville,ASUN,mid,B-,0.5163,B,D+,0.1303,B,B-,0.5619,A,B,0.6857,A,C,0.2752,C,B+,0.7964,A,B-,0.5554,A,C+,0.4251,D,D+,0.1124,D,B-,0.5814,D,C+,0.3958,D,C,,D,C,,D,0.7973,0.0,2,0,0,0,0,0.4912,0.5163,0.4721,0.0697,0.0848,57,57.0,True,3957,11,65.82,31.2,76.1,0.0,2.184,USW00053860,5.5,1761358.0,False,"NCAA tournament brackets 2015-2025 (Wikipedia pages, data/ncaa_brackets) + D1 win pct 2021-2025 (data.ncaa.com scoreboards)","RPI computed from data.ncaa.com scoreboards 2021-2025 (engine/rpi.py) + bids from the brackets, 2025 conference map","the sim's drawn team strength o + d, reference world seed 20251000; a dynasty regrades it from its own draw","IPEDS 2023 DRVGR (GBA6RTT) and DRVADM (DVADM01), NCES","IPEDS 2023 DRVEF (ENRTOT) and HD2024 (LOCALE), NCES; weighting GUESS","NOAA NCEI 1991-2020 monthly normals, nearest station: daily highs against a comfortable band (GUESS) and precipitation days","EADA 2024-25, baseball total expenses (U.S. Department of Education)","GUESS proxy: baseball expenses, regional hosting, conference","GUESS proxy: regional hosting, enrollment, conference","GUESS proxy, to be replaced by TV and streaming appearance counts: conference media footprint (config MEDIA_FOOTPRINT), NCAA tournament appearances, Omaha and super regional history","GUESS proxy: program tradition, baseball expenses, conference",neutral baseline for a new coach,neutral baseline for a new coach
102,596571,Jacksonville St.,CUSA,mid,B,0.6694,B,B+,0.7785,B,C,0.3697,A,C+,0.4186,A,C-,0.2199,C,B-,0.6205,A,B,0.6303,A,B,0.6792,D,B-,0.5798,D,B,0.7117,D,B+,0.7573,D,C,,D,C,,D,1.5428,0.0,2,0,0,0,0,0.4867,0.6694,0.5126,0.2627,-0.1376,51,76.0,True,9672,23,56.08,43.6,69.12,0.6,3.652,USC00013775,15.3,1959245.0,False,"NCAA tournament brackets 2015-2025 (Wikipedia pages, data/ncaa_brackets) + D1 win pct 2021-2025 (data.ncaa.com scoreboards)","RPI computed from data.ncaa.com scoreboards 2021-2025 (engine/rpi.py) + bids from the brackets, 2025 conference map","the sim's drawn team strength o + d, reference world seed 20251000; a dynasty regrades it from its own draw","IPEDS 2023 DRVGR (GBA6RTT) and DRVADM (DVADM01), NCES","IPEDS 2023 DRVEF (ENRTOT) and HD2024 (LOCALE), NCES; weighting GUESS","NOAA NCEI 1991-2020 monthly normals, nearest station: daily highs against a comfortable band (GUESS) and precipitation days","EADA 2024-25, baseball total expenses (U.S. Department of Education)","GUESS proxy: baseball expenses, regional hosting, conference","GUESS proxy: regional hosting, enrollment, conference","GUESS proxy, to be replaced by TV and streaming appearance counts: conference media footprint (config MEDIA_FOOTPRINT), NCAA tournament appearances, Omaha and super regional history","GUESS proxy: program tradition, baseball expenses, conference",neutral baseline for a new coach,neutral baseline for a new coach
103,596573,James Madison,Sun Belt,mid,B-,0.5326,B,B,0.7394,B,B-,0.513,A,B-,0.6287,A,B,0.6629,C,C,0.3632,A,B,0.6792,A,B,0.715,D,B,0.702,D,B-,0.601,D,B,0.7085,D,C,,D,C,,D,0.8409,0.0,1,0,0,0,0,0.4835,0.5326,0.5228,0.2484,0.0259,81,76.0,True,22758,13,47.73,47.4,59.48,5.075,8.393,USC00442208,3.7,2214908.0,False,"NCAA tournament brackets 2015-2025 (Wikipedia pages, data/ncaa_brackets) + D1 win pct 2021-2025 (data.ncaa.com scoreboards)","RPI computed from data.ncaa.com scoreboards 2021-2025 (engine/rpi.py) + bids from the brackets, 2025 conference map","the sim's drawn team strength o + d, reference world seed 20251000; a dynasty regrades it from its own draw","IPEDS 2023 DRVGR (GBA6RTT) and DRVADM (DVADM01), NCES","IPEDS 2023 DRVEF (ENRTOT) and HD2024 (LOCALE), NCES; weighting GUESS","NOAA NCEI 1991-2020 monthly normals, nearest station: daily highs against a comfortable band (GUESS) and precipitation days","EADA 2024-25, baseball total expenses (U.S. Department of Education)","GUESS proxy: baseball expenses, regional hosting, conference","GUESS proxy: regional hosting, enrollment, conference","GUESS proxy, to be replaced by TV and streaming appearance counts: conference media footprint (config MEDIA_FOOTPRINT), NCAA tournament appearances, Omaha and super regional history","GUESS proxy: program tradition, baseball expenses, conference",neutral baseline for a new coach,neutral baseline for a new coach
104,596575,Kansas,Big 12,p4,A-,0.855,B,A-,0.873,B,A,0.93,A,C,0.2883,A,B,0.7313,C,C,0.3795,A,A-,0.8779,A,A-,0.8974,D,A-,0.9072,D,B+,0.8485,D,A-,0.8876,D,C,,D,C,,D,5.7568,1.1892,2,1,1,0,0,0.5411,0.855,0.5414,0.4043,0.7569,69,88.0,True,28406,13,49.12,34.1,59.23,5.45,7.837,USC00144559,0.2,4529090.0,False,"NCAA tournament brackets 2015-2025 (Wikipedia pages, data/ncaa_brackets) + D1 win pct 2021-2025 (data.ncaa.com scoreboards)","RPI computed from data.ncaa.com scoreboards 2021-2025 (engine/rpi.py) + bids from the brackets, 2025 conference map","the sim's drawn team strength o + d, reference world seed 20251000; a dynasty regrades it from its own draw","IPEDS 2023 DRVGR (GBA6RTT) and DRVADM (DVADM01), NCES","IPEDS 2023 DRVEF (ENRTOT) and HD2024 (LOCALE), NCES; weighting GUESS","NOAA NCEI 1991-2020 monthly normals, nearest station: daily highs against a comfortable band (GUESS) and precipitation days","EADA 2024-25, baseball total expenses (U.S. Department of Education)","GUESS proxy: baseball expenses, regional hosting, conference","GUESS proxy: regional hosting, enrollment, conference","GUESS proxy, to be replaced by TV and streaming appearance counts: conference media footprint (config MEDIA_FOOTPRINT), NCAA tournament appearances, Omaha and super regional history","GUESS proxy: program tradition, baseball expenses, conference",neutral baseline for a new coach,neutral baseline for a new coach
105,596574,Kansas St.,Big 12,p4,B+,0.8094,B,A-,0.873,B,A-,0.8876,A,C+,0.4674,A,B-,0.6238,C,C+,0.4316,A,B+,0.816,A,B+,0.7964,D,B,0.7345,D,B+,0.8388,D,A-,0.8648,D,C,,D,C,,D,3.5227,0.0,2,0,1,0,0,0.5674,0.8094,0.5414,0.4043,0.5783,70,79.0,True,19745,13,49.2,37.1,60.93,4.65,7.247,USC00144972,0.6,3471601.0,False,"NCAA tournament brackets 2015-2025 (Wikipedia pages, data/ncaa_brackets) + D1 win pct 2021-2025 (data.ncaa.com scoreboards)","RPI computed from data.ncaa.com scoreboards 2021-2025 (engine/rpi.py) + bids from the brackets, 2025 conference map","the sim's drawn team strength o + d, reference world seed 20251000; a dynasty regrades it from its own draw","IPEDS 2023 DRVGR (GBA6RTT) and DRVADM (DVADM01), NCES","IPEDS 2023 DRVEF (ENRTOT) and HD2024 (LOCALE), NCES; weighting GUESS","NOAA NCEI 1991-2020 monthly normals, nearest station: daily highs against a comfortable band (GUESS) and precipitation days","EADA 2024-25, baseball total expenses (U.S. Department of Education)","GUESS proxy: baseball expenses, regional hosting, conference","GUESS proxy: regional hosting, enrollment, conference","GUESS proxy, to be replaced by TV and streaming appearance counts: conference media footprint (config MEDIA_FOOTPRINT), NCAA tournament appearances, Omaha and super regional history","GUESS proxy: program tradition, baseball expenses, conference",neutral baseline for a new coach,neutral baseline for a new coach
106,596463,Kennesaw St.,CUSA,mid,C+,0.487,B,B+,0.7785,B,B-,0.601,A,B-,0.5065,A,B+,0.8257,C,B-,0.614,A,B,0.6857,A,B,0.7215,D,B+,0.7704,D,B-,0.5782,D,B,0.6922,D,C,,D,C,,D,0.5946,0.0,1,0,0,0,0,0.5419,0.487,0.5126,0.2627,0.1185,48,69.0,True,45069,21,56.85,41.8,68.97,0.8,3.726,USC00092485,10.0,2220048.0,False,"NCAA tournament brackets 2015-2025 (Wikipedia pages, data/ncaa_brackets) + D1 win pct 2021-2025 (data.ncaa.com scoreboards)","RPI computed from data.ncaa.com scoreboards 2021-2025 (engine/rpi.py) + bids from the brackets, 2025 conference map","the sim's drawn team strength o + d, reference world seed 20251000; a dynasty regrades it from its own draw","IPEDS 2023 DRVGR (GBA6RTT) and DRVADM (DVADM01), NCES","IPEDS 2023 DRVEF (ENRTOT) and HD2024 (LOCALE), NCES; weighting GUESS","NOAA NCEI 1991-2020 monthly normals, nearest station: daily highs against a comfortable band (GUESS) and precipitation days","EADA 2024-25, baseball total expenses (U.S. Department of Education)","GUESS proxy: baseball expenses, regional hosting, conference","GUESS proxy: regional hosting, enrollment, conference","GUESS proxy, to be replaced by TV and streaming appearance counts: conference media footprint (config MEDIA_FOOTPRINT), NCAA tournament appearances, Omaha and super regional history","GUESS proxy: program tradition, baseball expenses, conference",neutral baseline for a new coach,neutral baseline for a new coach
107,596576,Kent St.,MAC,mid,C+,0.4414,B,C,0.3013,B,B,0.7182,A,C,0.2915,A,B,0.6824,C,D,0.0765,A,B-,0.5814,A,B-,0.5179,D,B-,0.5456,D,C+,0.4381,D,C+,0.4577,D,C,,D,C,,D,0.2973,0.0,1,0,0,0,0,0.5906,0.4414,0.4761,0.0909,0.2692,65,87.0,True,26106,21,42.05,52.0,53.05,9.725,13.365,USC00336949,3.2,1833374.0,False,"NCAA tournament brackets 2015-2025 (Wikipedia pages, data/ncaa_brackets) + D1 win pct 2021-2025 (data.ncaa.com scoreboards)","RPI computed from data.ncaa.com scoreboards 2021-2025 (engine/rpi.py) + bids from the brackets, 2025 conference map","the sim's drawn team strength o + d, reference world seed 20251000; a dynasty regrades it from its own draw","IPEDS 2023 DRVGR (GBA6RTT) and DRVADM (DVADM01), NCES","IPEDS 2023 DRVEF (ENRTOT) and HD2024 (LOCALE), NCES; weighting GUESS","NOAA NCEI 1991-2020 monthly normals, nearest station: daily highs against a comfortable band (GUESS) and precipitation days","EADA 2024-25, baseball total expenses (U.S. Department of Education)","GUESS proxy: baseball expenses, regional hosting, conference","GUESS proxy: regional hosting, enrollment, conference","GUESS proxy, to be replaced by TV and streaming appearance counts: conference media footprint (config MEDIA_FOOTPRINT), NCAA tournament appearances, Omaha and super regional history","GUESS proxy: program tradition, baseball expenses, conference",neutral baseline for a new coach,neutral baseline for a new coach
108,596577,Kentucky,SEC,p4,A-,0.9169,B,A+,0.9739,B,B,0.7476,A,C-,0.2362,A,A-,0.8713,C,C+,0.386,A,A-,0.9007,A,A,0.9332,D,A,0.9528,D,A,0.9397,D,A,0.943,D,C,,D,C,,D,11.9039,1.798,5,3,3,1,0,0.6195,0.9169,0.5817,0.7542,0.3241,70,92.0,True,32703,11,51.25,49.8,61.48,4.275,7.761,USW00093820,5.5,5166875.0,False,"NCAA tournament brackets 2015-2025 (Wikipedia pages, data/ncaa_brackets) + D1 win pct 2021-2025 (data.ncaa.com scoreboards)","RPI computed from data.ncaa.com scoreboards 2021-2025 (engine/rpi.py) + bids from the brackets, 2025 conference map","the sim's drawn team strength o + d, reference world seed 20251000; a dynasty regrades it from its own draw","IPEDS 2023 DRVGR (GBA6RTT) and DRVADM (DVADM01), NCES","IPEDS 2023 DRVEF (ENRTOT) and HD2024 (LOCALE), NCES; weighting GUESS","NOAA NCEI 1991-2020 monthly normals, nearest station: daily highs against a comfortable band (GUESS) and precipitation days","EADA 2024-25, baseball total expenses (U.S. Department of Education)","GUESS proxy: baseball expenses, regional hosting, conference","GUESS proxy: regional hosting, enrollment, conference","GUESS proxy, to be replaced by TV and streaming appearance counts: conference media footprint (config MEDIA_FOOTPRINT), NCAA tournament appearances, Omaha and super regional history","GUESS proxy: program tradition, baseball expenses, conference",neutral baseline for a new coach,neutral baseline for a new coach
109,596711,LIU,NEC,low,B+,0.7834,B,D+,0.1678,B,B,0.7248,A,D+,0.1547,A,B-,0.5554,C,C,0.3127,A,C-,0.2687,A,C-,0.2264,D,C,0.3274,D,B-,0.5879,D,C+,0.4642,D,C,,D,C,,D,2.922,0.0,4,0,0,0,0,0.5411,0.7834,0.4205,0.1182,0.2701,53,90.0,True,16322,21,48.45,41.4,57.3,6.2,9.098,USC00305377,6.2,1083669.0,False,"NCAA tournament brackets 2015-2025 (Wikipedia pages, data/ncaa_brackets) + D1 win pct 2021-2025 (data.ncaa.com scoreboards)","RPI computed from data.ncaa.com scoreboards 2021-2025 (engine/rpi.py) + bids from the brackets, 2025 conference map","the sim's drawn team strength o + d, reference world seed 20251000; a dynasty regrades it from its own draw","IPEDS 2023 DRVGR (GBA6RTT) and DRVADM (DVADM01), NCES","IPEDS 2023 DRVEF (ENRTOT) and HD2024 (LOCALE), NCES; weighting GUESS","NOAA NCEI 1991-2020 monthly normals, nearest station: daily highs against a comfortable band (GUESS) and precipitation days","EADA 2024-25, baseball total expenses (U.S. Department of Education)","GUESS proxy: baseball expenses, regional hosting, conference","GUESS proxy: regional hosting, enrollment, conference","GUESS proxy, to be replaced by TV and streaming appearance counts: conference media footprint (config MEDIA_FOOTPRINT), NCAA tournament appearances, Omaha and super regional history","GUESS proxy: program tradition, baseball expenses, conference",neutral baseline for a new coach,neutral baseline for a new coach
110,596587,LMU (CA),WCC,mid,C+,0.4186,B,B-,0.5065,B,B-,0.5977,A,B+,0.816,A,B-,0.5586,C,A+,0.9919,A,B,0.741,A,B,0.6824,D,C+,0.4544,D,C+,0.4967,D,B-,0.6042,D,C,,D,C,,D,0.3536,0.0,1,0,0,0,0,0.4575,0.4186,0.4864,0.1292,0.1173,80,40.0,True,10256,11,60.8,12.7,69.38,0.0,0.889,USC00042214,2.4,2607555.0,False,"NCAA tournament brackets 2015-2025 (Wikipedia pages, data/ncaa_brackets) + D1 win pct 2021-2025 (data.ncaa.com scoreboards)","RPI computed from data.ncaa.com scoreboards 2021-2025 (engine/rpi.py) + bids from the brackets, 2025 conference map","the sim's drawn team strength o + d, reference world seed 20251000; a dynasty regrades it from its own draw","IPEDS 2023 DRVGR (GBA6RTT) and DRVADM (DVADM01), NCES","IPEDS 2023 DRVEF (ENRTOT) and HD2024 (LOCALE), NCES; weighting GUESS","NOAA NCEI 1991-2020 monthly normals, nearest station: daily highs against a comfortable band (GUESS) and precipitation days","EADA 2024-25, baseball total expenses (U.S. Department of Education)","GUESS proxy: baseball expenses, regional hosting, conference","GUESS proxy: regional hosting, enrollment, conference","GUESS proxy, to be replaced by TV and streaming appearance counts: conference media footprint (config MEDIA_FOOTPRINT), NCAA tournament appearances, Omaha and super regional history","GUESS proxy: program tradition, baseball expenses, conference",neutral baseline for a new coach,neutral baseline for a new coach
111,596583,LSU,SEC,p4,A+,0.9951,B,A+,0.9739,B,B,0.7378,A,B-,0.5782,A,A-,0.8648,C,B,0.728,A,A+,0.9951,A,A+,0.9886,D,A+,0.9853,D,A+,0.9919,D,A+,0.9984,D,C,,D,C,,D,25.7964,2.6977,10,6,7,4,2,0.7185,0.9951,0.5817,0.7542,0.2804,68,74.0,True,39418,12,64.0,35.0,74.45,0.0,2.45,USC00165620,3.6,10988406.0,False,"NCAA tournament brackets 2015-2025 (Wikipedia pages, data/ncaa_brackets) + D1 win pct 2021-2025 (data.ncaa.com scoreboards)","RPI computed from data.ncaa.com scoreboards 2021-2025 (engine/rpi.py) + bids from the brackets, 2025 conference map","the sim's drawn team strength o + d, reference world seed 20251000; a dynasty regrades it from its own draw","IPEDS 2023 DRVGR (GBA6RTT) and DRVADM (DVADM01), NCES","IPEDS 2023 DRVEF (ENRTOT) and HD2024 (LOCALE), NCES; weighting GUESS","NOAA NCEI 1991-2020 monthly normals, nearest station: daily highs against a comfortable band (GUESS) and precipitation days","EADA 2024-25, baseball total expenses (U.S. Department of Education)","GUESS proxy: baseball expenses, regional hosting, conference","GUESS proxy: regional hosting, enrollment, conference","GUESS proxy, to be replaced by TV and streaming appearance counts: conference media footprint (config MEDIA_FOOTPRINT), NCAA tournament appearances, Omaha and super regional history","GUESS proxy: program tradition, baseball expenses, conference",neutral baseline for a new coach,neutral baseline for a new coach
112,596624,LSU New Orleans,Southland,low,F,0.0016,B,C+,0.386,B,D+,0.1743,A,B-,0.5293,A,C,0.3632,C,B+,0.7818,A,C-,0.2394,A,C,0.2752,D,C,0.2752,D,D,0.0619,D,D+,0.1254,D,C,,D,C,,D,0.0,0.0,0,0,0,0,0,0.0,0.0016,0.4934,0.0909,-0.4687,43,67.0,True,6601,11,67.62,32.0,74.75,0.0,2.24,USW00053917,2.7,1015925.0,False,"NCAA tournament brackets 2015-2025 (Wikipedia pages, data/ncaa_brackets) + D1 win pct 2021-2025 (data.ncaa.com scoreboards)","RPI computed from data.ncaa.com scoreboards 2021-2025 (engine/rpi.py) + bids from the brackets, 2025 conference map","the sim's drawn team strength o + d, reference world seed 20251000; a dynasty regrades it from its own draw","IPEDS 2023 DRVGR (GBA6RTT) and DRVADM (DVADM01), NCES","IPEDS 2023 DRVEF (ENRTOT) and HD2024 (LOCALE), NCES; weighting GUESS","NOAA NCEI 1991-2020 monthly normals, nearest station: daily highs against a comfortable band (GUESS) and precipitation days","EADA 2024-25, baseball total expenses (U.S. Department of Education)","GUESS proxy: baseball expenses, regional hosting, conference","GUESS proxy: regional hosting, enrollment, conference","GUESS proxy, to be replaced by TV and streaming appearance counts: conference media footprint (config MEDIA_FOOTPRINT), NCAA tournament appearances, Omaha and super regional history","GUESS proxy: program tradition, baseball expenses, conference",neutral baseline for a new coach,neutral baseline for a new coach
113,596578,Lafayette,Patriot,low,D,0.0733,B,C+,0.4332,B,C-,0.1873,A,A-,0.8681,A,D,0.0896,C,D+,0.1743,A,C-,0.2655,A,C,0.3013,D,D+,0.1743,D,D,0.0619,D,D+,0.171,D,C,,D,C,,D,0.0,0.0,0,0,0,0,0,0.3154,0.0733,0.4669,0.1667,-0.4427,88,31.0,True,2764,21,44.22,47.7,54.8,7.925,11.264,USC00368400,9.6,1076594.0,False,"NCAA tournament brackets 2015-2025 (Wikipedia pages, data/ncaa_brackets) + D1 win pct 2021-2025 (data.ncaa.com scoreboards)","RPI computed from data.ncaa.com scoreboards 2021-2025 (engine/rpi.py) + bids from the brackets, 2025 conference map","the sim's drawn team strength o + d, reference world seed 20251000; a dynasty regrades it from its own draw","IPEDS 2023 DRVGR (GBA6RTT) and DRVADM (DVADM01), NCES","IPEDS 2023 DRVEF (ENRTOT) and HD2024 (LOCALE), NCES; weighting GUESS","NOAA NCEI 1991-2020 monthly normals, nearest station: daily highs against a comfortable band (GUESS) and precipitation days","EADA 2024-25, baseball total expenses (U.S. Department of Education)","GUESS proxy: baseball expenses, regional hosting, conference","GUESS proxy: regional hosting, enrollment, conference","GUESS proxy, to be replaced by TV and streaming appearance counts: conference media footprint (config MEDIA_FOOTPRINT), NCAA tournament appearances, Omaha and super regional history","GUESS proxy: program tradition, baseball expenses, conference",neutral baseline for a new coach,neutral baseline for a new coach
114,596579,Lamar University,Southland,low,B,0.6498,B,C+,0.386,B,F,0.0179,A,C-,0.2166,A,B,0.6433,C,B+,0.7752,A,C+,0.5,A,C+,0.4577,D,B-,0.5033,D,C+,0.386,D,B-,0.5717,D,C,,D,C,,D,1.1892,0.0,1,0,0,0,0,0.6556,0.6498,0.4934,0.0909,-1.1219,37,86.0,True,17473,12,66.25,32.1,75.35,0.0,2.247,USC00410611,4.1,1619917.0,False,"NCAA tournament brackets 2015-2025 (Wikipedia pages, data/ncaa_brackets) + D1 win pct 2021-2025 (data.ncaa.com scoreboards)","RPI computed from data.ncaa.com scoreboards 2021-2025 (engine/rpi.py) + bids from the brackets, 2025 conference map","the sim's drawn team strength o + d, reference world seed 20251000; a dynasty regrades it from its own draw","IPEDS 2023 DRVGR (GBA6RTT) and DRVADM (DVADM01), NCES","IPEDS 2023 DRVEF (ENRTOT) and HD2024 (LOCALE), NCES; weighting GUESS","NOAA NCEI 1991-2020 monthly normals, nearest station: daily highs against a comfortable band (GUESS) and precipitation days","EADA 2024-25, baseball total expenses (U.S. Department of Education)","GUESS proxy: baseball expenses, regional hosting, conference","GUESS proxy: regional hosting, enrollment, conference","GUESS proxy, to be replaced by TV and streaming appearance counts: conference media footprint (config MEDIA_FOOTPRINT), NCAA tournament appearances, Omaha and super regional history","GUESS proxy: program tradition, baseball expenses, conference",neutral baseline for a new coach,neutral baseline for a new coach
115,596699,Le Moyne,NEC,low,C-,0.2003,B,D+,0.1678,B,B+,0.7932,A,B-,0.5912,A,D,0.1026,C,F,0.0277,A,D+,0.1156,A,D,0.0993,D,D,0.0993,D,D,0.0619,D,D,0.0993,D,C,,D,C,,D,0.0,0.0,0,0,0,0,0,0.4306,0.2003,0.4205,0.1182,0.3978,71,75.0,True,3154,21,40.95,59.8,50.4,11.9,16.086,USW00014771,4.3,789171.0,False,"NCAA tournament brackets 2015-2025 (Wikipedia pages, data/ncaa_brackets) + D1 win pct 2021-2025 (data.ncaa.com scoreboards)","RPI computed from data.ncaa.com scoreboards 2021-2025 (engine/rpi.py) + bids from the brackets, 2025 conference map","the sim's drawn team strength o + d, reference world seed 20251000; a dynasty regrades it from its own draw","IPEDS 2023 DRVGR (GBA6RTT) and DRVADM (DVADM01), NCES","IPEDS 2023 DRVEF (ENRTOT) and HD2024 (LOCALE), NCES; weighting GUESS","NOAA NCEI 1991-2020 monthly normals, nearest station: daily highs against a comfortable band (GUESS) and precipitation days","EADA 2024-25, baseball total expenses (U.S. Department of Education)","GUESS proxy: baseball expenses, regional hosting, conference","GUESS proxy: regional hosting, enrollment, conference","GUESS proxy, to be replaced by TV and streaming appearance counts: conference media footprint (config MEDIA_FOOTPRINT), NCAA tournament appearances, Omaha and super regional history","GUESS proxy: program tradition, baseball expenses, conference",neutral baseline for a new coach,neutral baseline for a new coach
116,596580,Lehigh,Patriot,low,C,0.3697,B,C+,0.4332,B,C+,0.4055,A,A-,0.8811,A,C,0.298,C,C-,0.2296,A,C,0.3502,A,C,0.3762,D,C,0.3176,D,C-,0.2671,D,C,0.342,D,C,,D,C,,D,0.1768,0.0,1,0,0,0,0,0.5054,0.3697,0.4669,0.1667,-0.0996,89,29.0,True,7590,13,46.72,45.2,57.33,6.9,10.064,USW00014737,4.7,1232924.0,False,"NCAA tournament brackets 2015-2025 (Wikipedia pages, data/ncaa_brackets) + D1 win pct 2021-2025 (data.ncaa.com scoreboards)","RPI computed from data.ncaa.com scoreboards 2021-2025 (engine/rpi.py) + bids from the brackets, 2025 conference map","the sim's drawn team strength o + d, reference world seed 20251000; a dynasty regrades it from its own draw","IPEDS 2023 DRVGR (GBA6RTT) and DRVADM (DVADM01), NCES","IPEDS 2023 DRVEF (ENRTOT) and HD2024 (LOCALE), NCES; weighting GUESS","NOAA NCEI 1991-2020 monthly normals, nearest station: daily highs against a comfortable band (GUESS) and precipitation days","EADA 2024-25, baseball total expenses (U.S. Department of Education)","GUESS proxy: baseball expenses, regional hosting, conference","GUESS proxy: regional hosting, enrollment, conference","GUESS proxy, to be replaced by TV and streaming appearance counts: conference media footprint (config MEDIA_FOOTPRINT), NCAA tournament appearances, Omaha and super regional history","GUESS proxy: program tradition, baseball expenses, conference",neutral baseline for a new coach,neutral baseline for a new coach
117,596581,Liberty,CUSA,mid,B+,0.7638,B,B+,0.7785,B,B+,0.7801,A,D,0.0961,A,A,0.93,C,C+,0.4707,A,B,0.6954,A,B,0.7248,D,B+,0.8062,D,B+,0.7704,D,B+,0.8127,D,C,,D,C,,D,2.6374,0.0,4,0,0,0,0,0.5293,0.7638,0.5126,0.2627,0.3798,66,99.0,True,103068,13,51.38,42.9,63.13,3.05,6.053,USW00013733,2.4,2270556.0,False,"NCAA tournament brackets 2015-2025 (Wikipedia pages, data/ncaa_brackets) + D1 win pct 2021-2025 (data.ncaa.com scoreboards)","RPI computed from data.ncaa.com scoreboards 2021-2025 (engine/rpi.py) + bids from the brackets, 2025 conference map","the sim's drawn team strength o + d, reference world seed 20251000; a dynasty regrades it from its own draw","IPEDS 2023 DRVGR (GBA6RTT) and DRVADM (DVADM01), NCES","IPEDS 2023 DRVEF (ENRTOT) and HD2024 (LOCALE), NCES; weighting GUESS","NOAA NCEI 1991-2020 monthly normals, nearest station: daily highs against a comfortable band (GUESS) and precipitation days","EADA 2024-25, baseball total expenses (U.S. Department of Education)","GUESS proxy: baseball expenses, regional hosting, conference","GUESS proxy: regional hosting, enrollment, conference","GUESS proxy, to be replaced by TV and streaming appearance counts: conference media footprint (config MEDIA_FOOTPRINT), NCAA tournament appearances, Omaha and super regional history","GUESS proxy: program tradition, baseball expenses, conference",neutral baseline for a new coach,neutral baseline for a new coach
118,596695,Lindenwood,OVC,low,D,0.0993,B,C-,0.2671,B,C,0.3632,A,B-,0.5668,A,C,0.2785,C,C+,0.399,A,D+,0.1287,A,D+,0.1352,D,C-,0.2036,D,D,0.0619,D,D,0.0896,D,C,,D,C,,D,0.0,0.0,0,0,0,0,0,0.3408,0.0993,0.4691,0.1,-0.1507,50,66.0,True,7288,13,50.08,38.3,60.67,5.025,7.706,USC00237397,2.1,822537.0,False,"NCAA tournament brackets 2015-2025 (Wikipedia pages, data/ncaa_brackets) + D1 win pct 2021-2025 (data.ncaa.com scoreboards)","RPI computed from data.ncaa.com scoreboards 2021-2025 (engine/rpi.py) + bids from the brackets, 2025 conference map","the sim's drawn team strength o + d, reference world seed 20251000; a dynasty regrades it from its own draw","IPEDS 2023 DRVGR (GBA6RTT) and DRVADM (DVADM01), NCES","IPEDS 2023 DRVEF (ENRTOT) and HD2024 (LOCALE), NCES; weighting GUESS","NOAA NCEI 1991-2020 monthly normals, nearest station: daily highs against a comfortable band (GUESS) and precipitation days","EADA 2024-25, baseball total expenses (U.S. Department of Education)","GUESS proxy: baseball expenses, regional hosting, conference","GUESS proxy: regional hosting, enrollment, conference","GUESS proxy, to be replaced by TV and streaming appearance counts: conference media footprint (config MEDIA_FOOTPRINT), NCAA tournament appearances, Omaha and super regional history","GUESS proxy: program tradition, baseball expenses, conference",neutral baseline for a new coach,neutral baseline for a new coach
119,596472,Lipscomb,ASUN,mid,B,0.7085,B,D+,0.1303,B,B,0.6922,A,B,0.6824,A,C,0.3208,C,B-,0.5554,A,B-,0.614,A,C+,0.4739,D,D+,0.1254,D,B,0.6759,D,B-,0.5489,D,C,,D,C,,D,2.0731,0.0,3,0,0,0,0,0.4768,0.7085,0.4721,0.0697,0.2521,69,67.0,True,5047,11,56.25,45.3,67.38,1.55,4.721,USW00013897,6.2,1886189.0,False,"NCAA tournament brackets 2015-2025 (Wikipedia pages, data/ncaa_brackets) + D1 win pct 2021-2025 (data.ncaa.com scoreboards)","RPI computed from data.ncaa.com scoreboards 2021-2025 (engine/rpi.py) + bids from the brackets, 2025 conference map","the sim's drawn team strength o + d, reference world seed 20251000; a dynasty regrades it from its own draw","IPEDS 2023 DRVGR (GBA6RTT) and DRVADM (DVADM01), NCES","IPEDS 2023 DRVEF (ENRTOT) and HD2024 (LOCALE), NCES; weighting GUESS","NOAA NCEI 1991-2020 monthly normals, nearest station: daily highs against a comfortable band (GUESS) and precipitation days","EADA 2024-25, baseball total expenses (U.S. Department of Education)","GUESS proxy: baseball expenses, regional hosting, conference","GUESS proxy: regional hosting, enrollment, conference","GUESS proxy, to be replaced by TV and streaming appearance counts: conference media footprint (config MEDIA_FOOTPRINT), NCAA tournament appearances, Omaha and super regional history","GUESS proxy: program tradition, baseball expenses, conference",neutral baseline for a new coach,neutral baseline for a new coach
120,596488,Little Rock,OVC,low,B+,0.8355,B,C-,0.2671,B,C,0.3176,A,B-,0.6042,A,C,0.3534,C,B-,0.5879,A,C+,0.4642,A,C+,0.4023,D,C-,0.2101,D,B-,0.5423,D,B-,0.6238,D,C,,D,C,,D,4.5676,0.0,2,0,1,0,0,0.4848,0.8355,0.4691,0.1,-0.1924,39,58.0,True,8158,12,57.18,40.1,68.05,1.2,4.007,USW00013963,5.7,1535142.0,False,"NCAA tournament brackets 2015-2025 (Wikipedia pages, data/ncaa_brackets) + D1 win pct 2021-2025 (data.ncaa.com scoreboards)","RPI computed from data.ncaa.com scoreboards 2021-2025 (engine/rpi.py) + bids from the brackets, 2025 conference map","the sim's drawn team strength o + d, reference world seed 20251000; a dynasty regrades it from its own draw","IPEDS 2023 DRVGR (GBA6RTT) and DRVADM (DVADM01), NCES","IPEDS 2023 DRVEF (ENRTOT) and HD2024 (LOCALE), NCES; weighting GUESS","NOAA NCEI 1991-2020 monthly normals, nearest station: daily highs against a comfortable band (GUESS) and precipitation days","EADA 2024-25, baseball total expenses (U.S. Department of Education)","GUESS proxy: baseball expenses, regional hosting, conference","GUESS proxy: regional hosting, enrollment, conference","GUESS proxy, to be replaced by TV and streaming appearance counts: conference media footprint (config MEDIA_FOOTPRINT), NCAA tournament appearances, Omaha and super regional history","GUESS proxy: program tradition, baseball expenses, conference",neutral baseline for a new coach,neutral baseline for a new coach
121,596507,Long Beach St.,Big West,mid,B,0.6303,B,B,0.6401,B,B+,0.8355,A,B+,0.7606,A,A,0.9397,C,A,0.9658,A,B,0.6433,A,B+,0.7899,D,A-,0.8779,D,B,0.6661,D,B,0.7052,D,C,,D,C,,D,1.2102,0.25,2,1,1,0,0,0.5248,0.6303,0.5024,0.1493,0.4852,70,47.0,True,40278,11,61.42,16.5,69.97,0.0,1.155,USW00023129,2.8,1999383.0,False,"NCAA tournament brackets 2015-2025 (Wikipedia pages, data/ncaa_brackets) + D1 win pct 2021-2025 (data.ncaa.com scoreboards)","RPI computed from data.ncaa.com scoreboards 2021-2025 (engine/rpi.py) + bids from the brackets, 2025 conference map","the sim's drawn team strength o + d, reference world seed 20251000; a dynasty regrades it from its own draw","IPEDS 2023 DRVGR (GBA6RTT) and DRVADM (DVADM01), NCES","IPEDS 2023 DRVEF (ENRTOT) and HD2024 (LOCALE), NCES; weighting GUESS","NOAA NCEI 1991-2020 monthly normals, nearest station: daily highs against a comfortable band (GUESS) and precipitation days","EADA 2024-25, baseball total expenses (U.S. Department of Education)","GUESS proxy: baseball expenses, regional hosting, conference","GUESS proxy: regional hosting, enrollment, conference","GUESS proxy, to be replaced by TV and streaming appearance counts: conference media footprint (config MEDIA_FOOTPRINT), NCAA tournament appearances, Omaha and super regional history","GUESS proxy: program tradition, baseball expenses, conference",neutral baseline for a new coach,neutral baseline for a new coach
122,596582,Longwood,Big South,mid,D+,0.1221,B,D,0.0961,B,B+,0.7541,A,C,0.3404,A,D-,0.0375,C,B-,0.5358,A,C+,0.4479,A,C,0.3404,D,D,0.0928,D,D+,0.1498,D,D+,0.1417,D,C,,D,C,,D,0.0,0.0,0,0,0,0,0,0.3677,0.1221,0.4715,0.0714,0.3315,62,85.0,True,4545,32,51.6,35.4,63.93,2.5,4.978,USC00442941,2.0,1480917.0,False,"NCAA tournament brackets 2015-2025 (Wikipedia pages, data/ncaa_brackets) + D1 win pct 2021-2025 (data.ncaa.com scoreboards)","RPI computed from data.ncaa.com scoreboards 2021-2025 (engine/rpi.py) + bids from the brackets, 2025 conference map","the sim's drawn team strength o + d, reference world seed 20251000; a dynasty regrades it from its own draw","IPEDS 2023 DRVGR (GBA6RTT) and DRVADM (DVADM01), NCES","IPEDS 2023 DRVEF (ENRTOT) and HD2024 (LOCALE), NCES; weighting GUESS","NOAA NCEI 1991-2020 monthly normals, nearest station: daily highs against a comfortable band (GUESS) and precipitation days","EADA 2024-25, baseball total expenses (U.S. Department of Education)","GUESS proxy: baseball expenses, regional hosting, conference","GUESS proxy: regional hosting, enrollment, conference","GUESS proxy, to be replaced by TV and streaming appearance counts: conference media footprint (config MEDIA_FOOTPRINT), NCAA tournament appearances, Omaha and super regional history","GUESS proxy: program tradition, baseball expenses, conference",neutral baseline for a new coach,neutral baseline for a new coach
123,596687,Louisiana,Sun Belt,mid,B+,0.829,B,B,0.7394,B,C+,0.4251,A,C-,0.184,A,B-,0.6107,C,B,0.7443,A,B+,0.8062,A,A-,0.8648,D,B+,0.8388,D,B+,0.7997,D,B+,0.8355,D,C,,D,C,,D,4.2826,0.2102,6,1,1,0,0,0.5853,0.829,0.5228,0.2484,-0.0767,52,89.0,True,15345,12,66.35,33.9,75.9,0.0,2.373,USW00013976,2.0,3423967.0,False,"NCAA tournament brackets 2015-2025 (Wikipedia pages, data/ncaa_brackets) + D1 win pct 2021-2025 (data.ncaa.com scoreboards)","RPI computed from data.ncaa.com scoreboards 2021-2025 (engine/rpi.py) + bids from the brackets, 2025 conference map","the sim's drawn team strength o + d, reference world seed 20251000; a dynasty regrades it from its own draw","IPEDS 2023 DRVGR (GBA6RTT) and DRVADM (DVADM01), NCES","IPEDS 2023 DRVEF (ENRTOT) and HD2024 (LOCALE), NCES; weighting GUESS","NOAA NCEI 1991-2020 monthly normals, nearest station: daily highs against a comfortable band (GUESS) and precipitation days","EADA 2024-25, baseball total expenses (U.S. Department of Education)","GUESS proxy: baseball expenses, regional hosting, conference","GUESS proxy: regional hosting, enrollment, conference","GUESS proxy, to be replaced by TV and streaming appearance counts: conference media footprint (config MEDIA_FOOTPRINT), NCAA tournament appearances, Omaha and super regional history","GUESS proxy: program tradition, baseball expenses, conference",neutral baseline for a new coach,neutral baseline for a new coach
124,596584,Louisiana Tech,CUSA,mid,B+,0.7769,B,B+,0.7785,B,A,0.9528,A,B-,0.5098,A,C-,0.1938,C,B,0.7199,A,B,0.6596,A,B+,0.8322,D,B+,0.829,D,B+,0.7736,D,B+,0.8062,D,C,,D,C,,D,2.6457,0.5,4,1,0,0,0,0.6046,0.7769,0.5126,0.2627,0.8666,57,73.0,True,11427,32,60.82,35.4,72.33,0.0,2.478,USC00168067,1.3,2136818.0,False,"NCAA tournament brackets 2015-2025 (Wikipedia pages, data/ncaa_brackets) + D1 win pct 2021-2025 (data.ncaa.com scoreboards)","RPI computed from data.ncaa.com scoreboards 2021-2025 (engine/rpi.py) + bids from the brackets, 2025 conference map","the sim's drawn team strength o + d, reference world seed 20251000; a dynasty regrades it from its own draw","IPEDS 2023 DRVGR (GBA6RTT) and DRVADM (DVADM01), NCES","IPEDS 2023 DRVEF (ENRTOT) and HD2024 (LOCALE), NCES; weighting GUESS","NOAA NCEI 1991-2020 monthly normals, nearest station: daily highs against a comfortable band (GUESS) and precipitation days","EADA 2024-25, baseball total expenses (U.S. Department of Education)","GUESS proxy: baseball expenses, regional hosting, conference","GUESS proxy: regional hosting, enrollment, conference","GUESS proxy, to be replaced by TV and streaming appearance counts: conference media footprint (config MEDIA_FOOTPRINT), NCAA tournament appearances, Omaha and super regional history","GUESS proxy: program tradition, baseball expenses, conference",neutral baseline for a new coach,neutral baseline for a new coach
125,596585,Louisville,ACC,p4,A,0.9365,B,A,0.9218,B,A+,0.9723,A,C,0.3697,A,B+,0.7541,C,C+,0.4446,A,A,0.9202,A,A,0.9267,D,A-,0.9039,D,A,0.9446,D,A,0.9397,D,C,,D,C,,D,14.4486,1.5852,7,5,6,3,0,0.6147,0.9365,0.5642,0.5583,0.9168,61,81.0,True,22139,11,53.8,47.0,63.45,3.4,6.69,USW00093821,2.7,5425229.0,False,"NCAA tournament brackets 2015-2025 (Wikipedia pages, data/ncaa_brackets) + D1 win pct 2021-2025 (data.ncaa.com scoreboards)","RPI computed from data.ncaa.com scoreboards 2021-2025 (engine/rpi.py) + bids from the brackets, 2025 conference map","the sim's drawn team strength o + d, reference world seed 20251000; a dynasty regrades it from its own draw","IPEDS 2023 DRVGR (GBA6RTT) and DRVADM (DVADM01), NCES","IPEDS 2023 DRVEF (ENRTOT) and HD2024 (LOCALE), NCES; weighting GUESS","NOAA NCEI 1991-2020 monthly normals, nearest station: daily highs against a comfortable band (GUESS) and precipitation days","EADA 2024-25, baseball total expenses (U.S. Department of Education)","GUESS proxy: baseball expenses, regional hosting, conference","GUESS proxy: regional hosting, enrollment, conference","GUESS proxy, to be replaced by TV and streaming appearance counts: conference media footprint (config MEDIA_FOOTPRINT), NCAA tournament appearances, Omaha and super regional history","GUESS proxy: program tradition, baseball expenses, conference",neutral baseline for a new coach,neutral baseline for a new coach
126,596588,Maine,America East,low,C+,0.4967,B,C+,0.4544,B,D,0.0668,A,D,0.0765,A,C,0.3046,C,F,0.0049,A,C+,0.4055,A,C+,0.4153,D,C+,0.4577,D,C,0.3616,D,C+,0.4739,D,C,,D,C,,D,0.7071,0.0,1,0,0,0,0,0.4409,0.4967,0.4716,0.1429,-0.7803,56,96.0,True,11760,23,35.62,49.6,46.67,14.475,17.947,USW00094644,2.5,1346459.0,False,"NCAA tournament brackets 2015-2025 (Wikipedia pages, data/ncaa_brackets) + D1 win pct 2021-2025 (data.ncaa.com scoreboards)","RPI computed from data.ncaa.com scoreboards 2021-2025 (engine/rpi.py) + bids from the brackets, 2025 conference map","the sim's drawn team strength o + d, reference world seed 20251000; a dynasty regrades it from its own draw","IPEDS 2023 DRVGR (GBA6RTT) and DRVADM (DVADM01), NCES","IPEDS 2023 DRVEF (ENRTOT) and HD2024 (LOCALE), NCES; weighting GUESS","NOAA NCEI 1991-2020 monthly normals, nearest station: daily highs against a comfortable band (GUESS) and precipitation days","EADA 2024-25, baseball total expenses (U.S. Department of Education)","GUESS proxy: baseball expenses, regional hosting, conference","GUESS proxy: regional hosting, enrollment, conference","GUESS proxy, to be replaced by TV and streaming appearance counts: conference media footprint (config MEDIA_FOOTPRINT), NCAA tournament appearances, Omaha and super regional history","GUESS proxy: program tradition, baseball expenses, conference",neutral baseline for a new coach,neutral baseline for a new coach
127,596589,Manhattan,MAAC,low,D+,0.1743,B,D,0.0603,B,C-,0.2459,A,C+,0.4577,A,C-,0.2492,C,C,0.2704,A,C-,0.2068,A,D+,0.1319,D,D-,0.0309,D,D,0.0619,D,D,0.0765,D,C,,D,C,,D,0.0,0.0,0,0,0,0,0,0.4144,0.1743,0.4574,0.0875,-0.3533,66,78.0,True,3495,11,48.58,43.5,56.65,6.775,9.82,USC00300961,4.6,970952.0,False,"NCAA tournament brackets 2015-2025 (Wikipedia pages, data/ncaa_brackets) + D1 win pct 2021-2025 (data.ncaa.com scoreboards)","RPI computed from data.ncaa.com scoreboards 2021-2025 (engine/rpi.py) + bids from the brackets, 2025 conference map","the sim's drawn team strength o + d, reference world seed 20251000; a dynasty regrades it from its own draw","IPEDS 2023 DRVGR (GBA6RTT) and DRVADM (DVADM01), NCES","IPEDS 2023 DRVEF (ENRTOT) and HD2024 (LOCALE), NCES; weighting GUESS","NOAA NCEI 1991-2020 monthly normals, nearest station: daily highs against a comfortable band (GUESS) and precipitation days","EADA 2024-25, baseball total expenses (U.S. Department of Education)","GUESS proxy: baseball expenses, regional hosting, conference","GUESS proxy: regional hosting, enrollment, conference","GUESS proxy, to be replaced by TV and streaming appearance counts: conference media footprint (config MEDIA_FOOTPRINT), NCAA tournament appearances, Omaha and super regional history","GUESS proxy: program tradition, baseball expenses, conference",neutral baseline for a new coach,neutral baseline for a new coach
128,596590,Marist,MAAC,low,C+,0.386,B,D,0.0603,B,C+,0.3925,A,B,0.7215,A,C-,0.2166,C,D+,0.1352,A,C,0.3176,A,C-,0.2459,D,D+,0.1189,D,C,0.2769,D,C-,0.2117,D,C,,D,C,,D,0.25,0.0,1,0,0,0,0,0.4695,0.386,0.4574,0.0875,-0.1194,80,65.0,True,6452,21,43.78,42.7,53.98,8.675,11.664,USC00306820,0.9,1188317.0,False,"NCAA tournament brackets 2015-2025 (Wikipedia pages, data/ncaa_brackets) + D1 win pct 2021-2025 (data.ncaa.com scoreboards)","RPI computed from data.ncaa.com scoreboards 2021-2025 (engine/rpi.py) + bids from the brackets, 2025 conference map","the sim's drawn team strength o + d, reference world seed 20251000; a dynasty regrades it from its own draw","IPEDS 2023 DRVGR (GBA6RTT) and DRVADM (DVADM01), NCES","IPEDS 2023 DRVEF (ENRTOT) and HD2024 (LOCALE), NCES; weighting GUESS","NOAA NCEI 1991-2020 monthly normals, nearest station: daily highs against a comfortable band (GUESS) and precipitation days","EADA 2024-25, baseball total expenses (U.S. Department of Education)","GUESS proxy: baseball expenses, regional hosting, conference","GUESS proxy: regional hosting, enrollment, conference","GUESS proxy, to be replaced by TV and streaming appearance counts: conference media footprint (config MEDIA_FOOTPRINT), NCAA tournament appearances, Omaha and super regional history","GUESS proxy: program tradition, baseball expenses, conference",neutral baseline for a new coach,neutral baseline for a new coach
129,596591,Marshall,Sun Belt,mid,D+,0.1352,B,B,0.7394,B,B-,0.5651,A,F,0.0228,A,C+,0.4381,C,C+,0.4186,A,A-,0.8746,A,B+,0.7997,D,B-,0.5847,D,C,0.3371,D,B-,0.5945,D,C,,D,C,,D,0.0,0.0,0,0,0,0,0,0.3887,0.1352,0.5228,0.2484,0.0882,49,96.0,True,11027,13,50.9,48.0,62.52,4.0,7.36,USC00464397,5.5,4439999.0,False,"NCAA tournament brackets 2015-2025 (Wikipedia pages, data/ncaa_brackets) + D1 win pct 2021-2025 (data.ncaa.com scoreboards)","RPI computed from data.ncaa.com scoreboards 2021-2025 (engine/rpi.py) + bids from the brackets, 2025 conference map","the sim's drawn team strength o + d, reference world seed 20251000; a dynasty regrades it from its own draw","IPEDS 2023 DRVGR (GBA6RTT) and DRVADM (DVADM01), NCES","IPEDS 2023 DRVEF (ENRTOT) and HD2024 (LOCALE), NCES; weighting GUESS","NOAA NCEI 1991-2020 monthly normals, nearest station: daily highs against a comfortable band (GUESS) and precipitation days","EADA 2024-25, baseball total expenses (U.S. Department of Education)","GUESS proxy: baseball expenses, regional hosting, conference","GUESS proxy: regional hosting, enrollment, conference","GUESS proxy, to be replaced by TV and streaming appearance counts: conference media footprint (config MEDIA_FOOTPRINT), NCAA tournament appearances, Omaha and super regional history","GUESS proxy: program tradition, baseball expenses, conference",neutral baseline for a new coach,neutral baseline for a new coach
130,596593,Maryland,Big Ten,p4,B+,0.7932,B,B+,0.8225,B,B-,0.6107,A,B+,0.8322,A,B+,0.8029,C,C,0.3664,A,B,0.7345,A,A-,0.8518,D,A-,0.9137,D,A-,0.8844,D,B+,0.8322,D,C,,D,C,,D,3.1766,0.5946,5,1,1,0,0,0.6192,0.7932,0.5236,0.2548,0.1297,88,45.0,True,40813,21,49.6,40.8,59.6,5.275,8.131,USC00180700,3.0,2521679.0,False,"NCAA tournament brackets 2015-2025 (Wikipedia pages, data/ncaa_brackets) + D1 win pct 2021-2025 (data.ncaa.com scoreboards)","RPI computed from data.ncaa.com scoreboards 2021-2025 (engine/rpi.py) + bids from the brackets, 2025 conference map","the sim's drawn team strength o + d, reference world seed 20251000; a dynasty regrades it from its own draw","IPEDS 2023 DRVGR (GBA6RTT) and DRVADM (DVADM01), NCES","IPEDS 2023 DRVEF (ENRTOT) and HD2024 (LOCALE), NCES; weighting GUESS","NOAA NCEI 1991-2020 monthly normals, nearest station: daily highs against a comfortable band (GUESS) and precipitation days","EADA 2024-25, baseball total expenses (U.S. Department of Education)","GUESS proxy: baseball expenses, regional hosting, conference","GUESS proxy: regional hosting, enrollment, conference","GUESS proxy, to be replaced by TV and streaming appearance counts: conference media footprint (config MEDIA_FOOTPRINT), NCAA tournament appearances, Omaha and super regional history","GUESS proxy: program tradition, baseball expenses, conference",neutral baseline for a new coach,neutral baseline for a new coach
131,596595,Massachusetts,Atlantic 10,mid,D,0.1091,B,C-,0.2052,B,C-,0.1938,A,B+,0.7638,A,B+,0.7573,C,D+,0.1124,A,D,0.07,A,D,0.0798,D,B-,0.513,D,C-,0.215,D,D-,0.0537,D,C,,D,C,,D,0.0,0.0,0,0,0,0,0,0.3493,0.1091,0.4775,0.0833,-0.4377,83,58.0,True,31810,13,41.17,42.4,52.48,9.9,12.868,USC00190120,0.5,710282.0,False,"NCAA tournament brackets 2015-2025 (Wikipedia pages, data/ncaa_brackets) + D1 win pct 2021-2025 (data.ncaa.com scoreboards)","RPI computed from data.ncaa.com scoreboards 2021-2025 (engine/rpi.py) + bids from the brackets, 2025 conference map","the sim's drawn team strength o + d, reference world seed 20251000; a dynasty regrades it from its own draw","IPEDS 2023 DRVGR (GBA6RTT) and DRVADM (DVADM01), NCES","IPEDS 2023 DRVEF (ENRTOT) and HD2024 (LOCALE), NCES; weighting GUESS","NOAA NCEI 1991-2020 monthly normals, nearest station: daily highs against a comfortable band (GUESS) and precipitation days","EADA 2024-25, baseball total expenses (U.S. Department of Education)","GUESS proxy: baseball expenses, regional hosting, conference","GUESS proxy: regional hosting, enrollment, conference","GUESS proxy, to be replaced by TV and streaming appearance counts: conference media footprint (config MEDIA_FOOTPRINT), NCAA tournament appearances, Omaha and super regional history","GUESS proxy: program tradition, baseball expenses, conference",neutral baseline for a new coach,neutral baseline for a new coach
132,596596,McNeese,Southland,low,B-,0.5554,B,C+,0.386,B,D-,0.0472,A,B-,0.5456,A,C-,0.2394,C,B+,0.7866,A,C-,0.2101,A,C-,0.2622,D,C-,0.259,D,C+,0.3941,D,C,0.3632,D,C,,D,C,,D,0.8536,0.0,2,0,0,0,0,0.5964,0.5554,0.4934,0.0909,-0.8804,51,68.0,True,6060,13,66.38,31.7,76.05,0.0,2.219,USW00003937,3.7,974856.0,False,"NCAA tournament brackets 2015-2025 (Wikipedia pages, data/ncaa_brackets) + D1 win pct 2021-2025 (data.ncaa.com scoreboards)","RPI computed from data.ncaa.com scoreboards 2021-2025 (engine/rpi.py) + bids from the brackets, 2025 conference map","the sim's drawn team strength o + d, reference world seed 20251000; a dynasty regrades it from its own draw","IPEDS 2023 DRVGR (GBA6RTT) and DRVADM (DVADM01), NCES","IPEDS 2023 DRVEF (ENRTOT) and HD2024 (LOCALE), NCES; weighting GUESS","NOAA NCEI 1991-2020 monthly normals, nearest station: daily highs against a comfortable band (GUESS) and precipitation days","EADA 2024-25, baseball total expenses (U.S. Department of Education)","GUESS proxy: baseball expenses, regional hosting, conference","GUESS proxy: regional hosting, enrollment, conference","GUESS proxy, to be replaced by TV and streaming appearance counts: conference media footprint (config MEDIA_FOOTPRINT), NCAA tournament appearances, Omaha and super regional history","GUESS proxy: program tradition, baseball expenses, conference",neutral baseline for a new coach,neutral baseline for a new coach
133,596597,Memphis,The American,mid,C-,0.1906,B,B,0.7003,B,B+,0.816,A,D,0.0928,A,B,0.7476,C,B-,0.5814,A,B,0.6564,A,B,0.6726,D,B,0.6824,D,C,0.3371,D,B-,0.5081,D,C,,D,C,,D,0.0,0.0,0,0,0,0,0,0.4252,0.1906,0.5148,0.2168,0.4549,49,93.0,True,21736,11,58.9,41.6,68.7,1.125,4.037,USW00013893,5.1,2095708.0,False,"NCAA tournament brackets 2015-2025 (Wikipedia pages, data/ncaa_brackets) + D1 win pct 2021-2025 (data.ncaa.com scoreboards)","RPI computed from data.ncaa.com scoreboards 2021-2025 (engine/rpi.py) + bids from the brackets, 2025 conference map","the sim's drawn team strength o + d, reference world seed 20251000; a dynasty regrades it from its own draw","IPEDS 2023 DRVGR (GBA6RTT) and DRVADM (DVADM01), NCES","IPEDS 2023 DRVEF (ENRTOT) and HD2024 (LOCALE), NCES; weighting GUESS","NOAA NCEI 1991-2020 monthly normals, nearest station: daily highs against a comfortable band (GUESS) and precipitation days","EADA 2024-25, baseball total expenses (U.S. Department of Education)","GUESS proxy: baseball expenses, regional hosting, conference","GUESS proxy: regional hosting, enrollment, conference","GUESS proxy, to be replaced by TV and streaming appearance counts: conference media footprint (config MEDIA_FOOTPRINT), NCAA tournament appearances, Omaha and super regional history","GUESS proxy: program tradition, baseball expenses, conference",neutral baseline for a new coach,neutral baseline for a new coach
134,596598,Mercer,SoCon,mid,C+,0.4837,B,B-,0.57,B,C,0.3664,A,B,0.6987,A,C+,0.4186,C,B,0.7345,A,B-,0.5782,A,B-,0.5847,D,C+,0.4511,D,B-,0.5668,D,B-,0.5912,D,C,,D,C,,D,0.5303,0.0,2,0,0,0,0,0.5964,0.4837,0.5121,0.125,-0.1427,73,66.0,True,9124,12,61.58,34.3,74.42,0.0,2.401,USW00003813,10.0,1830779.0,False,"NCAA tournament brackets 2015-2025 (Wikipedia pages, data/ncaa_brackets) + D1 win pct 2021-2025 (data.ncaa.com scoreboards)","RPI computed from data.ncaa.com scoreboards 2021-2025 (engine/rpi.py) + bids from the brackets, 2025 conference map","the sim's drawn team strength o + d, reference world seed 20251000; a dynasty regrades it from its own draw","IPEDS 2023 DRVGR (GBA6RTT) and DRVADM (DVADM01), NCES","IPEDS 2023 DRVEF (ENRTOT) and HD2024 (LOCALE), NCES; weighting GUESS","NOAA NCEI 1991-2020 monthly normals, nearest station: daily highs against a comfortable band (GUESS) and precipitation days","EADA 2024-25, baseball total expenses (U.S. Department of Education)","GUESS proxy: baseball expenses, regional hosting, conference","GUESS proxy: regional hosting, enrollment, conference","GUESS proxy, to be replaced by TV and streaming appearance counts: conference media footprint (config MEDIA_FOOTPRINT), NCAA tournament appearances, Omaha and super regional history","GUESS proxy: program tradition, baseball expenses, conference",neutral baseline for a new coach,neutral baseline for a new coach
135,596906,Mercyhurst,NEC,low,D,0.0798,B,D+,0.1678,B,D+,0.1156,A,C,0.3599,A,D,0.1059,C,D-,0.044,A,D,0.0896,A,D,0.0831,D,D,0.0765,D,D,0.0619,D,D-,0.0309,D,C,,D,C,,D,0.0,0.0,0,0,0,0,0,0.3269,0.0798,0.4205,0.1182,-0.5774,65,83.0,True,2668,13,42.8,57.2,51.47,10.6,14.604,USW00014860,6.9,760590.0,False,"NCAA tournament brackets 2015-2025 (Wikipedia pages, data/ncaa_brackets) + D1 win pct 2021-2025 (data.ncaa.com scoreboards)","RPI computed from data.ncaa.com scoreboards 2021-2025 (engine/rpi.py) + bids from the brackets, 2025 conference map","the sim's drawn team strength o + d, reference world seed 20251000; a dynasty regrades it from its own draw","IPEDS 2023 DRVGR (GBA6RTT) and DRVADM (DVADM01), NCES","IPEDS 2023 DRVEF (ENRTOT) and HD2024 (LOCALE), NCES; weighting GUESS","NOAA NCEI 1991-2020 monthly normals, nearest station: daily highs against a comfortable band (GUESS) and precipitation days","EADA 2024-25, baseball total expenses (U.S. Department of Education)","GUESS proxy: baseball expenses, regional hosting, conference","GUESS proxy: regional hosting, enrollment, conference","GUESS proxy, to be replaced by TV and streaming appearance counts: conference media footprint (config MEDIA_FOOTPRINT), NCAA tournament appearances, Omaha and super regional history","GUESS proxy: program tradition, baseball expenses, conference",neutral baseline for a new coach,neutral baseline for a new coach
136,596458,Merrimack,MAAC,low,C-,0.184,B,D,0.0603,B,D,0.0863,A,B-,0.6238,A,D+,0.1645,C,D,0.1091,A,C,0.2785,A,C-,0.1971,D,D,0.0896,D,D,0.0619,D,D+,0.1107,D,C,,D,C,,D,0.0,0.0,0,0,0,0,0,0.4235,0.184,0.4574,0.0875,-0.7114,72,74.0,True,5688,21,42.85,44.0,52.25,9.875,12.955,USW00094723,3.4,1090456.0,False,"NCAA tournament brackets 2015-2025 (Wikipedia pages, data/ncaa_brackets) + D1 win pct 2021-2025 (data.ncaa.com scoreboards)","RPI computed from data.ncaa.com scoreboards 2021-2025 (engine/rpi.py) + bids from the brackets, 2025 conference map","the sim's drawn team strength o + d, reference world seed 20251000; a dynasty regrades it from its own draw","IPEDS 2023 DRVGR (GBA6RTT) and DRVADM (DVADM01), NCES","IPEDS 2023 DRVEF (ENRTOT) and HD2024 (LOCALE), NCES; weighting GUESS","NOAA NCEI 1991-2020 monthly normals, nearest station: daily highs against a comfortable band (GUESS) and precipitation days","EADA 2024-25, baseball total expenses (U.S. Department of Education)","GUESS proxy: baseball expenses, regional hosting, conference","GUESS proxy: regional hosting, enrollment, conference","GUESS proxy, to be replaced by TV and streaming appearance counts: conference media footprint (config MEDIA_FOOTPRINT), NCAA tournament appearances, Omaha and super regional history","GUESS proxy: program tradition, baseball expenses, conference",neutral baseline for a new coach,neutral baseline for a new coach
137,596600,Miami (FL),ACC,p4,A-,0.9007,B,A,0.9218,B,A,0.9495,A,A-,0.8876,A,B-,0.5945,C,A-,0.8827,A,A,0.93,A,A,0.9365,D,A-,0.8909,D,A,0.9446,D,A,0.9267,D,C,,D,C,,D,10.3552,1.6887,8,4,3,2,0,0.5798,0.9007,0.5642,0.5583,0.8496,84,19.0,True,19593,21,74.92,27.7,79.8,0.0,1.939,USW00012859,0.4,5941358.0,False,"NCAA tournament brackets 2015-2025 (Wikipedia pages, data/ncaa_brackets) + D1 win pct 2021-2025 (data.ncaa.com scoreboards)","RPI computed from data.ncaa.com scoreboards 2021-2025 (engine/rpi.py) + bids from the brackets, 2025 conference map","the sim's drawn team strength o + d, reference world seed 20251000; a dynasty regrades it from its own draw","IPEDS 2023 DRVGR (GBA6RTT) and DRVADM (DVADM01), NCES","IPEDS 2023 DRVEF (ENRTOT) and HD2024 (LOCALE), NCES; weighting GUESS","NOAA NCEI 1991-2020 monthly normals, nearest station: daily highs against a comfortable band (GUESS) and precipitation days","EADA 2024-25, baseball total expenses (U.S. Department of Education)","GUESS proxy: baseball expenses, regional hosting, conference","GUESS proxy: regional hosting, enrollment, conference","GUESS proxy, to be replaced by TV and streaming appearance counts: conference media footprint (config MEDIA_FOOTPRINT), NCAA tournament appearances, Omaha and super regional history","GUESS proxy: program tradition, baseball expenses, conference",neutral baseline for a new coach,neutral baseline for a new coach
138,596599,Miami (OH),MAC,mid,B-,0.5651,B,C,0.3013,B,B-,0.6042,A,C+,0.4723,A,C+,0.386,C,C,0.3176,A,B-,0.5619,A,C+,0.4967,D,C+,0.4642,D,B-,0.5277,D,B-,0.5163,D,C,,D,C,,D,1.0,0.0,1,0,0,0,0,0.4859,0.5651,0.4761,0.0909,0.1188,82,82.0,True,18618,31,47.8,41.1,59.07,6.2,9.077,USC00332651,13.4,1764386.0,False,"NCAA tournament brackets 2015-2025 (Wikipedia pages, data/ncaa_brackets) + D1 win pct 2021-2025 (data.ncaa.com scoreboards)","RPI computed from data.ncaa.com scoreboards 2021-2025 (engine/rpi.py) + bids from the brackets, 2025 conference map","the sim's drawn team strength o + d, reference world seed 20251000; a dynasty regrades it from its own draw","IPEDS 2023 DRVGR (GBA6RTT) and DRVADM (DVADM01), NCES","IPEDS 2023 DRVEF (ENRTOT) and HD2024 (LOCALE), NCES; weighting GUESS","NOAA NCEI 1991-2020 monthly normals, nearest station: daily highs against a comfortable band (GUESS) and precipitation days","EADA 2024-25, baseball total expenses (U.S. Department of Education)","GUESS proxy: baseball expenses, regional hosting, conference","GUESS proxy: regional hosting, enrollment, conference","GUESS proxy, to be replaced by TV and streaming appearance counts: conference media footprint (config MEDIA_FOOTPRINT), NCAA tournament appearances, Omaha and super regional history","GUESS proxy: program tradition, baseball expenses, conference",neutral baseline for a new coach,neutral baseline for a new coach
139,596602,Michigan,Big Ten,p4,B+,0.8257,B,B+,0.8225,B,B+,0.7997,A,A,0.9235,A,A,0.9365,C,D-,0.0489,A,A-,0.8518,A,B+,0.8062,D,B+,0.8094,D,A-,0.8974,D,A-,0.8681,D,C,,D,C,,D,3.9963,0.0,5,0,1,1,0,0.54,0.8257,0.5236,0.2548,0.4019,93,18.0,True,52065,12,41.15,57.7,52.13,10.475,14.514,USC00200228,3.3,3992821.0,False,"NCAA tournament brackets 2015-2025 (Wikipedia pages, data/ncaa_brackets) + D1 win pct 2021-2025 (data.ncaa.com scoreboards)","RPI computed from data.ncaa.com scoreboards 2021-2025 (engine/rpi.py) + bids from the brackets, 2025 conference map","the sim's drawn team strength o + d, reference world seed 20251000; a dynasty regrades it from its own draw","IPEDS 2023 DRVGR (GBA6RTT) and DRVADM (DVADM01), NCES","IPEDS 2023 DRVEF (ENRTOT) and HD2024 (LOCALE), NCES; weighting GUESS","NOAA NCEI 1991-2020 monthly normals, nearest station: daily highs against a comfortable band (GUESS) and precipitation days","EADA 2024-25, baseball total expenses (U.S. Department of Education)","GUESS proxy: baseball expenses, regional hosting, conference","GUESS proxy: regional hosting, enrollment, conference","GUESS proxy, to be replaced by TV and streaming appearance counts: conference media footprint (config MEDIA_FOOTPRINT), NCAA tournament appearances, Omaha and super regional history","GUESS proxy: program tradition, baseball expenses, conference",neutral baseline for a new coach,neutral baseline for a new coach
140,596601,Michigan St.,Big Ten,p4,C,0.272,B,B+,0.8225,B,A-,0.8583,A,C+,0.4544,A,A-,0.8811,C,D,0.0668,A,B,0.7248,A,B,0.7476,D,B+,0.8029,D,B,0.6922,D,B,0.6401,D,C,,D,C,,D,0.0,0.0,0,0,0,0,0,0.4905,0.272,0.5236,0.2548,0.5006,83,84.0,True,51316,13,42.35,43.3,51.8,10.75,13.781,USC00202395,4.0,2477184.0,False,"NCAA tournament brackets 2015-2025 (Wikipedia pages, data/ncaa_brackets) + D1 win pct 2021-2025 (data.ncaa.com scoreboards)","RPI computed from data.ncaa.com scoreboards 2021-2025 (engine/rpi.py) + bids from the brackets, 2025 conference map","the sim's drawn team strength o + d, reference world seed 20251000; a dynasty regrades it from its own draw","IPEDS 2023 DRVGR (GBA6RTT) and DRVADM (DVADM01), NCES","IPEDS 2023 DRVEF (ENRTOT) and HD2024 (LOCALE), NCES; weighting GUESS","NOAA NCEI 1991-2020 monthly normals, nearest station: daily highs against a comfortable band (GUESS) and precipitation days","EADA 2024-25, baseball total expenses (U.S. Department of Education)","GUESS proxy: baseball expenses, regional hosting, conference","GUESS proxy: regional hosting, enrollment, conference","GUESS proxy, to be replaced by TV and streaming appearance counts: conference media footprint (config MEDIA_FOOTPRINT), NCAA tournament appearances, Omaha and super regional history","GUESS proxy: program tradition, baseball expenses, conference",neutral baseline for a new coach,neutral baseline for a new coach
141,596603,Middle Tenn.,CUSA,mid,C-,0.2036,B,B+,0.7785,B,B-,0.5163,A,B-,0.5814,A,B,0.6759,C,B-,0.5195,A,C+,0.4153,A,B-,0.5423,D,B,0.6954,D,C,0.3371,D,C+,0.4479,D,C,,D,C,,D,0.0,0.0,0,0,0,0,0,0.432,0.2036,0.5126,0.2627,0.0284,54,68.0,True,20183,12,54.0,47.6,65.88,1.875,5.207,USC00406371,5.0,1407756.0,False,"NCAA tournament brackets 2015-2025 (Wikipedia pages, data/ncaa_brackets) + D1 win pct 2021-2025 (data.ncaa.com scoreboards)","RPI computed from data.ncaa.com scoreboards 2021-2025 (engine/rpi.py) + bids from the brackets, 2025 conference map","the sim's drawn team strength o + d, reference world seed 20251000; a dynasty regrades it from its own draw","IPEDS 2023 DRVGR (GBA6RTT) and DRVADM (DVADM01), NCES","IPEDS 2023 DRVEF (ENRTOT) and HD2024 (LOCALE), NCES; weighting GUESS","NOAA NCEI 1991-2020 monthly normals, nearest station: daily highs against a comfortable band (GUESS) and precipitation days","EADA 2024-25, baseball total expenses (U.S. Department of Education)","GUESS proxy: baseball expenses, regional hosting, conference","GUESS proxy: regional hosting, enrollment, conference","GUESS proxy, to be replaced by TV and streaming appearance counts: conference media footprint (config MEDIA_FOOTPRINT), NCAA tournament appearances, Omaha and super regional history","GUESS proxy: program tradition, baseball expenses, conference",neutral baseline for a new coach,neutral baseline for a new coach
142,596452,Milwaukee,Horizon,low,B-,0.5782,B,C,0.3583,B,D-,0.0342,A,C-,0.1954,A,B+,0.7606,C,D-,0.0537,A,C,0.3339,A,C,0.3322,D,B-,0.5375,D,C+,0.386,D,C+,0.4397,D,C,,D,C,,D,1.1892,0.0,1,0,0,0,0,0.3669,0.5782,0.4597,0.1667,-0.9866,51,88.0,True,22481,11,41.67,47.4,51.4,11.05,14.368,USC00479046,7.4,1210488.0,False,"NCAA tournament brackets 2015-2025 (Wikipedia pages, data/ncaa_brackets) + D1 win pct 2021-2025 (data.ncaa.com scoreboards)","RPI computed from data.ncaa.com scoreboards 2021-2025 (engine/rpi.py) + bids from the brackets, 2025 conference map","the sim's drawn team strength o + d, reference world seed 20251000; a dynasty regrades it from its own draw","IPEDS 2023 DRVGR (GBA6RTT) and DRVADM (DVADM01), NCES","IPEDS 2023 DRVEF (ENRTOT) and HD2024 (LOCALE), NCES; weighting GUESS","NOAA NCEI 1991-2020 monthly normals, nearest station: daily highs against a comfortable band (GUESS) and precipitation days","EADA 2024-25, baseball total expenses (U.S. Department of Education)","GUESS proxy: baseball expenses, regional hosting, conference","GUESS proxy: regional hosting, enrollment, conference","GUESS proxy, to be replaced by TV and streaming appearance counts: conference media footprint (config MEDIA_FOOTPRINT), NCAA tournament appearances, Omaha and super regional history","GUESS proxy: program tradition, baseball expenses, conference",neutral baseline for a new coach,neutral baseline for a new coach
143,596604,Minnesota,Big Ten,p4,B,0.6466,B,B+,0.8225,B,A-,0.8844,A,B-,0.6287,A,A+,0.9886,C,F,0.0179,A,B+,0.7573,A,A-,0.8616,D,A,0.93,D,A-,0.8518,D,B+,0.7932,D,C,,D,C,,D,1.3994,0.2973,2,1,1,0,0,0.387,0.6466,0.5236,0.2548,0.5741,85,77.0,True,54890,11,38.98,35.5,47.75,14.5,16.985,USC00214884,0.7,2731326.0,False,"NCAA tournament brackets 2015-2025 (Wikipedia pages, data/ncaa_brackets) + D1 win pct 2021-2025 (data.ncaa.com scoreboards)","RPI computed from data.ncaa.com scoreboards 2021-2025 (engine/rpi.py) + bids from the brackets, 2025 conference map","the sim's drawn team strength o + d, reference world seed 20251000; a dynasty regrades it from its own draw","IPEDS 2023 DRVGR (GBA6RTT) and DRVADM (DVADM01), NCES","IPEDS 2023 DRVEF (ENRTOT) and HD2024 (LOCALE), NCES; weighting GUESS","NOAA NCEI 1991-2020 monthly normals, nearest station: daily highs against a comfortable band (GUESS) and precipitation days","EADA 2024-25, baseball total expenses (U.S. Department of Education)","GUESS proxy: baseball expenses, regional hosting, conference","GUESS proxy: regional hosting, enrollment, conference","GUESS proxy, to be replaced by TV and streaming appearance counts: conference media footprint (config MEDIA_FOOTPRINT), NCAA tournament appearances, Omaha and super regional history","GUESS proxy: program tradition, baseball expenses, conference",neutral baseline for a new coach,neutral baseline for a new coach
144,596605,Mississippi St.,SEC,p4,A,0.956,B,A+,0.9739,B,B+,0.8485,A,C+,0.4902,A,C,0.3795,C,B,0.6629,A,A,0.9625,A,A,0.9625,D,A,0.9202,D,A+,0.9788,D,A,0.9658,D,C,,D,C,,D,17.4473,2.253,8,4,6,3,1,0.5977,0.956,0.5817,0.7542,0.4974,63,76.0,True,22657,33,59.38,39.7,70.72,0.35,3.129,USC00228374,1.1,7586165.0,False,"NCAA tournament brackets 2015-2025 (Wikipedia pages, data/ncaa_brackets) + D1 win pct 2021-2025 (data.ncaa.com scoreboards)","RPI computed from data.ncaa.com scoreboards 2021-2025 (engine/rpi.py) + bids from the brackets, 2025 conference map","the sim's drawn team strength o + d, reference world seed 20251000; a dynasty regrades it from its own draw","IPEDS 2023 DRVGR (GBA6RTT) and DRVADM (DVADM01), NCES","IPEDS 2023 DRVEF (ENRTOT) and HD2024 (LOCALE), NCES; weighting GUESS","NOAA NCEI 1991-2020 monthly normals, nearest station: daily highs against a comfortable band (GUESS) and precipitation days","EADA 2024-25, baseball total expenses (U.S. Department of Education)","GUESS proxy: baseball expenses, regional hosting, conference","GUESS proxy: regional hosting, enrollment, conference","GUESS proxy, to be replaced by TV and streaming appearance counts: conference media footprint (config MEDIA_FOOTPRINT), NCAA tournament appearances, Omaha and super regional history","GUESS proxy: program tradition, baseball expenses, conference",neutral baseline for a new coach,neutral baseline for a new coach
145,596606,Mississippi Val.,SWAC,low,F,0.0147,B,F,0.0195,B,D,0.0961,A,B-,0.6173,A,F,0.0049,C,B-,0.6238,A,F,0.0049,A,F,0.0016,D,F,0.0049,D,D,0.0619,D,F,0.0016,D,C,,D,C,,D,0.0,0.0,0,0,0,0,0,0.2161,0.0147,0.4194,0.0833,-0.6471,22,51.0,True,2196,42,60.05,39.7,69.3,0.85,3.629,USC00226009,10.6,210161.0,False,"NCAA tournament brackets 2015-2025 (Wikipedia pages, data/ncaa_brackets) + D1 win pct 2021-2025 (data.ncaa.com scoreboards)","RPI computed from data.ncaa.com scoreboards 2021-2025 (engine/rpi.py) + bids from the brackets, 2025 conference map","the sim's drawn team strength o + d, reference world seed 20251000; a dynasty regrades it from its own draw","IPEDS 2023 DRVGR (GBA6RTT) and DRVADM (DVADM01), NCES","IPEDS 2023 DRVEF (ENRTOT) and HD2024 (LOCALE), NCES; weighting GUESS","NOAA NCEI 1991-2020 monthly normals, nearest station: daily highs against a comfortable band (GUESS) and precipitation days","EADA 2024-25, baseball total expenses (U.S. Department of Education)","GUESS proxy: baseball expenses, regional hosting, conference","GUESS proxy: regional hosting, enrollment, conference","GUESS proxy, to be replaced by TV and streaming appearance counts: conference media footprint (config MEDIA_FOOTPRINT), NCAA tournament appearances, Omaha and super regional history","GUESS proxy: program tradition, baseball expenses, conference",neutral baseline for a new coach,neutral baseline for a new coach
146,596608,Missouri,SEC,p4,C-,0.1873,B,A+,0.9739,B,A,0.9691,A,B-,0.5521,A,B+,0.7964,C,C+,0.3958,A,A-,0.8811,A,B+,0.8485,D,B+,0.7932,D,B,0.728,D,B,0.6824,D,C,,D,C,,D,0.0,0.0,0,0,0,0,0,0.424,0.1873,0.5817,0.7542,0.9061,76,77.0,True,31013,12,51.0,42.8,60.95,4.725,7.721,USC00231801,0.5,4591972.0,False,"NCAA tournament brackets 2015-2025 (Wikipedia pages, data/ncaa_brackets) + D1 win pct 2021-2025 (data.ncaa.com scoreboards)","RPI computed from data.ncaa.com scoreboards 2021-2025 (engine/rpi.py) + bids from the brackets, 2025 conference map","the sim's drawn team strength o + d, reference world seed 20251000; a dynasty regrades it from its own draw","IPEDS 2023 DRVGR (GBA6RTT) and DRVADM (DVADM01), NCES","IPEDS 2023 DRVEF (ENRTOT) and HD2024 (LOCALE), NCES; weighting GUESS","NOAA NCEI 1991-2020 monthly normals, nearest station: daily highs against a comfortable band (GUESS) and precipitation days","EADA 2024-25, baseball total expenses (U.S. Department of Education)","GUESS proxy: baseball expenses, regional hosting, conference","GUESS proxy: regional hosting, enrollment, conference","GUESS proxy, to be replaced by TV and streaming appearance counts: conference media footprint (config MEDIA_FOOTPRINT), NCAA tournament appearances, Omaha and super regional history","GUESS proxy: program tradition, baseball expenses, conference",neutral baseline for a new coach,neutral baseline for a new coach
147,596685,Missouri St.,MVC,mid,B+,0.8062,B,B-,0.5375,B,B,0.6466,A,D+,0.1629,A,B,0.7248,C,C+,0.4772,A,B-,0.6107,A,B+,0.7541,D,B+,0.8192,D,B+,0.7638,D,B,0.7345,D,C,,D,C,,D,3.5382,0.1768,5,1,2,0,0,0.4894,0.8062,0.4955,0.1231,0.1951,57,91.0,True,23418,12,52.33,41.6,63.28,2.9,5.812,USW00013995,7.0,1876608.0,False,"NCAA tournament brackets 2015-2025 (Wikipedia pages, data/ncaa_brackets) + D1 win pct 2021-2025 (data.ncaa.com scoreboards)","RPI computed from data.ncaa.com scoreboards 2021-2025 (engine/rpi.py) + bids from the brackets, 2025 conference map","the sim's drawn team strength o + d, reference world seed 20251000; a dynasty regrades it from its own draw","IPEDS 2023 DRVGR (GBA6RTT) and DRVADM (DVADM01), NCES","IPEDS 2023 DRVEF (ENRTOT) and HD2024 (LOCALE), NCES; weighting GUESS","NOAA NCEI 1991-2020 monthly normals, nearest station: daily highs against a comfortable band (GUESS) and precipitation days","EADA 2024-25, baseball total expenses (U.S. Department of Education)","GUESS proxy: baseball expenses, regional hosting, conference","GUESS proxy: regional hosting, enrollment, conference","GUESS proxy, to be replaced by TV and streaming appearance counts: conference media footprint (config MEDIA_FOOTPRINT), NCAA tournament appearances, Omaha and super regional history","GUESS proxy: program tradition, baseball expenses, conference",neutral baseline for a new coach,neutral baseline for a new coach
148,596609,Monmouth,CAA,mid,C-,0.2459,B,B-,0.6026,B,C,0.3599,A,C-,0.259,A,D+,0.1515,C,C-,0.2264,A,C+,0.4218,A,C+,0.4707,D,C,0.3469,D,C-,0.215,D,C,0.3762,D,C,,D,C,,D,0.0,0.0,0,0,0,0,0,0.4631,0.2459,0.5029,0.1407,-0.1508,70,90.0,True,4981,21,46.2,41.5,54.88,7.2,10.105,USC00284987,1.2,1455731.0,False,"NCAA tournament brackets 2015-2025 (Wikipedia pages, data/ncaa_brackets) + D1 win pct 2021-2025 (data.ncaa.com scoreboards)","RPI computed from data.ncaa.com scoreboards 2021-2025 (engine/rpi.py) + bids from the brackets, 2025 conference map","the sim's drawn team strength o + d, reference world seed 20251000; a dynasty regrades it from its own draw","IPEDS 2023 DRVGR (GBA6RTT) and DRVADM (DVADM01), NCES","IPEDS 2023 DRVEF (ENRTOT) and HD2024 (LOCALE), NCES; weighting GUESS","NOAA NCEI 1991-2020 monthly normals, nearest station: daily highs against a comfortable band (GUESS) and precipitation days","EADA 2024-25, baseball total expenses (U.S. Department of Education)","GUESS proxy: baseball expenses, regional hosting, conference","GUESS proxy: regional hosting, enrollment, conference","GUESS proxy, to be replaced by TV and streaming appearance counts: conference media footprint (config MEDIA_FOOTPRINT), NCAA tournament appearances, Omaha and super regional history","GUESS proxy: program tradition, baseball expenses, conference",neutral baseline for a new coach,neutral baseline for a new coach
149,596610,Morehead St.,OVC,low,C+,0.4511,B,C-,0.2671,B,C-,0.2166,A,C,0.2948,A,D,0.0733,C,C,0.3208,A,C,0.2915,A,C,0.2818,D,C-,0.2296,D,C,0.3795,D,C,0.3013,D,C,,D,C,,D,0.4741,0.0,2,0,0,0,0,0.4841,0.4511,0.4691,0.1,-0.3986,49,82.0,True,8618,33,49.62,59.7,60.65,4.85,9.029,USC00152791,7.0,1121293.0,False,"NCAA tournament brackets 2015-2025 (Wikipedia pages, data/ncaa_brackets) + D1 win pct 2021-2025 (data.ncaa.com scoreboards)","RPI computed from data.ncaa.com scoreboards 2021-2025 (engine/rpi.py) + bids from the brackets, 2025 conference map","the sim's drawn team strength o + d, reference world seed 20251000; a dynasty regrades it from its own draw","IPEDS 2023 DRVGR (GBA6RTT) and DRVADM (DVADM01), NCES","IPEDS 2023 DRVEF (ENRTOT) and HD2024 (LOCALE), NCES; weighting GUESS","NOAA NCEI 1991-2020 monthly normals, nearest station: daily highs against a comfortable band (GUESS) and precipitation days","EADA 2024-25, baseball total expenses (U.S. Department of Education)","GUESS proxy: baseball expenses, regional hosting, conference","GUESS proxy: regional hosting, enrollment, conference","GUESS proxy, to be replaced by TV and streaming appearance counts: conference media footprint (config MEDIA_FOOTPRINT), NCAA tournament appearances, Omaha and super regional history","GUESS proxy: program tradition, baseball expenses, conference",neutral baseline for a new coach,neutral baseline for a new coach
150,596611,Mount St. Mary's,MAAC,low,D+,0.1319,B,D,0.0603,B,D+,0.158,A,B-,0.5375,A,F,0.0081,C,C,0.3078,A,D+,0.1515,A,D,0.0961,D,F,0.0147,D,D,0.0619,D,D-,0.0375,D,C,,D,C,,D,0.0,0.0,0,0,0,0,0,0.3877,0.1319,0.4574,0.0875,-0.4968,58,72.0,True,2499,42,46.75,41.5,57.77,6.325,9.23,USC00182906,3.6,889300.0,False,"NCAA tournament brackets 2015-2025 (Wikipedia pages, data/ncaa_brackets) + D1 win pct 2021-2025 (data.ncaa.com scoreboards)","RPI computed from data.ncaa.com scoreboards 2021-2025 (engine/rpi.py) + bids from the brackets, 2025 conference map","the sim's drawn team strength o + d, reference world seed 20251000; a dynasty regrades it from its own draw","IPEDS 2023 DRVGR (GBA6RTT) and DRVADM (DVADM01), NCES","IPEDS 2023 DRVEF (ENRTOT) and HD2024 (LOCALE), NCES; weighting GUESS","NOAA NCEI 1991-2020 monthly normals, nearest station: daily highs against a comfortable band (GUESS) and precipitation days","EADA 2024-25, baseball total expenses (U.S. Department of Education)","GUESS proxy: baseball expenses, regional hosting, conference","GUESS proxy: regional hosting, enrollment, conference","GUESS proxy, to be replaced by TV and streaming appearance counts: conference media footprint (config MEDIA_FOOTPRINT), NCAA tournament appearances, Omaha and super regional history","GUESS proxy: program tradition, baseball expenses, conference",neutral baseline for a new coach,neutral baseline for a new coach
151,596612,Murray St.,MVC,mid,A-,0.8616,B,B-,0.5375,B,A-,0.8648,A,C,0.316,A,D+,0.1482,C,C+,0.4967,A,C,0.298,A,C,0.3664,D,C+,0.4674,D,B,0.6433,D,B,0.6498,D,C,,D,C,,D,6.0,0.0,1,0,1,1,0,0.6133,0.8616,0.4955,0.1231,0.5141,63,86.0,True,9841,32,54.33,44.3,65.33,2.4,5.501,USC00155694,0.9,1145197.0,False,"NCAA tournament brackets 2015-2025 (Wikipedia pages, data/ncaa_brackets) + D1 win pct 2021-2025 (data.ncaa.com scoreboards)","RPI computed from data.ncaa.com scoreboards 2021-2025 (engine/rpi.py) + bids from the brackets, 2025 conference map","the sim's drawn team strength o + d, reference world seed 20251000; a dynasty regrades it from its own draw","IPEDS 2023 DRVGR (GBA6RTT) and DRVADM (DVADM01), NCES","IPEDS 2023 DRVEF (ENRTOT) and HD2024 (LOCALE), NCES; weighting GUESS","NOAA NCEI 1991-2020 monthly normals, nearest station: daily highs against a comfortable band (GUESS) and precipitation days","EADA 2024-25, baseball total expenses (U.S. Department of Education)","GUESS proxy: baseball expenses, regional hosting, conference","GUESS proxy: regional hosting, enrollment, conference","GUESS proxy, to be replaced by TV and streaming appearance counts: conference media footprint (config MEDIA_FOOTPRINT), NCAA tournament appearances, Omaha and super regional history","GUESS proxy: program tradition, baseball expenses, conference",neutral baseline for a new coach,neutral baseline for a new coach
152,596627,N.C. A&T,CAA,mid,C,0.3567,B,B-,0.6026,B,D+,0.145,A,B,0.7052,A,B,0.6303,C,B-,0.5765,A,C,0.3762,A,C+,0.4316,D,B-,0.5717,D,C+,0.4381,D,C+,0.4267,D,C,,D,C,,D,0.2973,0.0,1,0,0,0,0,0.3609,0.3567,0.5029,0.1407,-0.5199,55,46.0,True,13885,11,55.55,37.6,66.62,1.45,4.082,USC00313625,1.9,1277404.0,False,"NCAA tournament brackets 2015-2025 (Wikipedia pages, data/ncaa_brackets) + D1 win pct 2021-2025 (data.ncaa.com scoreboards)","RPI computed from data.ncaa.com scoreboards 2021-2025 (engine/rpi.py) + bids from the brackets, 2025 conference map","the sim's drawn team strength o + d, reference world seed 20251000; a dynasty regrades it from its own draw","IPEDS 2023 DRVGR (GBA6RTT) and DRVADM (DVADM01), NCES","IPEDS 2023 DRVEF (ENRTOT) and HD2024 (LOCALE), NCES; weighting GUESS","NOAA NCEI 1991-2020 monthly normals, nearest station: daily highs against a comfortable band (GUESS) and precipitation days","EADA 2024-25, baseball total expenses (U.S. Department of Education)","GUESS proxy: baseball expenses, regional hosting, conference","GUESS proxy: regional hosting, enrollment, conference","GUESS proxy, to be replaced by TV and streaming appearance counts: conference media footprint (config MEDIA_FOOTPRINT), NCAA tournament appearances, Omaha and super regional history","GUESS proxy: program tradition, baseball expenses, conference",neutral baseline for a new coach,neutral baseline for a new coach
153,596628,NC State,ACC,p4,A,0.93,B,A,0.9218,B,A+,0.9886,A,B+,0.8485,A,A,0.9235,C,B,0.6466,A,A+,0.9788,A,A,0.9495,D,A,0.943,D,A,0.9528,D,A,0.9495,D,C,,D,C,,D,13.578,1.3484,10,3,2,2,0,0.6451,0.93,0.5642,0.5583,0.968,85,40.0,True,37323,11,56.27,30.7,67.58,1.2,3.349,USC00317079,1.4,8897256.0,False,"NCAA tournament brackets 2015-2025 (Wikipedia pages, data/ncaa_brackets) + D1 win pct 2021-2025 (data.ncaa.com scoreboards)","RPI computed from data.ncaa.com scoreboards 2021-2025 (engine/rpi.py) + bids from the brackets, 2025 conference map","the sim's drawn team strength o + d, reference world seed 20251000; a dynasty regrades it from its own draw","IPEDS 2023 DRVGR (GBA6RTT) and DRVADM (DVADM01), NCES","IPEDS 2023 DRVEF (ENRTOT) and HD2024 (LOCALE), NCES; weighting GUESS","NOAA NCEI 1991-2020 monthly normals, nearest station: daily highs against a comfortable band (GUESS) and precipitation days","EADA 2024-25, baseball total expenses (U.S. Department of Education)","GUESS proxy: baseball expenses, regional hosting, conference","GUESS proxy: regional hosting, enrollment, conference","GUESS proxy, to be replaced by TV and streaming appearance counts: conference media footprint (config MEDIA_FOOTPRINT), NCAA tournament appearances, Omaha and super regional history","GUESS proxy: program tradition, baseball expenses, conference",neutral baseline for a new coach,neutral baseline for a new coach
154,596633,NIU,MAC,mid,B-,0.5749,B,C,0.3013,B,C-,0.259,A,B-,0.5033,A,C+,0.3893,C,D,0.0603,A,C-,0.2427,A,C-,0.2557,D,C+,0.4088,D,B-,0.5603,D,C,0.3534,D,C,,D,C,,D,1.1892,0.0,1,0,0,0,0,0.3169,0.5749,0.4761,0.0909,-0.2968,50,70.0,True,15504,23,42.03,43.4,51.58,10.975,14.013,USC00112223,0.5,1018781.0,False,"NCAA tournament brackets 2015-2025 (Wikipedia pages, data/ncaa_brackets) + D1 win pct 2021-2025 (data.ncaa.com scoreboards)","RPI computed from data.ncaa.com scoreboards 2021-2025 (engine/rpi.py) + bids from the brackets, 2025 conference map","the sim's drawn team strength o + d, reference world seed 20251000; a dynasty regrades it from its own draw","IPEDS 2023 DRVGR (GBA6RTT) and DRVADM (DVADM01), NCES","IPEDS 2023 DRVEF (ENRTOT) and HD2024 (LOCALE), NCES; weighting GUESS","NOAA NCEI 1991-2020 monthly normals, nearest station: daily highs against a comfortable band (GUESS) and precipitation days","EADA 2024-25, baseball total expenses (U.S. Department of Education)","GUESS proxy: baseball expenses, regional hosting, conference","GUESS proxy: regional hosting, enrollment, conference","GUESS proxy, to be replaced by TV and streaming appearance counts: conference media footprint (config MEDIA_FOOTPRINT), NCAA tournament appearances, Omaha and super regional history","GUESS proxy: program tradition, baseball expenses, conference",neutral baseline for a new coach,neutral baseline for a new coach
155,596621,NJIT,America East,low,C+,0.4544,B,C+,0.4544,B,C-,0.2524,A,B,0.6954,A,B-,0.6042,C,C-,0.2492,A,C+,0.4935,A,C+,0.4902,D,C+,0.4739,D,C,0.3062,D,C+,0.4935,D,C,,D,C,,D,0.5,0.0,1,0,0,0,0,0.4773,0.4544,0.4716,0.1429,-0.3102,73,67.0,True,13007,11,47.67,42.7,56.52,6.95,9.939,USC00283704,1.4,1591900.0,False,"NCAA tournament brackets 2015-2025 (Wikipedia pages, data/ncaa_brackets) + D1 win pct 2021-2025 (data.ncaa.com scoreboards)","RPI computed from data.ncaa.com scoreboards 2021-2025 (engine/rpi.py) + bids from the brackets, 2025 conference map","the sim's drawn team strength o + d, reference world seed 20251000; a dynasty regrades it from its own draw","IPEDS 2023 DRVGR (GBA6RTT) and DRVADM (DVADM01), NCES","IPEDS 2023 DRVEF (ENRTOT) and HD2024 (LOCALE), NCES; weighting GUESS","NOAA NCEI 1991-2020 monthly normals, nearest station: daily highs against a comfortable band (GUESS) and precipitation days","EADA 2024-25, baseball total expenses (U.S. Department of Education)","GUESS proxy: baseball expenses, regional hosting, conference","GUESS proxy: regional hosting, enrollment, conference","GUESS proxy, to be replaced by TV and streaming appearance counts: conference media footprint (config MEDIA_FOOTPRINT), NCAA tournament appearances, Omaha and super regional history","GUESS proxy: program tradition, baseball expenses, conference",neutral baseline for a new coach,neutral baseline for a new coach
156,596431,Navy,Patriot,low,C,0.3795,B,C+,0.4332,B,C+,0.4772,A,A,0.9463,A,D+,0.1417,C,C+,0.3925,A,D+,0.1661,D,C-,0.2378,D,C-,0.2394,D,C,0.272,D,C,0.272,D,C,,D,C,,D,0.2102,0.0,1,0,0,0,0,0.5065,0.3795,0.4669,0.1667,-0.0131,92,9.0,True,4465,21,50.08,43.4,60.8,4.7,7.738,USW00093721,16.8,918912.5,True,"NCAA tournament brackets 2015-2025 (Wikipedia pages, data/ncaa_brackets) + D1 win pct 2021-2025 (data.ncaa.com scoreboards)","RPI computed from data.ncaa.com scoreboards 2021-2025 (engine/rpi.py) + bids from the brackets, 2025 conference map","the sim's drawn team strength o + d, reference world seed 20251000; a dynasty regrades it from its own draw","IPEDS 2023 DRVGR (GBA6RTT) and DRVADM (DVADM01), NCES","IPEDS 2023 DRVEF (ENRTOT) and HD2024 (LOCALE), NCES; weighting GUESS","NOAA NCEI 1991-2020 monthly normals, nearest station: daily highs against a comfortable band (GUESS) and precipitation days","EADA 2024-25, baseball total expenses (U.S. Department of Education)","GUESS proxy: baseball expenses, regional hosting, conference","GUESS proxy: regional hosting, enrollment, conference","GUESS proxy, to be replaced by TV and streaming appearance counts: conference media footprint (config MEDIA_FOOTPRINT), NCAA tournament appearances, Omaha and super regional history","GUESS proxy: program tradition, baseball expenses, conference",neutral baseline for a new coach,neutral baseline for a new coach
157,596712,Nebraska,Big Ten,p4,A-,0.8518,B,B+,0.8225,B,B-,0.6075,A,C+,0.4772,A,B+,0.7785,C,C,0.3274,A,A-,0.9137,A,A-,0.9039,D,A-,0.8844,D,A-,0.8876,D,A-,0.8811,D,C,,D,C,,D,5.5331,1.1892,7,1,0,0,0,0.5869,0.8518,0.5236,0.2548,0.1287,66,77.0,True,23986,11,46.45,35.7,58.5,6.45,8.949,USW00014939,3.4,5216241.0,False,"NCAA tournament brackets 2015-2025 (Wikipedia pages, data/ncaa_brackets) + D1 win pct 2021-2025 (data.ncaa.com scoreboards)","RPI computed from data.ncaa.com scoreboards 2021-2025 (engine/rpi.py) + bids from the brackets, 2025 conference map","the sim's drawn team strength o + d, reference world seed 20251000; a dynasty regrades it from its own draw","IPEDS 2023 DRVGR (GBA6RTT) and DRVADM (DVADM01), NCES","IPEDS 2023 DRVEF (ENRTOT) and HD2024 (LOCALE), NCES; weighting GUESS","NOAA NCEI 1991-2020 monthly normals, nearest station: daily highs against a comfortable band (GUESS) and precipitation days","EADA 2024-25, baseball total expenses (U.S. Department of Education)","GUESS proxy: baseball expenses, regional hosting, conference","GUESS proxy: regional hosting, enrollment, conference","GUESS proxy, to be replaced by TV and streaming appearance counts: conference media footprint (config MEDIA_FOOTPRINT), NCAA tournament appearances, Omaha and super regional history","GUESS proxy: program tradition, baseball expenses, conference",neutral baseline for a new coach,neutral baseline for a new coach
158,596620,Nevada,Mountain West,mid,C+,0.4642,B,C+,0.4788,B,C,0.3143,A,C,0.3404,A,B+,0.7508,C,B-,0.5423,A,B,0.6726,A,B-,0.614,D,B-,0.5798,D,B-,0.5212,D,B-,0.5847,D,C,,D,C,,D,0.5,0.0,1,0,0,0,0,0.527,0.4642,0.4899,0.125,-0.1971,62,85.0,True,21778,11,48.5,21.9,60.38,3.325,4.858,USC00266791,2.0,2181975.0,False,"NCAA tournament brackets 2015-2025 (Wikipedia pages, data/ncaa_brackets) + D1 win pct 2021-2025 (data.ncaa.com scoreboards)","RPI computed from data.ncaa.com scoreboards 2021-2025 (engine/rpi.py) + bids from the brackets, 2025 conference map","the sim's drawn team strength o + d, reference world seed 20251000; a dynasty regrades it from its own draw","IPEDS 2023 DRVGR (GBA6RTT) and DRVADM (DVADM01), NCES","IPEDS 2023 DRVEF (ENRTOT) and HD2024 (LOCALE), NCES; weighting GUESS","NOAA NCEI 1991-2020 monthly normals, nearest station: daily highs against a comfortable band (GUESS) and precipitation days","EADA 2024-25, baseball total expenses (U.S. Department of Education)","GUESS proxy: baseball expenses, regional hosting, conference","GUESS proxy: regional hosting, enrollment, conference","GUESS proxy, to be replaced by TV and streaming appearance counts: conference media footprint (config MEDIA_FOOTPRINT), NCAA tournament appearances, Omaha and super regional history","GUESS proxy: program tradition, baseball expenses, conference",neutral baseline for a new coach,neutral baseline for a new coach
159,596623,New Mexico,Mountain West,mid,C,0.3762,B,C+,0.4788,B,C+,0.386,A,D,0.0717,A,B+,0.7671,C,B,0.7248,A,C+,0.4674,A,C+,0.4642,D,B-,0.5879,D,C+,0.4707,D,C+,0.4218,D,C,,D,C,,D,0.2102,0.0,1,0,0,0,0,0.5019,0.3762,0.4899,0.125,-0.1207,52,95.0,True,22700,11,53.57,14.0,66.78,1.475,2.455,USW00023050,2.9,1540653.0,False,"NCAA tournament brackets 2015-2025 (Wikipedia pages, data/ncaa_brackets) + D1 win pct 2021-2025 (data.ncaa.com scoreboards)","RPI computed from data.ncaa.com scoreboards 2021-2025 (engine/rpi.py) + bids from the brackets, 2025 conference map","the sim's drawn team strength o + d, reference world seed 20251000; a dynasty regrades it from its own draw","IPEDS 2023 DRVGR (GBA6RTT) and DRVADM (DVADM01), NCES","IPEDS 2023 DRVEF (ENRTOT) and HD2024 (LOCALE), NCES; weighting GUESS","NOAA NCEI 1991-2020 monthly normals, nearest station: daily highs against a comfortable band (GUESS) and precipitation days","EADA 2024-25, baseball total expenses (U.S. Department of Education)","GUESS proxy: baseball expenses, regional hosting, conference","GUESS proxy: regional hosting, enrollment, conference","GUESS proxy, to be replaced by TV and streaming appearance counts: conference media footprint (config MEDIA_FOOTPRINT), NCAA tournament appearances, Omaha and super regional history","GUESS proxy: program tradition, baseball expenses, conference",neutral baseline for a new coach,neutral baseline for a new coach
160,596622,New Mexico St.,CUSA,mid,B-,0.513,B,B+,0.7785,B,B,0.6629,A,C+,0.4283,A,C+,0.4446,C,A+,0.9984,A,B-,0.5195,A,B-,0.5977,D,B,0.6466,D,B,0.6531,D,B,0.6466,D,C,,D,C,,D,0.8919,0.0,2,0,0,0,0,0.3929,0.513,0.5126,0.2627,0.2051,52,76.0,True,14779,22,59.17,8.2,75.25,0.0,0.574,USC00298535,0.4,1670161.0,False,"NCAA tournament brackets 2015-2025 (Wikipedia pages, data/ncaa_brackets) + D1 win pct 2021-2025 (data.ncaa.com scoreboards)","RPI computed from data.ncaa.com scoreboards 2021-2025 (engine/rpi.py) + bids from the brackets, 2025 conference map","the sim's drawn team strength o + d, reference world seed 20251000; a dynasty regrades it from its own draw","IPEDS 2023 DRVGR (GBA6RTT) and DRVADM (DVADM01), NCES","IPEDS 2023 DRVEF (ENRTOT) and HD2024 (LOCALE), NCES; weighting GUESS","NOAA NCEI 1991-2020 monthly normals, nearest station: daily highs against a comfortable band (GUESS) and precipitation days","EADA 2024-25, baseball total expenses (U.S. Department of Education)","GUESS proxy: baseball expenses, regional hosting, conference","GUESS proxy: regional hosting, enrollment, conference","GUESS proxy, to be replaced by TV and streaming appearance counts: conference media footprint (config MEDIA_FOOTPRINT), NCAA tournament appearances, Omaha and super regional history","GUESS proxy: program tradition, baseball expenses, conference",neutral baseline for a new coach,neutral baseline for a new coach
161,596625,Niagara,MAAC,low,B-,0.5489,B,D,0.0603,B,C-,0.2036,A,C,0.3648,A,D+,0.1384,C,D-,0.0342,A,D,0.0765,A,D-,0.0489,D,D,0.0668,D,C,0.373,D,C-,0.1938,D,C,,D,C,,D,0.8409,0.0,1,0,0,0,0,0.518,0.5489,0.4574,0.0875,-0.4266,70,85.0,True,4221,21,41.33,54.1,50.5,11.7,15.487,USC00305840,4.8,716450.0,False,"NCAA tournament brackets 2015-2025 (Wikipedia pages, data/ncaa_brackets) + D1 win pct 2021-2025 (data.ncaa.com scoreboards)","RPI computed from data.ncaa.com scoreboards 2021-2025 (engine/rpi.py) + bids from the brackets, 2025 conference map","the sim's drawn team strength o + d, reference world seed 20251000; a dynasty regrades it from its own draw","IPEDS 2023 DRVGR (GBA6RTT) and DRVADM (DVADM01), NCES","IPEDS 2023 DRVEF (ENRTOT) and HD2024 (LOCALE), NCES; weighting GUESS","NOAA NCEI 1991-2020 monthly normals, nearest station: daily highs against a comfortable band (GUESS) and precipitation days","EADA 2024-25, baseball total expenses (U.S. Department of Education)","GUESS proxy: baseball expenses, regional hosting, conference","GUESS proxy: regional hosting, enrollment, conference","GUESS proxy, to be replaced by TV and streaming appearance counts: conference media footprint (config MEDIA_FOOTPRINT), NCAA tournament appearances, Omaha and super regional history","GUESS proxy: program tradition, baseball expenses, conference",neutral baseline for a new coach,neutral baseline for a new coach
162,596713,Nicholls,Southland,low,B,0.6759,B,C+,0.386,B,D,0.0798,A,D-,0.044,A,C-,0.2427,C,B,0.715,A,D+,0.1384,A,C-,0.184,D,C-,0.2655,D,C+,0.4577,D,C+,0.4186,D,C,,D,C,,D,1.548,0.0,2,0,0,0,0,0.4825,0.6759,0.4934,0.0909,-0.7291,53,96.0,True,6180,13,67.07,35.9,76.8,0.0,2.513,USC00169013,3.2,859497.0,False,"NCAA tournament brackets 2015-2025 (Wikipedia pages, data/ncaa_brackets) + D1 win pct 2021-2025 (data.ncaa.com scoreboards)","RPI computed from data.ncaa.com scoreboards 2021-2025 (engine/rpi.py) + bids from the brackets, 2025 conference map","the sim's drawn team strength o + d, reference world seed 20251000; a dynasty regrades it from its own draw","IPEDS 2023 DRVGR (GBA6RTT) and DRVADM (DVADM01), NCES","IPEDS 2023 DRVEF (ENRTOT) and HD2024 (LOCALE), NCES; weighting GUESS","NOAA NCEI 1991-2020 monthly normals, nearest station: daily highs against a comfortable band (GUESS) and precipitation days","EADA 2024-25, baseball total expenses (U.S. Department of Education)","GUESS proxy: baseball expenses, regional hosting, conference","GUESS proxy: regional hosting, enrollment, conference","GUESS proxy, to be replaced by TV and streaming appearance counts: conference media footprint (config MEDIA_FOOTPRINT), NCAA tournament appearances, Omaha and super regional history","GUESS proxy: program tradition, baseball expenses, conference",neutral baseline for a new coach,neutral baseline for a new coach
163,596626,Norfolk St.,NEC,low,C+,0.3893,B,D+,0.1678,B,C+,0.4088,A,D+,0.171,A,C,0.2883,C,B-,0.5114,A,D-,0.0407,A,D-,0.057,D,D+,0.1482,D,C,0.3062,D,D+,0.158,D,C,,D,C,,D,0.5,0.0,1,0,0,0,0,0.2326,0.3893,0.4205,0.1182,-0.0989,33,87.0,True,6045,12,54.52,42.2,64.05,2.45,5.404,USC00446147,2.4,633526.0,False,"NCAA tournament brackets 2015-2025 (Wikipedia pages, data/ncaa_brackets) + D1 win pct 2021-2025 (data.ncaa.com scoreboards)","RPI computed from data.ncaa.com scoreboards 2021-2025 (engine/rpi.py) + bids from the brackets, 2025 conference map","the sim's drawn team strength o + d, reference world seed 20251000; a dynasty regrades it from its own draw","IPEDS 2023 DRVGR (GBA6RTT) and DRVADM (DVADM01), NCES","IPEDS 2023 DRVEF (ENRTOT) and HD2024 (LOCALE), NCES; weighting GUESS","NOAA NCEI 1991-2020 monthly normals, nearest station: daily highs against a comfortable band (GUESS) and precipitation days","EADA 2024-25, baseball total expenses (U.S. Department of Education)","GUESS proxy: baseball expenses, regional hosting, conference","GUESS proxy: regional hosting, enrollment, conference","GUESS proxy, to be replaced by TV and streaming appearance counts: conference media footprint (config MEDIA_FOOTPRINT), NCAA tournament appearances, Omaha and super regional history","GUESS proxy: program tradition, baseball expenses, conference",neutral baseline for a new coach,neutral baseline for a new coach
164,596475,North Ala.,ASUN,mid,D,0.0635,B,D+,0.1303,B,C+,0.4479,A,D,0.0603,A,C+,0.4153,C,B-,0.601,A,C-,0.259,A,C-,0.2101,D,C-,0.2003,D,C-,0.215,D,D,0.0733,D,C,,D,C,,D,0.0,0.0,0,0,0,0,0,0.3133,0.0635,0.4721,0.0697,-0.0536,54,96.0,True,10059,13,58.83,43.3,69.6,0.825,3.856,USW00013896,6.3,1056528.0,False,"NCAA tournament brackets 2015-2025 (Wikipedia pages, data/ncaa_brackets) + D1 win pct 2021-2025 (data.ncaa.com scoreboards)","RPI computed from data.ncaa.com scoreboards 2021-2025 (engine/rpi.py) + bids from the brackets, 2025 conference map","the sim's drawn team strength o + d, reference world seed 20251000; a dynasty regrades it from its own draw","IPEDS 2023 DRVGR (GBA6RTT) and DRVADM (DVADM01), NCES","IPEDS 2023 DRVEF (ENRTOT) and HD2024 (LOCALE), NCES; weighting GUESS","NOAA NCEI 1991-2020 monthly normals, nearest station: daily highs against a comfortable band (GUESS) and precipitation days","EADA 2024-25, baseball total expenses (U.S. Department of Education)","GUESS proxy: baseball expenses, regional hosting, conference","GUESS proxy: regional hosting, enrollment, conference","GUESS proxy, to be replaced by TV and streaming appearance counts: conference media footprint (config MEDIA_FOOTPRINT), NCAA tournament appearances, Omaha and super regional history","GUESS proxy: program tradition, baseball expenses, conference",neutral baseline for a new coach,neutral baseline for a new coach
165,596614,North Carolina,ACC,p4,A+,0.9984,B,A,0.9218,B,A+,0.9984,A,A-,0.9104,A,B+,0.7638,C,B-,0.5619,A,A,0.9332,A,A,0.9593,D,A,0.9658,D,A,0.9625,D,A,0.9625,D,C,,D,C,,D,26.9808,4.5256,9,7,6,3,0,0.674,0.9984,0.5642,0.5583,1.1967,92,19.0,True,32234,13,54.85,42.1,66.55,1.425,4.372,USC00311677,1.6,6149457.0,False,"NCAA tournament brackets 2015-2025 (Wikipedia pages, data/ncaa_brackets) + D1 win pct 2021-2025 (data.ncaa.com scoreboards)","RPI computed from data.ncaa.com scoreboards 2021-2025 (engine/rpi.py) + bids from the brackets, 2025 conference map","the sim's drawn team strength o + d, reference world seed 20251000; a dynasty regrades it from its own draw","IPEDS 2023 DRVGR (GBA6RTT) and DRVADM (DVADM01), NCES","IPEDS 2023 DRVEF (ENRTOT) and HD2024 (LOCALE), NCES; weighting GUESS","NOAA NCEI 1991-2020 monthly normals, nearest station: daily highs against a comfortable band (GUESS) and precipitation days","EADA 2024-25, baseball total expenses (U.S. Department of Education)","GUESS proxy: baseball expenses, regional hosting, conference","GUESS proxy: regional hosting, enrollment, conference","GUESS proxy, to be replaced by TV and streaming appearance counts: conference media footprint (config MEDIA_FOOTPRINT), NCAA tournament appearances, Omaha and super regional history","GUESS proxy: program tradition, baseball expenses, conference",neutral baseline for a new coach,neutral baseline for a new coach
166,596629,North Dakota St.,Summit League,low,B,0.6596,B,C+,0.4137,B,C-,0.2231,A,D+,0.1221,A,B-,0.5456,C,F,0.0016,A,C+,0.4023,A,C+,0.3925,D,C+,0.43,D,C+,0.4446,D,B-,0.5521,D,C,,D,C,,D,1.5,0.0,2,0,0,0,0,0.4788,0.6596,0.4611,0.1667,-0.3787,64,96.0,True,11952,12,35.05,34.8,45.45,16.725,19.161,USW00014914,2.3,1324307.0,False,"NCAA tournament brackets 2015-2025 (Wikipedia pages, data/ncaa_brackets) + D1 win pct 2021-2025 (data.ncaa.com scoreboards)","RPI computed from data.ncaa.com scoreboards 2021-2025 (engine/rpi.py) + bids from the brackets, 2025 conference map","the sim's drawn team strength o + d, reference world seed 20251000; a dynasty regrades it from its own draw","IPEDS 2023 DRVGR (GBA6RTT) and DRVADM (DVADM01), NCES","IPEDS 2023 DRVEF (ENRTOT) and HD2024 (LOCALE), NCES; weighting GUESS","NOAA NCEI 1991-2020 monthly normals, nearest station: daily highs against a comfortable band (GUESS) and precipitation days","EADA 2024-25, baseball total expenses (U.S. Department of Education)","GUESS proxy: baseball expenses, regional hosting, conference","GUESS proxy: regional hosting, enrollment, conference","GUESS proxy, to be replaced by TV and streaming appearance counts: conference media footprint (config MEDIA_FOOTPRINT), NCAA tournament appearances, Omaha and super regional history","GUESS proxy: program tradition, baseball expenses, conference",neutral baseline for a new coach,neutral baseline for a new coach
167,596467,North Florida,ASUN,mid,C-,0.2524,B,D+,0.1303,B,C,0.3502,A,B,0.6889,A,B,0.6792,C,B+,0.7964,A,C-,0.1971,A,D+,0.1482,D,C,0.3143,D,C-,0.215,D,D+,0.1352,D,C,,D,C,,D,0.0,0.0,0,0,0,0,0,0.4705,0.2524,0.4721,0.0697,-0.1634,63,62.0,True,16453,11,65.82,31.2,76.1,0.0,2.184,USW00053860,4.4,937145.0,False,"NCAA tournament brackets 2015-2025 (Wikipedia pages, data/ncaa_brackets) + D1 win pct 2021-2025 (data.ncaa.com scoreboards)","RPI computed from data.ncaa.com scoreboards 2021-2025 (engine/rpi.py) + bids from the brackets, 2025 conference map","the sim's drawn team strength o + d, reference world seed 20251000; a dynasty regrades it from its own draw","IPEDS 2023 DRVGR (GBA6RTT) and DRVADM (DVADM01), NCES","IPEDS 2023 DRVEF (ENRTOT) and HD2024 (LOCALE), NCES; weighting GUESS","NOAA NCEI 1991-2020 monthly normals, nearest station: daily highs against a comfortable band (GUESS) and precipitation days","EADA 2024-25, baseball total expenses (U.S. Department of Education)","GUESS proxy: baseball expenses, regional hosting, conference","GUESS proxy: regional hosting, enrollment, conference","GUESS proxy, to be replaced by TV and streaming appearance counts: conference media footprint (config MEDIA_FOOTPRINT), NCAA tournament appearances, Omaha and super regional history","GUESS proxy: program tradition, baseball expenses, conference",neutral baseline for a new coach,neutral baseline for a new coach
168,596631,Northeastern,CAA,mid,B+,0.8225,B,B-,0.6026,B,B,0.6857,A,A,0.956,A,A-,0.8518,C,D,0.1026,A,B,0.6987,A,B,0.6759,D,B,0.6922,D,B,0.7459,D,B+,0.7834,D,C,,D,C,,D,3.6936,0.0,5,0,0,0,0,0.7246,0.8225,0.5029,0.1407,0.2439,90,6.0,True,31159,11,44.27,45.6,51.85,9.775,12.967,USW00014739,4.2,2278799.0,False,"NCAA tournament brackets 2015-2025 (Wikipedia pages, data/ncaa_brackets) + D1 win pct 2021-2025 (data.ncaa.com scoreboards)","RPI computed from data.ncaa.com scoreboards 2021-2025 (engine/rpi.py) + bids from the brackets, 2025 conference map","the sim's drawn team strength o + d, reference world seed 20251000; a dynasty regrades it from its own draw","IPEDS 2023 DRVGR (GBA6RTT) and DRVADM (DVADM01), NCES","IPEDS 2023 DRVEF (ENRTOT) and HD2024 (LOCALE), NCES; weighting GUESS","NOAA NCEI 1991-2020 monthly normals, nearest station: daily highs against a comfortable band (GUESS) and precipitation days","EADA 2024-25, baseball total expenses (U.S. Department of Education)","GUESS proxy: baseball expenses, regional hosting, conference","GUESS proxy: regional hosting, enrollment, conference","GUESS proxy, to be replaced by TV and streaming appearance counts: conference media footprint (config MEDIA_FOOTPRINT), NCAA tournament appearances, Omaha and super regional history","GUESS proxy: program tradition, baseball expenses, conference",neutral baseline for a new coach,neutral baseline for a new coach
169,596632,Northern Colo.,Summit League,low,D-,0.0407,B,C+,0.4137,B,C,0.2818,A,C-,0.2394,A,C+,0.4055,C,B-,0.5163,A,D,0.0635,A,D+,0.127,D,C,0.3306,D,D,0.0619,D,D,0.0928,D,C,,D,C,,D,0.0,0.0,0,0,0,0,0,0.2741,0.0407,0.4611,0.1667,-0.2479,51,86.0,True,9067,12,46.95,27.7,61.88,3.3,5.239,USC00053553,0.7,683055.0,False,"NCAA tournament brackets 2015-2025 (Wikipedia pages, data/ncaa_brackets) + D1 win pct 2021-2025 (data.ncaa.com scoreboards)","RPI computed from data.ncaa.com scoreboards 2021-2025 (engine/rpi.py) + bids from the brackets, 2025 conference map","the sim's drawn team strength o + d, reference world seed 20251000; a dynasty regrades it from its own draw","IPEDS 2023 DRVGR (GBA6RTT) and DRVADM (DVADM01), NCES","IPEDS 2023 DRVEF (ENRTOT) and HD2024 (LOCALE), NCES; weighting GUESS","NOAA NCEI 1991-2020 monthly normals, nearest station: daily highs against a comfortable band (GUESS) and precipitation days","EADA 2024-25, baseball total expenses (U.S. Department of Education)","GUESS proxy: baseball expenses, regional hosting, conference","GUESS proxy: regional hosting, enrollment, conference","GUESS proxy, to be replaced by TV and streaming appearance counts: conference media footprint (config MEDIA_FOOTPRINT), NCAA tournament appearances, Omaha and super regional history","GUESS proxy: program tradition, baseball expenses, conference",neutral baseline for a new coach,neutral baseline for a new coach
170,596634,Northern Ky.,Horizon,low,B-,0.5423,B,C,0.3583,B,C-,0.2427,A,F,0.0228,A,B-,0.5098,C,C,0.3502,A,C-,0.1808,A,C-,0.2199,D,C+,0.4381,D,C,0.373,D,C,0.3274,D,C,,D,C,,D,0.8409,0.0,1,0,0,0,0,0.5127,0.5423,0.4597,0.1667,-0.3538,49,96.0,True,14961,21,49.45,48.1,60.4,5.1,8.467,USW00093812,5.6,927555.0,False,"NCAA tournament brackets 2015-2025 (Wikipedia pages, data/ncaa_brackets) + D1 win pct 2021-2025 (data.ncaa.com scoreboards)","RPI computed from data.ncaa.com scoreboards 2021-2025 (engine/rpi.py) + bids from the brackets, 2025 conference map","the sim's drawn team strength o + d, reference world seed 20251000; a dynasty regrades it from its own draw","IPEDS 2023 DRVGR (GBA6RTT) and DRVADM (DVADM01), NCES","IPEDS 2023 DRVEF (ENRTOT) and HD2024 (LOCALE), NCES; weighting GUESS","NOAA NCEI 1991-2020 monthly normals, nearest station: daily highs against a comfortable band (GUESS) and precipitation days","EADA 2024-25, baseball total expenses (U.S. Department of Education)","GUESS proxy: baseball expenses, regional hosting, conference","GUESS proxy: regional hosting, enrollment, conference","GUESS proxy, to be replaced by TV and streaming appearance counts: conference media footprint (config MEDIA_FOOTPRINT), NCAA tournament appearances, Omaha and super regional history","GUESS proxy: program tradition, baseball expenses, conference",neutral baseline for a new coach,neutral baseline for a new coach
171,596636,Northwestern,Big Ten,p4,D+,0.1287,B,B+,0.8225,B,B,0.6792,A,A+,0.9707,A,B,0.6694,C,D,0.0733,A,B+,0.7866,A,B+,0.7671,D,B,0.7378,D,B,0.6922,D,B-,0.5879,D,C,,D,C,,D,0.0,0.0,0,0,0,0,0,0.3777,0.1287,0.5236,0.2548,0.2242,96,7.0,True,23203,13,42.4,45.6,51.7,10.35,13.542,USC00111497,8.2,3158090.0,False,"NCAA tournament brackets 2015-2025 (Wikipedia pages, data/ncaa_brackets) + D1 win pct 2021-2025 (data.ncaa.com scoreboards)","RPI computed from data.ncaa.com scoreboards 2021-2025 (engine/rpi.py) + bids from the brackets, 2025 conference map","the sim's drawn team strength o + d, reference world seed 20251000; a dynasty regrades it from its own draw","IPEDS 2023 DRVGR (GBA6RTT) and DRVADM (DVADM01), NCES","IPEDS 2023 DRVEF (ENRTOT) and HD2024 (LOCALE), NCES; weighting GUESS","NOAA NCEI 1991-2020 monthly normals, nearest station: daily highs against a comfortable band (GUESS) and precipitation days","EADA 2024-25, baseball total expenses (U.S. Department of Education)","GUESS proxy: baseball expenses, regional hosting, conference","GUESS proxy: regional hosting, enrollment, conference","GUESS proxy, to be replaced by TV and streaming appearance counts: conference media footprint (config MEDIA_FOOTPRINT), NCAA tournament appearances, Omaha and super regional history","GUESS proxy: program tradition, baseball expenses, conference",neutral baseline for a new coach,neutral baseline for a new coach
172,596635,Northwestern St.,Southland,low,C+,0.4218,B,C+,0.386,B,D,0.0928,A,D-,0.0537,A,D,0.0798,C,B+,0.7622,A,D+,0.1612,A,C-,0.2166,D,C,0.3111,D,C,0.2948,D,C,0.2752,D,C,,D,C,,D,0.2973,0.0,1,0,0,0,0,0.5148,0.4218,0.4934,0.0909,-0.6833,44,94.0,True,8847,33,64.35,32.6,75.73,0.0,2.282,USC00166582,1.5,915603.0,False,"NCAA tournament brackets 2015-2025 (Wikipedia pages, data/ncaa_brackets) + D1 win pct 2021-2025 (data.ncaa.com scoreboards)","RPI computed from data.ncaa.com scoreboards 2021-2025 (engine/rpi.py) + bids from the brackets, 2025 conference map","the sim's drawn team strength o + d, reference world seed 20251000; a dynasty regrades it from its own draw","IPEDS 2023 DRVGR (GBA6RTT) and DRVADM (DVADM01), NCES","IPEDS 2023 DRVEF (ENRTOT) and HD2024 (LOCALE), NCES; weighting GUESS","NOAA NCEI 1991-2020 monthly normals, nearest station: daily highs against a comfortable band (GUESS) and precipitation days","EADA 2024-25, baseball total expenses (U.S. Department of Education)","GUESS proxy: baseball expenses, regional hosting, conference","GUESS proxy: regional hosting, enrollment, conference","GUESS proxy, to be replaced by TV and streaming appearance counts: conference media footprint (config MEDIA_FOOTPRINT), NCAA tournament appearances, Omaha and super regional history","GUESS proxy: program tradition, baseball expenses, conference",neutral baseline for a new coach,neutral baseline for a new coach
173,596637,Notre Dame,ACC,p4,A-,0.8583,B,A,0.9218,B,A,0.9365,A,A,0.9528,A,C+,0.4674,C,D,0.07,A,B+,0.829,A,A-,0.8844,D,A-,0.8616,D,A-,0.8811,D,A-,0.8909,D,C,,D,C,,D,5.7444,0.5,3,1,2,1,0,0.5992,0.8583,0.5642,0.5583,0.7776,97,12.0,True,13174,21,42.75,51.7,52.55,9.975,13.594,USW00014848,4.0,3612545.0,False,"NCAA tournament brackets 2015-2025 (Wikipedia pages, data/ncaa_brackets) + D1 win pct 2021-2025 (data.ncaa.com scoreboards)","RPI computed from data.ncaa.com scoreboards 2021-2025 (engine/rpi.py) + bids from the brackets, 2025 conference map","the sim's drawn team strength o + d, reference world seed 20251000; a dynasty regrades it from its own draw","IPEDS 2023 DRVGR (GBA6RTT) and DRVADM (DVADM01), NCES","IPEDS 2023 DRVEF (ENRTOT) and HD2024 (LOCALE), NCES; weighting GUESS","NOAA NCEI 1991-2020 monthly normals, nearest station: daily highs against a comfortable band (GUESS) and precipitation days","EADA 2024-25, baseball total expenses (U.S. Department of Education)","GUESS proxy: baseball expenses, regional hosting, conference","GUESS proxy: regional hosting, enrollment, conference","GUESS proxy, to be replaced by TV and streaming appearance counts: conference media footprint (config MEDIA_FOOTPRINT), NCAA tournament appearances, Omaha and super regional history","GUESS proxy: program tradition, baseball expenses, conference",neutral baseline for a new coach,neutral baseline for a new coach
174,596638,Oakland,Horizon,low,C-,0.2329,B,C,0.3583,B,D-,0.044,A,B-,0.5717,A,B-,0.5391,C,D-,0.057,A,D+,0.1547,A,C-,0.1906,D,C+,0.4609,D,D,0.0619,D,C-,0.1808,D,C,,D,C,,D,0.0,0.0,0,0,0,0,0,0.4499,0.2329,0.4597,0.1667,-0.9577,57,70.0,True,15922,21,41.88,43.4,51.33,11.025,14.063,USC00206658,3.2,900101.0,False,"NCAA tournament brackets 2015-2025 (Wikipedia pages, data/ncaa_brackets) + D1 win pct 2021-2025 (data.ncaa.com scoreboards)","RPI computed from data.ncaa.com scoreboards 2021-2025 (engine/rpi.py) + bids from the brackets, 2025 conference map","the sim's drawn team strength o + d, reference world seed 20251000; a dynasty regrades it from its own draw","IPEDS 2023 DRVGR (GBA6RTT) and DRVADM (DVADM01), NCES","IPEDS 2023 DRVEF (ENRTOT) and HD2024 (LOCALE), NCES; weighting GUESS","NOAA NCEI 1991-2020 monthly normals, nearest station: daily highs against a comfortable band (GUESS) and precipitation days","EADA 2024-25, baseball total expenses (U.S. Department of Education)","GUESS proxy: baseball expenses, regional hosting, conference","GUESS proxy: regional hosting, enrollment, conference","GUESS proxy, to be replaced by TV and streaming appearance counts: conference media footprint (config MEDIA_FOOTPRINT), NCAA tournament appearances, Omaha and super regional history","GUESS proxy: program tradition, baseball expenses, conference",neutral baseline for a new coach,neutral baseline for a new coach
175,596640,Ohio,MAC,mid,C+,0.4349,B,C,0.3013,B,C+,0.4186,A,C,0.3502,A,C+,0.4642,C,C-,0.2622,A,C,0.3078,A,C,0.2915,D,B-,0.5195,D,B-,0.5521,D,C,0.3078,D,C,,D,C,,D,0.4268,0.0,2,0,0,0,0,0.3983,0.4349,0.4761,0.0909,-0.0777,66,85.0,True,24937,32,46.85,49.6,57.98,6.4,9.872,USC00330279,0.3,1167227.0,False,"NCAA tournament brackets 2015-2025 (Wikipedia pages, data/ncaa_brackets) + D1 win pct 2021-2025 (data.ncaa.com scoreboards)","RPI computed from data.ncaa.com scoreboards 2021-2025 (engine/rpi.py) + bids from the brackets, 2025 conference map","the sim's drawn team strength o + d, reference world seed 20251000; a dynasty regrades it from its own draw","IPEDS 2023 DRVGR (GBA6RTT) and DRVADM (DVADM01), NCES","IPEDS 2023 DRVEF (ENRTOT) and HD2024 (LOCALE), NCES; weighting GUESS","NOAA NCEI 1991-2020 monthly normals, nearest station: daily highs against a comfortable band (GUESS) and precipitation days","EADA 2024-25, baseball total expenses (U.S. Department of Education)","GUESS proxy: baseball expenses, regional hosting, conference","GUESS proxy: regional hosting, enrollment, conference","GUESS proxy, to be replaced by TV and streaming appearance counts: conference media footprint (config MEDIA_FOOTPRINT), NCAA tournament appearances, Omaha and super regional history","GUESS proxy: program tradition, baseball expenses, conference",neutral baseline for a new coach,neutral baseline for a new coach
176,596639,Ohio St.,Big Ten,p4,B-,0.5293,B,B+,0.8225,B,A+,0.9951,A,B+,0.8013,A,A+,0.9951,C,C-,0.1906,A,A-,0.8583,A,B+,0.8127,D,B+,0.8257,D,B+,0.8322,D,B+,0.7801,D,C,,D,C,,D,0.8611,0.0,3,0,0,0,0,0.4506,0.5293,0.5236,0.2548,1.1844,88,51.0,True,60046,11,46.88,54.3,57.3,7.275,11.076,USC00331785,2.0,4071873.0,False,"NCAA tournament brackets 2015-2025 (Wikipedia pages, data/ncaa_brackets) + D1 win pct 2021-2025 (data.ncaa.com scoreboards)","RPI computed from data.ncaa.com scoreboards 2021-2025 (engine/rpi.py) + bids from the brackets, 2025 conference map","the sim's drawn team strength o + d, reference world seed 20251000; a dynasty regrades it from its own draw","IPEDS 2023 DRVGR (GBA6RTT) and DRVADM (DVADM01), NCES","IPEDS 2023 DRVEF (ENRTOT) and HD2024 (LOCALE), NCES; weighting GUESS","NOAA NCEI 1991-2020 monthly normals, nearest station: daily highs against a comfortable band (GUESS) and precipitation days","EADA 2024-25, baseball total expenses (U.S. Department of Education)","GUESS proxy: baseball expenses, regional hosting, conference","GUESS proxy: regional hosting, enrollment, conference","GUESS proxy, to be replaced by TV and streaming appearance counts: conference media footprint (config MEDIA_FOOTPRINT), NCAA tournament appearances, Omaha and super regional history","GUESS proxy: program tradition, baseball expenses, conference",neutral baseline for a new coach,neutral baseline for a new coach
177,596641,Oklahoma,SEC,p4,A,0.9691,B,A+,0.9739,B,B,0.741,A,B-,0.5489,A,B,0.6531,C,B-,0.627,A,A,0.9495,A,A,0.9463,D,A,0.9267,D,A,0.9593,D,A,0.9691,D,C,,D,C,,D,18.8013,0.8409,7,1,2,2,1,0.5888,0.9691,0.5817,0.7542,0.2823,75,77.0,True,29145,22,55.7,31.6,66.95,1.4,3.612,USC00346386,2.0,6805968.0,False,"NCAA tournament brackets 2015-2025 (Wikipedia pages, data/ncaa_brackets) + D1 win pct 2021-2025 (data.ncaa.com scoreboards)","RPI computed from data.ncaa.com scoreboards 2021-2025 (engine/rpi.py) + bids from the brackets, 2025 conference map","the sim's drawn team strength o + d, reference world seed 20251000; a dynasty regrades it from its own draw","IPEDS 2023 DRVGR (GBA6RTT) and DRVADM (DVADM01), NCES","IPEDS 2023 DRVEF (ENRTOT) and HD2024 (LOCALE), NCES; weighting GUESS","NOAA NCEI 1991-2020 monthly normals, nearest station: daily highs against a comfortable band (GUESS) and precipitation days","EADA 2024-25, baseball total expenses (U.S. Department of Education)","GUESS proxy: baseball expenses, regional hosting, conference","GUESS proxy: regional hosting, enrollment, conference","GUESS proxy, to be replaced by TV and streaming appearance counts: conference media footprint (config MEDIA_FOOTPRINT), NCAA tournament appearances, Omaha and super regional history","GUESS proxy: program tradition, baseball expenses, conference",neutral baseline for a new coach,neutral baseline for a new coach
178,596714,Oklahoma St.,Big 12,p4,A-,0.9039,B,A-,0.873,B,A-,0.8746,A,B,0.6336,A,C+,0.4837,C,B-,0.5717,A,A-,0.8844,A,A-,0.9088,D,A-,0.9104,D,A-,0.9169,D,A-,0.9039,D,C,,D,C,,D,10.5508,2.6729,11,5,2,1,0,0.6303,0.9039,0.5414,0.4043,0.5341,66,71.0,True,26043,32,55.12,36.0,67.03,1.575,4.095,USW00053926,1.3,4600487.0,False,"NCAA tournament brackets 2015-2025 (Wikipedia pages, data/ncaa_brackets) + D1 win pct 2021-2025 (data.ncaa.com scoreboards)","RPI computed from data.ncaa.com scoreboards 2021-2025 (engine/rpi.py) + bids from the brackets, 2025 conference map","the sim's drawn team strength o + d, reference world seed 20251000; a dynasty regrades it from its own draw","IPEDS 2023 DRVGR (GBA6RTT) and DRVADM (DVADM01), NCES","IPEDS 2023 DRVEF (ENRTOT) and HD2024 (LOCALE), NCES; weighting GUESS","NOAA NCEI 1991-2020 monthly normals, nearest station: daily highs against a comfortable band (GUESS) and precipitation days","EADA 2024-25, baseball total expenses (U.S. Department of Education)","GUESS proxy: baseball expenses, regional hosting, conference","GUESS proxy: regional hosting, enrollment, conference","GUESS proxy, to be replaced by TV and streaming appearance counts: conference media footprint (config MEDIA_FOOTPRINT), NCAA tournament appearances, Omaha and super regional history","GUESS proxy: program tradition, baseball expenses, conference",neutral baseline for a new coach,neutral baseline for a new coach
179,596642,Old Dominion,Sun Belt,mid,C+,0.4772,B,B,0.7394,B,B-,0.5879,A,D,0.1026,A,B,0.715,C,B-,0.5114,A,B,0.6336,A,B,0.6661,D,B,0.6987,D,B-,0.5717,D,B,0.6564,D,C,,D,C,,D,0.5,0.0,1,0,0,0,0,0.5834,0.4772,0.5228,0.2484,0.1148,44,91.0,True,22541,12,54.52,42.2,64.05,2.45,5.404,USC00446147,4.4,1965101.0,False,"NCAA tournament brackets 2015-2025 (Wikipedia pages, data/ncaa_brackets) + D1 win pct 2021-2025 (data.ncaa.com scoreboards)","RPI computed from data.ncaa.com scoreboards 2021-2025 (engine/rpi.py) + bids from the brackets, 2025 conference map","the sim's drawn team strength o + d, reference world seed 20251000; a dynasty regrades it from its own draw","IPEDS 2023 DRVGR (GBA6RTT) and DRVADM (DVADM01), NCES","IPEDS 2023 DRVEF (ENRTOT) and HD2024 (LOCALE), NCES; weighting GUESS","NOAA NCEI 1991-2020 monthly normals, nearest station: daily highs against a comfortable band (GUESS) and precipitation days","EADA 2024-25, baseball total expenses (U.S. Department of Education)","GUESS proxy: baseball expenses, regional hosting, conference","GUESS proxy: regional hosting, enrollment, conference","GUESS proxy, to be replaced by TV and streaming appearance counts: conference media footprint (config MEDIA_FOOTPRINT), NCAA tournament appearances, Omaha and super regional history","GUESS proxy: program tradition, baseball expenses, conference",neutral baseline for a new coach,neutral baseline for a new coach
180,596607,Ole Miss,SEC,p4,A+,0.9723,B,A+,0.9739,B,C+,0.4316,A,D,0.1075,A,C+,0.4218,C,B-,0.6042,A,A+,0.9919,A,A+,0.9788,D,A,0.9332,D,A+,0.9723,D,A+,0.9886,D,C,,D,C,,D,19.0927,2.3611,8,5,4,2,1,0.5862,0.9723,0.5817,0.7542,-0.0738,68,98.0,True,24043,33,57.73,43.8,69.78,0.725,3.791,USC00229079,0.6,10561989.0,False,"NCAA tournament brackets 2015-2025 (Wikipedia pages, data/ncaa_brackets) + D1 win pct 2021-2025 (data.ncaa.com scoreboards)","RPI computed from data.ncaa.com scoreboards 2021-2025 (engine/rpi.py) + bids from the brackets, 2025 conference map","the sim's drawn team strength o + d, reference world seed 20251000; a dynasty regrades it from its own draw","IPEDS 2023 DRVGR (GBA6RTT) and DRVADM (DVADM01), NCES","IPEDS 2023 DRVEF (ENRTOT) and HD2024 (LOCALE), NCES; weighting GUESS","NOAA NCEI 1991-2020 monthly normals, nearest station: daily highs against a comfortable band (GUESS) and precipitation days","EADA 2024-25, baseball total expenses (U.S. Department of Education)","GUESS proxy: baseball expenses, regional hosting, conference","GUESS proxy: regional hosting, enrollment, conference","GUESS proxy, to be replaced by TV and streaming appearance counts: conference media footprint (config MEDIA_FOOTPRINT), NCAA tournament appearances, Omaha and super regional history","GUESS proxy: program tradition, baseball expenses, conference",neutral baseline for a new coach,neutral baseline for a new coach
181,596618,Omaha,Summit League,low,C+,0.4055,B,C+,0.4137,B,D+,0.1482,A,C-,0.2199,A,B,0.6498,C,C-,0.2378,A,C,0.3371,A,C,0.3567,D,C+,0.4805,D,C,0.2997,D,C,0.3469,D,C,,D,C,,D,0.3536,0.0,1,0,0,0,0,0.4214,0.4055,0.4611,0.1667,-0.519,49,87.0,True,15015,11,46.52,38.6,57.35,7.325,10.027,USW00014942,6.7,1211674.0,False,"NCAA tournament brackets 2015-2025 (Wikipedia pages, data/ncaa_brackets) + D1 win pct 2021-2025 (data.ncaa.com scoreboards)","RPI computed from data.ncaa.com scoreboards 2021-2025 (engine/rpi.py) + bids from the brackets, 2025 conference map","the sim's drawn team strength o + d, reference world seed 20251000; a dynasty regrades it from its own draw","IPEDS 2023 DRVGR (GBA6RTT) and DRVADM (DVADM01), NCES","IPEDS 2023 DRVEF (ENRTOT) and HD2024 (LOCALE), NCES; weighting GUESS","NOAA NCEI 1991-2020 monthly normals, nearest station: daily highs against a comfortable band (GUESS) and precipitation days","EADA 2024-25, baseball total expenses (U.S. Department of Education)","GUESS proxy: baseball expenses, regional hosting, conference","GUESS proxy: regional hosting, enrollment, conference","GUESS proxy, to be replaced by TV and streaming appearance counts: conference media footprint (config MEDIA_FOOTPRINT), NCAA tournament appearances, Omaha and super regional history","GUESS proxy: program tradition, baseball expenses, conference",neutral baseline for a new coach,neutral baseline for a new coach
182,596715,Oral Roberts,Summit League,low,A-,0.8811,B,C+,0.4137,B,C-,0.1808,A,F,0.0277,A,C,0.3241,C,B-,0.5945,A,B,0.7182,A,B,0.6303,D,C-,0.2557,D,B,0.6629,D,B+,0.7606,D,C,,D,C,,D,6.6124,0.0,7,0,1,1,0,0.6025,0.8811,0.4611,0.1667,-0.4561,54,99.0,True,5365,11,56.73,37.6,68.0,1.325,3.957,USW00053908,1.9,2384965.0,False,"NCAA tournament brackets 2015-2025 (Wikipedia pages, data/ncaa_brackets) + D1 win pct 2021-2025 (data.ncaa.com scoreboards)","RPI computed from data.ncaa.com scoreboards 2021-2025 (engine/rpi.py) + bids from the brackets, 2025 conference map","the sim's drawn team strength o + d, reference world seed 20251000; a dynasty regrades it from its own draw","IPEDS 2023 DRVGR (GBA6RTT) and DRVADM (DVADM01), NCES","IPEDS 2023 DRVEF (ENRTOT) and HD2024 (LOCALE), NCES; weighting GUESS","NOAA NCEI 1991-2020 monthly normals, nearest station: daily highs against a comfortable band (GUESS) and precipitation days","EADA 2024-25, baseball total expenses (U.S. Department of Education)","GUESS proxy: baseball expenses, regional hosting, conference","GUESS proxy: regional hosting, enrollment, conference","GUESS proxy, to be replaced by TV and streaming appearance counts: conference media footprint (config MEDIA_FOOTPRINT), NCAA tournament appearances, Omaha and super regional history","GUESS proxy: program tradition, baseball expenses, conference",neutral baseline for a new coach,neutral baseline for a new coach
183,596644,Oregon,Big Ten,p4,A,0.9235,B,B+,0.8225,B,B+,0.8029,A,C,0.3795,A,B,0.7345,C,C+,0.4349,A,A-,0.9169,A,A,0.9202,D,A-,0.8941,D,A-,0.9088,D,A-,0.9072,D,C,,D,C,,D,13.1722,2.6892,7,3,3,0,0,0.6662,0.9235,0.5236,0.2548,0.4127,71,85.0,True,23786,12,49.25,60.5,59.37,2.975,7.21,USW00024221,9.2,5397806.0,False,"NCAA tournament brackets 2015-2025 (Wikipedia pages, data/ncaa_brackets) + D1 win pct 2021-2025 (data.ncaa.com scoreboards)","RPI computed from data.ncaa.com scoreboards 2021-2025 (engine/rpi.py) + bids from the brackets, 2025 conference map","the sim's drawn team strength o + d, reference world seed 20251000; a dynasty regrades it from its own draw","IPEDS 2023 DRVGR (GBA6RTT) and DRVADM (DVADM01), NCES","IPEDS 2023 DRVEF (ENRTOT) and HD2024 (LOCALE), NCES; weighting GUESS","NOAA NCEI 1991-2020 monthly normals, nearest station: daily highs against a comfortable band (GUESS) and precipitation days","EADA 2024-25, baseball total expenses (U.S. Department of Education)","GUESS proxy: baseball expenses, regional hosting, conference","GUESS proxy: regional hosting, enrollment, conference","GUESS proxy, to be replaced by TV and streaming appearance counts: conference media footprint (config MEDIA_FOOTPRINT), NCAA tournament appearances, Omaha and super regional history","GUESS proxy: program tradition, baseball expenses, conference",neutral baseline for a new coach,neutral baseline for a new coach
184,596643,Oregon St.,DI Independent,p4,A+,0.9788,B,C,0.5,D,A-,0.8941,A,C+,0.4853,A,B+,0.7834,C,C,0.373,A,A,0.9235,A,A-,0.8811,D,A-,0.8713,D,A-,0.8583,D,A-,0.8518,D,C,,D,C,,D,20.7452,3.3364,10,6,5,3,1,0.7157,0.9788,,,0.5897,71,79.0,True,35622,13,49.0,68.1,59.1,3.15,7.917,USC00351862,6.4,5819119.0,False,"NCAA tournament brackets 2015-2025 (Wikipedia pages, data/ncaa_brackets) + D1 win pct 2021-2025 (data.ncaa.com scoreboards)",independent (no conference): neutral baseline,"the sim's drawn team strength o + d, reference world seed 20251000; a dynasty regrades it from its own draw","IPEDS 2023 DRVGR (GBA6RTT) and DRVADM (DVADM01), NCES","IPEDS 2023 DRVEF (ENRTOT) and HD2024 (LOCALE), NCES; weighting GUESS","NOAA NCEI 1991-2020 monthly normals, nearest station: daily highs against a comfortable band (GUESS) and precipitation days","EADA 2024-25, baseball total expenses (U.S. Department of Education)","GUESS proxy: baseball expenses, regional hosting, conference","GUESS proxy: regional hosting, enrollment, conference","GUESS proxy, to be replaced by TV and streaming appearance counts: conference media footprint (config MEDIA_FOOTPRINT), NCAA tournament appearances, Omaha and super regional history","GUESS proxy: program tradition, baseball expenses, conference",neutral baseline for a new coach,neutral baseline for a new coach
185,596645,Pacific,WCC,mid,D-,0.0472,B,B-,0.5065,B,C-,0.2492,A,D+,0.145,A,C,0.373,C,A-,0.9007,A,B,0.6466,A,B-,0.6075,D,C,0.3339,D,C,0.2866,D,C,0.3176,D,C,,D,C,,D,0.0,0.0,0,0,0,0,0,0.2852,0.0472,0.4864,0.1292,-0.3207,66,95.0,True,6755,11,60.5,25.8,73.15,0.0,1.806,USC00048560,1.3,2039643.0,False,"NCAA tournament brackets 2015-2025 (Wikipedia pages, data/ncaa_brackets) + D1 win pct 2021-2025 (data.ncaa.com scoreboards)","RPI computed from data.ncaa.com scoreboards 2021-2025 (engine/rpi.py) + bids from the brackets, 2025 conference map","the sim's drawn team strength o + d, reference world seed 20251000; a dynasty regrades it from its own draw","IPEDS 2023 DRVGR (GBA6RTT) and DRVADM (DVADM01), NCES","IPEDS 2023 DRVEF (ENRTOT) and HD2024 (LOCALE), NCES; weighting GUESS","NOAA NCEI 1991-2020 monthly normals, nearest station: daily highs against a comfortable band (GUESS) and precipitation days","EADA 2024-25, baseball total expenses (U.S. Department of Education)","GUESS proxy: baseball expenses, regional hosting, conference","GUESS proxy: regional hosting, enrollment, conference","GUESS proxy, to be replaced by TV and streaming appearance counts: conference media footprint (config MEDIA_FOOTPRINT), NCAA tournament appearances, Omaha and super regional history","GUESS proxy: program tradition, baseball expenses, conference",neutral baseline for a new coach,neutral baseline for a new coach
186,596716,Penn,Ivy League,low,B,0.6857,B,C-,0.2378,B,C-,0.2003,A,A+,0.9788,A,B+,0.829,C,C,0.342,A,D-,0.0505,A,D,0.0668,D,B-,0.5098,D,B-,0.5065,D,C,0.3111,D,C,,D,C,,D,1.548,0.0,2,0,0,0,0,0.5678,0.6857,0.4664,0.1078,-0.4274,97,6.0,True,28711,11,51.05,43.9,60.0,5.4,8.473,USC00366886,1.2,669905.0,False,"NCAA tournament brackets 2015-2025 (Wikipedia pages, data/ncaa_brackets) + D1 win pct 2021-2025 (data.ncaa.com scoreboards)","RPI computed from data.ncaa.com scoreboards 2021-2025 (engine/rpi.py) + bids from the brackets, 2025 conference map","the sim's drawn team strength o + d, reference world seed 20251000; a dynasty regrades it from its own draw","IPEDS 2023 DRVGR (GBA6RTT) and DRVADM (DVADM01), NCES","IPEDS 2023 DRVEF (ENRTOT) and HD2024 (LOCALE), NCES; weighting GUESS","NOAA NCEI 1991-2020 monthly normals, nearest station: daily highs against a comfortable band (GUESS) and precipitation days","EADA 2024-25, baseball total expenses (U.S. Department of Education)","GUESS proxy: baseball expenses, regional hosting, conference","GUESS proxy: regional hosting, enrollment, conference","GUESS proxy, to be replaced by TV and streaming appearance counts: conference media footprint (config MEDIA_FOOTPRINT), NCAA tournament appearances, Omaha and super regional history","GUESS proxy: program tradition, baseball expenses, conference",neutral baseline for a new coach,neutral baseline for a new coach
187,596647,Penn St.,Big Ten,p4,C,0.3111,B,B+,0.8225,B,A-,0.8779,A,B+,0.7866,A,A-,0.8681,C,D,0.0863,A,A-,0.855,A,B+,0.8094,D,B+,0.7964,D,B,0.6922,D,B,0.6759,D,C,,D,C,,D,0.0,0.0,0,0,0,0,0,0.5263,0.3111,0.5236,0.2548,0.5384,86,54.0,True,50399,13,43.8,51.5,52.75,9.6,13.205,USC00368449,0.3,3993679.0,False,"NCAA tournament brackets 2015-2025 (Wikipedia pages, data/ncaa_brackets) + D1 win pct 2021-2025 (data.ncaa.com scoreboards)","RPI computed from data.ncaa.com scoreboards 2021-2025 (engine/rpi.py) + bids from the brackets, 2025 conference map","the sim's drawn team strength o + d, reference world seed 20251000; a dynasty regrades it from its own draw","IPEDS 2023 DRVGR (GBA6RTT) and DRVADM (DVADM01), NCES","IPEDS 2023 DRVEF (ENRTOT) and HD2024 (LOCALE), NCES; weighting GUESS","NOAA NCEI 1991-2020 monthly normals, nearest station: daily highs against a comfortable band (GUESS) and precipitation days","EADA 2024-25, baseball total expenses (U.S. Department of Education)","GUESS proxy: baseball expenses, regional hosting, conference","GUESS proxy: regional hosting, enrollment, conference","GUESS proxy, to be replaced by TV and streaming appearance counts: conference media footprint (config MEDIA_FOOTPRINT), NCAA tournament appearances, Omaha and super regional history","GUESS proxy: program tradition, baseball expenses, conference",neutral baseline for a new coach,neutral baseline for a new coach
188,596648,Pepperdine,WCC,mid,C,0.3078,B,B-,0.5065,B,C+,0.4609,A,B+,0.8013,A,C,0.3371,C,A+,0.9853,A,B+,0.7671,A,B,0.702,D,C+,0.4251,D,C+,0.4609,D,B-,0.5456,D,C,,D,C,,D,0.1768,0.0,1,0,0,0,0,0.3438,0.3078,0.4864,0.1292,-0.0373,85,50.0,True,9545,21,57.67,15.3,62.7,0.0,1.071,USC00047953,12.1,2852978.0,False,"NCAA tournament brackets 2015-2025 (Wikipedia pages, data/ncaa_brackets) + D1 win pct 2021-2025 (data.ncaa.com scoreboards)","RPI computed from data.ncaa.com scoreboards 2021-2025 (engine/rpi.py) + bids from the brackets, 2025 conference map","the sim's drawn team strength o + d, reference world seed 20251000; a dynasty regrades it from its own draw","IPEDS 2023 DRVGR (GBA6RTT) and DRVADM (DVADM01), NCES","IPEDS 2023 DRVEF (ENRTOT) and HD2024 (LOCALE), NCES; weighting GUESS","NOAA NCEI 1991-2020 monthly normals, nearest station: daily highs against a comfortable band (GUESS) and precipitation days","EADA 2024-25, baseball total expenses (U.S. Department of Education)","GUESS proxy: baseball expenses, regional hosting, conference","GUESS proxy: regional hosting, enrollment, conference","GUESS proxy, to be replaced by TV and streaming appearance counts: conference media footprint (config MEDIA_FOOTPRINT), NCAA tournament appearances, Omaha and super regional history","GUESS proxy: program tradition, baseball expenses, conference",neutral baseline for a new coach,neutral baseline for a new coach
189,596649,Pittsburgh,ACC,p4,C,0.2818,B,A,0.9218,B,A,0.9625,A,B+,0.7932,A,A-,0.8909,C,C-,0.184,A,B+,0.7736,A,B+,0.7801,D,B+,0.7818,D,B,0.6922,D,B,0.6661,D,C,,D,C,,D,0.0,0.0,0,0,0,0,0,0.4977,0.2818,0.5642,0.5583,0.8794,84,50.0,True,34525,11,45.78,50.1,55.83,7.6,11.107,USC00360861,6.1,2913550.0,False,"NCAA tournament brackets 2015-2025 (Wikipedia pages, data/ncaa_brackets) + D1 win pct 2021-2025 (data.ncaa.com scoreboards)","RPI computed from data.ncaa.com scoreboards 2021-2025 (engine/rpi.py) + bids from the brackets, 2025 conference map","the sim's drawn team strength o + d, reference world seed 20251000; a dynasty regrades it from its own draw","IPEDS 2023 DRVGR (GBA6RTT) and DRVADM (DVADM01), NCES","IPEDS 2023 DRVEF (ENRTOT) and HD2024 (LOCALE), NCES; weighting GUESS","NOAA NCEI 1991-2020 monthly normals, nearest station: daily highs against a comfortable band (GUESS) and precipitation days","EADA 2024-25, baseball total expenses (U.S. Department of Education)","GUESS proxy: baseball expenses, regional hosting, conference","GUESS proxy: regional hosting, enrollment, conference","GUESS proxy, to be replaced by TV and streaming appearance counts: conference media footprint (config MEDIA_FOOTPRINT), NCAA tournament appearances, Omaha and super regional history","GUESS proxy: program tradition, baseball expenses, conference",neutral baseline for a new coach,neutral baseline for a new coach
190,596650,Portland,WCC,mid,C,0.3176,B,B-,0.5065,B,B-,0.627,A,C-,0.2329,A,C-,0.2459,C,C+,0.3827,A,B-,0.5326,A,B-,0.5489,D,C-,0.2524,D,C,0.2866,D,C+,0.4349,D,C,,D,C,,D,0.0,0.0,0,0,0,0,0,0.5368,0.3176,0.4864,0.1292,0.1595,80,95.0,True,3457,11,51.05,62.3,58.75,3.425,7.786,USC00356749,4.2,1677679.0,False,"NCAA tournament brackets 2015-2025 (Wikipedia pages, data/ncaa_brackets) + D1 win pct 2021-2025 (data.ncaa.com scoreboards)","RPI computed from data.ncaa.com scoreboards 2021-2025 (engine/rpi.py) + bids from the brackets, 2025 conference map","the sim's drawn team strength o + d, reference world seed 20251000; a dynasty regrades it from its own draw","IPEDS 2023 DRVGR (GBA6RTT) and DRVADM (DVADM01), NCES","IPEDS 2023 DRVEF (ENRTOT) and HD2024 (LOCALE), NCES; weighting GUESS","NOAA NCEI 1991-2020 monthly normals, nearest station: daily highs against a comfortable band (GUESS) and precipitation days","EADA 2024-25, baseball total expenses (U.S. Department of Education)","GUESS proxy: baseball expenses, regional hosting, conference","GUESS proxy: regional hosting, enrollment, conference","GUESS proxy, to be replaced by TV and streaming appearance counts: conference media footprint (config MEDIA_FOOTPRINT), NCAA tournament appearances, Omaha and super regional history","GUESS proxy: program tradition, baseball expenses, conference",neutral baseline for a new coach,neutral baseline for a new coach
191,596651,Prairie View,SWAC,low,D+,0.1645,B,F,0.0195,B,C-,0.2134,A,C+,0.4055,A,D,0.0635,C,B+,0.7704,A,D,0.0603,A,F,0.0277,D,D+,0.1515,D,D,0.0619,D,F,0.0244,D,C,,D,C,,D,0.0,0.0,0,0,0,0,0,0.404,0.1645,0.4194,0.0833,-0.4003,43,75.0,True,9517,42,65.2,32.2,75.28,0.0,2.254,USC00410655,14.2,681764.0,False,"NCAA tournament brackets 2015-2025 (Wikipedia pages, data/ncaa_brackets) + D1 win pct 2021-2025 (data.ncaa.com scoreboards)","RPI computed from data.ncaa.com scoreboards 2021-2025 (engine/rpi.py) + bids from the brackets, 2025 conference map","the sim's drawn team strength o + d, reference world seed 20251000; a dynasty regrades it from its own draw","IPEDS 2023 DRVGR (GBA6RTT) and DRVADM (DVADM01), NCES","IPEDS 2023 DRVEF (ENRTOT) and HD2024 (LOCALE), NCES; weighting GUESS","NOAA NCEI 1991-2020 monthly normals, nearest station: daily highs against a comfortable band (GUESS) and precipitation days","EADA 2024-25, baseball total expenses (U.S. Department of Education)","GUESS proxy: baseball expenses, regional hosting, conference","GUESS proxy: regional hosting, enrollment, conference","GUESS proxy, to be replaced by TV and streaming appearance counts: conference media footprint (config MEDIA_FOOTPRINT), NCAA tournament appearances, Omaha and super regional history","GUESS proxy: program tradition, baseball expenses, conference",neutral baseline for a new coach,neutral baseline for a new coach
192,596464,Presbyterian,Big South,mid,C+,0.4446,B,D,0.0961,B,B-,0.5912,A,B-,0.5375,A,F,0.0147,C,B,0.6498,A,C-,0.2036,A,D+,0.1417,D,F,0.0179,D,C+,0.4121,D,C-,0.2117,D,C,,D,C,,D,0.5,0.0,1,0,0,0,0,0.4093,0.4446,0.4715,0.0714,0.1157,58,72.0,True,1136,32,56.78,37.3,69.2,0.7,3.311,USC00385017,8.7,947802.0,False,"NCAA tournament brackets 2015-2025 (Wikipedia pages, data/ncaa_brackets) + D1 win pct 2021-2025 (data.ncaa.com scoreboards)","RPI computed from data.ncaa.com scoreboards 2021-2025 (engine/rpi.py) + bids from the brackets, 2025 conference map","the sim's drawn team strength o + d, reference world seed 20251000; a dynasty regrades it from its own draw","IPEDS 2023 DRVGR (GBA6RTT) and DRVADM (DVADM01), NCES","IPEDS 2023 DRVEF (ENRTOT) and HD2024 (LOCALE), NCES; weighting GUESS","NOAA NCEI 1991-2020 monthly normals, nearest station: daily highs against a comfortable band (GUESS) and precipitation days","EADA 2024-25, baseball total expenses (U.S. Department of Education)","GUESS proxy: baseball expenses, regional hosting, conference","GUESS proxy: regional hosting, enrollment, conference","GUESS proxy, to be replaced by TV and streaming appearance counts: conference media footprint (config MEDIA_FOOTPRINT), NCAA tournament appearances, Omaha and super regional history","GUESS proxy: program tradition, baseball expenses, conference",neutral baseline for a new coach,neutral baseline for a new coach
193,596652,Princeton,Ivy League,low,C,0.3339,B,C-,0.2378,B,D,0.0896,A,A+,0.9951,A,C,0.3339,C,C,0.2915,A,C-,0.184,A,D+,0.1645,D,C-,0.2199,D,C,0.3111,D,C-,0.1906,D,C,,D,C,,D,0.2102,0.0,1,0,0,0,0,0.3535,0.3339,0.4664,0.1078,-0.695,97,4.0,True,8922,13,46.17,44.5,57.4,6.525,9.64,USC00283951,7.6,930067.0,False,"NCAA tournament brackets 2015-2025 (Wikipedia pages, data/ncaa_brackets) + D1 win pct 2021-2025 (data.ncaa.com scoreboards)","RPI computed from data.ncaa.com scoreboards 2021-2025 (engine/rpi.py) + bids from the brackets, 2025 conference map","the sim's drawn team strength o + d, reference world seed 20251000; a dynasty regrades it from its own draw","IPEDS 2023 DRVGR (GBA6RTT) and DRVADM (DVADM01), NCES","IPEDS 2023 DRVEF (ENRTOT) and HD2024 (LOCALE), NCES; weighting GUESS","NOAA NCEI 1991-2020 monthly normals, nearest station: daily highs against a comfortable band (GUESS) and precipitation days","EADA 2024-25, baseball total expenses (U.S. Department of Education)","GUESS proxy: baseball expenses, regional hosting, conference","GUESS proxy: regional hosting, enrollment, conference","GUESS proxy, to be replaced by TV and streaming appearance counts: conference media footprint (config MEDIA_FOOTPRINT), NCAA tournament appearances, Omaha and super regional history","GUESS proxy: program tradition, baseball expenses, conference",neutral baseline for a new coach,neutral baseline for a new coach
194,596653,Purdue,Big Ten,p4,C+,0.4251,B,B+,0.8225,B,B+,0.8127,A,B+,0.7899,A,A-,0.8941,C,C-,0.1808,A,B+,0.7899,A,B+,0.7704,D,B+,0.8127,D,B+,0.8029,D,B,0.728,D,C,,D,C,,D,0.2973,0.0,1,0,0,0,0,0.5202,0.4251,0.5236,0.2548,0.4498,83,50.0,True,52905,13,45.6,42.9,55.48,8.125,11.128,USW00014835,1.6,3173761.0,False,"NCAA tournament brackets 2015-2025 (Wikipedia pages, data/ncaa_brackets) + D1 win pct 2021-2025 (data.ncaa.com scoreboards)","RPI computed from data.ncaa.com scoreboards 2021-2025 (engine/rpi.py) + bids from the brackets, 2025 conference map","the sim's drawn team strength o + d, reference world seed 20251000; a dynasty regrades it from its own draw","IPEDS 2023 DRVGR (GBA6RTT) and DRVADM (DVADM01), NCES","IPEDS 2023 DRVEF (ENRTOT) and HD2024 (LOCALE), NCES; weighting GUESS","NOAA NCEI 1991-2020 monthly normals, nearest station: daily highs against a comfortable band (GUESS) and precipitation days","EADA 2024-25, baseball total expenses (U.S. Department of Education)","GUESS proxy: baseball expenses, regional hosting, conference","GUESS proxy: regional hosting, enrollment, conference","GUESS proxy, to be replaced by TV and streaming appearance counts: conference media footprint (config MEDIA_FOOTPRINT), NCAA tournament appearances, Omaha and super regional history","GUESS proxy: program tradition, baseball expenses, conference",neutral baseline for a new coach,neutral baseline for a new coach
195,596567,Purdue Fort Wayne,Horizon,low,D-,0.0342,B,C,0.3583,B,F,0.0081,A,C-,0.2068,A,C+,0.4609,C,D+,0.1221,A,D-,0.0472,A,D,0.1026,D,C,0.298,D,D,0.0619,D,D,0.0651,D,C,,D,C,,D,0.0,0.0,0,0,0,0,0,0.261,0.0342,0.4597,0.1667,-1.2085,32,86.0,True,8874,11,44.7,49.3,54.35,8.925,12.376,USW00014827,11.3,653083.0,False,"NCAA tournament brackets 2015-2025 (Wikipedia pages, data/ncaa_brackets) + D1 win pct 2021-2025 (data.ncaa.com scoreboards)","RPI computed from data.ncaa.com scoreboards 2021-2025 (engine/rpi.py) + bids from the brackets, 2025 conference map","the sim's drawn team strength o + d, reference world seed 20251000; a dynasty regrades it from its own draw","IPEDS 2023 DRVGR (GBA6RTT) and DRVADM (DVADM01), NCES","IPEDS 2023 DRVEF (ENRTOT) and HD2024 (LOCALE), NCES; weighting GUESS","NOAA NCEI 1991-2020 monthly normals, nearest station: daily highs against a comfortable band (GUESS) and precipitation days","EADA 2024-25, baseball total expenses (U.S. Department of Education)","GUESS proxy: baseball expenses, regional hosting, conference","GUESS proxy: regional hosting, enrollment, conference","GUESS proxy, to be replaced by TV and streaming appearance counts: conference media footprint (config MEDIA_FOOTPRINT), NCAA tournament appearances, Omaha and super regional history","GUESS proxy: program tradition, baseball expenses, conference",neutral baseline for a new coach,neutral baseline for a new coach
196,596696,Queens (NC),ASUN,mid,F,0.0212,B,D+,0.1303,B,C+,0.4739,A,B,0.6629,A,D+,0.158,C,B,0.6368,A,C,0.3436,A,C,0.2785,D,F,0.0261,D,C-,0.215,D,D,0.0831,D,C,,D,C,,D,0.0,0.0,0,0,0,0,0,0.2312,0.0212,0.4721,0.0697,-0.0163,66,68.0,True,1846,11,57.12,38.4,68.53,0.85,3.538,USW00013881,7.3,1215379.0,False,"NCAA tournament brackets 2015-2025 (Wikipedia pages, data/ncaa_brackets) + D1 win pct 2021-2025 (data.ncaa.com scoreboards)","RPI computed from data.ncaa.com scoreboards 2021-2025 (engine/rpi.py) + bids from the brackets, 2025 conference map","the sim's drawn team strength o + d, reference world seed 20251000; a dynasty regrades it from its own draw","IPEDS 2023 DRVGR (GBA6RTT) and DRVADM (DVADM01), NCES","IPEDS 2023 DRVEF (ENRTOT) and HD2024 (LOCALE), NCES; weighting GUESS","NOAA NCEI 1991-2020 monthly normals, nearest station: daily highs against a comfortable band (GUESS) and precipitation days","EADA 2024-25, baseball total expenses (U.S. Department of Education)","GUESS proxy: baseball expenses, regional hosting, conference","GUESS proxy: regional hosting, enrollment, conference","GUESS proxy, to be replaced by TV and streaming appearance counts: conference media footprint (config MEDIA_FOOTPRINT), NCAA tournament appearances, Omaha and super regional history","GUESS proxy: program tradition, baseball expenses, conference",neutral baseline for a new coach,neutral baseline for a new coach
197,596654,Quinnipiac,MAAC,low,C+,0.4088,B,D,0.0603,B,B-,0.5391,A,B-,0.5554,A,C,0.3013,C,C-,0.2036,A,C,0.3143,A,C-,0.2329,D,D+,0.1547,D,C,0.2997,D,C-,0.2264,D,C,,D,C,,D,0.3536,0.0,1,0,0,0,0,0.4248,0.4088,0.4574,0.0875,0.0579,77,77.0,True,8918,21,44.6,42.2,54.97,7.825,10.779,USC00065077,0.9,1183118.0,False,"NCAA tournament brackets 2015-2025 (Wikipedia pages, data/ncaa_brackets) + D1 win pct 2021-2025 (data.ncaa.com scoreboards)","RPI computed from data.ncaa.com scoreboards 2021-2025 (engine/rpi.py) + bids from the brackets, 2025 conference map","the sim's drawn team strength o + d, reference world seed 20251000; a dynasty regrades it from its own draw","IPEDS 2023 DRVGR (GBA6RTT) and DRVADM (DVADM01), NCES","IPEDS 2023 DRVEF (ENRTOT) and HD2024 (LOCALE), NCES; weighting GUESS","NOAA NCEI 1991-2020 monthly normals, nearest station: daily highs against a comfortable band (GUESS) and precipitation days","EADA 2024-25, baseball total expenses (U.S. Department of Education)","GUESS proxy: baseball expenses, regional hosting, conference","GUESS proxy: regional hosting, enrollment, conference","GUESS proxy, to be replaced by TV and streaming appearance counts: conference media footprint (config MEDIA_FOOTPRINT), NCAA tournament appearances, Omaha and super regional history","GUESS proxy: program tradition, baseball expenses, conference",neutral baseline for a new coach,neutral baseline for a new coach
198,596655,Radford,Big South,mid,C+,0.4121,B,D,0.0961,B,C+,0.4642,A,D+,0.1319,A,D,0.0993,C,C,0.3241,A,C+,0.4902,A,C,0.3795,D,D+,0.145,D,C+,0.4837,D,C,0.285,D,C,,D,C,,D,0.4268,0.0,2,0,0,0,0,0.36,0.4121,0.4715,0.0714,-0.0344,50,91.0,True,7531,31,47.57,48.0,58.1,5.625,8.985,USC00441692,8.1,1584058.0,False,"NCAA tournament brackets 2015-2025 (Wikipedia pages, data/ncaa_brackets) + D1 win pct 2021-2025 (data.ncaa.com scoreboards)","RPI computed from data.ncaa.com scoreboards 2021-2025 (engine/rpi.py) + bids from the brackets, 2025 conference map","the sim's drawn team strength o + d, reference world seed 20251000; a dynasty regrades it from its own draw","IPEDS 2023 DRVGR (GBA6RTT) and DRVADM (DVADM01), NCES","IPEDS 2023 DRVEF (ENRTOT) and HD2024 (LOCALE), NCES; weighting GUESS","NOAA NCEI 1991-2020 monthly normals, nearest station: daily highs against a comfortable band (GUESS) and precipitation days","EADA 2024-25, baseball total expenses (U.S. Department of Education)","GUESS proxy: baseball expenses, regional hosting, conference","GUESS proxy: regional hosting, enrollment, conference","GUESS proxy, to be replaced by TV and streaming appearance counts: conference media footprint (config MEDIA_FOOTPRINT), NCAA tournament appearances, Omaha and super regional history","GUESS proxy: program tradition, baseball expenses, conference",neutral baseline for a new coach,neutral baseline for a new coach
199,596656,Rhode Island,Atlantic 10,mid,B-,0.6238,B,C-,0.2052,B,B-,0.5945,A,C,0.3111,A,D+,0.1775,C,D+,0.1564,A,F,0.0016,A,D-,0.0407,D,D+,0.158,D,B-,0.627,D,C-,0.2524,D,C,,D,C,,D,1.2102,0.0,2,0,0,0,0,0.4949,0.6238,0.4775,0.0833,0.1173,46,81.0,True,5767,21,44.83,45.8,54.0,8.225,11.431,USW00014765,8.5,184543.0,False,"NCAA tournament brackets 2015-2025 (Wikipedia pages, data/ncaa_brackets) + D1 win pct 2021-2025 (data.ncaa.com scoreboards)","RPI computed from data.ncaa.com scoreboards 2021-2025 (engine/rpi.py) + bids from the brackets, 2025 conference map","the sim's drawn team strength o + d, reference world seed 20251000; a dynasty regrades it from its own draw","IPEDS 2023 DRVGR (GBA6RTT) and DRVADM (DVADM01), NCES","IPEDS 2023 DRVEF (ENRTOT) and HD2024 (LOCALE), NCES; weighting GUESS","NOAA NCEI 1991-2020 monthly normals, nearest station: daily highs against a comfortable band (GUESS) and precipitation days","EADA 2024-25, baseball total expenses (U.S. Department of Education)","GUESS proxy: baseball expenses, regional hosting, conference","GUESS proxy: regional hosting, enrollment, conference","GUESS proxy, to be replaced by TV and streaming appearance counts: conference media footprint (config MEDIA_FOOTPRINT), NCAA tournament appearances, Omaha and super regional history","GUESS proxy: program tradition, baseball expenses, conference",neutral baseline for a new coach,neutral baseline for a new coach
200,596657,Rice,The American,mid,C+,0.4577,B,B,0.7003,B,B,0.7117,A,A,0.9625,A,C+,0.4544,C,A,0.9365,A,B+,0.8127,A,B+,0.7606,D,B-,0.5065,D,B,0.6726,D,B,0.702,D,C,,D,C,,D,0.637,0.0,3,0,0,0,0,0.3545,0.4577,0.5148,0.2168,0.262,96,8.0,True,8556,11,67.15,20.6,76.22,0.0,1.442,USC00414326,7.6,3441269.0,False,"NCAA tournament brackets 2015-2025 (Wikipedia pages, data/ncaa_brackets) + D1 win pct 2021-2025 (data.ncaa.com scoreboards)","RPI computed from data.ncaa.com scoreboards 2021-2025 (engine/rpi.py) + bids from the brackets, 2025 conference map","the sim's drawn team strength o + d, reference world seed 20251000; a dynasty regrades it from its own draw","IPEDS 2023 DRVGR (GBA6RTT) and DRVADM (DVADM01), NCES","IPEDS 2023 DRVEF (ENRTOT) and HD2024 (LOCALE), NCES; weighting GUESS","NOAA NCEI 1991-2020 monthly normals, nearest station: daily highs against a comfortable band (GUESS) and precipitation days","EADA 2024-25, baseball total expenses (U.S. Department of Education)","GUESS proxy: baseball expenses, regional hosting, conference","GUESS proxy: regional hosting, enrollment, conference","GUESS proxy, to be replaced by TV and streaming appearance counts: conference media footprint (config MEDIA_FOOTPRINT), NCAA tournament appearances, Omaha and super regional history","GUESS proxy: program tradition, baseball expenses, conference",neutral baseline for a new coach,neutral baseline for a new coach
201,596658,Richmond,Atlantic 10,mid,C,0.3013,B,C-,0.2052,B,D+,0.1384,A,A-,0.8909,A,C-,0.2068,C,C+,0.4902,A,B-,0.601,A,C+,0.5,D,D+,0.1352,D,C-,0.215,D,C,0.3143,D,C,,D,C,,D,0.0,0.0,0,0,0,0,0,0.5191,0.3013,0.4775,0.0833,-0.5393,88,23.0,True,3776,12,52.72,42.9,64.12,2.525,5.528,USW00093775,10.7,1874058.0,False,"NCAA tournament brackets 2015-2025 (Wikipedia pages, data/ncaa_brackets) + D1 win pct 2021-2025 (data.ncaa.com scoreboards)","RPI computed from data.ncaa.com scoreboards 2021-2025 (engine/rpi.py) + bids from the brackets, 2025 conference map","the sim's drawn team strength o + d, reference world seed 20251000; a dynasty regrades it from its own draw","IPEDS 2023 DRVGR (GBA6RTT) and DRVADM (DVADM01), NCES","IPEDS 2023 DRVEF (ENRTOT) and HD2024 (LOCALE), NCES; weighting GUESS","NOAA NCEI 1991-2020 monthly normals, nearest station: daily highs against a comfortable band (GUESS) and precipitation days","EADA 2024-25, baseball total expenses (U.S. Department of Education)","GUESS proxy: baseball expenses, regional hosting, conference","GUESS proxy: regional hosting, enrollment, conference","GUESS proxy, to be replaced by TV and streaming appearance counts: conference media footprint (config MEDIA_FOOTPRINT), NCAA tournament appearances, Omaha and super regional history","GUESS proxy: program tradition, baseball expenses, conference",neutral baseline for a new coach,neutral baseline for a new coach
202,596659,Rider,MAAC,low,B,0.7476,B,D,0.0603,B,D+,0.1775,A,C+,0.4414,A,D+,0.1287,C,C,0.3046,A,D,0.0831,A,D-,0.0537,D,D-,0.0586,D,B-,0.5391,D,C,0.2883,D,C,,D,C,,D,2.3963,0.0,3,0,0,0,0,0.5965,0.7476,0.4574,0.0875,-0.4609,63,79.0,True,4083,21,46.88,41.2,57.48,6.475,9.359,USC00288880,2.9,726650.0,False,"NCAA tournament brackets 2015-2025 (Wikipedia pages, data/ncaa_brackets) + D1 win pct 2021-2025 (data.ncaa.com scoreboards)","RPI computed from data.ncaa.com scoreboards 2021-2025 (engine/rpi.py) + bids from the brackets, 2025 conference map","the sim's drawn team strength o + d, reference world seed 20251000; a dynasty regrades it from its own draw","IPEDS 2023 DRVGR (GBA6RTT) and DRVADM (DVADM01), NCES","IPEDS 2023 DRVEF (ENRTOT) and HD2024 (LOCALE), NCES; weighting GUESS","NOAA NCEI 1991-2020 monthly normals, nearest station: daily highs against a comfortable band (GUESS) and precipitation days","EADA 2024-25, baseball total expenses (U.S. Department of Education)","GUESS proxy: baseball expenses, regional hosting, conference","GUESS proxy: regional hosting, enrollment, conference","GUESS proxy, to be replaced by TV and streaming appearance counts: conference media footprint (config MEDIA_FOOTPRINT), NCAA tournament appearances, Omaha and super regional history","GUESS proxy: program tradition, baseball expenses, conference",neutral baseline for a new coach,neutral baseline for a new coach
203,596660,Rutgers,Big Ten,p4,C,0.3241,B,B+,0.8225,B,A,0.9202,A,B,0.7378,A,A-,0.8746,C,C,0.2785,A,A-,0.8616,A,B+,0.8192,D,B+,0.7997,D,B,0.6922,D,B,0.6954,D,C,,D,C,,D,0.0,0.0,0,0,0,0,0,0.5527,0.3241,0.5236,0.2548,0.6932,85,65.0,True,50617,13,46.8,44.5,57.0,6.65,9.765,USC00286055,2.2,4157341.0,False,"NCAA tournament brackets 2015-2025 (Wikipedia pages, data/ncaa_brackets) + D1 win pct 2021-2025 (data.ncaa.com scoreboards)","RPI computed from data.ncaa.com scoreboards 2021-2025 (engine/rpi.py) + bids from the brackets, 2025 conference map","the sim's drawn team strength o + d, reference world seed 20251000; a dynasty regrades it from its own draw","IPEDS 2023 DRVGR (GBA6RTT) and DRVADM (DVADM01), NCES","IPEDS 2023 DRVEF (ENRTOT) and HD2024 (LOCALE), NCES; weighting GUESS","NOAA NCEI 1991-2020 monthly normals, nearest station: daily highs against a comfortable band (GUESS) and precipitation days","EADA 2024-25, baseball total expenses (U.S. Department of Education)","GUESS proxy: baseball expenses, regional hosting, conference","GUESS proxy: regional hosting, enrollment, conference","GUESS proxy, to be replaced by TV and streaming appearance counts: conference media footprint (config MEDIA_FOOTPRINT), NCAA tournament appearances, Omaha and super regional history","GUESS proxy: program tradition, baseball expenses, conference",neutral baseline for a new coach,neutral baseline for a new coach
204,596689,SFA,Southland,low,D,0.0831,B,C+,0.386,B,D-,0.0309,A,C-,0.2101,A,D+,0.145,C,B,0.6987,A,D+,0.1482,A,C-,0.2003,D,C+,0.386,D,D,0.0619,D,D+,0.1319,D,C,,D,C,,D,0.0,0.0,0,0,0,0,0,0.3276,0.0831,0.4934,0.0909,-1.0156,52,88.0,True,10888,33,61.62,37.2,72.67,0.0,2.604,USC00416177,0.5,884167.0,False,"NCAA tournament brackets 2015-2025 (Wikipedia pages, data/ncaa_brackets) + D1 win pct 2021-2025 (data.ncaa.com scoreboards)","RPI computed from data.ncaa.com scoreboards 2021-2025 (engine/rpi.py) + bids from the brackets, 2025 conference map","the sim's drawn team strength o + d, reference world seed 20251000; a dynasty regrades it from its own draw","IPEDS 2023 DRVGR (GBA6RTT) and DRVADM (DVADM01), NCES","IPEDS 2023 DRVEF (ENRTOT) and HD2024 (LOCALE), NCES; weighting GUESS","NOAA NCEI 1991-2020 monthly normals, nearest station: daily highs against a comfortable band (GUESS) and precipitation days","EADA 2024-25, baseball total expenses (U.S. Department of Education)","GUESS proxy: baseball expenses, regional hosting, conference","GUESS proxy: regional hosting, enrollment, conference","GUESS proxy, to be replaced by TV and streaming appearance counts: conference media footprint (config MEDIA_FOOTPRINT), NCAA tournament appearances, Omaha and super regional history","GUESS proxy: program tradition, baseball expenses, conference",neutral baseline for a new coach,neutral baseline for a new coach
205,596683,SIUE,OVC,low,C-,0.2557,B,C-,0.2671,B,D+,0.1515,A,D-,0.0342,A,C+,0.4479,C,C,0.3567,A,D+,0.1124,A,D+,0.1221,D,C,0.3241,D,D,0.0619,D,D+,0.1482,D,C,,D,C,,D,0.0,0.0,0,0,0,0,0,0.4782,0.2557,0.4691,0.1,-0.5123,53,97.0,True,12045,21,49.95,39.3,59.58,5.7,8.451,USC00110137,9.6,787932.0,False,"NCAA tournament brackets 2015-2025 (Wikipedia pages, data/ncaa_brackets) + D1 win pct 2021-2025 (data.ncaa.com scoreboards)","RPI computed from data.ncaa.com scoreboards 2021-2025 (engine/rpi.py) + bids from the brackets, 2025 conference map","the sim's drawn team strength o + d, reference world seed 20251000; a dynasty regrades it from its own draw","IPEDS 2023 DRVGR (GBA6RTT) and DRVADM (DVADM01), NCES","IPEDS 2023 DRVEF (ENRTOT) and HD2024 (LOCALE), NCES; weighting GUESS","NOAA NCEI 1991-2020 monthly normals, nearest station: daily highs against a comfortable band (GUESS) and precipitation days","EADA 2024-25, baseball total expenses (U.S. Department of Education)","GUESS proxy: baseball expenses, regional hosting, conference","GUESS proxy: regional hosting, enrollment, conference","GUESS proxy, to be replaced by TV and streaming appearance counts: conference media footprint (config MEDIA_FOOTPRINT), NCAA tournament appearances, Omaha and super regional history","GUESS proxy: program tradition, baseball expenses, conference",neutral baseline for a new coach,neutral baseline for a new coach
206,596509,Sacramento St.,WAC,mid,C+,0.4902,B,C,0.3339,B,C,0.2948,A,D+,0.1287,A,A-,0.855,C,A-,0.8746,A,B,0.6661,A,B-,0.5814,D,B-,0.5749,D,B-,0.513,D,B-,0.5261,D,C,,D,C,,D,0.6036,0.0,2,0,0,0,0,0.5398,0.4902,0.4797,0.0895,-0.2286,56,94.0,True,31172,11,59.8,27.8,71.2,0.0,1.946,USW00023271,0.4,2160331.0,False,"NCAA tournament brackets 2015-2025 (Wikipedia pages, data/ncaa_brackets) + D1 win pct 2021-2025 (data.ncaa.com scoreboards)","RPI computed from data.ncaa.com scoreboards 2021-2025 (engine/rpi.py) + bids from the brackets, 2025 conference map","the sim's drawn team strength o + d, reference world seed 20251000; a dynasty regrades it from its own draw","IPEDS 2023 DRVGR (GBA6RTT) and DRVADM (DVADM01), NCES","IPEDS 2023 DRVEF (ENRTOT) and HD2024 (LOCALE), NCES; weighting GUESS","NOAA NCEI 1991-2020 monthly normals, nearest station: daily highs against a comfortable band (GUESS) and precipitation days","EADA 2024-25, baseball total expenses (U.S. Department of Education)","GUESS proxy: baseball expenses, regional hosting, conference","GUESS proxy: regional hosting, enrollment, conference","GUESS proxy, to be replaced by TV and streaming appearance counts: conference media footprint (config MEDIA_FOOTPRINT), NCAA tournament appearances, Omaha and super regional history","GUESS proxy: program tradition, baseball expenses, conference",neutral baseline for a new coach,neutral baseline for a new coach
207,596661,Sacred Heart,MAAC,low,C,0.3664,B,D,0.0603,B,D,0.0993,A,B,0.6922,A,C+,0.4088,C,D+,0.1466,A,C-,0.2231,A,D+,0.145,D,D+,0.171,D,C-,0.2671,D,D+,0.1645,D,C,,D,C,,D,0.1768,0.0,1,0,0,0,0,0.5049,0.3664,0.4574,0.0875,-0.6271,74,68.0,True,11179,21,45.75,45.2,53.65,8.45,11.614,USW00094702,7.4,997246.0,False,"NCAA tournament brackets 2015-2025 (Wikipedia pages, data/ncaa_brackets) + D1 win pct 2021-2025 (data.ncaa.com scoreboards)","RPI computed from data.ncaa.com scoreboards 2021-2025 (engine/rpi.py) + bids from the brackets, 2025 conference map","the sim's drawn team strength o + d, reference world seed 20251000; a dynasty regrades it from its own draw","IPEDS 2023 DRVGR (GBA6RTT) and DRVADM (DVADM01), NCES","IPEDS 2023 DRVEF (ENRTOT) and HD2024 (LOCALE), NCES; weighting GUESS","NOAA NCEI 1991-2020 monthly normals, nearest station: daily highs against a comfortable band (GUESS) and precipitation days","EADA 2024-25, baseball total expenses (U.S. Department of Education)","GUESS proxy: baseball expenses, regional hosting, conference","GUESS proxy: regional hosting, enrollment, conference","GUESS proxy, to be replaced by TV and streaming appearance counts: conference media footprint (config MEDIA_FOOTPRINT), NCAA tournament appearances, Omaha and super regional history","GUESS proxy: program tradition, baseball expenses, conference",neutral baseline for a new coach,neutral baseline for a new coach
208,596663,Saint Joseph's,Atlantic 10,mid,C,0.2948,B,C-,0.2052,B,C,0.272,A,C+,0.3827,A,C+,0.3958,C,C,0.342,A,C,0.2818,A,C-,0.259,D,D+,0.1645,D,C-,0.215,D,C-,0.2003,D,C,,D,C,,D,0.0,0.0,0,0,0,0,0,0.5123,0.2948,0.4775,0.0833,-0.2669,80,86.0,True,7201,11,51.05,43.9,60.0,5.4,8.473,USC00366886,4.3,1096405.0,False,"NCAA tournament brackets 2015-2025 (Wikipedia pages, data/ncaa_brackets) + D1 win pct 2021-2025 (data.ncaa.com scoreboards)","RPI computed from data.ncaa.com scoreboards 2021-2025 (engine/rpi.py) + bids from the brackets, 2025 conference map","the sim's drawn team strength o + d, reference world seed 20251000; a dynasty regrades it from its own draw","IPEDS 2023 DRVGR (GBA6RTT) and DRVADM (DVADM01), NCES","IPEDS 2023 DRVEF (ENRTOT) and HD2024 (LOCALE), NCES; weighting GUESS","NOAA NCEI 1991-2020 monthly normals, nearest station: daily highs against a comfortable band (GUESS) and precipitation days","EADA 2024-25, baseball total expenses (U.S. Department of Education)","GUESS proxy: baseball expenses, regional hosting, conference","GUESS proxy: regional hosting, enrollment, conference","GUESS proxy, to be replaced by TV and streaming appearance counts: conference media footprint (config MEDIA_FOOTPRINT), NCAA tournament appearances, Omaha and super regional history","GUESS proxy: program tradition, baseball expenses, conference",neutral baseline for a new coach,neutral baseline for a new coach
209,596664,Saint Louis,Atlantic 10,mid,C+,0.4381,B,C-,0.2052,B,C-,0.1971,A,C+,0.4805,A,B,0.7052,C,C+,0.4153,A,B-,0.5749,A,C+,0.4609,D,C+,0.3827,D,C+,0.4381,D,C+,0.3925,D,C,,D,C,,D,0.2973,0.0,1,0,0,0,0,0.5757,0.4381,0.4775,0.0833,-0.43,80,81.0,True,17202,11,50.92,42.1,61.42,4.475,7.422,USC00111160,5.3,1822412.0,False,"NCAA tournament brackets 2015-2025 (Wikipedia pages, data/ncaa_brackets) + D1 win pct 2021-2025 (data.ncaa.com scoreboards)","RPI computed from data.ncaa.com scoreboards 2021-2025 (engine/rpi.py) + bids from the brackets, 2025 conference map","the sim's drawn team strength o + d, reference world seed 20251000; a dynasty regrades it from its own draw","IPEDS 2023 DRVGR (GBA6RTT) and DRVADM (DVADM01), NCES","IPEDS 2023 DRVEF (ENRTOT) and HD2024 (LOCALE), NCES; weighting GUESS","NOAA NCEI 1991-2020 monthly normals, nearest station: daily highs against a comfortable band (GUESS) and precipitation days","EADA 2024-25, baseball total expenses (U.S. Department of Education)","GUESS proxy: baseball expenses, regional hosting, conference","GUESS proxy: regional hosting, enrollment, conference","GUESS proxy, to be replaced by TV and streaming appearance counts: conference media footprint (config MEDIA_FOOTPRINT), NCAA tournament appearances, Omaha and super regional history","GUESS proxy: program tradition, baseball expenses, conference",neutral baseline for a new coach,neutral baseline for a new coach
210,596665,Saint Mary's (CA),WCC,mid,B,0.741,B,B-,0.5065,B,B+,0.842,A,C,0.2769,A,D,0.0928,C,B+,0.8176,A,B,0.7443,A,B,0.6857,D,C-,0.2231,D,B,0.7313,D,B,0.7378,D,C,,D,C,,D,2.3994,0.0,3,0,0,0,0,0.5231,0.741,0.4864,0.1292,0.4902,69,89.0,True,2775,21,56.22,30.7,65.88,0.0,2.149,USC00040693,8.6,2618282.0,False,"NCAA tournament brackets 2015-2025 (Wikipedia pages, data/ncaa_brackets) + D1 win pct 2021-2025 (data.ncaa.com scoreboards)","RPI computed from data.ncaa.com scoreboards 2021-2025 (engine/rpi.py) + bids from the brackets, 2025 conference map","the sim's drawn team strength o + d, reference world seed 20251000; a dynasty regrades it from its own draw","IPEDS 2023 DRVGR (GBA6RTT) and DRVADM (DVADM01), NCES","IPEDS 2023 DRVEF (ENRTOT) and HD2024 (LOCALE), NCES; weighting GUESS","NOAA NCEI 1991-2020 monthly normals, nearest station: daily highs against a comfortable band (GUESS) and precipitation days","EADA 2024-25, baseball total expenses (U.S. Department of Education)","GUESS proxy: baseball expenses, regional hosting, conference","GUESS proxy: regional hosting, enrollment, conference","GUESS proxy, to be replaced by TV and streaming appearance counts: conference media footprint (config MEDIA_FOOTPRINT), NCAA tournament appearances, Omaha and super regional history","GUESS proxy: program tradition, baseball expenses, conference",neutral baseline for a new coach,neutral baseline for a new coach
211,596666,Saint Peter's,MAAC,low,F,0.0114,B,D,0.0603,B,B+,0.7834,A,C-,0.202,A,C-,0.2557,C,C-,0.2492,A,F,0.0212,A,F,0.0179,D,D-,0.0375,D,D,0.0619,D,F,0.0081,D,C,,D,C,,D,0.0,0.0,0,0,0,0,0,0.2042,0.0114,0.4574,0.0875,0.3811,63,91.0,True,3673,11,47.67,42.7,56.52,6.95,9.939,USC00283704,4.5,478988.0,False,"NCAA tournament brackets 2015-2025 (Wikipedia pages, data/ncaa_brackets) + D1 win pct 2021-2025 (data.ncaa.com scoreboards)","RPI computed from data.ncaa.com scoreboards 2021-2025 (engine/rpi.py) + bids from the brackets, 2025 conference map","the sim's drawn team strength o + d, reference world seed 20251000; a dynasty regrades it from its own draw","IPEDS 2023 DRVGR (GBA6RTT) and DRVADM (DVADM01), NCES","IPEDS 2023 DRVEF (ENRTOT) and HD2024 (LOCALE), NCES; weighting GUESS","NOAA NCEI 1991-2020 monthly normals, nearest station: daily highs against a comfortable band (GUESS) and precipitation days","EADA 2024-25, baseball total expenses (U.S. Department of Education)","GUESS proxy: baseball expenses, regional hosting, conference","GUESS proxy: regional hosting, enrollment, conference","GUESS proxy, to be replaced by TV and streaming appearance counts: conference media footprint (config MEDIA_FOOTPRINT), NCAA tournament appearances, Omaha and super regional history","GUESS proxy: program tradition, baseball expenses, conference",neutral baseline for a new coach,neutral baseline for a new coach
212,596667,Sam Houston,CUSA,mid,B,0.6889,B,B+,0.7785,B,B+,0.8225,A,C,0.3013,A,C+,0.4023,C,B+,0.8046,A,C+,0.3893,A,B-,0.513,D,B,0.7085,D,B+,0.7671,D,B,0.6726,D,C,,D,C,,D,1.6673,0.0,3,0,1,0,0,0.4905,0.6889,0.5126,0.2627,0.4738,55,85.0,True,21403,32,62.77,31.1,72.8,0.0,2.177,USC00414382,0.6,1297537.0,False,"NCAA tournament brackets 2015-2025 (Wikipedia pages, data/ncaa_brackets) + D1 win pct 2021-2025 (data.ncaa.com scoreboards)","RPI computed from data.ncaa.com scoreboards 2021-2025 (engine/rpi.py) + bids from the brackets, 2025 conference map","the sim's drawn team strength o + d, reference world seed 20251000; a dynasty regrades it from its own draw","IPEDS 2023 DRVGR (GBA6RTT) and DRVADM (DVADM01), NCES","IPEDS 2023 DRVEF (ENRTOT) and HD2024 (LOCALE), NCES; weighting GUESS","NOAA NCEI 1991-2020 monthly normals, nearest station: daily highs against a comfortable band (GUESS) and precipitation days","EADA 2024-25, baseball total expenses (U.S. Department of Education)","GUESS proxy: baseball expenses, regional hosting, conference","GUESS proxy: regional hosting, enrollment, conference","GUESS proxy, to be replaced by TV and streaming appearance counts: conference media footprint (config MEDIA_FOOTPRINT), NCAA tournament appearances, Omaha and super regional history","GUESS proxy: program tradition, baseball expenses, conference",neutral baseline for a new coach,neutral baseline for a new coach
213,596668,Samford,SoCon,mid,B,0.6792,B,B-,0.57,B,B,0.6531,A,C+,0.4609,A,C-,0.1873,C,B,0.671,A,C+,0.4088,A,C+,0.4446,D,C,0.3469,D,B,0.6596,D,B,0.6336,D,C,,D,C,,D,1.5044,0.0,3,0,0,0,0,0.5678,0.6792,0.5121,0.125,0.2005,80,82.0,True,5791,21,59.98,41.0,70.8,0.225,3.095,USW00013876,7.5,1385563.0,False,"NCAA tournament brackets 2015-2025 (Wikipedia pages, data/ncaa_brackets) + D1 win pct 2021-2025 (data.ncaa.com scoreboards)","RPI computed from data.ncaa.com scoreboards 2021-2025 (engine/rpi.py) + bids from the brackets, 2025 conference map","the sim's drawn team strength o + d, reference world seed 20251000; a dynasty regrades it from its own draw","IPEDS 2023 DRVGR (GBA6RTT) and DRVADM (DVADM01), NCES","IPEDS 2023 DRVEF (ENRTOT) and HD2024 (LOCALE), NCES; weighting GUESS","NOAA NCEI 1991-2020 monthly normals, nearest station: daily highs against a comfortable band (GUESS) and precipitation days","EADA 2024-25, baseball total expenses (U.S. Department of Education)","GUESS proxy: baseball expenses, regional hosting, conference","GUESS proxy: regional hosting, enrollment, conference","GUESS proxy, to be replaced by TV and streaming appearance counts: conference media footprint (config MEDIA_FOOTPRINT), NCAA tournament appearances, Omaha and super regional history","GUESS proxy: program tradition, baseball expenses, conference",neutral baseline for a new coach,neutral baseline for a new coach
214,596670,San Diego,WCC,mid,B,0.6726,B,B-,0.5065,B,B-,0.5684,A,B+,0.7964,A,C+,0.4772,C,A,0.9625,A,B+,0.7638,A,B,0.6954,D,C+,0.399,D,B,0.6498,D,B,0.7182,D,C,,D,C,,D,1.4355,0.0,2,0,0,0,0,0.5948,0.6726,0.4864,0.1292,0.0919,82,47.0,True,9110,11,58.98,17.5,64.8,0.0,1.225,USC00047741,2.3,2784644.0,False,"NCAA tournament brackets 2015-2025 (Wikipedia pages, data/ncaa_brackets) + D1 win pct 2021-2025 (data.ncaa.com scoreboards)","RPI computed from data.ncaa.com scoreboards 2021-2025 (engine/rpi.py) + bids from the brackets, 2025 conference map","the sim's drawn team strength o + d, reference world seed 20251000; a dynasty regrades it from its own draw","IPEDS 2023 DRVGR (GBA6RTT) and DRVADM (DVADM01), NCES","IPEDS 2023 DRVEF (ENRTOT) and HD2024 (LOCALE), NCES; weighting GUESS","NOAA NCEI 1991-2020 monthly normals, nearest station: daily highs against a comfortable band (GUESS) and precipitation days","EADA 2024-25, baseball total expenses (U.S. Department of Education)","GUESS proxy: baseball expenses, regional hosting, conference","GUESS proxy: regional hosting, enrollment, conference","GUESS proxy, to be replaced by TV and streaming appearance counts: conference media footprint (config MEDIA_FOOTPRINT), NCAA tournament appearances, Omaha and super regional history","GUESS proxy: program tradition, baseball expenses, conference",neutral baseline for a new coach,neutral baseline for a new coach
215,596669,San Diego St.,Mountain West,mid,C+,0.4805,B,C+,0.4788,B,C,0.3078,A,B+,0.8192,A,A,0.9332,C,A,0.9267,A,B+,0.7769,A,B,0.6987,D,B,0.671,D,B,0.6466,D,B,0.6368,D,C,,D,C,,D,0.7241,0.0,3,0,0,0,0,0.3846,0.4805,0.4899,0.125,-0.2075,78,34.0,True,39241,11,60.52,22.8,69.65,0.0,1.596,USW00003131,4.9,3051214.0,False,"NCAA tournament brackets 2015-2025 (Wikipedia pages, data/ncaa_brackets) + D1 win pct 2021-2025 (data.ncaa.com scoreboards)","RPI computed from data.ncaa.com scoreboards 2021-2025 (engine/rpi.py) + bids from the brackets, 2025 conference map","the sim's drawn team strength o + d, reference world seed 20251000; a dynasty regrades it from its own draw","IPEDS 2023 DRVGR (GBA6RTT) and DRVADM (DVADM01), NCES","IPEDS 2023 DRVEF (ENRTOT) and HD2024 (LOCALE), NCES; weighting GUESS","NOAA NCEI 1991-2020 monthly normals, nearest station: daily highs against a comfortable band (GUESS) and precipitation days","EADA 2024-25, baseball total expenses (U.S. Department of Education)","GUESS proxy: baseball expenses, regional hosting, conference","GUESS proxy: regional hosting, enrollment, conference","GUESS proxy, to be replaced by TV and streaming appearance counts: conference media footprint (config MEDIA_FOOTPRINT), NCAA tournament appearances, Omaha and super regional history","GUESS proxy: program tradition, baseball expenses, conference",neutral baseline for a new coach,neutral baseline for a new coach
216,596671,San Francisco,WCC,mid,C-,0.2296,B,B-,0.5065,B,B,0.6694,A,B,0.7427,A,C+,0.4935,C,B+,0.7671,A,B,0.6531,A,B-,0.6107,D,C+,0.4023,D,C,0.2866,D,C+,0.4511,D,C,,D,C,,D,0.0,0.0,0,0,0,0,0,0.4475,0.2296,0.4864,0.1292,0.2115,71,51.0,True,9212,11,55.97,32.4,62.4,0.0,2.268,USW00023272,1.4,2077796.0,False,"NCAA tournament brackets 2015-2025 (Wikipedia pages, data/ncaa_brackets) + D1 win pct 2021-2025 (data.ncaa.com scoreboards)","RPI computed from data.ncaa.com scoreboards 2021-2025 (engine/rpi.py) + bids from the brackets, 2025 conference map","the sim's drawn team strength o + d, reference world seed 20251000; a dynasty regrades it from its own draw","IPEDS 2023 DRVGR (GBA6RTT) and DRVADM (DVADM01), NCES","IPEDS 2023 DRVEF (ENRTOT) and HD2024 (LOCALE), NCES; weighting GUESS","NOAA NCEI 1991-2020 monthly normals, nearest station: daily highs against a comfortable band (GUESS) and precipitation days","EADA 2024-25, baseball total expenses (U.S. Department of Education)","GUESS proxy: baseball expenses, regional hosting, conference","GUESS proxy: regional hosting, enrollment, conference","GUESS proxy, to be replaced by TV and streaming appearance counts: conference media footprint (config MEDIA_FOOTPRINT), NCAA tournament appearances, Omaha and super regional history","GUESS proxy: program tradition, baseball expenses, conference",neutral baseline for a new coach,neutral baseline for a new coach
217,596672,San Jose St.,Mountain West,mid,C+,0.4935,B,C+,0.4788,B,B-,0.5586,A,C+,0.4381,A,A-,0.9104,C,B+,0.7964,A,C+,0.3827,A,C+,0.4055,D,B,0.6612,D,B-,0.5472,D,C+,0.4707,D,C,,D,C,,D,0.7071,0.0,1,0,0,0,0,0.4399,0.4935,0.4899,0.125,0.0837,65,80.0,True,36062,11,58.77,31.2,68.53,0.0,2.184,USC00047821,1.5,1292025.0,False,"NCAA tournament brackets 2015-2025 (Wikipedia pages, data/ncaa_brackets) + D1 win pct 2021-2025 (data.ncaa.com scoreboards)","RPI computed from data.ncaa.com scoreboards 2021-2025 (engine/rpi.py) + bids from the brackets, 2025 conference map","the sim's drawn team strength o + d, reference world seed 20251000; a dynasty regrades it from its own draw","IPEDS 2023 DRVGR (GBA6RTT) and DRVADM (DVADM01), NCES","IPEDS 2023 DRVEF (ENRTOT) and HD2024 (LOCALE), NCES; weighting GUESS","NOAA NCEI 1991-2020 monthly normals, nearest station: daily highs against a comfortable band (GUESS) and precipitation days","EADA 2024-25, baseball total expenses (U.S. Department of Education)","GUESS proxy: baseball expenses, regional hosting, conference","GUESS proxy: regional hosting, enrollment, conference","GUESS proxy, to be replaced by TV and streaming appearance counts: conference media footprint (config MEDIA_FOOTPRINT), NCAA tournament appearances, Omaha and super regional history","GUESS proxy: program tradition, baseball expenses, conference",neutral baseline for a new coach,neutral baseline for a new coach
218,596673,Santa Clara,WCC,mid,C+,0.5,B,B-,0.5065,B,B+,0.8388,A,B+,0.842,A,C+,0.4316,C,A-,0.8746,A,B,0.7052,A,B,0.6531,D,C+,0.4153,D,B-,0.5472,D,B,0.6303,D,C,,D,C,,D,0.7071,0.0,1,0,0,0,0,0.4688,0.5,0.4864,0.1292,0.4881,88,44.0,True,9340,12,57.78,27.8,67.83,0.0,1.946,USW00023293,1.1,2298744.0,False,"NCAA tournament brackets 2015-2025 (Wikipedia pages, data/ncaa_brackets) + D1 win pct 2021-2025 (data.ncaa.com scoreboards)","RPI computed from data.ncaa.com scoreboards 2021-2025 (engine/rpi.py) + bids from the brackets, 2025 conference map","the sim's drawn team strength o + d, reference world seed 20251000; a dynasty regrades it from its own draw","IPEDS 2023 DRVGR (GBA6RTT) and DRVADM (DVADM01), NCES","IPEDS 2023 DRVEF (ENRTOT) and HD2024 (LOCALE), NCES; weighting GUESS","NOAA NCEI 1991-2020 monthly normals, nearest station: daily highs against a comfortable band (GUESS) and precipitation days","EADA 2024-25, baseball total expenses (U.S. Department of Education)","GUESS proxy: baseball expenses, regional hosting, conference","GUESS proxy: regional hosting, enrollment, conference","GUESS proxy, to be replaced by TV and streaming appearance counts: conference media footprint (config MEDIA_FOOTPRINT), NCAA tournament appearances, Omaha and super regional history","GUESS proxy: program tradition, baseball expenses, conference",neutral baseline for a new coach,neutral baseline for a new coach
219,596465,Seattle U,WAC,mid,D,0.1026,B,C,0.3339,B,B,0.728,A,B-,0.5749,A,C+,0.3925,C,C,0.3762,A,B-,0.5847,A,B-,0.5326,D,C-,0.2492,D,D+,0.1498,D,C-,0.2622,D,C,,D,C,,D,0.0,0.0,0,0,0,0,0,0.3419,0.1026,0.4797,0.0895,0.2708,73,76.0,True,7182,11,50.1,59.8,57.95,3.675,7.861,USW00024234,5.5,1841955.0,False,"NCAA tournament brackets 2015-2025 (Wikipedia pages, data/ncaa_brackets) + D1 win pct 2021-2025 (data.ncaa.com scoreboards)","RPI computed from data.ncaa.com scoreboards 2021-2025 (engine/rpi.py) + bids from the brackets, 2025 conference map","the sim's drawn team strength o + d, reference world seed 20251000; a dynasty regrades it from its own draw","IPEDS 2023 DRVGR (GBA6RTT) and DRVADM (DVADM01), NCES","IPEDS 2023 DRVEF (ENRTOT) and HD2024 (LOCALE), NCES; weighting GUESS","NOAA NCEI 1991-2020 monthly normals, nearest station: daily highs against a comfortable band (GUESS) and precipitation days","EADA 2024-25, baseball total expenses (U.S. Department of Education)","GUESS proxy: baseball expenses, regional hosting, conference","GUESS proxy: regional hosting, enrollment, conference","GUESS proxy, to be replaced by TV and streaming appearance counts: conference media footprint (config MEDIA_FOOTPRINT), NCAA tournament appearances, Omaha and super regional history","GUESS proxy: program tradition, baseball expenses, conference",neutral baseline for a new coach,neutral baseline for a new coach
220,596674,Seton Hall,Big East,mid,C-,0.2394,B,B,0.671,B,B,0.702,A,C+,0.4853,A,C,0.3274,C,C-,0.2492,A,B-,0.6205,A,B,0.6368,D,B-,0.5326,D,C,0.3371,D,B-,0.5081,D,C,,D,C,,D,0.0,0.0,0,0,0,0,0,0.4565,0.2394,0.5067,0.1781,0.2557,71,79.0,True,9494,21,47.67,42.7,56.52,6.95,9.939,USC00283704,4.9,1920098.0,False,"NCAA tournament brackets 2015-2025 (Wikipedia pages, data/ncaa_brackets) + D1 win pct 2021-2025 (data.ncaa.com scoreboards)","RPI computed from data.ncaa.com scoreboards 2021-2025 (engine/rpi.py) + bids from the brackets, 2025 conference map","the sim's drawn team strength o + d, reference world seed 20251000; a dynasty regrades it from its own draw","IPEDS 2023 DRVGR (GBA6RTT) and DRVADM (DVADM01), NCES","IPEDS 2023 DRVEF (ENRTOT) and HD2024 (LOCALE), NCES; weighting GUESS","NOAA NCEI 1991-2020 monthly normals, nearest station: daily highs against a comfortable band (GUESS) and precipitation days","EADA 2024-25, baseball total expenses (U.S. Department of Education)","GUESS proxy: baseball expenses, regional hosting, conference","GUESS proxy: regional hosting, enrollment, conference","GUESS proxy, to be replaced by TV and streaming appearance counts: conference media footprint (config MEDIA_FOOTPRINT), NCAA tournament appearances, Omaha and super regional history","GUESS proxy: program tradition, baseball expenses, conference",neutral baseline for a new coach,neutral baseline for a new coach
221,596675,Siena,MAAC,low,D,0.0603,B,D,0.0603,B,C+,0.5,A,B,0.6792,A,D+,0.1156,C,D,0.0945,A,C,0.3208,A,C-,0.2492,D,D-,0.0342,D,D,0.0619,D,D,0.07,D,C,,D,C,,D,0.0,0.0,0,0,0,0,0,0.3097,0.0603,0.4574,0.0875,0.0132,76,71.0,True,3623,21,42.55,47.3,52.92,9.875,13.186,USW00014735,3.4,1192252.0,False,"NCAA tournament brackets 2015-2025 (Wikipedia pages, data/ncaa_brackets) + D1 win pct 2021-2025 (data.ncaa.com scoreboards)","RPI computed from data.ncaa.com scoreboards 2021-2025 (engine/rpi.py) + bids from the brackets, 2025 conference map","the sim's drawn team strength o + d, reference world seed 20251000; a dynasty regrades it from its own draw","IPEDS 2023 DRVGR (GBA6RTT) and DRVADM (DVADM01), NCES","IPEDS 2023 DRVEF (ENRTOT) and HD2024 (LOCALE), NCES; weighting GUESS","NOAA NCEI 1991-2020 monthly normals, nearest station: daily highs against a comfortable band (GUESS) and precipitation days","EADA 2024-25, baseball total expenses (U.S. Department of Education)","GUESS proxy: baseball expenses, regional hosting, conference","GUESS proxy: regional hosting, enrollment, conference","GUESS proxy, to be replaced by TV and streaming appearance counts: conference media footprint (config MEDIA_FOOTPRINT), NCAA tournament appearances, Omaha and super regional history","GUESS proxy: program tradition, baseball expenses, conference",neutral baseline for a new coach,neutral baseline for a new coach
222,596676,South Alabama,Sun Belt,mid,B-,0.5586,B,B,0.7394,B,C,0.2785,A,B-,0.614,A,B-,0.5782,C,B,0.7476,A,B-,0.627,A,B,0.6629,D,B-,0.6173,D,B,0.715,D,B,0.6873,D,C,,D,C,,D,0.9602,0.0,3,0,0,0,0,0.5096,0.5586,0.5228,0.2484,-0.2496,52,65.0,True,13768,12,64.3,33.5,75.03,0.0,2.345,USW00013894,3.8,1940335.0,False,"NCAA tournament brackets 2015-2025 (Wikipedia pages, data/ncaa_brackets) + D1 win pct 2021-2025 (data.ncaa.com scoreboards)","RPI computed from data.ncaa.com scoreboards 2021-2025 (engine/rpi.py) + bids from the brackets, 2025 conference map","the sim's drawn team strength o + d, reference world seed 20251000; a dynasty regrades it from its own draw","IPEDS 2023 DRVGR (GBA6RTT) and DRVADM (DVADM01), NCES","IPEDS 2023 DRVEF (ENRTOT) and HD2024 (LOCALE), NCES; weighting GUESS","NOAA NCEI 1991-2020 monthly normals, nearest station: daily highs against a comfortable band (GUESS) and precipitation days","EADA 2024-25, baseball total expenses (U.S. Department of Education)","GUESS proxy: baseball expenses, regional hosting, conference","GUESS proxy: regional hosting, enrollment, conference","GUESS proxy, to be replaced by TV and streaming appearance counts: conference media footprint (config MEDIA_FOOTPRINT), NCAA tournament appearances, Omaha and super regional history","GUESS proxy: program tradition, baseball expenses, conference",neutral baseline for a new coach,neutral baseline for a new coach
223,596677,South Carolina,SEC,p4,A-,0.8746,B,A+,0.9739,B,B+,0.7736,A,B,0.7345,A,B+,0.8485,C,B,0.6954,A,A,0.9691,A,A,0.956,D,A,0.9625,D,A,0.9267,D,A,0.9463,D,C,,D,C,,D,6.4021,1.4173,5,3,3,0,0,0.5397,0.8746,0.5817,0.7542,0.3748,78,61.0,True,36579,12,63.07,37.4,75.92,0.0,2.618,USC00381944,0.4,8046167.0,False,"NCAA tournament brackets 2015-2025 (Wikipedia pages, data/ncaa_brackets) + D1 win pct 2021-2025 (data.ncaa.com scoreboards)","RPI computed from data.ncaa.com scoreboards 2021-2025 (engine/rpi.py) + bids from the brackets, 2025 conference map","the sim's drawn team strength o + d, reference world seed 20251000; a dynasty regrades it from its own draw","IPEDS 2023 DRVGR (GBA6RTT) and DRVADM (DVADM01), NCES","IPEDS 2023 DRVEF (ENRTOT) and HD2024 (LOCALE), NCES; weighting GUESS","NOAA NCEI 1991-2020 monthly normals, nearest station: daily highs against a comfortable band (GUESS) and precipitation days","EADA 2024-25, baseball total expenses (U.S. Department of Education)","GUESS proxy: baseball expenses, regional hosting, conference","GUESS proxy: regional hosting, enrollment, conference","GUESS proxy, to be replaced by TV and streaming appearance counts: conference media footprint (config MEDIA_FOOTPRINT), NCAA tournament appearances, Omaha and super regional history","GUESS proxy: program tradition, baseball expenses, conference",neutral baseline for a new coach,neutral baseline for a new coach
224,596678,South Dakota St.,Summit League,low,B-,0.5814,B,C+,0.4137,B,D,0.0603,A,D-,0.0505,A,D+,0.1547,C,F,0.0114,A,D,0.0863,A,D+,0.1515,D,C+,0.4121,D,C+,0.386,D,C,0.3339,D,C,,D,C,,D,1.1892,0.0,1,0,0,0,0,0.3792,0.5814,0.4611,0.1667,-0.8005,59,99.0,True,11498,33,36.42,34.5,46.72,14.975,17.39,USC00391076,0.8,758033.0,False,"NCAA tournament brackets 2015-2025 (Wikipedia pages, data/ncaa_brackets) + D1 win pct 2021-2025 (data.ncaa.com scoreboards)","RPI computed from data.ncaa.com scoreboards 2021-2025 (engine/rpi.py) + bids from the brackets, 2025 conference map","the sim's drawn team strength o + d, reference world seed 20251000; a dynasty regrades it from its own draw","IPEDS 2023 DRVGR (GBA6RTT) and DRVADM (DVADM01), NCES","IPEDS 2023 DRVEF (ENRTOT) and HD2024 (LOCALE), NCES; weighting GUESS","NOAA NCEI 1991-2020 monthly normals, nearest station: daily highs against a comfortable band (GUESS) and precipitation days","EADA 2024-25, baseball total expenses (U.S. Department of Education)","GUESS proxy: baseball expenses, regional hosting, conference","GUESS proxy: regional hosting, enrollment, conference","GUESS proxy, to be replaced by TV and streaming appearance counts: conference media footprint (config MEDIA_FOOTPRINT), NCAA tournament appearances, Omaha and super regional history","GUESS proxy: program tradition, baseball expenses, conference",neutral baseline for a new coach,neutral baseline for a new coach
225,596679,South Fla.,The American,mid,B,0.728,B,B,0.7003,B,B,0.7085,A,B+,0.8062,A,A+,0.9788,C,A-,0.9104,A,B+,0.7541,A,B,0.7378,D,B+,0.7671,D,B+,0.7834,D,B+,0.7866,D,C,,D,C,,D,2.2241,0.0,4,0,1,0,0,0.477,0.728,0.5148,0.2168,0.2615,75,41.0,True,48572,11,71.68,24.4,80.78,0.0,1.708,USW00012842,10.4,2716278.0,False,"NCAA tournament brackets 2015-2025 (Wikipedia pages, data/ncaa_brackets) + D1 win pct 2021-2025 (data.ncaa.com scoreboards)","RPI computed from data.ncaa.com scoreboards 2021-2025 (engine/rpi.py) + bids from the brackets, 2025 conference map","the sim's drawn team strength o + d, reference world seed 20251000; a dynasty regrades it from its own draw","IPEDS 2023 DRVGR (GBA6RTT) and DRVADM (DVADM01), NCES","IPEDS 2023 DRVEF (ENRTOT) and HD2024 (LOCALE), NCES; weighting GUESS","NOAA NCEI 1991-2020 monthly normals, nearest station: daily highs against a comfortable band (GUESS) and precipitation days","EADA 2024-25, baseball total expenses (U.S. Department of Education)","GUESS proxy: baseball expenses, regional hosting, conference","GUESS proxy: regional hosting, enrollment, conference","GUESS proxy, to be replaced by TV and streaming appearance counts: conference media footprint (config MEDIA_FOOTPRINT), NCAA tournament appearances, Omaha and super regional history","GUESS proxy: program tradition, baseball expenses, conference",neutral baseline for a new coach,neutral baseline for a new coach
226,596718,Southeast Mo. St.,OVC,low,B,0.7248,B,C-,0.2671,B,C-,0.1906,A,C+,0.3925,A,C,0.3697,C,C+,0.4544,A,C-,0.2296,A,C-,0.2296,D,C,0.285,D,B-,0.5749,D,C+,0.4397,D,C,,D,C,,D,2.1457,0.0,4,0,0,0,0,0.5497,0.7248,0.4691,0.1,-0.4394,56,79.0,True,9686,13,53.08,43.9,63.35,3.425,6.498,USW00003935,6.3,1007558.0,False,"NCAA tournament brackets 2015-2025 (Wikipedia pages, data/ncaa_brackets) + D1 win pct 2021-2025 (data.ncaa.com scoreboards)","RPI computed from data.ncaa.com scoreboards 2021-2025 (engine/rpi.py) + bids from the brackets, 2025 conference map","the sim's drawn team strength o + d, reference world seed 20251000; a dynasty regrades it from its own draw","IPEDS 2023 DRVGR (GBA6RTT) and DRVADM (DVADM01), NCES","IPEDS 2023 DRVEF (ENRTOT) and HD2024 (LOCALE), NCES; weighting GUESS","NOAA NCEI 1991-2020 monthly normals, nearest station: daily highs against a comfortable band (GUESS) and precipitation days","EADA 2024-25, baseball total expenses (U.S. Department of Education)","GUESS proxy: baseball expenses, regional hosting, conference","GUESS proxy: regional hosting, enrollment, conference","GUESS proxy, to be replaced by TV and streaming appearance counts: conference media footprint (config MEDIA_FOOTPRINT), NCAA tournament appearances, Omaha and super regional history","GUESS proxy: program tradition, baseball expenses, conference",neutral baseline for a new coach,neutral baseline for a new coach
227,596680,Southeastern La.,Southland,low,B-,0.601,B,C+,0.386,B,D-,0.0505,A,D-,0.057,A,B-,0.5163,C,B+,0.7508,A,B,0.6629,A,B-,0.5879,D,C+,0.4446,D,C+,0.4642,D,B-,0.627,D,C,,D,C,,D,1.0548,0.0,3,0,0,0,0,0.5744,0.601,0.4934,0.0909,-0.8507,45,94.0,True,13861,13,63.3,33.2,74.7,0.0,2.324,USC00164030,5.5,2159080.0,False,"NCAA tournament brackets 2015-2025 (Wikipedia pages, data/ncaa_brackets) + D1 win pct 2021-2025 (data.ncaa.com scoreboards)","RPI computed from data.ncaa.com scoreboards 2021-2025 (engine/rpi.py) + bids from the brackets, 2025 conference map","the sim's drawn team strength o + d, reference world seed 20251000; a dynasty regrades it from its own draw","IPEDS 2023 DRVGR (GBA6RTT) and DRVADM (DVADM01), NCES","IPEDS 2023 DRVEF (ENRTOT) and HD2024 (LOCALE), NCES; weighting GUESS","NOAA NCEI 1991-2020 monthly normals, nearest station: daily highs against a comfortable band (GUESS) and precipitation days","EADA 2024-25, baseball total expenses (U.S. Department of Education)","GUESS proxy: baseball expenses, regional hosting, conference","GUESS proxy: regional hosting, enrollment, conference","GUESS proxy, to be replaced by TV and streaming appearance counts: conference media footprint (config MEDIA_FOOTPRINT), NCAA tournament appearances, Omaha and super regional history","GUESS proxy: program tradition, baseball expenses, conference",neutral baseline for a new coach,neutral baseline for a new coach
228,596681,Southern California,Big Ten,p4,B+,0.8453,B,B+,0.8225,B,B+,0.7866,A,A,0.9397,A,A+,0.9723,C,A,0.9691,A,A,0.9267,A,B+,0.842,D,B+,0.7866,D,A-,0.8713,D,A-,0.8844,D,C,,D,C,,D,4.7444,0.0,3,0,1,0,0,0.5328,0.8453,0.5236,0.2548,0.3861,92,10.0,True,47147,11,62.4,16.1,71.0,0.0,1.127,USW00093134,3.5,5898560.0,False,"NCAA tournament brackets 2015-2025 (Wikipedia pages, data/ncaa_brackets) + D1 win pct 2021-2025 (data.ncaa.com scoreboards)","RPI computed from data.ncaa.com scoreboards 2021-2025 (engine/rpi.py) + bids from the brackets, 2025 conference map","the sim's drawn team strength o + d, reference world seed 20251000; a dynasty regrades it from its own draw","IPEDS 2023 DRVGR (GBA6RTT) and DRVADM (DVADM01), NCES","IPEDS 2023 DRVEF (ENRTOT) and HD2024 (LOCALE), NCES; weighting GUESS","NOAA NCEI 1991-2020 monthly normals, nearest station: daily highs against a comfortable band (GUESS) and precipitation days","EADA 2024-25, baseball total expenses (U.S. Department of Education)","GUESS proxy: baseball expenses, regional hosting, conference","GUESS proxy: regional hosting, enrollment, conference","GUESS proxy, to be replaced by TV and streaming appearance counts: conference media footprint (config MEDIA_FOOTPRINT), NCAA tournament appearances, Omaha and super regional history","GUESS proxy: program tradition, baseball expenses, conference",neutral baseline for a new coach,neutral baseline for a new coach
229,596682,Southern Ill.,MVC,mid,C,0.3534,B,B-,0.5375,B,C+,0.4544,A,D+,0.1678,A,C-,0.1906,C,C+,0.4023,A,C,0.3046,A,C,0.373,D,C+,0.4902,D,C-,0.215,D,C,0.3567,D,C,,D,C,,D,0.0,0.0,0,0,0,0,0,0.6229,0.3534,0.4955,0.1231,-0.0413,54,90.0,True,11359,32,50.9,46.1,61.68,4.4,7.627,USC00111265,3.0,1166396.0,False,"NCAA tournament brackets 2015-2025 (Wikipedia pages, data/ncaa_brackets) + D1 win pct 2021-2025 (data.ncaa.com scoreboards)","RPI computed from data.ncaa.com scoreboards 2021-2025 (engine/rpi.py) + bids from the brackets, 2025 conference map","the sim's drawn team strength o + d, reference world seed 20251000; a dynasty regrades it from its own draw","IPEDS 2023 DRVGR (GBA6RTT) and DRVADM (DVADM01), NCES","IPEDS 2023 DRVEF (ENRTOT) and HD2024 (LOCALE), NCES; weighting GUESS","NOAA NCEI 1991-2020 monthly normals, nearest station: daily highs against a comfortable band (GUESS) and precipitation days","EADA 2024-25, baseball total expenses (U.S. Department of Education)","GUESS proxy: baseball expenses, regional hosting, conference","GUESS proxy: regional hosting, enrollment, conference","GUESS proxy, to be replaced by TV and streaming appearance counts: conference media footprint (config MEDIA_FOOTPRINT), NCAA tournament appearances, Omaha and super regional history","GUESS proxy: program tradition, baseball expenses, conference",neutral baseline for a new coach,neutral baseline for a new coach
230,596697,Southern Ind.,OVC,low,D+,0.171,B,C-,0.2671,B,C,0.3208,A,D,0.0717,A,C-,0.2655,C,C+,0.4495,A,D+,0.1319,A,D+,0.1384,D,C,0.2785,D,D,0.0619,D,D+,0.1221,D,C,,D,C,,D,0.0,0.0,0,0,0,0,0,0.4085,0.171,0.4691,0.1,-0.1895,52,95.0,True,9282,22,53.85,43.0,63.48,3.5,6.51,USC00122731,5.7,846172.0,False,"NCAA tournament brackets 2015-2025 (Wikipedia pages, data/ncaa_brackets) + D1 win pct 2021-2025 (data.ncaa.com scoreboards)","RPI computed from data.ncaa.com scoreboards 2021-2025 (engine/rpi.py) + bids from the brackets, 2025 conference map","the sim's drawn team strength o + d, reference world seed 20251000; a dynasty regrades it from its own draw","IPEDS 2023 DRVGR (GBA6RTT) and DRVADM (DVADM01), NCES","IPEDS 2023 DRVEF (ENRTOT) and HD2024 (LOCALE), NCES; weighting GUESS","NOAA NCEI 1991-2020 monthly normals, nearest station: daily highs against a comfortable band (GUESS) and precipitation days","EADA 2024-25, baseball total expenses (U.S. Department of Education)","GUESS proxy: baseball expenses, regional hosting, conference","GUESS proxy: regional hosting, enrollment, conference","GUESS proxy, to be replaced by TV and streaming appearance counts: conference media footprint (config MEDIA_FOOTPRINT), NCAA tournament appearances, Omaha and super regional history","GUESS proxy: program tradition, baseball expenses, conference",neutral baseline for a new coach,neutral baseline for a new coach
231,596719,Southern Miss.,Sun Belt,mid,A-,0.9072,B,B,0.7394,B,B-,0.5489,A,F,0.0147,A,C+,0.4967,C,B,0.702,A,B,0.7117,A,A-,0.855,D,A-,0.8518,D,B+,0.8127,D,B+,0.8388,D,C,,D,C,,D,11.5801,3.0338,10,4,2,0,0,0.704,0.9072,0.5228,0.2484,0.0777,51,99.0,True,13110,13,62.8,36.7,74.2,0.0,2.569,USC00223887,5.0,2372082.0,False,"NCAA tournament brackets 2015-2025 (Wikipedia pages, data/ncaa_brackets) + D1 win pct 2021-2025 (data.ncaa.com scoreboards)","RPI computed from data.ncaa.com scoreboards 2021-2025 (engine/rpi.py) + bids from the brackets, 2025 conference map","the sim's drawn team strength o + d, reference world seed 20251000; a dynasty regrades it from its own draw","IPEDS 2023 DRVGR (GBA6RTT) and DRVADM (DVADM01), NCES","IPEDS 2023 DRVEF (ENRTOT) and HD2024 (LOCALE), NCES; weighting GUESS","NOAA NCEI 1991-2020 monthly normals, nearest station: daily highs against a comfortable band (GUESS) and precipitation days","EADA 2024-25, baseball total expenses (U.S. Department of Education)","GUESS proxy: baseball expenses, regional hosting, conference","GUESS proxy: regional hosting, enrollment, conference","GUESS proxy, to be replaced by TV and streaming appearance counts: conference media footprint (config MEDIA_FOOTPRINT), NCAA tournament appearances, Omaha and super regional history","GUESS proxy: program tradition, baseball expenses, conference",neutral baseline for a new coach,neutral baseline for a new coach
232,596684,Southern U.,SWAC,low,B-,0.5195,B,F,0.0195,B,C,0.3404,A,B,0.6531,A,C,0.3469,C,B,0.741,A,D,0.0928,A,D-,0.0489,D,D+,0.1221,D,C+,0.3941,D,D+,0.1743,D,C,,D,C,,D,0.8536,0.0,2,0,0,0,0,0.4428,0.5195,0.4194,0.0833,-0.1683,28,50.0,True,7341,12,65.35,34.0,76.12,0.0,2.38,USW00013970,2.7,761519.0,False,"NCAA tournament brackets 2015-2025 (Wikipedia pages, data/ncaa_brackets) + D1 win pct 2021-2025 (data.ncaa.com scoreboards)","RPI computed from data.ncaa.com scoreboards 2021-2025 (engine/rpi.py) + bids from the brackets, 2025 conference map","the sim's drawn team strength o + d, reference world seed 20251000; a dynasty regrades it from its own draw","IPEDS 2023 DRVGR (GBA6RTT) and DRVADM (DVADM01), NCES","IPEDS 2023 DRVEF (ENRTOT) and HD2024 (LOCALE), NCES; weighting GUESS","NOAA NCEI 1991-2020 monthly normals, nearest station: daily highs against a comfortable band (GUESS) and precipitation days","EADA 2024-25, baseball total expenses (U.S. Department of Education)","GUESS proxy: baseball expenses, regional hosting, conference","GUESS proxy: regional hosting, enrollment, conference","GUESS proxy, to be replaced by TV and streaming appearance counts: conference media footprint (config MEDIA_FOOTPRINT), NCAA tournament appearances, Omaha and super regional history","GUESS proxy: program tradition, baseball expenses, conference",neutral baseline for a new coach,neutral baseline for a new coach
233,596662,St. Bonaventure,Atlantic 10,mid,D-,0.044,B,C-,0.2052,B,C+,0.4511,A,C+,0.4316,A,F,0.0212,C,D-,0.0309,A,C-,0.1873,A,D+,0.1612,D,D,0.1059,D,C-,0.215,D,D,0.0651,D,C,,D,C,,D,0.0,0.0,0,0,0,0,0,0.2748,0.044,0.4775,0.0833,-0.0421,70,82.0,True,2603,33,39.3,59.5,50.58,11.5,15.665,USC00306196,1.6,930962.0,False,"NCAA tournament brackets 2015-2025 (Wikipedia pages, data/ncaa_brackets) + D1 win pct 2021-2025 (data.ncaa.com scoreboards)","RPI computed from data.ncaa.com scoreboards 2021-2025 (engine/rpi.py) + bids from the brackets, 2025 conference map","the sim's drawn team strength o + d, reference world seed 20251000; a dynasty regrades it from its own draw","IPEDS 2023 DRVGR (GBA6RTT) and DRVADM (DVADM01), NCES","IPEDS 2023 DRVEF (ENRTOT) and HD2024 (LOCALE), NCES; weighting GUESS","NOAA NCEI 1991-2020 monthly normals, nearest station: daily highs against a comfortable band (GUESS) and precipitation days","EADA 2024-25, baseball total expenses (U.S. Department of Education)","GUESS proxy: baseball expenses, regional hosting, conference","GUESS proxy: regional hosting, enrollment, conference","GUESS proxy, to be replaced by TV and streaming appearance counts: conference media footprint (config MEDIA_FOOTPRINT), NCAA tournament appearances, Omaha and super regional history","GUESS proxy: program tradition, baseball expenses, conference",neutral baseline for a new coach,neutral baseline for a new coach
234,596717,St. John's (NY),Big East,mid,B+,0.8485,B,B,0.671,B,B-,0.5717,A,C+,0.4495,A,B,0.728,C,C-,0.259,A,B-,0.5651,A,B-,0.601,D,B,0.6433,D,B+,0.7964,D,B+,0.7704,D,C,,D,C,,D,5.1326,0.0,5,0,1,0,0,0.5465,0.8485,0.5067,0.1781,0.0972,68,80.0,True,19691,11,49.17,43.9,56.42,6.85,9.923,USW00014732,5.9,1769746.0,False,"NCAA tournament brackets 2015-2025 (Wikipedia pages, data/ncaa_brackets) + D1 win pct 2021-2025 (data.ncaa.com scoreboards)","RPI computed from data.ncaa.com scoreboards 2021-2025 (engine/rpi.py) + bids from the brackets, 2025 conference map","the sim's drawn team strength o + d, reference world seed 20251000; a dynasty regrades it from its own draw","IPEDS 2023 DRVGR (GBA6RTT) and DRVADM (DVADM01), NCES","IPEDS 2023 DRVEF (ENRTOT) and HD2024 (LOCALE), NCES; weighting GUESS","NOAA NCEI 1991-2020 monthly normals, nearest station: daily highs against a comfortable band (GUESS) and precipitation days","EADA 2024-25, baseball total expenses (U.S. Department of Education)","GUESS proxy: baseball expenses, regional hosting, conference","GUESS proxy: regional hosting, enrollment, conference","GUESS proxy, to be replaced by TV and streaming appearance counts: conference media footprint (config MEDIA_FOOTPRINT), NCAA tournament appearances, Omaha and super regional history","GUESS proxy: program tradition, baseball expenses, conference",neutral baseline for a new coach,neutral baseline for a new coach
235,596417,St. Thomas (MN),Summit League,low,C-,0.2068,B,C+,0.4137,B,D+,0.1189,A,C+,0.4153,A,C+,0.4886,C,F,0.0081,A,C,0.3469,A,C,0.3632,D,C,0.3404,D,D,0.0619,D,C-,0.2492,D,C,,D,C,,D,0.0,0.0,0,0,0,0,0,0.4383,0.2068,0.4611,0.1667,-0.5699,77,85.0,True,9121,11,37.92,37.8,46.92,14.85,17.496,USC00218450,3.3,1229569.0,False,"NCAA tournament brackets 2015-2025 (Wikipedia pages, data/ncaa_brackets) + D1 win pct 2021-2025 (data.ncaa.com scoreboards)","RPI computed from data.ncaa.com scoreboards 2021-2025 (engine/rpi.py) + bids from the brackets, 2025 conference map","the sim's drawn team strength o + d, reference world seed 20251000; a dynasty regrades it from its own draw","IPEDS 2023 DRVGR (GBA6RTT) and DRVADM (DVADM01), NCES","IPEDS 2023 DRVEF (ENRTOT) and HD2024 (LOCALE), NCES; weighting GUESS","NOAA NCEI 1991-2020 monthly normals, nearest station: daily highs against a comfortable band (GUESS) and precipitation days","EADA 2024-25, baseball total expenses (U.S. Department of Education)","GUESS proxy: baseball expenses, regional hosting, conference","GUESS proxy: regional hosting, enrollment, conference","GUESS proxy, to be replaced by TV and streaming appearance counts: conference media footprint (config MEDIA_FOOTPRINT), NCAA tournament appearances, Omaha and super regional history","GUESS proxy: program tradition, baseball expenses, conference",neutral baseline for a new coach,neutral baseline for a new coach
236,596688,Stanford,ACC,p4,A,0.9397,B,A,0.9218,B,A,0.9267,A,A+,0.9821,A,B-,0.5879,C,A-,0.8974,A,A-,0.8713,A,A-,0.9169,D,A-,0.9007,D,A,0.93,D,A,0.9235,D,C,,D,C,,D,15.1208,2.7026,6,6,4,3,0,0.5868,0.9397,0.5642,0.5583,0.7537,93,4.0,True,18446,21,56.1,26.0,67.28,0.0,1.82,USC00046646,1.8,4344255.0,False,"NCAA tournament brackets 2015-2025 (Wikipedia pages, data/ncaa_brackets) + D1 win pct 2021-2025 (data.ncaa.com scoreboards)","RPI computed from data.ncaa.com scoreboards 2021-2025 (engine/rpi.py) + bids from the brackets, 2025 conference map","the sim's drawn team strength o + d, reference world seed 20251000; a dynasty regrades it from its own draw","IPEDS 2023 DRVGR (GBA6RTT) and DRVADM (DVADM01), NCES","IPEDS 2023 DRVEF (ENRTOT) and HD2024 (LOCALE), NCES; weighting GUESS","NOAA NCEI 1991-2020 monthly normals, nearest station: daily highs against a comfortable band (GUESS) and precipitation days","EADA 2024-25, baseball total expenses (U.S. Department of Education)","GUESS proxy: baseball expenses, regional hosting, conference","GUESS proxy: regional hosting, enrollment, conference","GUESS proxy, to be replaced by TV and streaming appearance counts: conference media footprint (config MEDIA_FOOTPRINT), NCAA tournament appearances, Omaha and super regional history","GUESS proxy: program tradition, baseball expenses, conference",neutral baseline for a new coach,neutral baseline for a new coach
237,596720,Stetson,ASUN,mid,B+,0.7964,B,D+,0.1303,B,D+,0.1417,A,C,0.316,A,D+,0.1352,C,B+,0.8388,A,B,0.7313,A,B,0.741,D,C+,0.3893,D,B+,0.7508,D,B,0.6433,D,C,,D,C,,D,3.2403,0.2973,4,1,1,0,0,0.603,0.7964,0.4721,0.0697,-0.5246,63,86.0,True,3669,13,66.78,30.1,78.9,0.0,2.107,USC00082229,1.8,2512324.0,False,"NCAA tournament brackets 2015-2025 (Wikipedia pages, data/ncaa_brackets) + D1 win pct 2021-2025 (data.ncaa.com scoreboards)","RPI computed from data.ncaa.com scoreboards 2021-2025 (engine/rpi.py) + bids from the brackets, 2025 conference map","the sim's drawn team strength o + d, reference world seed 20251000; a dynasty regrades it from its own draw","IPEDS 2023 DRVGR (GBA6RTT) and DRVADM (DVADM01), NCES","IPEDS 2023 DRVEF (ENRTOT) and HD2024 (LOCALE), NCES; weighting GUESS","NOAA NCEI 1991-2020 monthly normals, nearest station: daily highs against a comfortable band (GUESS) and precipitation days","EADA 2024-25, baseball total expenses (U.S. Department of Education)","GUESS proxy: baseball expenses, regional hosting, conference","GUESS proxy: regional hosting, enrollment, conference","GUESS proxy, to be replaced by TV and streaming appearance counts: conference media footprint (config MEDIA_FOOTPRINT), NCAA tournament appearances, Omaha and super regional history","GUESS proxy: program tradition, baseball expenses, conference",neutral baseline for a new coach,neutral baseline for a new coach
238,596698,Stonehill,NEC,low,D+,0.1156,B,D+,0.1678,B,C+,0.4218,A,B,0.6678,A,D,0.0831,C,D+,0.1612,A,C-,0.2622,A,C-,0.2231,D,D,0.0733,D,D,0.0619,D,D,0.1059,D,C,,D,C,,D,0.0,0.0,0,0,0,0,0,0.3622,0.1156,0.4205,0.1182,-0.0775,81,73.0,True,2584,21,44.17,47.8,54.38,8.05,11.396,USC00190860,3.8,1061741.0,False,"NCAA tournament brackets 2015-2025 (Wikipedia pages, data/ncaa_brackets) + D1 win pct 2021-2025 (data.ncaa.com scoreboards)","RPI computed from data.ncaa.com scoreboards 2021-2025 (engine/rpi.py) + bids from the brackets, 2025 conference map","the sim's drawn team strength o + d, reference world seed 20251000; a dynasty regrades it from its own draw","IPEDS 2023 DRVGR (GBA6RTT) and DRVADM (DVADM01), NCES","IPEDS 2023 DRVEF (ENRTOT) and HD2024 (LOCALE), NCES; weighting GUESS","NOAA NCEI 1991-2020 monthly normals, nearest station: daily highs against a comfortable band (GUESS) and precipitation days","EADA 2024-25, baseball total expenses (U.S. Department of Education)","GUESS proxy: baseball expenses, regional hosting, conference","GUESS proxy: regional hosting, enrollment, conference","GUESS proxy, to be replaced by TV and streaming appearance counts: conference media footprint (config MEDIA_FOOTPRINT), NCAA tournament appearances, Omaha and super regional history","GUESS proxy: program tradition, baseball expenses, conference",neutral baseline for a new coach,neutral baseline for a new coach
239,596690,Stony Brook,CAA,mid,C+,0.4609,B,B-,0.6026,B,C+,0.4283,A,B+,0.7801,A,B,0.6661,C,D+,0.1661,A,B-,0.5489,A,B-,0.5717,D,B,0.6612,D,B-,0.5668,D,B-,0.5782,D,C,,D,C,,D,0.5303,0.0,2,0,0,0,0,0.4917,0.4609,0.5029,0.1407,-0.0741,78,49.0,True,25865,21,45.6,43.6,53.83,8.25,11.302,USW00004781,8.4,1725391.0,False,"NCAA tournament brackets 2015-2025 (Wikipedia pages, data/ncaa_brackets) + D1 win pct 2021-2025 (data.ncaa.com scoreboards)","RPI computed from data.ncaa.com scoreboards 2021-2025 (engine/rpi.py) + bids from the brackets, 2025 conference map","the sim's drawn team strength o + d, reference world seed 20251000; a dynasty regrades it from its own draw","IPEDS 2023 DRVGR (GBA6RTT) and DRVADM (DVADM01), NCES","IPEDS 2023 DRVEF (ENRTOT) and HD2024 (LOCALE), NCES; weighting GUESS","NOAA NCEI 1991-2020 monthly normals, nearest station: daily highs against a comfortable band (GUESS) and precipitation days","EADA 2024-25, baseball total expenses (U.S. Department of Education)","GUESS proxy: baseball expenses, regional hosting, conference","GUESS proxy: regional hosting, enrollment, conference","GUESS proxy, to be replaced by TV and streaming appearance counts: conference media footprint (config MEDIA_FOOTPRINT), NCAA tournament appearances, Omaha and super regional history","GUESS proxy: program tradition, baseball expenses, conference",neutral baseline for a new coach,neutral baseline for a new coach
240,596421,TCU,Big 12,p4,A-,0.9104,B,A-,0.873,B,A-,0.9007,A,B+,0.8355,A,B-,0.5977,C,B+,0.8453,A,A+,0.9756,A,A,0.9397,D,A-,0.855,D,A,0.9235,D,A,0.93,D,C,,D,C,,D,11.6498,1.137,8,4,4,4,0,0.6512,0.9104,0.5414,0.4043,0.6179,85,43.0,True,12785,11,61.4,30.0,73.78,0.0,2.1,USC00410691,6.3,8153084.0,False,"NCAA tournament brackets 2015-2025 (Wikipedia pages, data/ncaa_brackets) + D1 win pct 2021-2025 (data.ncaa.com scoreboards)","RPI computed from data.ncaa.com scoreboards 2021-2025 (engine/rpi.py) + bids from the brackets, 2025 conference map","the sim's drawn team strength o + d, reference world seed 20251000; a dynasty regrades it from its own draw","IPEDS 2023 DRVGR (GBA6RTT) and DRVADM (DVADM01), NCES","IPEDS 2023 DRVEF (ENRTOT) and HD2024 (LOCALE), NCES; weighting GUESS","NOAA NCEI 1991-2020 monthly normals, nearest station: daily highs against a comfortable band (GUESS) and precipitation days","EADA 2024-25, baseball total expenses (U.S. Department of Education)","GUESS proxy: baseball expenses, regional hosting, conference","GUESS proxy: regional hosting, enrollment, conference","GUESS proxy, to be replaced by TV and streaming appearance counts: conference media footprint (config MEDIA_FOOTPRINT), NCAA tournament appearances, Omaha and super regional history","GUESS proxy: program tradition, baseball expenses, conference",neutral baseline for a new coach,neutral baseline for a new coach
241,596700,Tarleton St.,WAC,mid,B-,0.5945,B,C,0.3339,B,B+,0.7899,A,D,0.0863,A,C,0.272,C,A-,0.8746,A,B-,0.5098,A,C+,0.4479,D,C+,0.4446,D,C+,0.4935,D,B-,0.5195,D,C,,D,C,,D,1.1892,0.0,1,0,0,0,0,0.4265,0.5945,0.4797,0.0895,0.3957,51,94.0,True,15937,33,60.62,27.8,74.42,0.0,1.946,USW00003969,1.2,1650245.0,False,"NCAA tournament brackets 2015-2025 (Wikipedia pages, data/ncaa_brackets) + D1 win pct 2021-2025 (data.ncaa.com scoreboards)","RPI computed from data.ncaa.com scoreboards 2021-2025 (engine/rpi.py) + bids from the brackets, 2025 conference map","the sim's drawn team strength o + d, reference world seed 20251000; a dynasty regrades it from its own draw","IPEDS 2023 DRVGR (GBA6RTT) and DRVADM (DVADM01), NCES","IPEDS 2023 DRVEF (ENRTOT) and HD2024 (LOCALE), NCES; weighting GUESS","NOAA NCEI 1991-2020 monthly normals, nearest station: daily highs against a comfortable band (GUESS) and precipitation days","EADA 2024-25, baseball total expenses (U.S. Department of Education)","GUESS proxy: baseball expenses, regional hosting, conference","GUESS proxy: regional hosting, enrollment, conference","GUESS proxy, to be replaced by TV and streaming appearance counts: conference media footprint (config MEDIA_FOOTPRINT), NCAA tournament appearances, Omaha and super regional history","GUESS proxy: program tradition, baseball expenses, conference",neutral baseline for a new coach,neutral baseline for a new coach
242,596721,Tennessee,SEC,p4,A+,0.9919,B,A+,0.9739,B,B,0.7052,A,B+,0.7752,A,B+,0.8453,C,B-,0.5228,A,A+,0.9984,A,A+,0.9951,D,A+,0.9788,D,A,0.9691,D,A+,0.9951,D,C,,D,C,,D,24.0728,2.9355,7,4,5,3,1,0.7536,0.9919,0.5817,0.7542,0.2592,73,46.0,True,36304,12,53.2,46.7,65.78,1.875,5.144,USC00404946,4.1,11445793.0,False,"NCAA tournament brackets 2015-2025 (Wikipedia pages, data/ncaa_brackets) + D1 win pct 2021-2025 (data.ncaa.com scoreboards)","RPI computed from data.ncaa.com scoreboards 2021-2025 (engine/rpi.py) + bids from the brackets, 2025 conference map","the sim's drawn team strength o + d, reference world seed 20251000; a dynasty regrades it from its own draw","IPEDS 2023 DRVGR (GBA6RTT) and DRVADM (DVADM01), NCES","IPEDS 2023 DRVEF (ENRTOT) and HD2024 (LOCALE), NCES; weighting GUESS","NOAA NCEI 1991-2020 monthly normals, nearest station: daily highs against a comfortable band (GUESS) and precipitation days","EADA 2024-25, baseball total expenses (U.S. Department of Education)","GUESS proxy: baseball expenses, regional hosting, conference","GUESS proxy: regional hosting, enrollment, conference","GUESS proxy, to be replaced by TV and streaming appearance counts: conference media footprint (config MEDIA_FOOTPRINT), NCAA tournament appearances, Omaha and super regional history","GUESS proxy: program tradition, baseball expenses, conference",neutral baseline for a new coach,neutral baseline for a new coach
243,596691,Tennessee Tech,OVC,low,B-,0.6173,B,C-,0.2671,B,F,0.0244,A,C,0.3306,A,D+,0.1319,C,C+,0.4837,A,C,0.272,A,C-,0.2687,D,C,0.2948,D,B-,0.5098,D,C+,0.386,D,C,,D,C,,D,1.1419,0.0,2,0,1,0,0,0.5247,0.6173,0.4691,0.1,-1.0919,54,83.0,True,10117,33,52.45,49.3,64.67,2.15,5.601,USC00402009,4.6,1085525.0,False,"NCAA tournament brackets 2015-2025 (Wikipedia pages, data/ncaa_brackets) + D1 win pct 2021-2025 (data.ncaa.com scoreboards)","RPI computed from data.ncaa.com scoreboards 2021-2025 (engine/rpi.py) + bids from the brackets, 2025 conference map","the sim's drawn team strength o + d, reference world seed 20251000; a dynasty regrades it from its own draw","IPEDS 2023 DRVGR (GBA6RTT) and DRVADM (DVADM01), NCES","IPEDS 2023 DRVEF (ENRTOT) and HD2024 (LOCALE), NCES; weighting GUESS","NOAA NCEI 1991-2020 monthly normals, nearest station: daily highs against a comfortable band (GUESS) and precipitation days","EADA 2024-25, baseball total expenses (U.S. Department of Education)","GUESS proxy: baseball expenses, regional hosting, conference","GUESS proxy: regional hosting, enrollment, conference","GUESS proxy, to be replaced by TV and streaming appearance counts: conference media footprint (config MEDIA_FOOTPRINT), NCAA tournament appearances, Omaha and super regional history","GUESS proxy: program tradition, baseball expenses, conference",neutral baseline for a new coach,neutral baseline for a new coach
244,596425,Texas,SEC,p4,A+,0.9853,B,A+,0.9739,B,C,0.2752,A,A-,0.8779,A,A+,0.9853,C,B+,0.7622,A,A+,0.9723,A,A+,0.9837,D,A+,0.9919,D,A+,0.9886,D,A+,0.9853,D,C,,D,C,,D,23.4568,3.5811,9,5,5,4,0,0.7048,0.9853,0.5817,0.7542,-0.2528,88,29.0,True,53082,11,66.33,32.6,76.75,0.0,2.282,USW00013958,2.9,8106674.0,False,"NCAA tournament brackets 2015-2025 (Wikipedia pages, data/ncaa_brackets) + D1 win pct 2021-2025 (data.ncaa.com scoreboards)","RPI computed from data.ncaa.com scoreboards 2021-2025 (engine/rpi.py) + bids from the brackets, 2025 conference map","the sim's drawn team strength o + d, reference world seed 20251000; a dynasty regrades it from its own draw","IPEDS 2023 DRVGR (GBA6RTT) and DRVADM (DVADM01), NCES","IPEDS 2023 DRVEF (ENRTOT) and HD2024 (LOCALE), NCES; weighting GUESS","NOAA NCEI 1991-2020 monthly normals, nearest station: daily highs against a comfortable band (GUESS) and precipitation days","EADA 2024-25, baseball total expenses (U.S. Department of Education)","GUESS proxy: baseball expenses, regional hosting, conference","GUESS proxy: regional hosting, enrollment, conference","GUESS proxy, to be replaced by TV and streaming appearance counts: conference media footprint (config MEDIA_FOOTPRINT), NCAA tournament appearances, Omaha and super regional history","GUESS proxy: program tradition, baseball expenses, conference",neutral baseline for a new coach,neutral baseline for a new coach
245,596420,Texas A&M,SEC,p4,A,0.9593,B,A+,0.9739,B,A-,0.8974,A,B,0.7476,A,A,0.9593,C,B+,0.7899,A,A+,0.9821,A,A+,0.9837,D,A+,0.9951,D,A+,0.9821,D,A+,0.9805,D,C,,D,C,,D,17.6738,3.0117,9,5,5,3,0,0.6277,0.9593,0.5817,0.7542,0.6013,84,63.0,True,76633,12,65.62,31.6,75.88,0.0,2.212,USW00003904,2.6,9012123.0,False,"NCAA tournament brackets 2015-2025 (Wikipedia pages, data/ncaa_brackets) + D1 win pct 2021-2025 (data.ncaa.com scoreboards)","RPI computed from data.ncaa.com scoreboards 2021-2025 (engine/rpi.py) + bids from the brackets, 2025 conference map","the sim's drawn team strength o + d, reference world seed 20251000; a dynasty regrades it from its own draw","IPEDS 2023 DRVGR (GBA6RTT) and DRVADM (DVADM01), NCES","IPEDS 2023 DRVEF (ENRTOT) and HD2024 (LOCALE), NCES; weighting GUESS","NOAA NCEI 1991-2020 monthly normals, nearest station: daily highs against a comfortable band (GUESS) and precipitation days","EADA 2024-25, baseball total expenses (U.S. Department of Education)","GUESS proxy: baseball expenses, regional hosting, conference","GUESS proxy: regional hosting, enrollment, conference","GUESS proxy, to be replaced by TV and streaming appearance counts: conference media footprint (config MEDIA_FOOTPRINT), NCAA tournament appearances, Omaha and super regional history","GUESS proxy: program tradition, baseball expenses, conference",neutral baseline for a new coach,neutral baseline for a new coach
246,596422,Texas Southern,SWAC,low,B-,0.5033,B,F,0.0195,B,D-,0.0375,A,D-,0.0407,A,C+,0.4511,C,A,0.9365,A,F,0.0179,A,F,0.0081,D,D+,0.1319,D,C+,0.4251,D,D+,0.145,D,C,,D,C,,D,0.7241,0.0,3,0,0,0,0,0.4602,0.5033,0.4194,0.0833,-0.9834,20,93.0,True,8469,11,67.15,20.6,76.22,0.0,1.442,USC00414326,5.2,470595.0,False,"NCAA tournament brackets 2015-2025 (Wikipedia pages, data/ncaa_brackets) + D1 win pct 2021-2025 (data.ncaa.com scoreboards)","RPI computed from data.ncaa.com scoreboards 2021-2025 (engine/rpi.py) + bids from the brackets, 2025 conference map","the sim's drawn team strength o + d, reference world seed 20251000; a dynasty regrades it from its own draw","IPEDS 2023 DRVGR (GBA6RTT) and DRVADM (DVADM01), NCES","IPEDS 2023 DRVEF (ENRTOT) and HD2024 (LOCALE), NCES; weighting GUESS","NOAA NCEI 1991-2020 monthly normals, nearest station: daily highs against a comfortable band (GUESS) and precipitation days","EADA 2024-25, baseball total expenses (U.S. Department of Education)","GUESS proxy: baseball expenses, regional hosting, conference","GUESS proxy: regional hosting, enrollment, conference","GUESS proxy, to be replaced by TV and streaming appearance counts: conference media footprint (config MEDIA_FOOTPRINT), NCAA tournament appearances, Omaha and super regional history","GUESS proxy: program tradition, baseball expenses, conference",neutral baseline for a new coach,neutral baseline for a new coach
247,596686,Texas St.,Sun Belt,mid,B,0.6922,B,B,0.7394,B,C,0.3046,A,C-,0.2231,A,B+,0.8127,C,B+,0.8453,A,B,0.7215,A,B,0.7313,D,B+,0.7638,D,B,0.7182,D,B+,0.7769,D,C,,D,C,,D,1.7838,0.0,2,0,0,0,0,0.5311,0.6922,0.5228,0.2484,-0.2119,56,89.0,True,38722,13,64.83,30.0,76.42,0.0,2.1,USC00417983,0.5,2411423.0,False,"NCAA tournament brackets 2015-2025 (Wikipedia pages, data/ncaa_brackets) + D1 win pct 2021-2025 (data.ncaa.com scoreboards)","RPI computed from data.ncaa.com scoreboards 2021-2025 (engine/rpi.py) + bids from the brackets, 2025 conference map","the sim's drawn team strength o + d, reference world seed 20251000; a dynasty regrades it from its own draw","IPEDS 2023 DRVGR (GBA6RTT) and DRVADM (DVADM01), NCES","IPEDS 2023 DRVEF (ENRTOT) and HD2024 (LOCALE), NCES; weighting GUESS","NOAA NCEI 1991-2020 monthly normals, nearest station: daily highs against a comfortable band (GUESS) and precipitation days","EADA 2024-25, baseball total expenses (U.S. Department of Education)","GUESS proxy: baseball expenses, regional hosting, conference","GUESS proxy: regional hosting, enrollment, conference","GUESS proxy, to be replaced by TV and streaming appearance counts: conference media footprint (config MEDIA_FOOTPRINT), NCAA tournament appearances, Omaha and super regional history","GUESS proxy: program tradition, baseball expenses, conference",neutral baseline for a new coach,neutral baseline for a new coach
248,596423,Texas Tech,Big 12,p4,A-,0.8941,B,A-,0.873,B,A,0.9332,A,B-,0.601,A,A,0.943,C,A,0.93,A,A,0.9365,A,A,0.9235,D,A,0.9463,D,A-,0.9039,D,A-,0.9169,D,C,,D,C,,D,9.8293,1.6111,7,5,4,3,0,0.561,0.8941,0.5414,0.4043,0.7732,64,71.0,True,40773,11,57.43,20.5,71.92,0.075,1.51,USW00023042,6.0,6242693.0,False,"NCAA tournament brackets 2015-2025 (Wikipedia pages, data/ncaa_brackets) + D1 win pct 2021-2025 (data.ncaa.com scoreboards)","RPI computed from data.ncaa.com scoreboards 2021-2025 (engine/rpi.py) + bids from the brackets, 2025 conference map","the sim's drawn team strength o + d, reference world seed 20251000; a dynasty regrades it from its own draw","IPEDS 2023 DRVGR (GBA6RTT) and DRVADM (DVADM01), NCES","IPEDS 2023 DRVEF (ENRTOT) and HD2024 (LOCALE), NCES; weighting GUESS","NOAA NCEI 1991-2020 monthly normals, nearest station: daily highs against a comfortable band (GUESS) and precipitation days","EADA 2024-25, baseball total expenses (U.S. Department of Education)","GUESS proxy: baseball expenses, regional hosting, conference","GUESS proxy: regional hosting, enrollment, conference","GUESS proxy, to be replaced by TV and streaming appearance counts: conference media footprint (config MEDIA_FOOTPRINT), NCAA tournament appearances, Omaha and super regional history","GUESS proxy: program tradition, baseball expenses, conference",neutral baseline for a new coach,neutral baseline for a new coach
249,596522,The Citadel,SoCon,mid,B-,0.6042,B,B-,0.57,B,B-,0.5065,A,D+,0.1417,A,C-,0.2003,C,A-,0.8534,A,C+,0.3925,A,C+,0.4381,D,C,0.3029,D,B-,0.5603,D,B-,0.5814,D,C,,D,C,,D,1.1892,0.0,1,0,0,0,0,0.4456,0.6042,0.5121,0.125,0.0197,73,98.0,True,3727,12,62.88,29.7,69.3,0.0,2.079,USW00013782,2.0,1299533.0,False,"NCAA tournament brackets 2015-2025 (Wikipedia pages, data/ncaa_brackets) + D1 win pct 2021-2025 (data.ncaa.com scoreboards)","RPI computed from data.ncaa.com scoreboards 2021-2025 (engine/rpi.py) + bids from the brackets, 2025 conference map","the sim's drawn team strength o + d, reference world seed 20251000; a dynasty regrades it from its own draw","IPEDS 2023 DRVGR (GBA6RTT) and DRVADM (DVADM01), NCES","IPEDS 2023 DRVEF (ENRTOT) and HD2024 (LOCALE), NCES; weighting GUESS","NOAA NCEI 1991-2020 monthly normals, nearest station: daily highs against a comfortable band (GUESS) and precipitation days","EADA 2024-25, baseball total expenses (U.S. Department of Education)","GUESS proxy: baseball expenses, regional hosting, conference","GUESS proxy: regional hosting, enrollment, conference","GUESS proxy, to be replaced by TV and streaming appearance counts: conference media footprint (config MEDIA_FOOTPRINT), NCAA tournament appearances, Omaha and super regional history","GUESS proxy: program tradition, baseball expenses, conference",neutral baseline for a new coach,neutral baseline for a new coach
250,596427,Toledo,MAC,mid,C,0.2752,B,C,0.3013,B,A-,0.9104,A,D,0.1075,A,B,0.6401,C,D+,0.1189,A,C,0.3404,A,C,0.3241,D,C+,0.3958,D,C-,0.215,D,C-,0.2459,D,C,,D,C,,D,0.0,0.0,0,0,0,0,0,0.4905,0.2752,0.4761,0.0909,0.6564,58,95.0,True,14939,11,44.48,45.8,53.4,9.4,12.606,USW00004848,9.8,1213276.0,False,"NCAA tournament brackets 2015-2025 (Wikipedia pages, data/ncaa_brackets) + D1 win pct 2021-2025 (data.ncaa.com scoreboards)","RPI computed from data.ncaa.com scoreboards 2021-2025 (engine/rpi.py) + bids from the brackets, 2025 conference map","the sim's drawn team strength o + d, reference world seed 20251000; a dynasty regrades it from its own draw","IPEDS 2023 DRVGR (GBA6RTT) and DRVADM (DVADM01), NCES","IPEDS 2023 DRVEF (ENRTOT) and HD2024 (LOCALE), NCES; weighting GUESS","NOAA NCEI 1991-2020 monthly normals, nearest station: daily highs against a comfortable band (GUESS) and precipitation days","EADA 2024-25, baseball total expenses (U.S. Department of Education)","GUESS proxy: baseball expenses, regional hosting, conference","GUESS proxy: regional hosting, enrollment, conference","GUESS proxy, to be replaced by TV and streaming appearance counts: conference media footprint (config MEDIA_FOOTPRINT), NCAA tournament appearances, Omaha and super regional history","GUESS proxy: program tradition, baseball expenses, conference",neutral baseline for a new coach,neutral baseline for a new coach
251,596428,Towson,CAA,mid,D,0.0863,B,B-,0.6026,B,B,0.6824,A,C+,0.3876,A,B-,0.614,C,C+,0.4088,A,C-,0.1938,A,C,0.2948,D,B-,0.6107,D,C-,0.215,D,C-,0.2199,D,C,,D,C,,D,0.0,0.0,0,0,0,0,0,0.3322,0.0863,0.5029,0.1407,0.2358,68,83.0,True,19527,13,52.7,42.7,61.18,4.5,7.489,USW00093784,7.8,937018.0,False,"NCAA tournament brackets 2015-2025 (Wikipedia pages, data/ncaa_brackets) + D1 win pct 2021-2025 (data.ncaa.com scoreboards)","RPI computed from data.ncaa.com scoreboards 2021-2025 (engine/rpi.py) + bids from the brackets, 2025 conference map","the sim's drawn team strength o + d, reference world seed 20251000; a dynasty regrades it from its own draw","IPEDS 2023 DRVGR (GBA6RTT) and DRVADM (DVADM01), NCES","IPEDS 2023 DRVEF (ENRTOT) and HD2024 (LOCALE), NCES; weighting GUESS","NOAA NCEI 1991-2020 monthly normals, nearest station: daily highs against a comfortable band (GUESS) and precipitation days","EADA 2024-25, baseball total expenses (U.S. Department of Education)","GUESS proxy: baseball expenses, regional hosting, conference","GUESS proxy: regional hosting, enrollment, conference","GUESS proxy, to be replaced by TV and streaming appearance counts: conference media footprint (config MEDIA_FOOTPRINT), NCAA tournament appearances, Omaha and super regional history","GUESS proxy: program tradition, baseball expenses, conference",neutral baseline for a new coach,neutral baseline for a new coach
252,596429,Troy,Sun Belt,mid,A-,0.8844,B,B,0.7394,B,C+,0.4805,A,D,0.0831,A,C-,0.2362,C,A-,0.8616,A,B-,0.5456,A,B-,0.6042,D,B-,0.627,D,B+,0.7866,D,B+,0.8029,D,C,,D,C,,D,8.1397,0.0,3,0,1,1,0,0.6147,0.8844,0.5228,0.2484,-0.011,46,93.0,True,13923,33,61.65,28.5,73.28,0.0,1.995,USC00018323,1.0,1721083.0,False,"NCAA tournament brackets 2015-2025 (Wikipedia pages, data/ncaa_brackets) + D1 win pct 2021-2025 (data.ncaa.com scoreboards)","RPI computed from data.ncaa.com scoreboards 2021-2025 (engine/rpi.py) + bids from the brackets, 2025 conference map","the sim's drawn team strength o + d, reference world seed 20251000; a dynasty regrades it from its own draw","IPEDS 2023 DRVGR (GBA6RTT) and DRVADM (DVADM01), NCES","IPEDS 2023 DRVEF (ENRTOT) and HD2024 (LOCALE), NCES; weighting GUESS","NOAA NCEI 1991-2020 monthly normals, nearest station: daily highs against a comfortable band (GUESS) and precipitation days","EADA 2024-25, baseball total expenses (U.S. Department of Education)","GUESS proxy: baseball expenses, regional hosting, conference","GUESS proxy: regional hosting, enrollment, conference","GUESS proxy, to be replaced by TV and streaming appearance counts: conference media footprint (config MEDIA_FOOTPRINT), NCAA tournament appearances, Omaha and super regional history","GUESS proxy: program tradition, baseball expenses, conference",neutral baseline for a new coach,neutral baseline for a new coach
253,596701,Tulane,The American,mid,B,0.7052,B,B,0.7003,B,B,0.7215,A,A-,0.9137,A,B-,0.6075,C,B+,0.8094,A,B+,0.8029,A,B+,0.7573,D,B-,0.5945,D,B+,0.7606,D,B+,0.7964,D,C,,D,C,,D,1.935,0.0,4,0,0,0,0,0.5168,0.7052,0.5148,0.2168,0.2699,89,15.0,True,13078,11,68.65,30.8,77.93,0.0,2.156,USW00012930,1.7,3423961.0,False,"NCAA tournament brackets 2015-2025 (Wikipedia pages, data/ncaa_brackets) + D1 win pct 2021-2025 (data.ncaa.com scoreboards)","RPI computed from data.ncaa.com scoreboards 2021-2025 (engine/rpi.py) + bids from the brackets, 2025 conference map","the sim's drawn team strength o + d, reference world seed 20251000; a dynasty regrades it from its own draw","IPEDS 2023 DRVGR (GBA6RTT) and DRVADM (DVADM01), NCES","IPEDS 2023 DRVEF (ENRTOT) and HD2024 (LOCALE), NCES; weighting GUESS","NOAA NCEI 1991-2020 monthly normals, nearest station: daily highs against a comfortable band (GUESS) and precipitation days","EADA 2024-25, baseball total expenses (U.S. Department of Education)","GUESS proxy: baseball expenses, regional hosting, conference","GUESS proxy: regional hosting, enrollment, conference","GUESS proxy, to be replaced by TV and streaming appearance counts: conference media footprint (config MEDIA_FOOTPRINT), NCAA tournament appearances, Omaha and super regional history","GUESS proxy: program tradition, baseball expenses, conference",neutral baseline for a new coach,neutral baseline for a new coach
254,596481,UAB,The American,mid,C-,0.1971,B,B,0.7003,B,B-,0.5423,A,C-,0.2508,A,B,0.6954,C,B,0.671,A,C+,0.4967,A,B-,0.5684,D,B,0.671,D,C,0.3371,D,C+,0.4316,D,C,,D,C,,D,0.0,0.0,0,0,0,0,0,0.4297,0.1971,0.5148,0.2168,0.064,62,88.0,True,21160,12,59.98,41.0,70.8,0.225,3.095,USW00013876,5.2,1612864.0,False,"NCAA tournament brackets 2015-2025 (Wikipedia pages, data/ncaa_brackets) + D1 win pct 2021-2025 (data.ncaa.com scoreboards)","RPI computed from data.ncaa.com scoreboards 2021-2025 (engine/rpi.py) + bids from the brackets, 2025 conference map","the sim's drawn team strength o + d, reference world seed 20251000; a dynasty regrades it from its own draw","IPEDS 2023 DRVGR (GBA6RTT) and DRVADM (DVADM01), NCES","IPEDS 2023 DRVEF (ENRTOT) and HD2024 (LOCALE), NCES; weighting GUESS","NOAA NCEI 1991-2020 monthly normals, nearest station: daily highs against a comfortable band (GUESS) and precipitation days","EADA 2024-25, baseball total expenses (U.S. Department of Education)","GUESS proxy: baseball expenses, regional hosting, conference","GUESS proxy: regional hosting, enrollment, conference","GUESS proxy, to be replaced by TV and streaming appearance counts: conference media footprint (config MEDIA_FOOTPRINT), NCAA tournament appearances, Omaha and super regional history","GUESS proxy: program tradition, baseball expenses, conference",neutral baseline for a new coach,neutral baseline for a new coach
255,596482,UAlbany,America East,low,D+,0.1254,B,C+,0.4544,B,C-,0.2655,A,B,0.6368,A,B,0.6368,C,D,0.0945,A,D,0.1059,A,D+,0.1743,D,B-,0.5489,D,D,0.0619,D,D+,0.1547,D,C,,D,C,,D,0.0,0.0,0,0,0,0,0,0.369,0.1254,0.4716,0.1429,-0.2916,64,70.0,True,16880,12,42.55,47.3,52.92,9.875,13.186,USW00014735,4.1,785151.0,False,"NCAA tournament brackets 2015-2025 (Wikipedia pages, data/ncaa_brackets) + D1 win pct 2021-2025 (data.ncaa.com scoreboards)","RPI computed from data.ncaa.com scoreboards 2021-2025 (engine/rpi.py) + bids from the brackets, 2025 conference map","the sim's drawn team strength o + d, reference world seed 20251000; a dynasty regrades it from its own draw","IPEDS 2023 DRVGR (GBA6RTT) and DRVADM (DVADM01), NCES","IPEDS 2023 DRVEF (ENRTOT) and HD2024 (LOCALE), NCES; weighting GUESS","NOAA NCEI 1991-2020 monthly normals, nearest station: daily highs against a comfortable band (GUESS) and precipitation days","EADA 2024-25, baseball total expenses (U.S. Department of Education)","GUESS proxy: baseball expenses, regional hosting, conference","GUESS proxy: regional hosting, enrollment, conference","GUESS proxy, to be replaced by TV and streaming appearance counts: conference media footprint (config MEDIA_FOOTPRINT), NCAA tournament appearances, Omaha and super regional history","GUESS proxy: program tradition, baseball expenses, conference",neutral baseline for a new coach,neutral baseline for a new coach
256,596512,UC Davis,Big West,mid,D+,0.1189,B,B,0.6401,B,B,0.6564,A,B+,0.8388,A,B,0.6987,C,A-,0.8876,A,C+,0.4707,A,B-,0.5391,D,B,0.7476,D,C-,0.215,D,C,0.3306,D,C,,D,C,,D,0.0,0.0,0,0,0,0,0,0.3676,0.1189,0.5024,0.1493,0.2012,85,42.0,True,39707,23,57.97,27.5,70.15,0.0,1.925,USC00042294,1.5,1545091.0,False,"NCAA tournament brackets 2015-2025 (Wikipedia pages, data/ncaa_brackets) + D1 win pct 2021-2025 (data.ncaa.com scoreboards)","RPI computed from data.ncaa.com scoreboards 2021-2025 (engine/rpi.py) + bids from the brackets, 2025 conference map","the sim's drawn team strength o + d, reference world seed 20251000; a dynasty regrades it from its own draw","IPEDS 2023 DRVGR (GBA6RTT) and DRVADM (DVADM01), NCES","IPEDS 2023 DRVEF (ENRTOT) and HD2024 (LOCALE), NCES; weighting GUESS","NOAA NCEI 1991-2020 monthly normals, nearest station: daily highs against a comfortable band (GUESS) and precipitation days","EADA 2024-25, baseball total expenses (U.S. Department of Education)","GUESS proxy: baseball expenses, regional hosting, conference","GUESS proxy: regional hosting, enrollment, conference","GUESS proxy, to be replaced by TV and streaming appearance counts: conference media footprint (config MEDIA_FOOTPRINT), NCAA tournament appearances, Omaha and super regional history","GUESS proxy: program tradition, baseball expenses, conference",neutral baseline for a new coach,neutral baseline for a new coach
257,596513,UC Irvine,Big West,mid,B+,0.7508,B,B,0.6401,B,B+,0.8062,A,A-,0.8746,A,A,0.9202,C,A,0.9528,A,B,0.7085,A,B,0.6889,D,B,0.728,D,B,0.6824,D,B+,0.7671,D,C,,D,C,,D,2.3409,0.0,3,0,0,0,0,0.691,0.7508,0.5024,0.1493,0.4239,86,26.0,True,36582,11,61.58,18.7,68.98,0.0,1.309,USW00093184,2.6,2318489.0,False,"NCAA tournament brackets 2015-2025 (Wikipedia pages, data/ncaa_brackets) + D1 win pct 2021-2025 (data.ncaa.com scoreboards)","RPI computed from data.ncaa.com scoreboards 2021-2025 (engine/rpi.py) + bids from the brackets, 2025 conference map","the sim's drawn team strength o + d, reference world seed 20251000; a dynasty regrades it from its own draw","IPEDS 2023 DRVGR (GBA6RTT) and DRVADM (DVADM01), NCES","IPEDS 2023 DRVEF (ENRTOT) and HD2024 (LOCALE), NCES; weighting GUESS","NOAA NCEI 1991-2020 monthly normals, nearest station: daily highs against a comfortable band (GUESS) and precipitation days","EADA 2024-25, baseball total expenses (U.S. Department of Education)","GUESS proxy: baseball expenses, regional hosting, conference","GUESS proxy: regional hosting, enrollment, conference","GUESS proxy, to be replaced by TV and streaming appearance counts: conference media footprint (config MEDIA_FOOTPRINT), NCAA tournament appearances, Omaha and super regional history","GUESS proxy: program tradition, baseball expenses, conference",neutral baseline for a new coach,neutral baseline for a new coach
258,596515,UC Riverside,Big West,mid,D-,0.0309,B,B,0.6401,B,C+,0.3958,A,B,0.7248,A,B+,0.8225,C,A,0.9495,A,C+,0.4609,A,B-,0.5261,D,B,0.6857,D,C-,0.215,D,C,0.2915,D,C,,D,C,,D,0.0,0.0,0,0,0,0,0,0.26,0.0309,0.5024,0.1493,-0.1156,77,63.0,True,26426,11,61.77,18.8,74.42,0.0,1.316,USC00047473,2.0,1510903.0,False,"NCAA tournament brackets 2015-2025 (Wikipedia pages, data/ncaa_brackets) + D1 win pct 2021-2025 (data.ncaa.com scoreboards)","RPI computed from data.ncaa.com scoreboards 2021-2025 (engine/rpi.py) + bids from the brackets, 2025 conference map","the sim's drawn team strength o + d, reference world seed 20251000; a dynasty regrades it from its own draw","IPEDS 2023 DRVGR (GBA6RTT) and DRVADM (DVADM01), NCES","IPEDS 2023 DRVEF (ENRTOT) and HD2024 (LOCALE), NCES; weighting GUESS","NOAA NCEI 1991-2020 monthly normals, nearest station: daily highs against a comfortable band (GUESS) and precipitation days","EADA 2024-25, baseball total expenses (U.S. Department of Education)","GUESS proxy: baseball expenses, regional hosting, conference","GUESS proxy: regional hosting, enrollment, conference","GUESS proxy, to be replaced by TV and streaming appearance counts: conference media footprint (config MEDIA_FOOTPRINT), NCAA tournament appearances, Omaha and super regional history","GUESS proxy: program tradition, baseball expenses, conference",neutral baseline for a new coach,neutral baseline for a new coach
259,596694,UC San Diego,Big West,mid,C,0.3208,B,B,0.6401,B,C-,0.2264,A,A-,0.8844,A,A,0.9463,C,A,0.9202,A,B,0.6759,A,B,0.6694,D,B+,0.7541,D,C-,0.215,D,B-,0.5619,D,C,,D,C,,D,0.0,0.0,0,0,0,0,0,0.5485,0.3208,0.5024,0.1493,-0.369,88,25.0,True,42376,11,60.45,23.5,69.22,0.0,1.645,USW00093107,6.0,2190750.0,False,"NCAA tournament brackets 2015-2025 (Wikipedia pages, data/ncaa_brackets) + D1 win pct 2021-2025 (data.ncaa.com scoreboards)","RPI computed from data.ncaa.com scoreboards 2021-2025 (engine/rpi.py) + bids from the brackets, 2025 conference map","the sim's drawn team strength o + d, reference world seed 20251000; a dynasty regrades it from its own draw","IPEDS 2023 DRVGR (GBA6RTT) and DRVADM (DVADM01), NCES","IPEDS 2023 DRVEF (ENRTOT) and HD2024 (LOCALE), NCES; weighting GUESS","NOAA NCEI 1991-2020 monthly normals, nearest station: daily highs against a comfortable band (GUESS) and precipitation days","EADA 2024-25, baseball total expenses (U.S. Department of Education)","GUESS proxy: baseball expenses, regional hosting, conference","GUESS proxy: regional hosting, enrollment, conference","GUESS proxy, to be replaced by TV and streaming appearance counts: conference media footprint (config MEDIA_FOOTPRINT), NCAA tournament appearances, Omaha and super regional history","GUESS proxy: program tradition, baseball expenses, conference",neutral baseline for a new coach,neutral baseline for a new coach
260,596510,UC Santa Barbara,Big West,mid,A-,0.8648,B,B,0.6401,B,B-,0.5847,A,A-,0.8648,A,B-,0.627,C,A,0.956,A,B+,0.8094,A,A-,0.8583,D,A-,0.8648,D,B+,0.7801,D,B+,0.829,D,C,,D,C,,D,5.9341,1.0177,7,2,1,1,0,0.6986,0.8648,0.5024,0.1493,0.1139,85,28.0,True,26068,22,57.03,18.4,66.67,0.0,1.288,USW00023190,0.7,3435494.0,False,"NCAA tournament brackets 2015-2025 (Wikipedia pages, data/ncaa_brackets) + D1 win pct 2021-2025 (data.ncaa.com scoreboards)","RPI computed from data.ncaa.com scoreboards 2021-2025 (engine/rpi.py) + bids from the brackets, 2025 conference map","the sim's drawn team strength o + d, reference world seed 20251000; a dynasty regrades it from its own draw","IPEDS 2023 DRVGR (GBA6RTT) and DRVADM (DVADM01), NCES","IPEDS 2023 DRVEF (ENRTOT) and HD2024 (LOCALE), NCES; weighting GUESS","NOAA NCEI 1991-2020 monthly normals, nearest station: daily highs against a comfortable band (GUESS) and precipitation days","EADA 2024-25, baseball total expenses (U.S. Department of Education)","GUESS proxy: baseball expenses, regional hosting, conference","GUESS proxy: regional hosting, enrollment, conference","GUESS proxy, to be replaced by TV and streaming appearance counts: conference media footprint (config MEDIA_FOOTPRINT), NCAA tournament appearances, Omaha and super regional history","GUESS proxy: program tradition, baseball expenses, conference",neutral baseline for a new coach,neutral baseline for a new coach
261,596519,UCF,Big 12,p4,B,0.7345,B,A-,0.873,B,A-,0.9039,A,B+,0.8094,A,A-,0.8844,C,B+,0.8453,A,B+,0.8257,A,B+,0.8029,D,B+,0.842,D,B+,0.842,D,B+,0.8485,D,C,,D,C,,D,2.2801,0.0,3,0,0,0,0,0.5597,0.7345,0.5414,0.4043,0.6286,75,40.0,True,69233,21,71.0,30.0,81.02,0.0,2.1,USW00012841,8.9,3580433.0,False,"NCAA tournament brackets 2015-2025 (Wikipedia pages, data/ncaa_brackets) + D1 win pct 2021-2025 (data.ncaa.com scoreboards)","RPI computed from data.ncaa.com scoreboards 2021-2025 (engine/rpi.py) + bids from the brackets, 2025 conference map","the sim's drawn team strength o + d, reference world seed 20251000; a dynasty regrades it from its own draw","IPEDS 2023 DRVGR (GBA6RTT) and DRVADM (DVADM01), NCES","IPEDS 2023 DRVEF (ENRTOT) and HD2024 (LOCALE), NCES; weighting GUESS","NOAA NCEI 1991-2020 monthly normals, nearest station: daily highs against a comfortable band (GUESS) and precipitation days","EADA 2024-25, baseball total expenses (U.S. Department of Education)","GUESS proxy: baseball expenses, regional hosting, conference","GUESS proxy: regional hosting, enrollment, conference","GUESS proxy, to be replaced by TV and streaming appearance counts: conference media footprint (config MEDIA_FOOTPRINT), NCAA tournament appearances, Omaha and super regional history","GUESS proxy: program tradition, baseball expenses, conference",neutral baseline for a new coach,neutral baseline for a new coach
262,596514,UCLA,Big Ten,p4,A,0.9202,B,B+,0.8225,B,B,0.6889,A,A,0.9495,A,A,0.9691,C,A+,0.9788,A,A-,0.9072,A,A-,0.9137,D,A,0.956,D,A,0.9365,D,A-,0.9007,D,C,,D,C,,D,12.7881,2.7195,8,4,2,1,0,0.5802,0.9202,0.5236,0.2548,0.2521,93,9.0,True,46678,11,60.97,15.8,68.7,0.0,1.106,USC00049152,0.1,5199301.0,False,"NCAA tournament brackets 2015-2025 (Wikipedia pages, data/ncaa_brackets) + D1 win pct 2021-2025 (data.ncaa.com scoreboards)","RPI computed from data.ncaa.com scoreboards 2021-2025 (engine/rpi.py) + bids from the brackets, 2025 conference map","the sim's drawn team strength o + d, reference world seed 20251000; a dynasty regrades it from its own draw","IPEDS 2023 DRVGR (GBA6RTT) and DRVADM (DVADM01), NCES","IPEDS 2023 DRVEF (ENRTOT) and HD2024 (LOCALE), NCES; weighting GUESS","NOAA NCEI 1991-2020 monthly normals, nearest station: daily highs against a comfortable band (GUESS) and precipitation days","EADA 2024-25, baseball total expenses (U.S. Department of Education)","GUESS proxy: baseball expenses, regional hosting, conference","GUESS proxy: regional hosting, enrollment, conference","GUESS proxy, to be replaced by TV and streaming appearance counts: conference media footprint (config MEDIA_FOOTPRINT), NCAA tournament appearances, Omaha and super regional history","GUESS proxy: program tradition, baseball expenses, conference",neutral baseline for a new coach,neutral baseline for a new coach
263,596526,UConn,Big East,mid,A-,0.8779,B,B,0.671,B,B-,0.5782,A,B+,0.7752,A,B-,0.5423,C,D,0.0798,A,B+,0.7606,A,B,0.7345,D,B,0.7052,D,B+,0.8062,D,B+,0.8257,D,C,,D,C,,D,6.3747,0.0,7,0,2,0,0,0.6559,0.8779,0.5067,0.1781,0.1069,84,54.0,True,27364,31,42.58,43.2,51.65,10.25,13.274,USC00068138,1.5,2756777.0,False,"NCAA tournament brackets 2015-2025 (Wikipedia pages, data/ncaa_brackets) + D1 win pct 2021-2025 (data.ncaa.com scoreboards)","RPI computed from data.ncaa.com scoreboards 2021-2025 (engine/rpi.py) + bids from the brackets, 2025 conference map","the sim's drawn team strength o + d, reference world seed 20251000; a dynasty regrades it from its own draw","IPEDS 2023 DRVGR (GBA6RTT) and DRVADM (DVADM01), NCES","IPEDS 2023 DRVEF (ENRTOT) and HD2024 (LOCALE), NCES; weighting GUESS","NOAA NCEI 1991-2020 monthly normals, nearest station: daily highs against a comfortable band (GUESS) and precipitation days","EADA 2024-25, baseball total expenses (U.S. Department of Education)","GUESS proxy: baseball expenses, regional hosting, conference","GUESS proxy: regional hosting, enrollment, conference","GUESS proxy, to be replaced by TV and streaming appearance counts: conference media footprint (config MEDIA_FOOTPRINT), NCAA tournament appearances, Omaha and super regional history","GUESS proxy: program tradition, baseball expenses, conference",neutral baseline for a new coach,neutral baseline for a new coach
264,596564,UIC,MVC,mid,B,0.6954,B,B-,0.5375,B,A-,0.855,A,C+,0.4251,A,A-,0.8876,C,D+,0.1287,A,C,0.3795,A,C+,0.4186,D,B,0.6775,D,B,0.6694,D,B-,0.6205,D,C,,D,C,,D,1.7928,0.0,3,0,0,0,0,0.5369,0.6954,0.4955,0.1231,0.4997,60,79.0,True,33522,11,45.35,42.5,53.85,8.925,11.9,USW00014819,7.9,1289962.0,False,"NCAA tournament brackets 2015-2025 (Wikipedia pages, data/ncaa_brackets) + D1 win pct 2021-2025 (data.ncaa.com scoreboards)","RPI computed from data.ncaa.com scoreboards 2021-2025 (engine/rpi.py) + bids from the brackets, 2025 conference map","the sim's drawn team strength o + d, reference world seed 20251000; a dynasty regrades it from its own draw","IPEDS 2023 DRVGR (GBA6RTT) and DRVADM (DVADM01), NCES","IPEDS 2023 DRVEF (ENRTOT) and HD2024 (LOCALE), NCES; weighting GUESS","NOAA NCEI 1991-2020 monthly normals, nearest station: daily highs against a comfortable band (GUESS) and precipitation days","EADA 2024-25, baseball total expenses (U.S. Department of Education)","GUESS proxy: baseball expenses, regional hosting, conference","GUESS proxy: regional hosting, enrollment, conference","GUESS proxy, to be replaced by TV and streaming appearance counts: conference media footprint (config MEDIA_FOOTPRINT), NCAA tournament appearances, Omaha and super regional history","GUESS proxy: program tradition, baseball expenses, conference",neutral baseline for a new coach,neutral baseline for a new coach
265,596468,UIW,Southland,low,D+,0.1775,B,C+,0.386,B,F,0.0049,A,D+,0.1254,A,C+,0.4121,C,B+,0.7752,A,C,0.3599,A,C,0.3697,D,C,0.2883,D,D,0.0619,D,C-,0.2427,D,C,,D,C,,D,0.0,0.0,0,0,0,0,0,0.419,0.1775,0.4934,0.0909,-1.4417,53,93.0,True,7251,11,65.6,32.1,76.78,0.0,2.247,USC00417947,0.5,1242019.0,False,"NCAA tournament brackets 2015-2025 (Wikipedia pages, data/ncaa_brackets) + D1 win pct 2021-2025 (data.ncaa.com scoreboards)","RPI computed from data.ncaa.com scoreboards 2021-2025 (engine/rpi.py) + bids from the brackets, 2025 conference map","the sim's drawn team strength o + d, reference world seed 20251000; a dynasty regrades it from its own draw","IPEDS 2023 DRVGR (GBA6RTT) and DRVADM (DVADM01), NCES","IPEDS 2023 DRVEF (ENRTOT) and HD2024 (LOCALE), NCES; weighting GUESS","NOAA NCEI 1991-2020 monthly normals, nearest station: daily highs against a comfortable band (GUESS) and precipitation days","EADA 2024-25, baseball total expenses (U.S. Department of Education)","GUESS proxy: baseball expenses, regional hosting, conference","GUESS proxy: regional hosting, enrollment, conference","GUESS proxy, to be replaced by TV and streaming appearance counts: conference media footprint (config MEDIA_FOOTPRINT), NCAA tournament appearances, Omaha and super regional history","GUESS proxy: program tradition, baseball expenses, conference",neutral baseline for a new coach,neutral baseline for a new coach
266,596630,ULM,Sun Belt,mid,D+,0.158,B,B,0.7394,B,C,0.3534,A,C+,0.4218,A,C,0.3078,C,B,0.6922,A,C+,0.399,A,B-,0.5065,D,B-,0.5375,D,C,0.3371,D,C,0.3697,D,C,,D,C,,D,0.0,0.0,0,0,0,0,0,0.3999,0.158,0.5228,0.2484,-0.1617,48,75.0,True,8272,13,62.03,37.5,72.85,0.0,2.625,USW00013942,2.1,1311402.0,False,"NCAA tournament brackets 2015-2025 (Wikipedia pages, data/ncaa_brackets) + D1 win pct 2021-2025 (data.ncaa.com scoreboards)","RPI computed from data.ncaa.com scoreboards 2021-2025 (engine/rpi.py) + bids from the brackets, 2025 conference map","the sim's drawn team strength o + d, reference world seed 20251000; a dynasty regrades it from its own draw","IPEDS 2023 DRVGR (GBA6RTT) and DRVADM (DVADM01), NCES","IPEDS 2023 DRVEF (ENRTOT) and HD2024 (LOCALE), NCES; weighting GUESS","NOAA NCEI 1991-2020 monthly normals, nearest station: daily highs against a comfortable band (GUESS) and precipitation days","EADA 2024-25, baseball total expenses (U.S. Department of Education)","GUESS proxy: baseball expenses, regional hosting, conference","GUESS proxy: regional hosting, enrollment, conference","GUESS proxy, to be replaced by TV and streaming appearance counts: conference media footprint (config MEDIA_FOOTPRINT), NCAA tournament appearances, Omaha and super regional history","GUESS proxy: program tradition, baseball expenses, conference",neutral baseline for a new coach,neutral baseline for a new coach
267,596592,UMBC,America East,low,C,0.373,B,C+,0.4544,B,C+,0.4121,A,B-,0.5977,A,B-,0.5033,C,C+,0.4088,A,D+,0.171,A,C-,0.2524,D,C+,0.4935,D,C,0.2769,D,C,0.2785,D,C,,D,C,,D,0.25,0.0,1,0,0,0,0,0.4468,0.373,0.4716,0.1429,-0.0945,70,74.0,True,14148,21,52.7,42.7,61.18,4.5,7.489,USW00093784,5.8,922222.0,False,"NCAA tournament brackets 2015-2025 (Wikipedia pages, data/ncaa_brackets) + D1 win pct 2021-2025 (data.ncaa.com scoreboards)","RPI computed from data.ncaa.com scoreboards 2021-2025 (engine/rpi.py) + bids from the brackets, 2025 conference map","the sim's drawn team strength o + d, reference world seed 20251000; a dynasty regrades it from its own draw","IPEDS 2023 DRVGR (GBA6RTT) and DRVADM (DVADM01), NCES","IPEDS 2023 DRVEF (ENRTOT) and HD2024 (LOCALE), NCES; weighting GUESS","NOAA NCEI 1991-2020 monthly normals, nearest station: daily highs against a comfortable band (GUESS) and precipitation days","EADA 2024-25, baseball total expenses (U.S. Department of Education)","GUESS proxy: baseball expenses, regional hosting, conference","GUESS proxy: regional hosting, enrollment, conference","GUESS proxy, to be replaced by TV and streaming appearance counts: conference media footprint (config MEDIA_FOOTPRINT), NCAA tournament appearances, Omaha and super regional history","GUESS proxy: program tradition, baseball expenses, conference",neutral baseline for a new coach,neutral baseline for a new coach
268,596594,UMES,NEC,low,F,0.0081,B,D+,0.1678,B,A-,0.8811,A,D+,0.1189,A,D-,0.0309,C,C+,0.4739,A,D,0.1026,A,D,0.0896,D,D,0.0831,D,D,0.0619,D,F,0.0212,D,C,,D,C,,D,0.0,0.0,0,0,0,0,0,0.1825,0.0081,0.4205,0.1182,0.5572,35,90.0,True,2844,31,52.8,41.9,63.52,2.95,5.883,USC00188000,12.1,775442.0,False,"NCAA tournament brackets 2015-2025 (Wikipedia pages, data/ncaa_brackets) + D1 win pct 2021-2025 (data.ncaa.com scoreboards)","RPI computed from data.ncaa.com scoreboards 2021-2025 (engine/rpi.py) + bids from the brackets, 2025 conference map","the sim's drawn team strength o + d, reference world seed 20251000; a dynasty regrades it from its own draw","IPEDS 2023 DRVGR (GBA6RTT) and DRVADM (DVADM01), NCES","IPEDS 2023 DRVEF (ENRTOT) and HD2024 (LOCALE), NCES; weighting GUESS","NOAA NCEI 1991-2020 monthly normals, nearest station: daily highs against a comfortable band (GUESS) and precipitation days","EADA 2024-25, baseball total expenses (U.S. Department of Education)","GUESS proxy: baseball expenses, regional hosting, conference","GUESS proxy: regional hosting, enrollment, conference","GUESS proxy, to be replaced by TV and streaming appearance counts: conference media footprint (config MEDIA_FOOTPRINT), NCAA tournament appearances, Omaha and super regional history","GUESS proxy: program tradition, baseball expenses, conference",neutral baseline for a new coach,neutral baseline for a new coach
269,596586,UMass Lowell,America East,low,D+,0.1678,B,C+,0.4544,B,D+,0.1547,A,C,0.3648,A,B-,0.5717,C,D+,0.1156,A,C,0.2948,A,C,0.3274,D,B-,0.5423,D,D,0.0619,D,C-,0.2394,D,C,,D,C,,D,0.0,0.0,0,0,0,0,0,0.4041,0.1678,0.4716,0.1429,-0.5045,70,85.0,True,16770,21,41.58,43.7,52.92,9.575,12.634,USC00194313,2.0,1137798.0,False,"NCAA tournament brackets 2015-2025 (Wikipedia pages, data/ncaa_brackets) + D1 win pct 2021-2025 (data.ncaa.com scoreboards)","RPI computed from data.ncaa.com scoreboards 2021-2025 (engine/rpi.py) + bids from the brackets, 2025 conference map","the sim's drawn team strength o + d, reference world seed 20251000; a dynasty regrades it from its own draw","IPEDS 2023 DRVGR (GBA6RTT) and DRVADM (DVADM01), NCES","IPEDS 2023 DRVEF (ENRTOT) and HD2024 (LOCALE), NCES; weighting GUESS","NOAA NCEI 1991-2020 monthly normals, nearest station: daily highs against a comfortable band (GUESS) and precipitation days","EADA 2024-25, baseball total expenses (U.S. Department of Education)","GUESS proxy: baseball expenses, regional hosting, conference","GUESS proxy: regional hosting, enrollment, conference","GUESS proxy, to be replaced by TV and streaming appearance counts: conference media footprint (config MEDIA_FOOTPRINT), NCAA tournament appearances, Omaha and super regional history","GUESS proxy: program tradition, baseball expenses, conference",neutral baseline for a new coach,neutral baseline for a new coach
270,596613,UNC Asheville,Big South,mid,D+,0.1482,B,D,0.0961,B,B,0.6726,A,D+,0.114,A,D+,0.1189,C,C+,0.487,A,D+,0.1254,A,D,0.0863,D,D-,0.0407,D,D+,0.1498,D,D-,0.0505,D,C,,D,C,,D,0.0,0.0,0,0,0,0,0,0.3934,0.1482,0.4715,0.0714,0.2116,55,94.0,True,2925,13,53.12,45.2,63.9,2.4,5.564,USW00013872,1.6,814137.0,False,"NCAA tournament brackets 2015-2025 (Wikipedia pages, data/ncaa_brackets) + D1 win pct 2021-2025 (data.ncaa.com scoreboards)","RPI computed from data.ncaa.com scoreboards 2021-2025 (engine/rpi.py) + bids from the brackets, 2025 conference map","the sim's drawn team strength o + d, reference world seed 20251000; a dynasty regrades it from its own draw","IPEDS 2023 DRVGR (GBA6RTT) and DRVADM (DVADM01), NCES","IPEDS 2023 DRVEF (ENRTOT) and HD2024 (LOCALE), NCES; weighting GUESS","NOAA NCEI 1991-2020 monthly normals, nearest station: daily highs against a comfortable band (GUESS) and precipitation days","EADA 2024-25, baseball total expenses (U.S. Department of Education)","GUESS proxy: baseball expenses, regional hosting, conference","GUESS proxy: regional hosting, enrollment, conference","GUESS proxy, to be replaced by TV and streaming appearance counts: conference media footprint (config MEDIA_FOOTPRINT), NCAA tournament appearances, Omaha and super regional history","GUESS proxy: program tradition, baseball expenses, conference",neutral baseline for a new coach,neutral baseline for a new coach
271,596616,UNC Greensboro,SoCon,mid,B-,0.5358,B,B-,0.57,B,B+,0.7964,A,C-,0.202,A,B,0.7085,C,B-,0.5765,A,C-,0.2492,A,C,0.3322,D,B-,0.5912,D,B-,0.5912,D,C+,0.4772,D,C,,D,C,,D,0.8446,0.0,2,0,0,0,0,0.4852,0.5358,0.5121,0.125,0.4017,58,90.0,True,17743,11,55.55,37.6,66.62,1.45,4.082,USC00313625,1.1,1033582.0,False,"NCAA tournament brackets 2015-2025 (Wikipedia pages, data/ncaa_brackets) + D1 win pct 2021-2025 (data.ncaa.com scoreboards)","RPI computed from data.ncaa.com scoreboards 2021-2025 (engine/rpi.py) + bids from the brackets, 2025 conference map","the sim's drawn team strength o + d, reference world seed 20251000; a dynasty regrades it from its own draw","IPEDS 2023 DRVGR (GBA6RTT) and DRVADM (DVADM01), NCES","IPEDS 2023 DRVEF (ENRTOT) and HD2024 (LOCALE), NCES; weighting GUESS","NOAA NCEI 1991-2020 monthly normals, nearest station: daily highs against a comfortable band (GUESS) and precipitation days","EADA 2024-25, baseball total expenses (U.S. Department of Education)","GUESS proxy: baseball expenses, regional hosting, conference","GUESS proxy: regional hosting, enrollment, conference","GUESS proxy, to be replaced by TV and streaming appearance counts: conference media footprint (config MEDIA_FOOTPRINT), NCAA tournament appearances, Omaha and super regional history","GUESS proxy: program tradition, baseball expenses, conference",neutral baseline for a new coach,neutral baseline for a new coach
272,596617,UNCW,CAA,mid,B+,0.7671,B,B-,0.6026,B,B-,0.5326,A,B-,0.6107,A,B,0.6564,C,B,0.7068,A,C+,0.4349,A,C+,0.4935,D,B-,0.6075,D,B,0.7459,D,B,0.6629,D,C,,D,C,,D,2.5859,0.0,6,0,0,0,0,0.5993,0.7671,0.5029,0.1407,0.0501,71,74.0,True,17987,12,59.82,36.4,70.62,0.0,2.548,USW00013748,3.2,1472011.0,False,"NCAA tournament brackets 2015-2025 (Wikipedia pages, data/ncaa_brackets) + D1 win pct 2021-2025 (data.ncaa.com scoreboards)","RPI computed from data.ncaa.com scoreboards 2021-2025 (engine/rpi.py) + bids from the brackets, 2025 conference map","the sim's drawn team strength o + d, reference world seed 20251000; a dynasty regrades it from its own draw","IPEDS 2023 DRVGR (GBA6RTT) and DRVADM (DVADM01), NCES","IPEDS 2023 DRVEF (ENRTOT) and HD2024 (LOCALE), NCES; weighting GUESS","NOAA NCEI 1991-2020 monthly normals, nearest station: daily highs against a comfortable band (GUESS) and precipitation days","EADA 2024-25, baseball total expenses (U.S. Department of Education)","GUESS proxy: baseball expenses, regional hosting, conference","GUESS proxy: regional hosting, enrollment, conference","GUESS proxy, to be replaced by TV and streaming appearance counts: conference media footprint (config MEDIA_FOOTPRINT), NCAA tournament appearances, Omaha and super regional history","GUESS proxy: program tradition, baseball expenses, conference",neutral baseline for a new coach,neutral baseline for a new coach
273,596619,UNLV,Mountain West,mid,C,0.3143,B,C+,0.4788,B,C-,0.2329,A,D-,0.0309,A,B+,0.7997,C,A+,0.9951,A,C+,0.4772,A,C+,0.4772,D,B,0.6368,D,C,0.2866,D,C+,0.399,D,C,,D,C,,D,0.0,0.0,0,0,0,0,0,0.5345,0.3143,0.4899,0.125,-0.3657,50,96.0,True,31094,12,64.83,9.6,75.25,0.0,0.672,USW00023169,2.7,1548459.0,False,"NCAA tournament brackets 2015-2025 (Wikipedia pages, data/ncaa_brackets) + D1 win pct 2021-2025 (data.ncaa.com scoreboards)","RPI computed from data.ncaa.com scoreboards 2021-2025 (engine/rpi.py) + bids from the brackets, 2025 conference map","the sim's drawn team strength o + d, reference world seed 20251000; a dynasty regrades it from its own draw","IPEDS 2023 DRVGR (GBA6RTT) and DRVADM (DVADM01), NCES","IPEDS 2023 DRVEF (ENRTOT) and HD2024 (LOCALE), NCES; weighting GUESS","NOAA NCEI 1991-2020 monthly normals, nearest station: daily highs against a comfortable band (GUESS) and precipitation days","EADA 2024-25, baseball total expenses (U.S. Department of Education)","GUESS proxy: baseball expenses, regional hosting, conference","GUESS proxy: regional hosting, enrollment, conference","GUESS proxy, to be replaced by TV and streaming appearance counts: conference media footprint (config MEDIA_FOOTPRINT), NCAA tournament appearances, Omaha and super regional history","GUESS proxy: program tradition, baseball expenses, conference",neutral baseline for a new coach,neutral baseline for a new coach
274,596469,USC Upstate,Big South,mid,B,0.7313,B,D,0.0961,B,B+,0.8453,A,C+,0.4642,A,D,0.1091,C,B,0.6808,A,C,0.3306,A,C-,0.2655,D,D,0.1091,D,B-,0.6173,D,C+,0.4088,D,C,,D,C,,D,2.1892,0.0,2,0,0,0,0,0.6268,0.7313,0.4715,0.0714,0.4959,42,70.0,True,4946,22,57.15,33.6,70.08,0.375,2.727,USC00388188,6.9,1208211.0,False,"NCAA tournament brackets 2015-2025 (Wikipedia pages, data/ncaa_brackets) + D1 win pct 2021-2025 (data.ncaa.com scoreboards)","RPI computed from data.ncaa.com scoreboards 2021-2025 (engine/rpi.py) + bids from the brackets, 2025 conference map","the sim's drawn team strength o + d, reference world seed 20251000; a dynasty regrades it from its own draw","IPEDS 2023 DRVGR (GBA6RTT) and DRVADM (DVADM01), NCES","IPEDS 2023 DRVEF (ENRTOT) and HD2024 (LOCALE), NCES; weighting GUESS","NOAA NCEI 1991-2020 monthly normals, nearest station: daily highs against a comfortable band (GUESS) and precipitation days","EADA 2024-25, baseball total expenses (U.S. Department of Education)","GUESS proxy: baseball expenses, regional hosting, conference","GUESS proxy: regional hosting, enrollment, conference","GUESS proxy, to be replaced by TV and streaming appearance counts: conference media footprint (config MEDIA_FOOTPRINT), NCAA tournament appearances, Omaha and super regional history","GUESS proxy: program tradition, baseball expenses, conference",neutral baseline for a new coach,neutral baseline for a new coach
275,596424,UT Arlington,WAC,mid,D+,0.1612,B,C,0.3339,B,B-,0.5749,A,C,0.3567,A,A,0.956,C,B+,0.8127,A,C,0.3274,A,C,0.3208,D,B-,0.6205,D,D+,0.1498,D,C-,0.1971,D,C,,D,C,,D,0.0,0.0,0,0,0,0,0,0.4032,0.1612,0.4797,0.0895,0.1056,57,81.0,True,43992,11,60.4,28.6,70.62,0.15,2.152,USC00410337,3.0,1203724.0,False,"NCAA tournament brackets 2015-2025 (Wikipedia pages, data/ncaa_brackets) + D1 win pct 2021-2025 (data.ncaa.com scoreboards)","RPI computed from data.ncaa.com scoreboards 2021-2025 (engine/rpi.py) + bids from the brackets, 2025 conference map","the sim's drawn team strength o + d, reference world seed 20251000; a dynasty regrades it from its own draw","IPEDS 2023 DRVGR (GBA6RTT) and DRVADM (DVADM01), NCES","IPEDS 2023 DRVEF (ENRTOT) and HD2024 (LOCALE), NCES; weighting GUESS","NOAA NCEI 1991-2020 monthly normals, nearest station: daily highs against a comfortable band (GUESS) and precipitation days","EADA 2024-25, baseball total expenses (U.S. Department of Education)","GUESS proxy: baseball expenses, regional hosting, conference","GUESS proxy: regional hosting, enrollment, conference","GUESS proxy, to be replaced by TV and streaming appearance counts: conference media footprint (config MEDIA_FOOTPRINT), NCAA tournament appearances, Omaha and super regional history","GUESS proxy: program tradition, baseball expenses, conference",neutral baseline for a new coach,neutral baseline for a new coach
276,596692,UT Martin,OVC,low,D+,0.1124,B,C-,0.2671,B,F,0.0016,A,C-,0.2459,A,D-,0.057,C,C+,0.4935,A,C-,0.2003,A,C-,0.2068,D,C-,0.1824,D,D,0.0619,D,D+,0.1156,D,C,,D,C,,D,0.0,0.0,0,0,0,0,0,0.3527,0.1124,0.4691,0.1,-1.4534,55,87.0,True,6941,33,54.05,44.1,64.83,2.425,5.512,USC00405681,0.3,941077.0,False,"NCAA tournament brackets 2015-2025 (Wikipedia pages, data/ncaa_brackets) + D1 win pct 2021-2025 (data.ncaa.com scoreboards)","RPI computed from data.ncaa.com scoreboards 2021-2025 (engine/rpi.py) + bids from the brackets, 2025 conference map","the sim's drawn team strength o + d, reference world seed 20251000; a dynasty regrades it from its own draw","IPEDS 2023 DRVGR (GBA6RTT) and DRVADM (DVADM01), NCES","IPEDS 2023 DRVEF (ENRTOT) and HD2024 (LOCALE), NCES; weighting GUESS","NOAA NCEI 1991-2020 monthly normals, nearest station: daily highs against a comfortable band (GUESS) and precipitation days","EADA 2024-25, baseball total expenses (U.S. Department of Education)","GUESS proxy: baseball expenses, regional hosting, conference","GUESS proxy: regional hosting, enrollment, conference","GUESS proxy, to be replaced by TV and streaming appearance counts: conference media footprint (config MEDIA_FOOTPRINT), NCAA tournament appearances, Omaha and super regional history","GUESS proxy: program tradition, baseball expenses, conference",neutral baseline for a new coach,neutral baseline for a new coach
277,596646,UTRGV,Southland,low,C,0.3436,B,C+,0.386,B,F,0.0114,A,C-,0.2622,A,B+,0.816,C,A,0.943,A,C+,0.4316,A,C+,0.4121,D,B-,0.6042,D,D,0.0619,D,C,0.3371,D,C,,D,C,,D,0.0,0.0,0,0,0,0,0,0.5905,0.3436,0.4934,0.0909,-1.206,49,85.0,True,31931,12,73.17,13.8,84.03,0.4,1.366,USC00415701,9.3,1469242.0,False,"NCAA tournament brackets 2015-2025 (Wikipedia pages, data/ncaa_brackets) + D1 win pct 2021-2025 (data.ncaa.com scoreboards)","RPI computed from data.ncaa.com scoreboards 2021-2025 (engine/rpi.py) + bids from the brackets, 2025 conference map","the sim's drawn team strength o + d, reference world seed 20251000; a dynasty regrades it from its own draw","IPEDS 2023 DRVGR (GBA6RTT) and DRVADM (DVADM01), NCES","IPEDS 2023 DRVEF (ENRTOT) and HD2024 (LOCALE), NCES; weighting GUESS","NOAA NCEI 1991-2020 monthly normals, nearest station: daily highs against a comfortable band (GUESS) and precipitation days","EADA 2024-25, baseball total expenses (U.S. Department of Education)","GUESS proxy: baseball expenses, regional hosting, conference","GUESS proxy: regional hosting, enrollment, conference","GUESS proxy, to be replaced by TV and streaming appearance counts: conference media footprint (config MEDIA_FOOTPRINT), NCAA tournament appearances, Omaha and super regional history","GUESS proxy: program tradition, baseball expenses, conference",neutral baseline for a new coach,neutral baseline for a new coach
278,596426,UTSA,The American,mid,B+,0.7899,B,B,0.7003,B,B,0.6498,A,C-,0.1954,A,A-,0.8974,C,B+,0.8241,A,B,0.6922,A,B,0.7085,D,B+,0.7508,D,B,0.7085,D,B+,0.7997,D,C,,D,C,,D,3.0,0.0,1,0,1,0,0,0.6512,0.7899,0.5148,0.2168,0.1958,51,88.0,True,34864,11,66.25,30.6,77.05,0.0,2.142,USW00012921,8.7,2248286.0,False,"NCAA tournament brackets 2015-2025 (Wikipedia pages, data/ncaa_brackets) + D1 win pct 2021-2025 (data.ncaa.com scoreboards)","RPI computed from data.ncaa.com scoreboards 2021-2025 (engine/rpi.py) + bids from the brackets, 2025 conference map","the sim's drawn team strength o + d, reference world seed 20251000; a dynasty regrades it from its own draw","IPEDS 2023 DRVGR (GBA6RTT) and DRVADM (DVADM01), NCES","IPEDS 2023 DRVEF (ENRTOT) and HD2024 (LOCALE), NCES; weighting GUESS","NOAA NCEI 1991-2020 monthly normals, nearest station: daily highs against a comfortable band (GUESS) and precipitation days","EADA 2024-25, baseball total expenses (U.S. Department of Education)","GUESS proxy: baseball expenses, regional hosting, conference","GUESS proxy: regional hosting, enrollment, conference","GUESS proxy, to be replaced by TV and streaming appearance counts: conference media footprint (config MEDIA_FOOTPRINT), NCAA tournament appearances, Omaha and super regional history","GUESS proxy: program tradition, baseball expenses, conference",neutral baseline for a new coach,neutral baseline for a new coach
279,596432,Utah,Big 12,p4,C,0.3599,B,A-,0.873,B,A-,0.8518,A,C,0.2818,A,B+,0.8355,C,C+,0.4251,A,B+,0.7964,A,B+,0.7834,D,B+,0.7769,D,B+,0.7899,D,B,0.715,D,C,,D,C,,D,0.2102,0.0,1,0,0,0,0,0.4523,0.3599,0.5414,0.4043,0.4984,64,87.0,True,35260,12,50.25,38.0,59.0,4.6,7.26,USC00427606,2.7,3208517.0,False,"NCAA tournament brackets 2015-2025 (Wikipedia pages, data/ncaa_brackets) + D1 win pct 2021-2025 (data.ncaa.com scoreboards)","RPI computed from data.ncaa.com scoreboards 2021-2025 (engine/rpi.py) + bids from the brackets, 2025 conference map","the sim's drawn team strength o + d, reference world seed 20251000; a dynasty regrades it from its own draw","IPEDS 2023 DRVGR (GBA6RTT) and DRVADM (DVADM01), NCES","IPEDS 2023 DRVEF (ENRTOT) and HD2024 (LOCALE), NCES; weighting GUESS","NOAA NCEI 1991-2020 monthly normals, nearest station: daily highs against a comfortable band (GUESS) and precipitation days","EADA 2024-25, baseball total expenses (U.S. Department of Education)","GUESS proxy: baseball expenses, regional hosting, conference","GUESS proxy: regional hosting, enrollment, conference","GUESS proxy, to be replaced by TV and streaming appearance counts: conference media footprint (config MEDIA_FOOTPRINT), NCAA tournament appearances, Omaha and super regional history","GUESS proxy: program tradition, baseball expenses, conference",neutral baseline for a new coach,neutral baseline for a new coach
280,596418,Utah Tech,WAC,mid,D,0.0896,B,C,0.3339,B,C-,0.2362,A,F,0.0016,B,B-,0.5521,C,A,0.9463,A,C,0.3632,A,C,0.3502,D,C,0.3762,D,D+,0.1498,D,D+,0.1775,D,C,,D,C,,D,0.0,0.0,0,0,0,0,0,0.3339,0.0896,0.4797,0.0895,-0.3624,24,100.0,False,12567,12,57.52,16.3,71.88,0.175,1.316,USC00427516,2.5,1247495.0,False,"NCAA tournament brackets 2015-2025 (Wikipedia pages, data/ncaa_brackets) + D1 win pct 2021-2025 (data.ncaa.com scoreboards)","RPI computed from data.ncaa.com scoreboards 2021-2025 (engine/rpi.py) + bids from the brackets, 2025 conference map","the sim's drawn team strength o + d, reference world seed 20251000; a dynasty regrades it from its own draw","IPEDS 2023 DRVGR (GBA6RTT) and DRVADM (DVADM01), NCES","IPEDS 2023 DRVEF (ENRTOT) and HD2024 (LOCALE), NCES; weighting GUESS","NOAA NCEI 1991-2020 monthly normals, nearest station: daily highs against a comfortable band (GUESS) and precipitation days","EADA 2024-25, baseball total expenses (U.S. Department of Education)","GUESS proxy: baseball expenses, regional hosting, conference","GUESS proxy: regional hosting, enrollment, conference","GUESS proxy, to be replaced by TV and streaming appearance counts: conference media footprint (config MEDIA_FOOTPRINT), NCAA tournament appearances, Omaha and super regional history","GUESS proxy: program tradition, baseball expenses, conference",neutral baseline for a new coach,neutral baseline for a new coach
281,596474,Utah Valley,WAC,mid,B-,0.6107,B,C,0.3339,B,C-,0.2622,A,F,0.0081,B,B+,0.842,C,C+,0.4658,A,B-,0.513,A,C+,0.4511,D,B-,0.6238,D,B-,0.5847,D,B-,0.5293,D,C,,D,C,,D,1.2102,0.0,2,0,0,0,0,0.4358,0.6107,0.4797,0.0895,-0.295,37,100.0,False,44651,13,49.57,37.2,61.83,3.5,6.104,USC00427064,4.2,1655469.0,False,"NCAA tournament brackets 2015-2025 (Wikipedia pages, data/ncaa_brackets) + D1 win pct 2021-2025 (data.ncaa.com scoreboards)","RPI computed from data.ncaa.com scoreboards 2021-2025 (engine/rpi.py) + bids from the brackets, 2025 conference map","the sim's drawn team strength o + d, reference world seed 20251000; a dynasty regrades it from its own draw","IPEDS 2023 DRVGR (GBA6RTT) and DRVADM (DVADM01), NCES","IPEDS 2023 DRVEF (ENRTOT) and HD2024 (LOCALE), NCES; weighting GUESS","NOAA NCEI 1991-2020 monthly normals, nearest station: daily highs against a comfortable band (GUESS) and precipitation days","EADA 2024-25, baseball total expenses (U.S. Department of Education)","GUESS proxy: baseball expenses, regional hosting, conference","GUESS proxy: regional hosting, enrollment, conference","GUESS proxy, to be replaced by TV and streaming appearance counts: conference media footprint (config MEDIA_FOOTPRINT), NCAA tournament appearances, Omaha and super regional history","GUESS proxy: program tradition, baseball expenses, conference",neutral baseline for a new coach,neutral baseline for a new coach
282,596436,VCU,Atlantic 10,mid,B+,0.8192,B,C-,0.2052,B,C-,0.2068,A,D+,0.1775,A,B+,0.7736,C,B-,0.5261,A,B-,0.5423,A,C+,0.4414,D,C+,0.487,D,B+,0.7573,D,B-,0.6173,D,C,,D,C,,D,3.655,0.0,5,0,1,0,0,0.516,0.8192,0.4775,0.0833,-0.4178,65,93.0,True,28238,12,53.62,41.4,64.85,2.2,5.098,USW00013740,7.9,1713909.0,False,"NCAA tournament brackets 2015-2025 (Wikipedia pages, data/ncaa_brackets) + D1 win pct 2021-2025 (data.ncaa.com scoreboards)","RPI computed from data.ncaa.com scoreboards 2021-2025 (engine/rpi.py) + bids from the brackets, 2025 conference map","the sim's drawn team strength o + d, reference world seed 20251000; a dynasty regrades it from its own draw","IPEDS 2023 DRVGR (GBA6RTT) and DRVADM (DVADM01), NCES","IPEDS 2023 DRVEF (ENRTOT) and HD2024 (LOCALE), NCES; weighting GUESS","NOAA NCEI 1991-2020 monthly normals, nearest station: daily highs against a comfortable band (GUESS) and precipitation days","EADA 2024-25, baseball total expenses (U.S. Department of Education)","GUESS proxy: baseball expenses, regional hosting, conference","GUESS proxy: regional hosting, enrollment, conference","GUESS proxy, to be replaced by TV and streaming appearance counts: conference media footprint (config MEDIA_FOOTPRINT), NCAA tournament appearances, Omaha and super regional history","GUESS proxy: program tradition, baseball expenses, conference",neutral baseline for a new coach,neutral baseline for a new coach
283,596437,VMI,SoCon,mid,C-,0.2101,B,B-,0.57,B,B,0.7345,A,C+,0.4723,A,F,0.0179,C,C+,0.4577,A,C-,0.2264,A,C,0.3127,D,C-,0.2362,D,C-,0.215,D,C-,0.2655,D,C,,D,C,,D,0.0,0.0,0,0,0,0,0,0.4388,0.2101,0.5121,0.125,0.2803,82,82.0,True,1560,32,49.7,41.6,62.7,3.325,6.237,USC00444876,0.9,1000687.0,False,"NCAA tournament brackets 2015-2025 (Wikipedia pages, data/ncaa_brackets) + D1 win pct 2021-2025 (data.ncaa.com scoreboards)","RPI computed from data.ncaa.com scoreboards 2021-2025 (engine/rpi.py) + bids from the brackets, 2025 conference map","the sim's drawn team strength o + d, reference world seed 20251000; a dynasty regrades it from its own draw","IPEDS 2023 DRVGR (GBA6RTT) and DRVADM (DVADM01), NCES","IPEDS 2023 DRVEF (ENRTOT) and HD2024 (LOCALE), NCES; weighting GUESS","NOAA NCEI 1991-2020 monthly normals, nearest station: daily highs against a comfortable band (GUESS) and precipitation days","EADA 2024-25, baseball total expenses (U.S. Department of Education)","GUESS proxy: baseball expenses, regional hosting, conference","GUESS proxy: regional hosting, enrollment, conference","GUESS proxy, to be replaced by TV and streaming appearance counts: conference media footprint (config MEDIA_FOOTPRINT), NCAA tournament appearances, Omaha and super regional history","GUESS proxy: program tradition, baseball expenses, conference",neutral baseline for a new coach,neutral baseline for a new coach
284,596433,Valparaiso,MVC,mid,D-,0.0505,B,B-,0.5375,B,C,0.3274,A,C-,0.2134,A,D-,0.0407,C,D+,0.1661,A,C,0.285,A,C,0.3534,D,C-,0.2687,D,C-,0.215,D,C-,0.2068,D,C,,D,C,,D,0.0,0.0,0,0,0,0,0,0.293,0.0505,0.4955,0.1231,-0.1808,67,92.0,True,2846,23,45.55,43.6,55.52,8.25,11.302,USW00004846,1.9,1106931.0,False,"NCAA tournament brackets 2015-2025 (Wikipedia pages, data/ncaa_brackets) + D1 win pct 2021-2025 (data.ncaa.com scoreboards)","RPI computed from data.ncaa.com scoreboards 2021-2025 (engine/rpi.py) + bids from the brackets, 2025 conference map","the sim's drawn team strength o + d, reference world seed 20251000; a dynasty regrades it from its own draw","IPEDS 2023 DRVGR (GBA6RTT) and DRVADM (DVADM01), NCES","IPEDS 2023 DRVEF (ENRTOT) and HD2024 (LOCALE), NCES; weighting GUESS","NOAA NCEI 1991-2020 monthly normals, nearest station: daily highs against a comfortable band (GUESS) and precipitation days","EADA 2024-25, baseball total expenses (U.S. Department of Education)","GUESS proxy: baseball expenses, regional hosting, conference","GUESS proxy: regional hosting, enrollment, conference","GUESS proxy, to be replaced by TV and streaming appearance counts: conference media footprint (config MEDIA_FOOTPRINT), NCAA tournament appearances, Omaha and super regional history","GUESS proxy: program tradition, baseball expenses, conference",neutral baseline for a new coach,neutral baseline for a new coach
285,596434,Vanderbilt,SEC,p4,A,0.9528,B,A+,0.9739,B,B-,0.5456,A,A,0.9658,A,B-,0.6173,C,B-,0.5554,A,A+,0.9886,A,A+,0.9919,D,A-,0.8876,D,A+,0.9853,D,A+,0.9756,D,C,,D,C,,D,15.8618,2.9477,10,6,5,3,1,0.6739,0.9528,0.5817,0.7542,0.0677,93,6.0,True,13456,11,56.25,45.3,67.38,1.55,4.721,USW00013897,6.7,10095104.0,False,"NCAA tournament brackets 2015-2025 (Wikipedia pages, data/ncaa_brackets) + D1 win pct 2021-2025 (data.ncaa.com scoreboards)","RPI computed from data.ncaa.com scoreboards 2021-2025 (engine/rpi.py) + bids from the brackets, 2025 conference map","the sim's drawn team strength o + d, reference world seed 20251000; a dynasty regrades it from its own draw","IPEDS 2023 DRVGR (GBA6RTT) and DRVADM (DVADM01), NCES","IPEDS 2023 DRVEF (ENRTOT) and HD2024 (LOCALE), NCES; weighting GUESS","NOAA NCEI 1991-2020 monthly normals, nearest station: daily highs against a comfortable band (GUESS) and precipitation days","EADA 2024-25, baseball total expenses (U.S. Department of Education)","GUESS proxy: baseball expenses, regional hosting, conference","GUESS proxy: regional hosting, enrollment, conference","GUESS proxy, to be replaced by TV and streaming appearance counts: conference media footprint (config MEDIA_FOOTPRINT), NCAA tournament appearances, Omaha and super regional history","GUESS proxy: program tradition, baseball expenses, conference",neutral baseline for a new coach,neutral baseline for a new coach
286,596435,Villanova,Big East,mid,D+,0.1515,B,B,0.671,B,B,0.6759,A,A-,0.8941,A,C,0.3664,C,C,0.3013,A,B-,0.5293,A,B-,0.5782,D,B-,0.5603,D,C,0.3371,D,C+,0.4121,D,C,,D,C,,D,0.0,0.0,0,0,0,0,0,0.3974,0.1515,0.5067,0.1781,0.2188,92,25.0,True,10111,21,48.1,47.4,58.8,6.1,9.418,USC00366370,5.1,1673176.0,False,"NCAA tournament brackets 2015-2025 (Wikipedia pages, data/ncaa_brackets) + D1 win pct 2021-2025 (data.ncaa.com scoreboards)","RPI computed from data.ncaa.com scoreboards 2021-2025 (engine/rpi.py) + bids from the brackets, 2025 conference map","the sim's drawn team strength o + d, reference world seed 20251000; a dynasty regrades it from its own draw","IPEDS 2023 DRVGR (GBA6RTT) and DRVADM (DVADM01), NCES","IPEDS 2023 DRVEF (ENRTOT) and HD2024 (LOCALE), NCES; weighting GUESS","NOAA NCEI 1991-2020 monthly normals, nearest station: daily highs against a comfortable band (GUESS) and precipitation days","EADA 2024-25, baseball total expenses (U.S. Department of Education)","GUESS proxy: baseball expenses, regional hosting, conference","GUESS proxy: regional hosting, enrollment, conference","GUESS proxy, to be replaced by TV and streaming appearance counts: conference media footprint (config MEDIA_FOOTPRINT), NCAA tournament appearances, Omaha and super regional history","GUESS proxy: program tradition, baseball expenses, conference",neutral baseline for a new coach,neutral baseline for a new coach
287,596439,Virginia,ACC,p4,A,0.9658,B,A,0.9218,B,A+,0.9919,A,A,0.93,A,B-,0.6205,C,C+,0.4414,A,A,0.9397,A,A,0.943,D,A-,0.9169,D,A,0.956,D,A,0.9528,D,C,,D,C,,D,17.8813,1.7582,8,3,4,4,1,0.6854,0.9658,0.5642,0.5583,1.1271,95,17.0,True,25924,22,52.0,44.0,62.23,3.7,6.78,USC00441593,1.1,6397144.0,False,"NCAA tournament brackets 2015-2025 (Wikipedia pages, data/ncaa_brackets) + D1 win pct 2021-2025 (data.ncaa.com scoreboards)","RPI computed from data.ncaa.com scoreboards 2021-2025 (engine/rpi.py) + bids from the brackets, 2025 conference map","the sim's drawn team strength o + d, reference world seed 20251000; a dynasty regrades it from its own draw","IPEDS 2023 DRVGR (GBA6RTT) and DRVADM (DVADM01), NCES","IPEDS 2023 DRVEF (ENRTOT) and HD2024 (LOCALE), NCES; weighting GUESS","NOAA NCEI 1991-2020 monthly normals, nearest station: daily highs against a comfortable band (GUESS) and precipitation days","EADA 2024-25, baseball total expenses (U.S. Department of Education)","GUESS proxy: baseball expenses, regional hosting, conference","GUESS proxy: regional hosting, enrollment, conference","GUESS proxy, to be replaced by TV and streaming appearance counts: conference media footprint (config MEDIA_FOOTPRINT), NCAA tournament appearances, Omaha and super regional history","GUESS proxy: program tradition, baseball expenses, conference",neutral baseline for a new coach,neutral baseline for a new coach
288,596438,Virginia Tech,ACC,p4,B+,0.816,B,A,0.9218,B,A,0.9658,A,B+,0.7834,A,B+,0.8094,C,C,0.3306,A,B+,0.8485,A,A-,0.8876,D,A,0.9397,D,A-,0.855,D,A-,0.8779,D,C,,D,C,,D,3.5676,0.5946,2,1,1,0,0,0.5908,0.816,0.5642,0.5583,0.8856,86,57.0,True,38294,13,47.0,48.9,58.58,5.375,8.798,USC00440766,1.8,3966801.0,False,"NCAA tournament brackets 2015-2025 (Wikipedia pages, data/ncaa_brackets) + D1 win pct 2021-2025 (data.ncaa.com scoreboards)","RPI computed from data.ncaa.com scoreboards 2021-2025 (engine/rpi.py) + bids from the brackets, 2025 conference map","the sim's drawn team strength o + d, reference world seed 20251000; a dynasty regrades it from its own draw","IPEDS 2023 DRVGR (GBA6RTT) and DRVADM (DVADM01), NCES","IPEDS 2023 DRVEF (ENRTOT) and HD2024 (LOCALE), NCES; weighting GUESS","NOAA NCEI 1991-2020 monthly normals, nearest station: daily highs against a comfortable band (GUESS) and precipitation days","EADA 2024-25, baseball total expenses (U.S. Department of Education)","GUESS proxy: baseball expenses, regional hosting, conference","GUESS proxy: regional hosting, enrollment, conference","GUESS proxy, to be replaced by TV and streaming appearance counts: conference media footprint (config MEDIA_FOOTPRINT), NCAA tournament appearances, Omaha and super regional history","GUESS proxy: program tradition, baseball expenses, conference",neutral baseline for a new coach,neutral baseline for a new coach
289,596440,Wagner,NEC,low,C-,0.2687,B,D+,0.1678,B,C,0.2883,A,C+,0.3876,A,D+,0.1678,C,C-,0.2557,A,C-,0.2329,A,C-,0.1938,D,D-,0.0505,D,D,0.0619,D,D+,0.1612,D,C,,D,C,,D,0.0,0.0,0,0,0,0,0,0.4853,0.2687,0.4205,0.1182,-0.2385,68,83.0,True,1932,11,48.33,42.3,55.77,6.975,9.936,USC00305796,6.1,1010830.0,False,"NCAA tournament brackets 2015-2025 (Wikipedia pages, data/ncaa_brackets) + D1 win pct 2021-2025 (data.ncaa.com scoreboards)","RPI computed from data.ncaa.com scoreboards 2021-2025 (engine/rpi.py) + bids from the brackets, 2025 conference map","the sim's drawn team strength o + d, reference world seed 20251000; a dynasty regrades it from its own draw","IPEDS 2023 DRVGR (GBA6RTT) and DRVADM (DVADM01), NCES","IPEDS 2023 DRVEF (ENRTOT) and HD2024 (LOCALE), NCES; weighting GUESS","NOAA NCEI 1991-2020 monthly normals, nearest station: daily highs against a comfortable band (GUESS) and precipitation days","EADA 2024-25, baseball total expenses (U.S. Department of Education)","GUESS proxy: baseball expenses, regional hosting, conference","GUESS proxy: regional hosting, enrollment, conference","GUESS proxy, to be replaced by TV and streaming appearance counts: conference media footprint (config MEDIA_FOOTPRINT), NCAA tournament appearances, Omaha and super regional history","GUESS proxy: program tradition, baseball expenses, conference",neutral baseline for a new coach,neutral baseline for a new coach
290,596441,Wake Forest,ACC,p4,A-,0.8974,B,A,0.9218,B,A+,0.9788,A,A-,0.9007,A,C+,0.4886,C,B-,0.5456,A,A-,0.9039,A,A-,0.9088,D,B+,0.8485,D,A,0.9202,D,A,0.9202,D,C,,D,C,,D,9.7847,0.9571,7,2,2,1,0,0.6473,0.8974,0.5642,0.5583,0.9394,91,22.0,True,9121,11,55.08,43.0,65.53,1.8,4.81,USW00093807,3.1,5183705.0,False,"NCAA tournament brackets 2015-2025 (Wikipedia pages, data/ncaa_brackets) + D1 win pct 2021-2025 (data.ncaa.com scoreboards)","RPI computed from data.ncaa.com scoreboards 2021-2025 (engine/rpi.py) + bids from the brackets, 2025 conference map","the sim's drawn team strength o + d, reference world seed 20251000; a dynasty regrades it from its own draw","IPEDS 2023 DRVGR (GBA6RTT) and DRVADM (DVADM01), NCES","IPEDS 2023 DRVEF (ENRTOT) and HD2024 (LOCALE), NCES; weighting GUESS","NOAA NCEI 1991-2020 monthly normals, nearest station: daily highs against a comfortable band (GUESS) and precipitation days","EADA 2024-25, baseball total expenses (U.S. Department of Education)","GUESS proxy: baseball expenses, regional hosting, conference","GUESS proxy: regional hosting, enrollment, conference","GUESS proxy, to be replaced by TV and streaming appearance counts: conference media footprint (config MEDIA_FOOTPRINT), NCAA tournament appearances, Omaha and super regional history","GUESS proxy: program tradition, baseball expenses, conference",neutral baseline for a new coach,neutral baseline for a new coach
291,596443,Washington,Big Ten,p4,B+,0.7736,B,B+,0.8225,B,A-,0.8713,A,B+,0.8225,A,A+,0.9919,C,C,0.3339,A,A-,0.8876,A,B+,0.829,D,B+,0.8225,D,A-,0.8746,D,A-,0.855,D,C,,D,C,,D,2.7011,0.0,3,0,1,1,0,0.4989,0.7736,0.5236,0.2548,0.5327,84,43.0,True,55620,11,49.4,61.5,56.95,4.375,8.68,USW00094290,3.2,4803267.0,False,"NCAA tournament brackets 2015-2025 (Wikipedia pages, data/ncaa_brackets) + D1 win pct 2021-2025 (data.ncaa.com scoreboards)","RPI computed from data.ncaa.com scoreboards 2021-2025 (engine/rpi.py) + bids from the brackets, 2025 conference map","the sim's drawn team strength o + d, reference world seed 20251000; a dynasty regrades it from its own draw","IPEDS 2023 DRVGR (GBA6RTT) and DRVADM (DVADM01), NCES","IPEDS 2023 DRVEF (ENRTOT) and HD2024 (LOCALE), NCES; weighting GUESS","NOAA NCEI 1991-2020 monthly normals, nearest station: daily highs against a comfortable band (GUESS) and precipitation days","EADA 2024-25, baseball total expenses (U.S. Department of Education)","GUESS proxy: baseball expenses, regional hosting, conference","GUESS proxy: regional hosting, enrollment, conference","GUESS proxy, to be replaced by TV and streaming appearance counts: conference media footprint (config MEDIA_FOOTPRINT), NCAA tournament appearances, Omaha and super regional history","GUESS proxy: program tradition, baseball expenses, conference",neutral baseline for a new coach,neutral baseline for a new coach
292,596442,Washington St.,Mountain West,mid,B-,0.6075,B,C+,0.4788,B,B-,0.6173,A,C,0.3404,A,C+,0.5,C,C-,0.1971,A,B,0.728,A,B,0.6596,D,B-,0.614,D,B-,0.5977,D,B,0.6596,D,C,,D,C,,D,1.1892,0.0,1,0,0,0,0,0.4513,0.6075,0.4899,0.125,0.1314,62,85.0,True,26490,32,43.83,44.5,53.75,7.85,10.965,USC00456789,2.5,2511301.0,False,"NCAA tournament brackets 2015-2025 (Wikipedia pages, data/ncaa_brackets) + D1 win pct 2021-2025 (data.ncaa.com scoreboards)","RPI computed from data.ncaa.com scoreboards 2021-2025 (engine/rpi.py) + bids from the brackets, 2025 conference map","the sim's drawn team strength o + d, reference world seed 20251000; a dynasty regrades it from its own draw","IPEDS 2023 DRVGR (GBA6RTT) and DRVADM (DVADM01), NCES","IPEDS 2023 DRVEF (ENRTOT) and HD2024 (LOCALE), NCES; weighting GUESS","NOAA NCEI 1991-2020 monthly normals, nearest station: daily highs against a comfortable band (GUESS) and precipitation days","EADA 2024-25, baseball total expenses (U.S. Department of Education)","GUESS proxy: baseball expenses, regional hosting, conference","GUESS proxy: regional hosting, enrollment, conference","GUESS proxy, to be replaced by TV and streaming appearance counts: conference media footprint (config MEDIA_FOOTPRINT), NCAA tournament appearances, Omaha and super regional history","GUESS proxy: program tradition, baseball expenses, conference",neutral baseline for a new coach,neutral baseline for a new coach
293,596947,West Ga.,ASUN,mid,D+,0.145,B,D+,0.1303,B,D,0.0765,A,B,0.6678,A,C-,0.2264,C,B,0.6596,A,D+,0.1189,A,D,0.0928,D,C-,0.2622,D,C-,0.215,D,D,0.0603,D,C,,D,C,,D,0.0,0.0,0,0,0,0,0,0.3922,0.145,0.4721,0.0697,-0.7309,43,49.0,True,12728,32,57.35,39.1,69.75,0.475,3.212,USC00091640,1.9,804788.0,False,"NCAA tournament brackets 2015-2025 (Wikipedia pages, data/ncaa_brackets) + D1 win pct 2021-2025 (data.ncaa.com scoreboards)","RPI computed from data.ncaa.com scoreboards 2021-2025 (engine/rpi.py) + bids from the brackets, 2025 conference map","the sim's drawn team strength o + d, reference world seed 20251000; a dynasty regrades it from its own draw","IPEDS 2023 DRVGR (GBA6RTT) and DRVADM (DVADM01), NCES","IPEDS 2023 DRVEF (ENRTOT) and HD2024 (LOCALE), NCES; weighting GUESS","NOAA NCEI 1991-2020 monthly normals, nearest station: daily highs against a comfortable band (GUESS) and precipitation days","EADA 2024-25, baseball total expenses (U.S. Department of Education)","GUESS proxy: baseball expenses, regional hosting, conference","GUESS proxy: regional hosting, enrollment, conference","GUESS proxy, to be replaced by TV and streaming appearance counts: conference media footprint (config MEDIA_FOOTPRINT), NCAA tournament appearances, Omaha and super regional history","GUESS proxy: program tradition, baseball expenses, conference",neutral baseline for a new coach,neutral baseline for a new coach
294,596444,West Virginia,Big 12,p4,A,0.9463,B,A-,0.873,B,C+,0.4902,A,C,0.285,A,B,0.6889,C,C-,0.2101,A,A-,0.8648,A,A-,0.8941,D,A-,0.8974,D,A-,0.8941,D,A-,0.9137,D,C,,D,C,,D,15.5114,1.5428,6,2,3,1,0,0.6398,0.9463,0.5414,0.4043,0.0063,60,86.0,True,24200,13,46.02,59.1,57.6,6.525,10.662,USC00466212,1.3,4224823.0,False,"NCAA tournament brackets 2015-2025 (Wikipedia pages, data/ncaa_brackets) + D1 win pct 2021-2025 (data.ncaa.com scoreboards)","RPI computed from data.ncaa.com scoreboards 2021-2025 (engine/rpi.py) + bids from the brackets, 2025 conference map","the sim's drawn team strength o + d, reference world seed 20251000; a dynasty regrades it from its own draw","IPEDS 2023 DRVGR (GBA6RTT) and DRVADM (DVADM01), NCES","IPEDS 2023 DRVEF (ENRTOT) and HD2024 (LOCALE), NCES; weighting GUESS","NOAA NCEI 1991-2020 monthly normals, nearest station: daily highs against a comfortable band (GUESS) and precipitation days","EADA 2024-25, baseball total expenses (U.S. Department of Education)","GUESS proxy: baseball expenses, regional hosting, conference","GUESS proxy: regional hosting, enrollment, conference","GUESS proxy, to be replaced by TV and streaming appearance counts: conference media footprint (config MEDIA_FOOTPRINT), NCAA tournament appearances, Omaha and super regional history","GUESS proxy: program tradition, baseball expenses, conference",neutral baseline for a new coach,neutral baseline for a new coach
295,596445,Western Caro.,SoCon,mid,C+,0.3827,B,B-,0.57,B,B,0.7313,A,C,0.2704,A,C-,0.2036,C,B-,0.5326,A,C-,0.2134,A,C,0.3046,D,B-,0.5277,D,C+,0.4202,D,C,0.3502,D,C,,D,C,,D,0.2102,0.0,1,0,0,0,0,0.5085,0.3827,0.5121,0.125,0.2793,59,87.0,True,11628,32,51.9,46.0,65.22,1.8,5.02,USC00312200,0.7,979515.0,False,"NCAA tournament brackets 2015-2025 (Wikipedia pages, data/ncaa_brackets) + D1 win pct 2021-2025 (data.ncaa.com scoreboards)","RPI computed from data.ncaa.com scoreboards 2021-2025 (engine/rpi.py) + bids from the brackets, 2025 conference map","the sim's drawn team strength o + d, reference world seed 20251000; a dynasty regrades it from its own draw","IPEDS 2023 DRVGR (GBA6RTT) and DRVADM (DVADM01), NCES","IPEDS 2023 DRVEF (ENRTOT) and HD2024 (LOCALE), NCES; weighting GUESS","NOAA NCEI 1991-2020 monthly normals, nearest station: daily highs against a comfortable band (GUESS) and precipitation days","EADA 2024-25, baseball total expenses (U.S. Department of Education)","GUESS proxy: baseball expenses, regional hosting, conference","GUESS proxy: regional hosting, enrollment, conference","GUESS proxy, to be replaced by TV and streaming appearance counts: conference media footprint (config MEDIA_FOOTPRINT), NCAA tournament appearances, Omaha and super regional history","GUESS proxy: program tradition, baseball expenses, conference",neutral baseline for a new coach,neutral baseline for a new coach
296,596446,Western Ill.,OVC,low,D-,0.0375,B,C-,0.2671,B,C,0.3013,A,C+,0.4121,A,D,0.0603,C,C-,0.2068,A,D,0.0961,A,D+,0.1124,D,C-,0.1906,D,D,0.0619,D,D-,0.044,D,C,,D,C,,D,0.0,0.0,0,0,0,0,0,0.2666,0.0375,0.4691,0.1,-0.2234,45,75.0,True,7073,33,45.67,40.1,56.45,7.9,10.707,USC00116970,14.5,773415.0,False,"NCAA tournament brackets 2015-2025 (Wikipedia pages, data/ncaa_brackets) + D1 win pct 2021-2025 (data.ncaa.com scoreboards)","RPI computed from data.ncaa.com scoreboards 2021-2025 (engine/rpi.py) + bids from the brackets, 2025 conference map","the sim's drawn team strength o + d, reference world seed 20251000; a dynasty regrades it from its own draw","IPEDS 2023 DRVGR (GBA6RTT) and DRVADM (DVADM01), NCES","IPEDS 2023 DRVEF (ENRTOT) and HD2024 (LOCALE), NCES; weighting GUESS","NOAA NCEI 1991-2020 monthly normals, nearest station: daily highs against a comfortable band (GUESS) and precipitation days","EADA 2024-25, baseball total expenses (U.S. Department of Education)","GUESS proxy: baseball expenses, regional hosting, conference","GUESS proxy: regional hosting, enrollment, conference","GUESS proxy, to be replaced by TV and streaming appearance counts: conference media footprint (config MEDIA_FOOTPRINT), NCAA tournament appearances, Omaha and super regional history","GUESS proxy: program tradition, baseball expenses, conference",neutral baseline for a new coach,neutral baseline for a new coach
297,596447,Western Ky.,CUSA,mid,B-,0.5879,B,B+,0.7785,B,C,0.3436,A,D-,0.0472,A,B-,0.5912,C,B-,0.5033,A,C+,0.4414,A,B-,0.5521,D,B,0.6775,D,B-,0.614,D,B,0.6531,D,C,,D,C,,D,1.0,0.0,1,0,0,0,0,0.5812,0.5879,0.5126,0.2627,-0.1681,56,97.0,True,16759,13,54.33,46.1,65.12,2.25,5.477,USW00093808,2.3,1476561.0,False,"NCAA tournament brackets 2015-2025 (Wikipedia pages, data/ncaa_brackets) + D1 win pct 2021-2025 (data.ncaa.com scoreboards)","RPI computed from data.ncaa.com scoreboards 2021-2025 (engine/rpi.py) + bids from the brackets, 2025 conference map","the sim's drawn team strength o + d, reference world seed 20251000; a dynasty regrades it from its own draw","IPEDS 2023 DRVGR (GBA6RTT) and DRVADM (DVADM01), NCES","IPEDS 2023 DRVEF (ENRTOT) and HD2024 (LOCALE), NCES; weighting GUESS","NOAA NCEI 1991-2020 monthly normals, nearest station: daily highs against a comfortable band (GUESS) and precipitation days","EADA 2024-25, baseball total expenses (U.S. Department of Education)","GUESS proxy: baseball expenses, regional hosting, conference","GUESS proxy: regional hosting, enrollment, conference","GUESS proxy, to be replaced by TV and streaming appearance counts: conference media footprint (config MEDIA_FOOTPRINT), NCAA tournament appearances, Omaha and super regional history","GUESS proxy: program tradition, baseball expenses, conference",neutral baseline for a new coach,neutral baseline for a new coach
298,596448,Western Mich.,MAC,mid,B-,0.5619,B,C,0.3013,B,C,0.3762,A,C,0.3241,A,B-,0.5847,C,D,0.0831,A,D+,0.1743,A,C-,0.1873,D,C+,0.4349,D,B-,0.6075,D,C,0.3241,D,C,,D,C,,D,1.0511,0.0,2,0,0,0,0,0.4341,0.5619,0.4761,0.0909,-0.1301,58,85.0,True,16693,13,42.92,45.8,52.55,10.025,13.231,USW00094815,4.6,923105.0,False,"NCAA tournament brackets 2015-2025 (Wikipedia pages, data/ncaa_brackets) + D1 win pct 2021-2025 (data.ncaa.com scoreboards)","RPI computed from data.ncaa.com scoreboards 2021-2025 (engine/rpi.py) + bids from the brackets, 2025 conference map","the sim's drawn team strength o + d, reference world seed 20251000; a dynasty regrades it from its own draw","IPEDS 2023 DRVGR (GBA6RTT) and DRVADM (DVADM01), NCES","IPEDS 2023 DRVEF (ENRTOT) and HD2024 (LOCALE), NCES; weighting GUESS","NOAA NCEI 1991-2020 monthly normals, nearest station: daily highs against a comfortable band (GUESS) and precipitation days","EADA 2024-25, baseball total expenses (U.S. Department of Education)","GUESS proxy: baseball expenses, regional hosting, conference","GUESS proxy: regional hosting, enrollment, conference","GUESS proxy, to be replaced by TV and streaming appearance counts: conference media footprint (config MEDIA_FOOTPRINT), NCAA tournament appearances, Omaha and super regional history","GUESS proxy: program tradition, baseball expenses, conference",neutral baseline for a new coach,neutral baseline for a new coach
299,596449,Wichita St.,The American,mid,C-,0.2362,B,B,0.7003,B,B+,0.829,A,D,0.0635,A,B,0.6857,C,C+,0.5,A,B+,0.7834,A,B+,0.7508,D,B,0.6401,D,C,0.3371,D,B-,0.601,D,C,,D,C,,D,0.0,0.0,0,0,0,0,0,0.4561,0.2362,0.5148,0.2168,0.4819,51,95.0,True,16741,11,51.58,31.5,62.98,3.275,5.48,USW00003974,4.3,3154802.0,False,"NCAA tournament brackets 2015-2025 (Wikipedia pages, data/ncaa_brackets) + D1 win pct 2021-2025 (data.ncaa.com scoreboards)","RPI computed from data.ncaa.com scoreboards 2021-2025 (engine/rpi.py) + bids from the brackets, 2025 conference map","the sim's drawn team strength o + d, reference world seed 20251000; a dynasty regrades it from its own draw","IPEDS 2023 DRVGR (GBA6RTT) and DRVADM (DVADM01), NCES","IPEDS 2023 DRVEF (ENRTOT) and HD2024 (LOCALE), NCES; weighting GUESS","NOAA NCEI 1991-2020 monthly normals, nearest station: daily highs against a comfortable band (GUESS) and precipitation days","EADA 2024-25, baseball total expenses (U.S. Department of Education)","GUESS proxy: baseball expenses, regional hosting, conference","GUESS proxy: regional hosting, enrollment, conference","GUESS proxy, to be replaced by TV and streaming appearance counts: conference media footprint (config MEDIA_FOOTPRINT), NCAA tournament appearances, Omaha and super regional history","GUESS proxy: program tradition, baseball expenses, conference",neutral baseline for a new coach,neutral baseline for a new coach
300,596450,William & Mary,CAA,mid,C,0.3632,B,B-,0.6026,B,C+,0.4674,A,A-,0.8713,A,C-,0.2296,C,B-,0.5391,A,C+,0.4186,A,C+,0.4674,D,C+,0.4967,D,C+,0.4202,D,C+,0.4674,D,C,,D,C,,D,0.2102,0.0,1,0,0,0,0,0.4616,0.3632,0.5029,0.1407,-0.0201,91,33.0,True,9762,23,54.33,41.9,64.83,1.975,4.908,USC00449151,2.2,1432150.0,False,"NCAA tournament brackets 2015-2025 (Wikipedia pages, data/ncaa_brackets) + D1 win pct 2021-2025 (data.ncaa.com scoreboards)","RPI computed from data.ncaa.com scoreboards 2021-2025 (engine/rpi.py) + bids from the brackets, 2025 conference map","the sim's drawn team strength o + d, reference world seed 20251000; a dynasty regrades it from its own draw","IPEDS 2023 DRVGR (GBA6RTT) and DRVADM (DVADM01), NCES","IPEDS 2023 DRVEF (ENRTOT) and HD2024 (LOCALE), NCES; weighting GUESS","NOAA NCEI 1991-2020 monthly normals, nearest station: daily highs against a comfortable band (GUESS) and precipitation days","EADA 2024-25, baseball total expenses (U.S. Department of Education)","GUESS proxy: baseball expenses, regional hosting, conference","GUESS proxy: regional hosting, enrollment, conference","GUESS proxy, to be replaced by TV and streaming appearance counts: conference media footprint (config MEDIA_FOOTPRINT), NCAA tournament appearances, Omaha and super regional history","GUESS proxy: program tradition, baseball expenses, conference",neutral baseline for a new coach,neutral baseline for a new coach
301,596451,Winthrop,Big South,mid,C-,0.2231,B,D,0.0961,B,B-,0.5228,A,C+,0.4935,A,D+,0.171,C,B,0.6661,A,C-,0.1906,A,D+,0.127,D,D,0.1026,D,D+,0.1498,D,D+,0.1107,D,C,,D,C,,D,0.0,0.0,0,0,0,0,0,0.4438,0.2231,0.4715,0.0714,0.0412,61,75.0,True,4694,13,58.02,36.6,69.83,0.55,3.112,USC00389350,0.2,935225.0,False,"NCAA tournament brackets 2015-2025 (Wikipedia pages, data/ncaa_brackets) + D1 win pct 2021-2025 (data.ncaa.com scoreboards)","RPI computed from data.ncaa.com scoreboards 2021-2025 (engine/rpi.py) + bids from the brackets, 2025 conference map","the sim's drawn team strength o + d, reference world seed 20251000; a dynasty regrades it from its own draw","IPEDS 2023 DRVGR (GBA6RTT) and DRVADM (DVADM01), NCES","IPEDS 2023 DRVEF (ENRTOT) and HD2024 (LOCALE), NCES; weighting GUESS","NOAA NCEI 1991-2020 monthly normals, nearest station: daily highs against a comfortable band (GUESS) and precipitation days","EADA 2024-25, baseball total expenses (U.S. Department of Education)","GUESS proxy: baseball expenses, regional hosting, conference","GUESS proxy: regional hosting, enrollment, conference","GUESS proxy, to be replaced by TV and streaming appearance counts: conference media footprint (config MEDIA_FOOTPRINT), NCAA tournament appearances, Omaha and super regional history","GUESS proxy: program tradition, baseball expenses, conference",neutral baseline for a new coach,neutral baseline for a new coach
302,596704,Wofford,SoCon,mid,B-,0.5684,B,B-,0.57,B,D,0.1059,A,B+,0.7508,A,D,0.0863,C,B,0.6808,A,C+,0.487,A,B-,0.5228,D,C-,0.2443,D,C+,0.5,D,B-,0.6075,D,C,,D,C,,D,0.8409,0.0,1,0,0,0,0,0.6487,0.5684,0.5121,0.125,-0.6227,81,59.0,True,1873,13,57.15,33.6,70.08,0.375,2.727,USC00388188,3.7,1580159.0,False,"NCAA tournament brackets 2015-2025 (Wikipedia pages, data/ncaa_brackets) + D1 win pct 2021-2025 (data.ncaa.com scoreboards)","RPI computed from data.ncaa.com scoreboards 2021-2025 (engine/rpi.py) + bids from the brackets, 2025 conference map","the sim's drawn team strength o + d, reference world seed 20251000; a dynasty regrades it from its own draw","IPEDS 2023 DRVGR (GBA6RTT) and DRVADM (DVADM01), NCES","IPEDS 2023 DRVEF (ENRTOT) and HD2024 (LOCALE), NCES; weighting GUESS","NOAA NCEI 1991-2020 monthly normals, nearest station: daily highs against a comfortable band (GUESS) and precipitation days","EADA 2024-25, baseball total expenses (U.S. Department of Education)","GUESS proxy: baseball expenses, regional hosting, conference","GUESS proxy: regional hosting, enrollment, conference","GUESS proxy, to be replaced by TV and streaming appearance counts: conference media footprint (config MEDIA_FOOTPRINT), NCAA tournament appearances, Omaha and super regional history","GUESS proxy: program tradition, baseball expenses, conference",neutral baseline for a new coach,neutral baseline for a new coach
303,596453,Wright St.,Horizon,low,B+,0.8127,B,C,0.3583,B,D-,0.057,A,D-,0.0375,A,C,0.3567,C,C-,0.215,A,C,0.3111,A,C,0.3127,D,C,0.3371,D,B,0.6368,D,B-,0.5749,D,C,,D,C,,D,3.486,0.0,7,0,0,0,0,0.6184,0.8127,0.4597,0.1667,-0.8106,46,95.0,True,9884,21,47.2,48.0,57.52,7.275,10.635,USC00332067,6.8,1173443.0,False,"NCAA tournament brackets 2015-2025 (Wikipedia pages, data/ncaa_brackets) + D1 win pct 2021-2025 (data.ncaa.com scoreboards)","RPI computed from data.ncaa.com scoreboards 2021-2025 (engine/rpi.py) + bids from the brackets, 2025 conference map","the sim's drawn team strength o + d, reference world seed 20251000; a dynasty regrades it from its own draw","IPEDS 2023 DRVGR (GBA6RTT) and DRVADM (DVADM01), NCES","IPEDS 2023 DRVEF (ENRTOT) and HD2024 (LOCALE), NCES; weighting GUESS","NOAA NCEI 1991-2020 monthly normals, nearest station: daily highs against a comfortable band (GUESS) and precipitation days","EADA 2024-25, baseball total expenses (U.S. Department of Education)","GUESS proxy: baseball expenses, regional hosting, conference","GUESS proxy: regional hosting, enrollment, conference","GUESS proxy, to be replaced by TV and streaming appearance counts: conference media footprint (config MEDIA_FOOTPRINT), NCAA tournament appearances, Omaha and super regional history","GUESS proxy: program tradition, baseball expenses, conference",neutral baseline for a new coach,neutral baseline for a new coach
304,596454,Xavier,Big East,mid,B-,0.627,B,B,0.671,B,C+,0.4349,A,C,0.3046,A,C,0.3436,C,C,0.3502,A,B-,0.6042,A,B-,0.6173,D,C+,0.43,D,B,0.7215,D,B,0.6873,D,C,,D,C,,D,1.1673,0.0,3,0,0,0,0,0.5534,0.627,0.5067,0.1781,-0.072,70,88.0,True,6000,11,49.45,48.1,60.4,5.1,8.467,USW00093812,4.4,1874137.0,False,"NCAA tournament brackets 2015-2025 (Wikipedia pages, data/ncaa_brackets) + D1 win pct 2021-2025 (data.ncaa.com scoreboards)","RPI computed from data.ncaa.com scoreboards 2021-2025 (engine/rpi.py) + bids from the brackets, 2025 conference map","the sim's drawn team strength o + d, reference world seed 20251000; a dynasty regrades it from its own draw","IPEDS 2023 DRVGR (GBA6RTT) and DRVADM (DVADM01), NCES","IPEDS 2023 DRVEF (ENRTOT) and HD2024 (LOCALE), NCES; weighting GUESS","NOAA NCEI 1991-2020 monthly normals, nearest station: daily highs against a comfortable band (GUESS) and precipitation days","EADA 2024-25, baseball total expenses (U.S. Department of Education)","GUESS proxy: baseball expenses, regional hosting, conference","GUESS proxy: regional hosting, enrollment, conference","GUESS proxy, to be replaced by TV and streaming appearance counts: conference media footprint (config MEDIA_FOOTPRINT), NCAA tournament appearances, Omaha and super regional history","GUESS proxy: program tradition, baseball expenses, conference",neutral baseline for a new coach,neutral baseline for a new coach
305,596455,Yale,Ivy League,low,B,0.6564,B,C-,0.2378,B,D+,0.1645,A,A+,0.987,A,B-,0.601,C,D+,0.1319,A,C+,0.4739,A,C+,0.399,D,C,0.3616,D,C+,0.487,D,C+,0.5,D,C,,D,C,,D,1.4392,0.0,2,0,0,0,0,0.5212,0.6564,0.4664,0.1078,-0.4889,96,5.0,True,15081,12,44.38,41.9,53.17,8.75,11.683,USW00014758,3.9,1547214.0,False,"NCAA tournament brackets 2015-2025 (Wikipedia pages, data/ncaa_brackets) + D1 win pct 2021-2025 (data.ncaa.com scoreboards)","RPI computed from data.ncaa.com scoreboards 2021-2025 (engine/rpi.py) + bids from the brackets, 2025 conference map","the sim's drawn team strength o + d, reference world seed 20251000; a dynasty regrades it from its own draw","IPEDS 2023 DRVGR (GBA6RTT) and DRVADM (DVADM01), NCES","IPEDS 2023 DRVEF (ENRTOT) and HD2024 (LOCALE), NCES; weighting GUESS","NOAA NCEI 1991-2020 monthly normals, nearest station: daily highs against a comfortable band (GUESS) and precipitation days","EADA 2024-25, baseball total expenses (U.S. Department of Education)","GUESS proxy: baseball expenses, regional hosting, conference","GUESS proxy: regional hosting, enrollment, conference","GUESS proxy, to be replaced by TV and streaming appearance counts: conference media footprint (config MEDIA_FOOTPRINT), NCAA tournament appearances, Omaha and super regional history","GUESS proxy: program tradition, baseball expenses, conference",neutral baseline for a new coach,neutral baseline for a new coach
306,596456,Youngstown St.,Horizon,low,D,0.0961,B,C,0.3583,B,D,0.0831,A,C,0.3534,A,C+,0.4414,C,D,0.0896,A,D+,0.145,A,C-,0.1808,D,C,0.3664,D,D,0.0619,D,D+,0.1287,D,C,,D,C,,D,0.0,0.0,0,0,0,0,0,0.3392,0.0961,0.4597,0.1667,-0.7215,53,80.0,True,11040,13,43.65,59.6,53.77,9.025,13.197,USW00014852,10.4,867494.0,False,"NCAA tournament brackets 2015-2025 (Wikipedia pages, data/ncaa_brackets) + D1 win pct 2021-2025 (data.ncaa.com scoreboards)","RPI computed from data.ncaa.com scoreboards 2021-2025 (engine/rpi.py) + bids from the brackets, 2025 conference map","the sim's drawn team strength o + d, reference world seed 20251000; a dynasty regrades it from its own draw","IPEDS 2023 DRVGR (GBA6RTT) and DRVADM (DVADM01), NCES","IPEDS 2023 DRVEF (ENRTOT) and HD2024 (LOCALE), NCES; weighting GUESS","NOAA NCEI 1991-2020 monthly normals, nearest station: daily highs against a comfortable band (GUESS) and precipitation days","EADA 2024-25, baseball total expenses (U.S. Department of Education)","GUESS proxy: baseball expenses, regional hosting, conference","GUESS proxy: regional hosting, enrollment, conference","GUESS proxy, to be replaced by TV and streaming appearance counts: conference media footprint (config MEDIA_FOOTPRINT), NCAA tournament appearances, Omaha and super regional history","GUESS proxy: program tradition, baseball expenses, conference",neutral baseline for a new coach,neutral baseline for a new coach
