game_id,local_date,local_hour,time_tba,venue_id,venue,city,state,lat,lon,home_team_id,away_team_id,neutral_site,dbl_header_game_no
6312957,2025-02-25,16,1,12496,L. Dale Mitchell Park,Norman,OK,35.19097699999999,-97.445747,596641,596422,0,0
6312958,2025-02-26,16,1,12496,L. Dale Mitchell Park,Norman,OK,35.19097699999999,-97.445747,596641,596422,0,0
6310881,2025-03-05,18,1,24400,Blue Bell Park,College Station,TX,30.6060601,-96.3413557,596420,596422,0,0
6314684,2025-02-14,0,1,11788,Clay Gould Ballpark,Arlington,TX,32.721909,-97.13105829999999,596424,596426,0,0
6314689,2025-02-15,0,1,11788,Clay Gould Ballpark,Arlington,TX,32.721909,-97.13105829999999,596424,596426,0,0
6314691,2025-02-16,0,1,11788,Clay Gould Ballpark,Arlington,TX,32.721909,-97.13105829999999,596424,596426,0,0
6315774,2025-02-18,0,1,15265,Baylor Ballpark,Waco,TX,31.55099409999999,-97.1075414,596493,596426,0,0
6314641,2025-02-22,0,1,11057,Roadrunner Field,San Antonio,TX,29.5829626,-98.6271605,596426,596711,0,1
6314644,2025-02-22,0,1,11057,Roadrunner Field,San Antonio,TX,29.5829626,-98.6271605,596426,596711,0,2
6314711,2025-02-23,0,1,11057,Roadrunner Field,San Antonio,TX,29.5829626,-98.6271605,596426,596711,0,1
6314720,2025-02-23,0,1,11057,Roadrunner Field,San Antonio,TX,29.5829626,-98.6271605,596426,596711,0,2
6313998,2025-02-25,18,1,11057,Roadrunner Field,San Antonio,TX,29.5829626,-98.6271605,596426,596560,0,0
6315786,2025-02-26,0,1,11057,Roadrunner Field,San Antonio,TX,29.5829626,-98.6271605,596426,596638,0,0
6301231,2025-02-28,19,1,11057,Roadrunner Field,San Antonio,TX,29.5829626,-98.6271605,596426,596456,0,0
6301263,2025-03-01,13,1,11057,Roadrunner Field,San Antonio,TX,29.5829626,-98.6271605,596426,596456,0,1
6304695,2025-03-01,15,1,11057,Roadrunner Field,San Antonio,TX,29.5829626,-98.6271605,596426,596456,0,2
6301335,2025-03-02,12,1,11057,Roadrunner Field,San Antonio,TX,29.5829626,-98.6271605,596426,596456,0,0
6310880,2025-03-04,18,1,24400,Blue Bell Park,College Station,TX,30.6060601,-96.3413557,596420,596426,0,0
6312961,2025-03-07,0,1,11057,Roadrunner Field,San Antonio,TX,29.5829626,-98.6271605,596426,596422,0,0
6312963,2025-03-08,0,1,11057,Roadrunner Field,San Antonio,TX,29.5829626,-98.6271605,596426,596422,0,0
6312965,2025-03-09,0,1,11057,Roadrunner Field,San Antonio,TX,29.5829626,-98.6271605,596426,596422,0,0
6315813,2025-03-11,0,1,11057,Roadrunner Field,San Antonio,TX,29.5829626,-98.6271605,596426,596468,0,0
6310150,2025-03-14,18,1,13338,Horner Ballpark,Dallas,TX,32.71181069999999,-96.945392,596703,596426,0,0
6310151,2025-03-15,15,1,13338,Horner Ballpark,Dallas,TX,32.71181069999999,-96.945392,596703,596426,0,0
6310154,2025-03-16,13,1,13338,Horner Ballpark,Dallas,TX,32.71181069999999,-96.945392,596703,596426,0,0
6315819,2025-03-18,0,1,13168,UFCU Disch-Falk Field,Austin,TX,30.2793589,-97.7265066,596425,596426,0,0
6315823,2025-03-21,0,1,14589,Robert and Mariam Hayes Stadium,Charlotte,NC,35.3077187,-80.739284,596615,596426,0,0
6315826,2025-03-22,0,1,14589,Robert and Mariam Hayes Stadium,Charlotte,NC,35.3077187,-80.739284,596615,596426,0,0
6315827,2025-03-23,0,1,14589,Robert and Mariam Hayes Stadium,Charlotte,NC,35.3077187,-80.739284,596615,596426,0,0
6314327,2025-03-25,18,1,11057,Roadrunner Field,San Antonio,TX,29.5829626,-98.6271605,596426,596686,0,0
6315832,2025-03-28,0,1,11057,Roadrunner Field,San Antonio,TX,29.5829626,-98.6271605,596426,596543,0,0
6315837,2025-03-29,0,1,11057,Roadrunner Field,San Antonio,TX,29.5829626,-98.6271605,596426,596543,0,0
6315839,2025-03-30,0,1,11057,Roadrunner Field,San Antonio,TX,29.5829626,-98.6271605,596426,596543,0,0
6314063,2025-04-01,18,1,13167,Lupton Stadium,Fort Worth,TX,32.7034329,-97.37259859999999,596421,596426,0,0
6302774,2025-04-04,17,1,15262,Young Memorial Field,Birmingham,AL,33.4984935,-86.8105794,596481,596426,0,0
6370054,2025-04-05,0,1,15262,Young Memorial Field,Birmingham,AL,33.4984935,-86.8105794,596481,596426,0,1
6370119,2025-04-05,0,1,15262,Young Memorial Field,Birmingham,AL,33.4984935,-86.8105794,596481,596426,0,2
6314419,2025-04-11,18,1,15290,Eck Stadium,Wichita,KS,37.72195499999999,-97.2881177,596449,596426,0,0
6314420,2025-04-12,14,1,15290,Eck Stadium,Wichita,KS,37.72195499999999,-97.2881177,596449,596426,0,0
6314421,2025-04-13,13,1,15290,Eck Stadium,Wichita,KS,37.72195499999999,-97.2881177,596449,596426,0,0
6303372,2025-04-17,18,1,11057,Roadrunner Field,San Antonio,TX,29.5829626,-98.6271605,596426,596701,0,0
6303446,2025-04-18,18,1,11057,Roadrunner Field,San Antonio,TX,29.5829626,-98.6271605,596426,596701,0,0
6303502,2025-04-19,13,1,11057,Roadrunner Field,San Antonio,TX,29.5829626,-98.6271605,596426,596701,0,0
6315855,2025-04-25,0,1,11057,Roadrunner Field,San Antonio,TX,29.5829626,-98.6271605,596426,596597,0,0
6315858,2025-04-26,0,1,11057,Roadrunner Field,San Antonio,TX,29.5829626,-98.6271605,596426,596597,0,0
6315862,2025-04-27,0,1,11057,Roadrunner Field,San Antonio,TX,29.5829626,-98.6271605,596426,596597,0,0
6314342,2025-04-29,18,1,13892,Bobcat Ballpark,San Marcos,TX,29.8878646,-97.928276,596686,596426,0,0
6310554,2025-05-02,18,1,12500,USF Baseball Stadium,Tampa,FL,28.0587021,-82.4045364,596679,596426,0,0
6310555,2025-05-03,14,1,12500,USF Baseball Stadium,Tampa,FL,28.0587021,-82.4045364,596679,596426,0,0
6310557,2025-05-04,13,1,12500,USF Baseball Stadium,Tampa,FL,28.0587021,-82.4045364,596679,596426,0,0
6304252,2025-05-09,18,1,14577,Clark-LeClair,Greenville,NC,35.59328389999999,-77.36703109999999,596535,596426,0,0
6383981,2025-05-10,0,1,14577,Clark-LeClair,Greenville,NC,35.59328389999999,-77.36703109999999,596535,596426,0,1
6304334,2025-05-10,16,1,14577,Clark-LeClair,Greenville,NC,35.59328389999999,-77.36703109999999,596535,596426,0,2
6315872,2025-05-15,0,1,11057,Roadrunner Field,San Antonio,TX,29.5829626,-98.6271605,596426,596657,0,0
6315876,2025-05-16,0,1,11057,Roadrunner Field,San Antonio,TX,29.5829626,-98.6271605,596426,596657,0,0
6315878,2025-05-17,0,1,11057,Roadrunner Field,San Antonio,TX,29.5829626,-98.6271605,596426,596657,0,0
6385112,2025-05-20,0,1,24262,BayCare Ballpark,Clearwater,FL,27.9709213,-82.7317194,596426,596657,1,0
6385113,2025-05-22,0,1,24262,BayCare Ballpark,Clearwater,FL,27.9709213,-82.7317194,596426,596701,1,0
6385115,2025-05-23,0,1,24262,BayCare Ballpark,Clearwater,FL,27.9709213,-82.7317194,596426,596543,1,0
6385116,2025-05-24,0,1,24262,BayCare Ballpark,Clearwater,FL,27.9709213,-82.7317194,596426,596701,1,0
6385753,2025-05-30,18,0,13168,UFCU Disch-Falk Field,Austin,TX,30.2793589,-97.7265066,596426,596574,1,0
6385754,2025-05-31,20,0,13168,UFCU Disch-Falk Field,Austin,TX,30.2793589,-97.7265066,596425,596426,0,0
6385757,2025-06-01,18,0,13168,UFCU Disch-Falk Field,Austin,TX,30.2793589,-97.7265066,596426,596425,0,0
6385986,2025-06-07,16,0,15268,Jackie Robinson Stadium,Los Angeles,CA,34.0593478,-118.4592837,596514,596426,0,0
6385987,2025-06-08,12,0,15268,Jackie Robinson Stadium,Los Angeles,CA,34.0593478,-118.4592837,596426,596514,0,0
6300630,2025-02-14,18,1,20900,Condron Family Ballpark at Alfred A. McKethan Field,Gainesville,FL,29.6364107,-82.3637638,596546,596430,0,0
6358897,2025-02-15,0,1,20900,Condron Family Ballpark at Alfred A. McKethan Field,Gainesville,FL,29.6364107,-82.3637638,596546,596430,0,2
6300721,2025-02-15,18,1,20900,Condron Family Ballpark at Alfred A. McKethan Field,Gainesville,FL,29.6364107,-82.3637638,596546,596430,0,1
6300823,2025-02-17,0,1,12502,Hawkins Field,Nashville,TN,36.1433506,-86.8074309,596434,596430,0,0
6300859,2025-02-18,0,1,12502,Hawkins Field,Nashville,TN,36.1433506,-86.8074309,596434,596430,0,0
6308427,2025-02-21,18,1,,,,,,,596431,596430,1,0
6308428,2025-02-22,14,1,,,,,,,596430,596431,1,0
6308429,2025-02-23,12,1,,,,,,,596431,596430,1,0
6308430,2025-02-25,18,1,14596,Erdle Field,U.S. Air Force Academy,CO,39.0130067,-104.8806864,596430,596632,0,0
6301175,2025-02-28,14,1,14596,Erdle Field,U.S. Air Force Academy,CO,39.0130067,-104.8806864,596430,596702,0,0
6301260,2025-03-01,13,1,14596,Erdle Field,U.S. Air Force Academy,CO,39.0130067,-104.8806864,596430,596702,0,0
6301333,2025-03-02,12,1,14596,Erdle Field,U.S. Air Force Academy,CO,39.0130067,-104.8806864,596430,596702,0,0
6301429,2025-03-04,17,1,13167,Lupton Stadium,Fort Worth,TX,32.7034329,-97.37259859999999,596421,596430,0,0
6301441,2025-03-05,14,1,13167,Lupton Stadium,Fort Worth,TX,32.7034329,-97.37259859999999,596421,596430,0,0
6301525,2025-03-07,18,1,11812,James W. Totman Stadium,Riverside,CA,33.9284053,-117.4255589,596476,596430,0,0
6301589,2025-03-08,14,1,11812,James W. Totman Stadium,Riverside,CA,33.9284053,-117.4255589,596476,596430,0,0
6301651,2025-03-09,12,1,11812,James W. Totman Stadium,Riverside,CA,33.9284053,-117.4255589,596476,596430,0,0
6301770,2025-03-12,13,1,14596,Erdle Field,U.S. Air Force Academy,CO,39.0130067,-104.8806864,596430,596678,0,0
6301823,2025-03-14,14,1,14596,Erdle Field,U.S. Air Force Academy,CO,39.0130067,-104.8806864,596430,596442,0,0
6301903,2025-03-15,13,1,14596,Erdle Field,U.S. Air Force Academy,CO,39.0130067,-104.8806864,596430,596442,0,0
6301979,2025-03-16,12,1,14596,Erdle Field,U.S. Air Force Academy,CO,39.0130067,-104.8806864,596430,596442,0,0
6302164,2025-03-21,19,1,13164,Excite Ballpark,San Jose,CA,37.321141,-121.8622634,596672,596430,0,0
6302258,2025-03-22,15,1,13164,Excite Ballpark,San Jose,CA,37.321141,-121.8622634,596672,596430,0,0
6302317,2025-03-23,13,1,13164,Excite Ballpark,San Jose,CA,37.321141,-121.8622634,596672,596430,0,0
6302372,2025-03-25,17,1,13895,Nischwitz Stadium,Fairborn,OH,39.78506540000001,-84.04706209999999,596453,596430,0,0
6302405,2025-03-26,14,1,10716,Woerner Field at AES Ohio Stadium,Dayton,OH,39.7345067,-84.2021067,596532,596430,0,0
6302484,2025-03-28,18,1,15461,Santa Ana Star Field,Albuquerque,NM,35.0651231,-106.6324424,596623,596430,0,0
6302579,2025-03-29,18,1,15461,Santa Ana Star Field,Albuquerque,NM,35.0651231,-106.6324424,596623,596430,0,0
6302638,2025-03-30,13,1,15461,Santa Ana Star Field,Albuquerque,NM,35.0651231,-106.6324424,596623,596430,0,0
6370240,2025-04-06,0,1,14596,Erdle Field,U.S. Air Force Academy,CO,39.0130067,-104.8806864,596430,596669,0,1
6302915,2025-04-06,12,1,14596,Erdle Field,U.S. Air Force Academy,CO,39.0130067,-104.8806864,596430,596669,0,2
6302843,2025-04-07,0,1,14596,Erdle Field,U.S. Air Force Academy,CO,39.0130067,-104.8806864,596430,596669,0,0
6302978,2025-04-09,0,1,14596,Erdle Field,U.S. Air Force Academy,CO,39.0130067,-104.8806864,596430,596632,0,0
6303080,2025-04-11,15,1,14596,Erdle Field,U.S. Air Force Academy,CO,39.0130067,-104.8806864,596430,596619,0,0
6303153,2025-04-12,13,1,14596,Erdle Field,U.S. Air Force Academy,CO,39.0130067,-104.8806864,596430,596619,0,0
6303228,2025-04-13,12,1,14596,Erdle Field,U.S. Air Force Academy,CO,39.0130067,-104.8806864,596430,596619,0,0
6303277,2025-04-14,13,1,14596,Erdle Field,U.S. Air Force Academy,CO,39.0130067,-104.8806864,596430,596715,0,0
6303386,2025-04-17,18,1,13150,Pete Beiden Field at Bob Bennett Stadium,Fresno,CA,36.8135991,-119.7559047,596707,596430,0,0
6303461,2025-04-18,18,1,13150,Pete Beiden Field at Bob Bennett Stadium,Fresno,CA,36.8135991,-119.7559047,596707,596430,0,0
6303581,2025-04-22,15,1,12494,Jackson Field,Greeley,CO,40.40692539999999,-104.6863535,596632,596430,0,0
6303666,2025-04-25,15,1,14596,Erdle Field,U.S. Air Force Academy,CO,39.0130067,-104.8806864,596430,596620,0,0
6303735,2025-04-26,13,1,14596,Erdle Field,U.S. Air Force Academy,CO,39.0130067,-104.8806864,596430,596620,0,0
6303806,2025-04-27,12,1,14596,Erdle Field,U.S. Air Force Academy,CO,39.0130067,-104.8806864,596430,596620,0,0
6303876,2025-04-29,15,1,12494,Jackson Field,Greeley,CO,40.40692539999999,-104.6863535,596632,596430,0,0
6308438,2025-05-02,18,1,13894,Bailey-Brayton Field,Pullman,WA,46.7350455,-117.1552836,596442,596430,0,0
6309102,2025-05-03,18,1,13894,Bailey-Brayton Field,Pullman,WA,46.7350455,-117.1552836,596442,596430,0,0
6309105,2025-05-04,13,1,13894,Bailey-Brayton Field,Pullman,WA,46.7350455,-117.1552836,596442,596430,0,0
6309107,2025-05-09,13,1,14596,Erdle Field,U.S. Air Force Academy,CO,39.0130067,-104.8806864,596430,596623,0,0
6309109,2025-05-10,13,1,14596,Erdle Field,U.S. Air Force Academy,CO,39.0130067,-104.8806864,596430,596623,0,0
6309112,2025-05-11,12,1,14596,Erdle Field,U.S. Air Force Academy,CO,39.0130067,-104.8806864,596430,596623,0,0
6309114,2025-05-15,18,1,11780,Wilson Stadium,Las Vegas,NV,36.1115451,-115.147587,596619,596430,0,0
6309116,2025-05-16,18,1,11780,Wilson Stadium,Las Vegas,NV,36.1115451,-115.147587,596619,596430,0,0
6309118,2025-05-17,12,1,11780,Wilson Stadium,Las Vegas,NV,36.1115451,-115.147587,596619,596430,0,0
6311250,2025-03-01,0,1,11791,The Diamond,Richmond,VA,,,596436,596647,0,0
6356394,2025-03-18,0,1,12503,English Field at Atlantic Union Bank Park,Blacksburg,VA,37.2178732,-80.4234373,596438,596436,0,0
6317436,2025-04-08,0,1,11791,The Diamond,Richmond,VA,,,596436,596439,0,0
6316750,2025-04-15,0,1,13159,Bud Metheny Complex ,Norfolk,VA,36.88393399999999,-76.3090691,596642,596436,0,0
6356392,2025-04-22,0,1,11791,The Diamond,Richmond,VA,,,596436,596438,0,0
6317446,2025-04-29,0,1,12171,Davenport Field at Disharoon Park,Charlottesville,VA,38.04593089999999,-78.5133714,596439,596436,0,0
6316751,2025-05-07,0,1,11791,The Diamond,Richmond,VA,,,596436,596642,0,0
6300910,2025-02-21,16,1,13165,Founders Park,Columbia,SC,33.9861513,-81.0428166,596677,596452,0,0
6300985,2025-02-22,14,1,13165,Founders Park,Columbia,SC,33.9861513,-81.0428166,596677,596452,0,0
6301089,2025-02-23,13,1,13165,Founders Park,Columbia,SC,33.9861513,-81.0428166,596677,596452,0,0
6301233,2025-02-28,20,1,11780,Wilson Stadium,Las Vegas,NV,36.1115451,-115.147587,596619,596452,0,0
6301286,2025-03-01,14,1,11780,Wilson Stadium,Las Vegas,NV,36.1115451,-115.147587,596619,596452,0,1
6301381,2025-03-02,14,1,11780,Wilson Stadium,Las Vegas,NV,36.1115451,-115.147587,596619,596452,0,0
6301466,2025-03-06,15,1,11775,Hoglund Ballpark,Lawrence,KS,38.9530464,-95.25299919999999,596575,596452,0,0
6301498,2025-03-07,15,1,11775,Hoglund Ballpark,Lawrence,KS,38.9530464,-95.25299919999999,596575,596452,0,0
6301587,2025-03-08,14,1,,,,,,,596575,596452,1,0
6301664,2025-03-09,13,1,11775,Hoglund Ballpark,Lawrence,KS,38.9530464,-95.25299919999999,596575,596452,0,0
6302048,2025-03-18,14,1,11221,Alexander Field,West Lafayette,IN,40.4377366,-86.9414449,596653,596452,0,0
6301197,2025-02-28,16,1,12490,Oxford-University Stadium/Swayze Field,Oxford,MS,34.36233,-89.5289178,596607,596453,0,0
6301298,2025-03-01,16,1,12490,Oxford-University Stadium/Swayze Field,Oxford,MS,34.36233,-89.5289178,596607,596453,0,0
6301377,2025-03-02,13,1,12490,Oxford-University Stadium/Swayze Field,Oxford,MS,34.36233,-89.5289178,596607,596453,0,0
6303294,2025-04-15,15,1,13889,Nick Swisher Field at Bill Davis Stadium,Columbus,OH,40.0099518,-83.0258996,596639,596453,0,0
6385705,2025-05-30,17,0,12502,Hawkins Field,Nashville,TN,36.1433506,-86.8074309,596434,596453,0,0
6385708,2025-06-01,14,0,12502,Hawkins Field,Nashville,TN,36.1433506,-86.8074309,596453,596434,0,0
6312999,2025-02-16,16,1,,,,,,,596454,596619,1,0
6314239,2025-02-28,14,1,11053,Sunken Diamond,Stanford,CA,37.43173,-122.1587444,596688,596454,0,0
6314242,2025-03-01,13,1,11053,Sunken Diamond,Stanford,CA,37.43173,-122.1587444,596688,596454,0,1
6314244,2025-03-01,16,1,11053,Sunken Diamond,Stanford,CA,37.43173,-122.1587444,596688,596454,0,2
6314248,2025-03-02,13,1,11053,Sunken Diamond,Stanford,CA,37.43173,-122.1587444,596688,596454,0,0
6315596,2025-03-05,0,1,11055,Lindsey Nelson Stadium,Knoxville,TN,35.94927029999999,-83.92943729999999,596721,596454,0,0
6315599,2025-03-07,0,1,12502,Hawkins Field,Nashville,TN,36.1433506,-86.8074309,596434,596454,0,0
6315603,2025-03-08,0,1,12502,Hawkins Field,Nashville,TN,36.1433506,-86.8074309,596434,596454,0,0
6315605,2025-03-09,0,1,12502,Hawkins Field,Nashville,TN,36.1433506,-86.8074309,596434,596454,0,0
6301759,2025-03-11,18,1,12488,"Alex Box Stadium, Skip Bertman Field",Baton Rouge,LA,30.4056681,-91.18804019999999,596583,596454,0,0
6302395,2025-03-25,18,1,10717,Kentucky Proud Park,Lexington,KY,38.018621,-84.5034393,596577,596454,0,0
6311285,2025-05-15,17,1,11784,Medlar Field at Lubrano Park,State College,PA,40.812278,-77.85242459999999,596647,596454,0,0
6311286,2025-05-16,18,1,11784,Medlar Field at Lubrano Park,State College,PA,40.812278,-77.85242459999999,596647,596454,0,0
6311287,2025-05-17,13,1,11784,Medlar Field at Lubrano Park,State College,PA,40.812278,-77.85242459999999,596647,596454,0,0
6300623,2025-02-14,18,1,12818,Brazell Field at GCU Ballpark,Phoenix,AZ,33.5121167,-112.1329843,596462,596434,0,0
6300719,2025-02-15,17,1,16010,Sloan Park,Mesa,AZ,33.4305551,-111.8823629,596669,596462,1,0
6300800,2025-02-16,17,1,,,,,,,596490,596462,1,0
6300925,2025-02-21,18,1,12818,Brazell Field at GCU Ballpark,Phoenix,AZ,33.5121167,-112.1329843,596462,596660,0,0
6300974,2025-02-22,13,1,12818,Brazell Field at GCU Ballpark,Phoenix,AZ,33.5121167,-112.1329843,596462,596660,0,1
6301038,2025-02-23,12,1,12818,Brazell Field at GCU Ballpark,Phoenix,AZ,33.5121167,-112.1329843,596462,596660,0,0
6301208,2025-02-28,17,1,13892,Bobcat Ballpark,San Marcos,TX,29.8878646,-97.928276,596686,596462,0,0
6301265,2025-03-01,13,1,13892,Bobcat Ballpark,San Marcos,TX,29.8878646,-97.928276,596686,596462,0,0
6301326,2025-03-02,12,1,13892,Bobcat Ballpark,San Marcos,TX,29.8878646,-97.928276,596686,596462,0,0
6301422,2025-03-04,18,1,12818,Brazell Field at GCU Ballpark,Phoenix,AZ,33.5121167,-112.1329843,596462,596648,0,0
6301524,2025-03-07,18,1,12818,Brazell Field at GCU Ballpark,Phoenix,AZ,33.5121167,-112.1329843,596462,596423,0,0
6301621,2025-03-08,18,1,12818,Brazell Field at GCU Ballpark,Phoenix,AZ,33.5121167,-112.1329843,596462,596423,0,0
6301650,2025-03-09,12,1,12818,Brazell Field at GCU Ballpark,Phoenix,AZ,33.5121167,-112.1329843,596462,596423,0,0
6301738,2025-03-11,17,1,13160,PK Park,Eugene,OR,44.05904350000001,-123.0654476,596644,596462,0,0
6301787,2025-03-12,17,1,13160,PK Park,Eugene,OR,44.05904350000001,-123.0654476,596644,596462,0,0
6301899,2025-03-15,12,1,15280,Goss Stadium At Coleman Field,Corvallis,OR,44.5629654,-123.2771586,596673,596462,1,0
6302160,2025-03-21,18,1,11797,Crutcher Scott Field,Abilene,TX,32.4735402,-99.7076992,596477,596462,0,0
6302245,2025-03-22,15,1,11797,Crutcher Scott Field,Abilene,TX,32.4735402,-99.7076992,596477,596462,0,0
6302283,2025-03-23,12,1,11797,Crutcher Scott Field,Abilene,TX,32.4735402,-99.7076992,596477,596462,0,0
6302369,2025-03-25,17,1,15461,Santa Ana Star Field,Albuquerque,NM,35.0651231,-106.6324424,596623,596462,0,0
6302473,2025-03-28,18,1,12818,Brazell Field at GCU Ballpark,Phoenix,AZ,33.5121167,-112.1329843,596462,596465,0,0
6302577,2025-03-29,18,1,12818,Brazell Field at GCU Ballpark,Phoenix,AZ,33.5121167,-112.1329843,596462,596465,0,0
6302604,2025-03-30,12,1,12818,Brazell Field at GCU Ballpark,Phoenix,AZ,33.5121167,-112.1329843,596462,596465,0,0
6302731,2025-04-02,18,1,12818,Brazell Field at GCU Ballpark,Phoenix,AZ,33.5121167,-112.1329843,596462,596506,0,0
6303119,2025-04-11,19,1,12818,Brazell Field at GCU Ballpark,Phoenix,AZ,33.5121167,-112.1329843,596462,596474,0,0
6303199,2025-04-12,19,1,12818,Brazell Field at GCU Ballpark,Phoenix,AZ,33.5121167,-112.1329843,596462,596474,0,0
6303222,2025-04-13,12,1,12818,Brazell Field at GCU Ballpark,Phoenix,AZ,33.5121167,-112.1329843,596462,596474,0,0
6303363,2025-04-17,17,1,14626,Bruce Hurst Field,St. George,UT,37.09884,-113.565416,596418,596462,0,0
6303435,2025-04-18,17,1,14626,Bruce Hurst Field,St. George,UT,37.09884,-113.565416,596418,596462,0,0
6303481,2025-04-19,11,1,14626,Bruce Hurst Field,St. George,UT,37.09884,-113.565416,596418,596462,0,0
6303709,2025-04-25,19,1,12818,Brazell Field at GCU Ballpark,Phoenix,AZ,33.5121167,-112.1329843,596462,596424,0,0
6303783,2025-04-26,19,1,12818,Brazell Field at GCU Ballpark,Phoenix,AZ,33.5121167,-112.1329843,596462,596424,0,0
6303801,2025-04-27,12,1,12818,Brazell Field at GCU Ballpark,Phoenix,AZ,33.5121167,-112.1329843,596462,596424,0,0
6303999,2025-05-02,19,1,12818,Brazell Field at GCU Ballpark,Phoenix,AZ,33.5121167,-112.1329843,596462,596509,0,0
6304071,2025-05-03,19,1,12818,Brazell Field at GCU Ballpark,Phoenix,AZ,33.5121167,-112.1329843,596462,596509,0,0
6304090,2025-05-04,12,1,12818,Brazell Field at GCU Ballpark,Phoenix,AZ,33.5121167,-112.1329843,596462,596509,0,0
6304243,2025-05-09,18,1,11053,Sunken Diamond,Stanford,CA,37.43173,-122.1587444,596688,596462,0,0
6304307,2025-05-10,14,1,11053,Sunken Diamond,Stanford,CA,37.43173,-122.1587444,596688,596462,0,0
6304378,2025-05-11,13,1,11053,Sunken Diamond,Stanford,CA,37.43173,-122.1587444,596688,596462,0,0
6302718,2025-04-01,18,1,13165,Founders Park,Columbia,SC,33.9861513,-81.0428166,596677,596464,0,0
6314183,2025-04-08,18,1,11769,Foley Field,Athens,GA,33.9410168,-83.38087929999999,596554,596464,0,0
6304440,2025-05-13,18,1,10300,John Euliano Park,Orlando,FL,28.6097258,-81.1956972,596519,596464,0,0
6312799,2025-04-01,18,1,20585,Taylor Stadium,Columbia,MO,,,596608,596466,0,0
6312801,2025-04-02,14,1,20585,Taylor Stadium,Columbia,MO,,,596608,596466,0,0
6300884,2025-02-21,0,1,11063,E.S. Rose Park,Nashville,TN,36.1434356,-86.78414099999999,596470,596577,0,0
6300957,2025-02-22,0,1,11063,E.S. Rose Park,Nashville,TN,36.1434356,-86.78414099999999,596470,596577,0,0
6301031,2025-02-23,0,1,11063,E.S. Rose Park,Nashville,TN,36.1434356,-86.78414099999999,596470,596577,0,0
6301167,2025-02-28,17,1,11063,E.S. Rose Park,Nashville,TN,36.1434356,-86.78414099999999,596470,596637,0,0
6301243,2025-03-01,13,1,11063,E.S. Rose Park,Nashville,TN,36.1434356,-86.78414099999999,596470,596637,0,0
6301321,2025-03-02,13,1,11063,E.S. Rose Park,Nashville,TN,36.1434356,-86.78414099999999,596470,596637,0,0
6301503,2025-03-07,15,1,14575,Gary Hogan Field,Little Rock,AR,34.72932369999999,-92.3301163,596488,596470,0,0
6301603,2025-03-08,14,1,14575,Gary Hogan Field,Little Rock,AR,34.72932369999999,-92.3301163,596488,596470,0,0
6301688,2025-03-09,13,1,14575,Gary Hogan Field,Little Rock,AR,34.72932369999999,-92.3301163,596488,596470,0,0
6313625,2025-03-18,18,1,12502,Hawkins Field,Nashville,TN,36.1433506,-86.8074309,596434,596470,0,0
6313696,2025-05-13,0,1,11055,Lindsey Nelson Stadium,Knoxville,TN,35.94927029999999,-83.92943729999999,596721,596470,0,0
6357953,2025-02-14,0,1,12725,Chapman Field,Corpus Christi,TX,27.7100556,-97.32427779999999,596471,596575,0,0
6356679,2025-02-15,0,1,23405,Whataburger Field,Corpus Christi,TX,27.8098904,-97.3993799,596471,596575,0,0
6356680,2025-02-16,0,1,23405,Whataburger Field,Corpus Christi,TX,27.8098904,-97.3993799,596471,596575,0,0
6356681,2025-02-17,0,1,23405,Whataburger Field,Corpus Christi,TX,27.8098904,-97.3993799,596471,596575,0,0
6300917,2025-02-21,16,1,12725,Chapman Field,Corpus Christi,TX,27.7100556,-97.32427779999999,596471,596514,0,0
6313040,2025-02-23,16,1,12725,Chapman Field,Corpus Christi,TX,27.7100556,-97.32427779999999,596471,596442,0,0
6313044,2025-02-24,0,1,12725,Chapman Field,Corpus Christi,TX,27.7100556,-97.32427779999999,596471,596442,0,0
6357741,2025-03-04,0,1,13168,UFCU Disch-Falk Field,Austin,TX,30.2793589,-97.7265066,596425,596471,0,0
6310887,2025-03-18,18,1,24400,Blue Bell Park,College Station,TX,30.6060601,-96.3413557,596420,596471,0,0
6302073,2025-03-18,18,1,11812,James W. Totman Stadium,Riverside,CA,33.9284053,-117.4255589,596476,596669,0,0
6302660,2025-03-31,14,1,11812,James W. Totman Stadium,Riverside,CA,33.9284053,-117.4255589,596476,596619,0,0
6302786,2025-04-04,18,1,11812,James W. Totman Stadium,Riverside,CA,33.9284053,-117.4255589,596476,596462,0,0
6302884,2025-04-05,17,1,11812,James W. Totman Stadium,Riverside,CA,33.9284053,-117.4255589,596476,596462,0,0
6302911,2025-04-06,12,1,11812,James W. Totman Stadium,Riverside,CA,33.9284053,-117.4255589,596476,596462,0,0
6303003,2025-04-08,18,1,13163,Tony Gwynn Stadium,San Diego,CA,32.7742054,-117.0786595,596669,596476,0,0
6304203,2025-05-09,11,1,15293,Bannerwood Park,Bellevue,WA,47.59513829999999,-122.1633622,596465,596476,0,0
6304275,2025-05-10,0,1,15293,Bannerwood Park,Bellevue,WA,47.59513829999999,-122.1633622,596465,596476,0,0
6304347,2025-05-11,12,1,15293,Bannerwood Park,Bellevue,WA,47.59513829999999,-122.1633622,596465,596476,0,0
6300570,2025-02-14,0,1,12480,Sewell-Thomas Stadium,Tuscaloosa,AL,33.2047143,-87.5386583,596480,596498,0,0
6300649,2025-02-15,0,1,12480,Sewell-Thomas Stadium,Tuscaloosa,AL,33.2047143,-87.5386583,596480,596498,0,0
6300727,2025-02-16,0,1,12480,Sewell-Thomas Stadium,Tuscaloosa,AL,33.2047143,-87.5386583,596480,596498,0,0
6300824,2025-02-18,15,1,12480,Sewell-Thomas Stadium,Tuscaloosa,AL,33.2047143,-87.5386583,596480,596603,0,0
6300860,2025-02-19,15,1,12480,Sewell-Thomas Stadium,Tuscaloosa,AL,33.2047143,-87.5386583,596480,596479,0,0
6309068,2025-02-21,17,1,,,,,,,596524,596480,1,0
6309258,2025-02-22,15,1,,,,,,,596480,596628,1,0
6309263,2025-02-23,10,1,,,,,,,596480,596639,1,0
6301102,2025-02-25,0,1,12480,Sewell-Thomas Stadium,Tuscaloosa,AL,33.2047143,-87.5386583,596480,596571,0,0
6309283,2025-03-01,14,1,12480,Sewell-Thomas Stadium,Tuscaloosa,AL,33.2047143,-87.5386583,596480,596629,0,0
6309290,2025-03-02,13,1,12480,Sewell-Thomas Stadium,Tuscaloosa,AL,33.2047143,-87.5386583,596480,596629,0,0
6301392,2025-03-04,0,1,11772,Rudy Abbott Field,Jacksonville,AL,33.8254671,-85.7770899,596571,596480,0,0
6301458,2025-03-05,18,1,12480,Sewell-Thomas Stadium,Tuscaloosa,AL,33.2047143,-87.5386583,596480,596429,0,0
6309296,2025-03-07,18,1,12480,Sewell-Thomas Stadium,Tuscaloosa,AL,33.2047143,-87.5386583,596480,596464,0,0
6309300,2025-03-08,16,1,12480,Sewell-Thomas Stadium,Tuscaloosa,AL,33.2047143,-87.5386583,596480,596464,0,0
6309302,2025-03-09,13,1,12480,Sewell-Thomas Stadium,Tuscaloosa,AL,33.2047143,-87.5386583,596480,596464,0,0
6301746,2025-03-11,18,1,11956,Regions Field,Birmingham,AL,33.5074516,-86.81050789999999,596481,596480,0,0
6309319,2025-03-14,0,1,24400,Blue Bell Park,College Station,TX,30.6060601,-96.3413557,596420,596480,0,0
6309320,2025-03-15,0,1,24400,Blue Bell Park,College Station,TX,30.6060601,-96.3413557,596420,596480,0,0
6309321,2025-03-16,0,1,24400,Blue Bell Park,College Station,TX,30.6060601,-96.3413557,596420,596480,0,0
6309322,2025-03-18,18,1,12480,Sewell-Thomas Stadium,Tuscaloosa,AL,33.2047143,-87.5386583,596480,596676,0,0
6309327,2025-03-20,0,1,12480,Sewell-Thomas Stadium,Tuscaloosa,AL,33.2047143,-87.5386583,596480,596721,0,0
6309323,2025-03-21,0,1,12480,Sewell-Thomas Stadium,Tuscaloosa,AL,33.2047143,-87.5386583,596480,596721,0,0
6309325,2025-03-22,0,1,12480,Sewell-Thomas Stadium,Tuscaloosa,AL,33.2047143,-87.5386583,596480,596721,0,0
6309334,2025-03-25,0,1,,,,,,,596480,596475,1,0
6309341,2025-03-28,18,1,12480,Sewell-Thomas Stadium,Tuscaloosa,AL,33.2047143,-87.5386583,596480,596641,0,0
6309339,2025-03-29,16,1,12480,Sewell-Thomas Stadium,Tuscaloosa,AL,33.2047143,-87.5386583,596480,596641,0,0
6309344,2025-03-30,13,1,12480,Sewell-Thomas Stadium,Tuscaloosa,AL,33.2047143,-87.5386583,596480,596641,0,0
6309347,2025-04-01,18,1,12480,Sewell-Thomas Stadium,Tuscaloosa,AL,33.2047143,-87.5386583,596480,596668,0,0
6307945,2025-04-04,18,1,15264,Plainsman Park,Auburn,AL,32.5998,-85.4896996,596489,596480,0,0
6307949,2025-04-05,0,1,15264,Plainsman Park,Auburn,AL,32.5998,-85.4896996,596489,596480,0,1
6307947,2025-04-05,18,1,15264,Plainsman Park,Auburn,AL,32.5998,-85.4896996,596489,596480,0,2
6303001,2025-04-08,18,1,12480,Sewell-Thomas Stadium,Tuscaloosa,AL,33.2047143,-87.5386583,596480,596719,0,0
6303050,2025-04-11,0,1,12480,Sewell-Thomas Stadium,Tuscaloosa,AL,33.2047143,-87.5386583,596480,596605,0,0
6303123,2025-04-12,0,1,12480,Sewell-Thomas Stadium,Tuscaloosa,AL,33.2047143,-87.5386583,596480,596605,0,0
6303200,2025-04-13,0,1,12480,Sewell-Thomas Stadium,Tuscaloosa,AL,33.2047143,-87.5386583,596480,596605,0,0
6303311,2025-04-15,18,1,12480,Sewell-Thomas Stadium,Tuscaloosa,AL,33.2047143,-87.5386583,596480,596481,0,0
6303350,2025-04-17,0,1,12488,"Alex Box Stadium, Skip Bertman Field",Baton Rouge,LA,30.4056681,-91.18804019999999,596583,596480,0,0
6303405,2025-04-18,0,1,12488,"Alex Box Stadium, Skip Bertman Field",Baton Rouge,LA,30.4056681,-91.18804019999999,596583,596480,0,0
6303474,2025-04-19,0,1,12488,"Alex Box Stadium, Skip Bertman Field",Baton Rouge,LA,30.4056681,-91.18804019999999,596583,596480,0,0
6310638,2025-04-22,0,1,10321,Joe Lee Griffin Field,Homewood,AL,33.462803,-86.7967674,596668,596480,0,0
6310642,2025-04-24,0,1,12480,Sewell-Thomas Stadium,Tuscaloosa,AL,33.2047143,-87.5386583,596480,596608,0,0
6310646,2025-04-25,0,1,12480,Sewell-Thomas Stadium,Tuscaloosa,AL,33.2047143,-87.5386583,596480,596608,0,0
6310652,2025-04-26,0,1,12480,Sewell-Thomas Stadium,Tuscaloosa,AL,33.2047143,-87.5386583,596480,596608,0,0
6310656,2025-05-02,0,1,12502,Hawkins Field,Nashville,TN,36.1433506,-86.8074309,596434,596480,0,0
6310659,2025-05-03,0,1,12502,Hawkins Field,Nashville,TN,36.1433506,-86.8074309,596434,596480,0,0
6310663,2025-05-04,0,1,12502,Hawkins Field,Nashville,TN,36.1433506,-86.8074309,596434,596480,0,0
6304167,2025-05-06,18,1,10323,Riddle-Pace Field,Troy,AL,31.79838889999999,-85.9529676,596429,596480,0,0
6383841,2025-05-09,0,1,12480,Sewell-Thomas Stadium,Tuscaloosa,AL,33.2047143,-87.5386583,596480,596554,0,1
6310670,2025-05-09,18,1,12480,Sewell-Thomas Stadium,Tuscaloosa,AL,33.2047143,-87.5386583,596480,596554,0,2
6310674,2025-05-11,0,1,12480,Sewell-Thomas Stadium,Tuscaloosa,AL,33.2047143,-87.5386583,596480,596554,0,0
6304447,2025-05-15,0,1,20900,Condron Family Ballpark at Alfred A. McKethan Field,Gainesville,FL,29.6364107,-82.3637638,596546,596480,0,0
6304515,2025-05-16,0,1,20900,Condron Family Ballpark at Alfred A. McKethan Field,Gainesville,FL,29.6364107,-82.3637638,596546,596480,0,0
6304587,2025-05-17,0,1,20900,Condron Family Ballpark at Alfred A. McKethan Field,Gainesville,FL,29.6364107,-82.3637638,596546,596480,0,0
6385231,2025-05-20,0,1,15910,Hoover Metropolitan Stadium,Hoover,AL,33.3383625,-86.849649,596480,596608,1,0
6385227,2025-05-21,0,1,15910,Hoover Metropolitan Stadium,Hoover,AL,33.3383625,-86.849649,596721,596480,1,0
6385710,2025-05-30,14,0,15285,Pete Taylor Park at Hill Denson Field,Hattiesburg,MS,31.33367290000001,-89.3380093,596480,596600,1,0
6385713,2025-05-31,14,0,15285,Pete Taylor Park at Hill Denson Field,Hattiesburg,MS,31.33367290000001,-89.3380093,596719,596480,0,0
6316535,2025-02-14,0,1,13871,Phoenix Municipal Stadium,Phoenix,AZ,33.449186,-111.954417,596485,596639,0,0
6316536,2025-02-15,0,1,13871,Phoenix Municipal Stadium,Phoenix,AZ,33.449186,-111.954417,596485,596639,0,0
6316538,2025-02-16,0,1,13871,Phoenix Municipal Stadium,Phoenix,AZ,33.449186,-111.954417,596485,596639,0,0
6357709,2025-02-17,0,1,13871,Phoenix Municipal Stadium,Phoenix,AZ,33.449186,-111.954417,596485,596490,0,0
6317110,2025-02-21,0,1,13871,Phoenix Municipal Stadium,Phoenix,AZ,33.449186,-111.954417,596485,596715,0,0
6317122,2025-02-22,1,1,13871,Phoenix Municipal Stadium,Phoenix,AZ,33.449186,-111.954417,596485,596715,0,0
6317143,2025-02-23,0,1,13871,Phoenix Municipal Stadium,Phoenix,AZ,33.449186,-111.954417,596485,596715,0,0
6301127,2025-02-25,17,1,15268,Jackie Robinson Stadium,Los Angeles,CA,34.0593478,-118.4592837,596514,596485,0,0
6301143,2025-02-26,17,1,15268,Jackie Robinson Stadium,Los Angeles,CA,34.0593478,-118.4592837,596514,596485,0,0
6309324,2025-02-28,17,1,13871,Phoenix Municipal Stadium,Phoenix,AZ,33.449186,-111.954417,596485,596604,0,0
6309326,2025-03-01,17,1,13871,Phoenix Municipal Stadium,Phoenix,AZ,33.449186,-111.954417,596485,596604,0,0
6309328,2025-03-02,12,1,13871,Phoenix Municipal Stadium,Phoenix,AZ,33.449186,-111.954417,596485,596604,0,0
6315167,2025-03-04,0,1,13871,Phoenix Municipal Stadium,Phoenix,AZ,33.449186,-111.954417,596485,596619,0,0
6301536,2025-03-07,18,1,13871,Phoenix Municipal Stadium,Phoenix,AZ,33.449186,-111.954417,596485,596555,0,0
6301625,2025-03-08,18,1,13871,Phoenix Municipal Stadium,Phoenix,AZ,33.449186,-111.954417,596485,596555,0,0
6301663,2025-03-09,13,1,13871,Phoenix Municipal Stadium,Phoenix,AZ,33.449186,-111.954417,596485,596555,0,0
6308062,2025-03-11,18,1,13872,Hi Corbett Field,Tucson,AZ,32.2129447,-110.9197159,596706,596485,0,0
6314040,2025-03-14,18,1,13167,Lupton Stadium,Fort Worth,TX,32.7034329,-97.37259859999999,596421,596485,0,0
6314041,2025-03-15,14,1,13167,Lupton Stadium,Fort Worth,TX,32.7034329,-97.37259859999999,596421,596485,0,0
6314043,2025-03-16,13,1,13167,Lupton Stadium,Fort Worth,TX,32.7034329,-97.37259859999999,596421,596485,0,0
6311347,2025-03-18,0,1,13871,Phoenix Municipal Stadium,Phoenix,AZ,33.449186,-111.954417,596485,596681,0,0
6356741,2025-03-21,0,1,13871,Phoenix Municipal Stadium,Phoenix,AZ,33.449186,-111.954417,596485,596575,0,0
6356742,2025-03-22,0,1,13871,Phoenix Municipal Stadium,Phoenix,AZ,33.449186,-111.954417,596485,596575,0,0
6356743,2025-03-23,0,1,13871,Phoenix Municipal Stadium,Phoenix,AZ,33.449186,-111.954417,596485,596575,0,0
6313009,2025-03-25,18,1,11780,Wilson Stadium,Las Vegas,NV,36.1115451,-115.147587,596619,596485,1,0
6357706,2025-03-28,0,1,13170,Smith's Ballpark,Salt Lake City,UT,40.7405609,-111.8926506,596432,596485,0,0
6357707,2025-03-29,0,1,13170,Smith's Ballpark,Salt Lake City,UT,40.7405609,-111.8926506,596432,596485,0,0
6357708,2025-03-30,0,1,13170,Smith's Ballpark,Salt Lake City,UT,40.7405609,-111.8926506,596432,596485,0,0
6316409,2025-04-01,0,1,13871,Phoenix Municipal Stadium,Phoenix,AZ,33.449186,-111.954417,596485,596506,0,0
6308074,2025-04-04,18,1,13871,Phoenix Municipal Stadium,Phoenix,AZ,33.449186,-111.954417,596485,596706,0,0
6308075,2025-04-05,18,1,13871,Phoenix Municipal Stadium,Phoenix,AZ,33.449186,-111.954417,596485,596706,0,0
6308077,2025-04-06,13,1,13871,Phoenix Municipal Stadium,Phoenix,AZ,33.449186,-111.954417,596485,596706,0,0
6316439,2025-04-08,0,1,13871,Phoenix Municipal Stadium,Phoenix,AZ,33.449186,-111.954417,596485,596508,0,0
6309713,2025-04-11,18,1,10301,UC Baseball Stadium,Cincinnati,OH,39.1301356,-84.51378270000001,596521,596485,0,0
6309716,2025-04-12,15,1,10301,UC Baseball Stadium,Cincinnati,OH,39.1301356,-84.51378270000001,596521,596485,0,0
6309720,2025-04-13,13,1,10301,UC Baseball Stadium,Cincinnati,OH,39.1301356,-84.51378270000001,596521,596485,0,0
6310676,2025-04-14,13,1,11221,Alexander Field,West Lafayette,IN,40.4377366,-86.9414449,596653,596485,0,0
6357711,2025-04-17,0,1,13871,Phoenix Municipal Stadium,Phoenix,AZ,33.449186,-111.954417,596485,596423,0,0
6357712,2025-04-18,0,1,13871,Phoenix Municipal Stadium,Phoenix,AZ,33.449186,-111.954417,596485,596423,0,0
6357713,2025-04-19,0,1,13871,Phoenix Municipal Stadium,Phoenix,AZ,33.449186,-111.954417,596485,596423,0,0
6303619,2025-04-22,19,1,12818,Brazell Field at GCU Ballpark,Phoenix,AZ,33.5121167,-112.1329843,596462,596485,0,0
6356249,2025-04-24,0,1,13871,Phoenix Municipal Stadium,Phoenix,AZ,33.449186,-111.954417,596485,596499,0,0
6356251,2025-04-25,0,1,13871,Phoenix Municipal Stadium,Phoenix,AZ,33.449186,-111.954417,596485,596499,0,0
6356252,2025-04-26,0,1,13871,Phoenix Municipal Stadium,Phoenix,AZ,33.449186,-111.954417,596485,596499,0,0
6303908,2025-04-29,18,1,13871,Phoenix Municipal Stadium,Phoenix,AZ,33.449186,-111.954417,596485,596507,0,0
6303932,2025-04-30,18,1,13871,Phoenix Municipal Stadium,Phoenix,AZ,33.449186,-111.954417,596485,596507,0,0
6316572,2025-05-02,0,1,15265,Baylor Ballpark,Waco,TX,31.55099409999999,-97.1075414,596493,596485,0,0
6316575,2025-05-03,0,1,15265,Baylor Ballpark,Waco,TX,31.55099409999999,-97.1075414,596493,596485,0,0
6316578,2025-05-04,0,1,15265,Baylor Ballpark,Waco,TX,31.55099409999999,-97.1075414,596493,596485,0,0
6316570,2025-05-09,0,1,13871,Phoenix Municipal Stadium,Phoenix,AZ,33.449186,-111.954417,596485,596561,0,0
6316573,2025-05-10,0,1,13871,Phoenix Municipal Stadium,Phoenix,AZ,33.449186,-111.954417,596485,596561,0,0
6316576,2025-05-11,0,1,13871,Phoenix Municipal Stadium,Phoenix,AZ,33.449186,-111.954417,596485,596561,0,0
6304441,2025-05-13,18,1,13871,Phoenix Municipal Stadium,Phoenix,AZ,33.449186,-111.954417,596485,596462,0,0
6315086,2025-05-15,0,1,18528,O'Brate Stadium,Stillwater,OK,,,596714,596485,0,0
6315093,2025-05-16,0,1,18528,O'Brate Stadium,Stillwater,OK,,,596714,596485,0,0
6315096,2025-05-17,0,1,18528,O'Brate Stadium,Stillwater,OK,,,596714,596485,0,0
6385373,2025-05-21,0,1,23620,Globe Life Field,Arlington,TX,32.7474557,-97.0838351,596485,596499,1,0
6385759,2025-05-30,18,0,15268,Jackie Robinson Stadium,Los Angeles,CA,34.0593478,-118.4592837,596513,596485,1,0
6385760,2025-05-31,18,0,15268,Jackie Robinson Stadium,Los Angeles,CA,34.0593478,-118.4592837,596485,596514,0,0
6385762,2025-06-01,15,0,15268,Jackie Robinson Stadium,Los Angeles,CA,34.0593478,-118.4592837,596485,596513,1,0
6300756,2025-02-14,0,1,11758,Baum-Walker Stadium,Fayetteville,AR,36.0501673,-94.18259719999999,596487,596442,0,2
6300590,2025-02-14,15,1,11758,Baum-Walker Stadium,Fayetteville,AR,36.0501673,-94.18259719999999,596487,596442,0,1
6300681,2025-02-15,14,1,11758,Baum-Walker Stadium,Fayetteville,AR,36.0501673,-94.18259719999999,596487,596442,0,0
6300804,2025-02-17,12,1,11758,Baum-Walker Stadium,Fayetteville,AR,36.0501673,-94.18259719999999,596487,596442,0,0
6300948,2025-02-21,19,1,23620,Globe Life Field,Arlington,TX,32.7474557,-97.0838351,596487,596574,1,0
6301018,2025-02-22,18,1,23620,Globe Life Field,Arlington,TX,32.7474557,-97.0838351,596421,596487,1,0
6301037,2025-02-23,11,1,23620,Globe Life Field,Arlington,TX,32.7474557,-97.0838351,596487,596602,1,0
6301108,2025-02-25,15,1,11758,Baum-Walker Stadium,Fayetteville,AR,36.0501673,-94.18259719999999,596487,596710,0,0
6301180,2025-02-28,15,1,11758,Baum-Walker Stadium,Fayetteville,AR,36.0501673,-94.18259719999999,596487,596615,0,0
6301267,2025-03-01,14,1,11758,Baum-Walker Stadium,Fayetteville,AR,36.0501673,-94.18259719999999,596487,596615,0,0
6301341,2025-03-02,13,1,11758,Baum-Walker Stadium,Fayetteville,AR,36.0501673,-94.18259719999999,596487,596615,0,0
6301401,2025-03-04,15,1,11758,Baum-Walker Stadium,Fayetteville,AR,36.0501673,-94.18259719999999,596487,596630,0,0
6301444,2025-03-05,15,1,11758,Baum-Walker Stadium,Fayetteville,AR,36.0501673,-94.18259719999999,596487,596630,0,0
6301496,2025-03-07,15,1,11758,Baum-Walker Stadium,Fayetteville,AR,36.0501673,-94.18259719999999,596487,596650,0,0
6301583,2025-03-08,14,1,11758,Baum-Walker Stadium,Fayetteville,AR,36.0501673,-94.18259719999999,596487,596650,0,0
6301656,2025-03-09,13,1,11758,Baum-Walker Stadium,Fayetteville,AR,36.0501673,-94.18259719999999,596487,596650,0,0
6301740,2025-03-11,18,1,11758,Baum-Walker Stadium,Fayetteville,AR,36.0501673,-94.18259719999999,596487,596457,0,0
6301801,2025-03-14,0,1,12490,Oxford-University Stadium/Swayze Field,Oxford,MS,34.36233,-89.5289178,596607,596487,0,0
6301877,2025-03-15,0,1,12490,Oxford-University Stadium/Swayze Field,Oxford,MS,34.36233,-89.5289178,596607,596487,0,0
6301956,2025-03-16,0,1,12490,Oxford-University Stadium/Swayze Field,Oxford,MS,34.36233,-89.5289178,596607,596487,0,0
6302070,2025-03-18,18,1,11758,Baum-Walker Stadium,Fayetteville,AR,36.0501673,-94.18259719999999,596487,596715,0,0
6302101,2025-03-19,15,1,11758,Baum-Walker Stadium,Fayetteville,AR,36.0501673,-94.18259719999999,596487,596715,0,0
6302175,2025-03-21,18,1,11758,Baum-Walker Stadium,Fayetteville,AR,36.0501673,-94.18259719999999,596487,596677,0,0
6302215,2025-03-22,14,1,11758,Baum-Walker Stadium,Fayetteville,AR,36.0501673,-94.18259719999999,596487,596677,0,0
6302340,2025-03-23,14,1,11758,Baum-Walker Stadium,Fayetteville,AR,36.0501673,-94.18259719999999,596487,596677,0,0
6302375,2025-03-25,18,1,11758,Baum-Walker Stadium,Fayetteville,AR,36.0501673,-94.18259719999999,596487,596685,0,0
6302426,2025-03-28,0,1,12502,Hawkins Field,Nashville,TN,36.1433506,-86.8074309,596434,596487,0,0
6302502,2025-03-29,0,1,12502,Hawkins Field,Nashville,TN,36.1433506,-86.8074309,596434,596487,0,0
6302582,2025-03-30,0,1,12502,Hawkins Field,Nashville,TN,36.1433506,-86.8074309,596434,596487,0,0
6302714,2025-04-01,18,1,11758,Baum-Walker Stadium,Fayetteville,AR,36.0501673,-94.18259719999999,596487,596710,1,0
6302885,2025-04-05,18,1,11758,Baum-Walker Stadium,Fayetteville,AR,36.0501673,-94.18259719999999,596487,596608,0,0
6302807,2025-04-06,0,1,11758,Baum-Walker Stadium,Fayetteville,AR,36.0501673,-94.18259719999999,596487,596608,0,2
6302961,2025-04-06,14,1,11758,Baum-Walker Stadium,Fayetteville,AR,36.0501673,-94.18259719999999,596487,596608,0,1
6302990,2025-04-08,18,1,11758,Baum-Walker Stadium,Fayetteville,AR,36.0501673,-94.18259719999999,596487,596486,0,0
6303085,2025-04-11,17,1,11769,Foley Field,Athens,GA,33.9410168,-83.38087929999999,596554,596487,0,0
6303148,2025-04-12,13,1,11769,Foley Field,Athens,GA,33.9410168,-83.38087929999999,596554,596487,0,0
6303221,2025-04-13,12,1,11769,Foley Field,Athens,GA,33.9410168,-83.38087929999999,596554,596487,0,0
6303306,2025-04-15,18,1,11758,Baum-Walker Stadium,Fayetteville,AR,36.0501673,-94.18259719999999,596487,596466,0,0
6303389,2025-04-17,18,1,11758,Baum-Walker Stadium,Fayetteville,AR,36.0501673,-94.18259719999999,596487,596420,0,0
6303537,2025-04-18,0,1,11758,Baum-Walker Stadium,Fayetteville,AR,36.0501673,-94.18259719999999,596487,596420,0,1
6303462,2025-04-18,18,1,11758,Baum-Walker Stadium,Fayetteville,AR,36.0501673,-94.18259719999999,596487,596420,0,2
6303613,2025-04-22,18,1,11758,Baum-Walker Stadium,Fayetteville,AR,36.0501673,-94.18259719999999,596487,596488,0,0
6303627,2025-04-23,16,1,11758,Baum-Walker Stadium,Fayetteville,AR,36.0501673,-94.18259719999999,596487,596488,0,0
6303649,2025-04-25,0,1,20900,Condron Family Ballpark at Alfred A. McKethan Field,Gainesville,FL,29.6364107,-82.3637638,596546,596487,0,0
6303718,2025-04-26,0,1,20900,Condron Family Ballpark at Alfred A. McKethan Field,Gainesville,FL,29.6364107,-82.3637638,596546,596487,0,0
6303790,2025-04-27,0,1,20900,Condron Family Ballpark at Alfred A. McKethan Field,Gainesville,FL,29.6364107,-82.3637638,596546,596487,0,0
6303936,2025-05-01,18,1,11758,Baum-Walker Stadium,Fayetteville,AR,36.0501673,-94.18259719999999,596487,596425,0,0
6303973,2025-05-02,18,1,11758,Baum-Walker Stadium,Fayetteville,AR,36.0501673,-94.18259719999999,596487,596425,0,0
6304039,2025-05-03,14,1,11758,Baum-Walker Stadium,Fayetteville,AR,36.0501673,-94.18259719999999,596487,596425,0,0
6304212,2025-05-09,0,1,12488,"Alex Box Stadium, Skip Bertman Field",Baton Rouge,LA,30.4056681,-91.18804019999999,596583,596487,0,0
6304284,2025-05-10,0,1,12488,"Alex Box Stadium, Skip Bertman Field",Baton Rouge,LA,30.4056681,-91.18804019999999,596583,596487,0,0
6304357,2025-05-11,0,1,12488,"Alex Box Stadium, Skip Bertman Field",Baton Rouge,LA,30.4056681,-91.18804019999999,596583,596487,0,0
6304504,2025-05-15,18,1,11758,Baum-Walker Stadium,Fayetteville,AR,36.0501673,-94.18259719999999,596487,596721,0,0
6304577,2025-05-16,18,1,11758,Baum-Walker Stadium,Fayetteville,AR,36.0501673,-94.18259719999999,596487,596721,0,0
6304640,2025-05-17,14,1,11758,Baum-Walker Stadium,Fayetteville,AR,36.0501673,-94.18259719999999,596487,596721,0,0
6385224,2025-05-23,0,1,15910,Hoover Metropolitan Stadium,Hoover,AL,33.3383625,-86.849649,596487,596607,1,0
6385794,2025-05-30,14,0,11758,Baum-Walker Stadium,Fayetteville,AR,36.0501673,-94.18259719999999,596487,596629,0,0
6385796,2025-05-31,19,0,11758,Baum-Walker Stadium,Fayetteville,AR,36.0501673,-94.18259719999999,596529,596487,0,0
6385799,2025-06-01,20,0,11758,Baum-Walker Stadium,Fayetteville,AR,36.0501673,-94.18259719999999,596487,596529,0,0
6385995,2025-06-07,16,0,11758,Baum-Walker Stadium,Fayetteville,AR,36.0501673,-94.18259719999999,596487,596721,0,0
6385996,2025-06-08,14,0,11758,Baum-Walker Stadium,Fayetteville,AR,36.0501673,-94.18259719999999,596721,596487,0,0
6386115,2025-06-14,18,0,12481,Charles Schwab Field Omaha,Omaha,NE,41.266835,-95.9310643,596487,596583,1,0
6386117,2025-06-16,13,0,12481,Charles Schwab Field Omaha,Omaha,NE,41.266835,-95.9310643,596612,596487,1,0
6386118,2025-06-17,18,0,12481,Charles Schwab Field Omaha,Omaha,NE,41.266835,-95.9310643,596487,596514,1,0
6386119,2025-06-18,18,0,12481,Charles Schwab Field Omaha,Omaha,NE,41.266835,-95.9310643,596583,596487,1,0
6300886,2025-02-21,0,1,15278,Ben Meyer Diamond at Ray E. Didier Field,Thibodaux,LA,29.7861495,-90.8022867,596713,596488,0,0
6300959,2025-02-22,0,1,15278,Ben Meyer Diamond at Ray E. Didier Field,Thibodaux,LA,29.7861495,-90.8022867,596713,596488,0,2
6362215,2025-02-22,0,1,15278,Ben Meyer Diamond at Ray E. Didier Field,Thibodaux,LA,29.7861495,-90.8022867,596713,596488,0,1
6301097,2025-02-24,16,1,10313,Lou St. Amant Field,Monroe,LA,32.5320456,-92.06402539999999,596630,596488,0,0
6301715,2025-03-11,0,1,10328,Torii Hunter Baseball Complex,Pine Bluff,AR,34.2551505,-92.01753079999999,596466,596488,0,0
6301777,2025-03-12,15,1,14575,Gary Hogan Field,Little Rock,AR,34.72932369999999,-92.3301163,596488,596466,0,0
6301861,2025-03-14,18,1,11788,Clay Gould Ballpark,Arlington,TX,32.721909,-97.13105829999999,596424,596488,0,0
6301924,2025-03-15,14,1,11788,Clay Gould Ballpark,Arlington,TX,32.721909,-97.13105829999999,596424,596488,0,0
6302015,2025-03-16,13,1,11788,Clay Gould Ballpark,Arlington,TX,32.721909,-97.13105829999999,596424,596488,0,0
6367161,2025-03-18,0,1,14575,Gary Hogan Field,Little Rock,AR,34.72932369999999,-92.3301163,596488,596457,0,0
6302171,2025-03-21,18,1,14575,Gary Hogan Field,Little Rock,AR,34.72932369999999,-92.3301163,596488,596691,0,0
6302255,2025-03-22,16,1,14575,Gary Hogan Field,Little Rock,AR,34.72932369999999,-92.3301163,596488,596691,0,0
6302329,2025-03-23,13,1,14575,Gary Hogan Field,Little Rock,AR,34.72932369999999,-92.3301163,596488,596691,0,0
6302421,2025-03-26,18,1,14575,Gary Hogan Field,Little Rock,AR,34.72932369999999,-92.3301163,596488,596630,0,0
6302489,2025-03-28,18,1,13905,USI Baseball Field,Evansville,IN,37.9598807,-87.6718362,596697,596488,0,0
6302563,2025-03-29,15,1,13905,USI Baseball Field,Evansville,IN,37.9598807,-87.6718362,596697,596488,0,0
6302647,2025-03-30,13,1,13905,USI Baseball Field,Evansville,IN,37.9598807,-87.6718362,596697,596488,0,0
6302798,2025-04-07,0,1,14575,Gary Hogan Field,Little Rock,AR,34.72932369999999,-92.3301163,596488,596695,0,1
6302882,2025-04-07,0,1,14575,Gary Hogan Field,Little Rock,AR,34.72932369999999,-92.3301163,596488,596695,0,2
6303012,2025-04-09,0,1,15292,Bear Stadium,Conway,AR,35.083114,-92.4601055,596457,596488,0,0
6303107,2025-04-11,18,1,11778,Sonny Allen Field,Morehead,KY,38.1928121,-83.4261879,596610,596488,0,0
6303172,2025-04-12,14,1,11778,Sonny Allen Field,Morehead,KY,38.1928121,-83.4261879,596610,596488,0,0
6303262,2025-04-13,13,1,11778,Sonny Allen Field,Morehead,KY,38.1928121,-83.4261879,596610,596488,0,0
6303287,2025-04-15,11,1,12490,Oxford-University Stadium/Swayze Field,Oxford,MS,34.36233,-89.5289178,596607,596488,0,0
6303381,2025-04-17,18,1,14575,Gary Hogan Field,Little Rock,AR,34.72932369999999,-92.3301163,596488,596446,0,0
6303454,2025-04-18,18,1,14575,Gary Hogan Field,Little Rock,AR,34.72932369999999,-92.3301163,596488,596446,0,0
6303517,2025-04-19,13,1,14575,Gary Hogan Field,Little Rock,AR,34.72932369999999,-92.3301163,596488,596446,0,0
6303697,2025-04-25,18,1,14575,Gary Hogan Field,Little Rock,AR,34.72932369999999,-92.3301163,596488,596683,0,0
6303771,2025-04-26,16,1,14575,Gary Hogan Field,Little Rock,AR,34.72932369999999,-92.3301163,596488,596683,0,0
6303847,2025-04-27,13,1,14575,Gary Hogan Field,Little Rock,AR,34.72932369999999,-92.3301163,596488,596683,0,0
6303900,2025-04-29,18,1,14575,Gary Hogan Field,Little Rock,AR,34.72932369999999,-92.3301163,596488,596486,0,0
6303964,2025-05-02,15,1,15270,Coaches Stadium,Charleston,IL,39.4782484,-88.18081269999999,596537,596488,0,1
6304255,2025-05-09,18,1,14575,Gary Hogan Field,Little Rock,AR,34.72932369999999,-92.3301163,596488,596692,0,0
6304335,2025-05-10,16,1,14575,Gary Hogan Field,Little Rock,AR,34.72932369999999,-92.3301163,596488,596692,0,0
6304394,2025-05-11,13,1,14575,Gary Hogan Field,Little Rock,AR,34.72932369999999,-92.3301163,596488,596692,0,0
6304457,2025-05-15,0,1,13890,Capaha Park,Cape Girardeau,MO,37.3128567,-89.5372867,596718,596488,0,0
6304525,2025-05-16,0,1,13890,Capaha Park,Cape Girardeau,MO,37.3128567,-89.5372867,596718,596488,0,0
6304597,2025-05-17,0,1,13890,Capaha Park,Cape Girardeau,MO,37.3128567,-89.5372867,596718,596488,0,0
6384924,2025-05-21,0,1,31387,Mountain Dew Park,Marion,IL,37.7469834,-88.9629465,596697,596488,1,0
6384927,2025-05-21,0,1,31387,Mountain Dew Park,Marion,IL,37.7469834,-88.9629465,596718,596488,1,0
6385336,2025-05-22,0,1,31387,Mountain Dew Park,Marion,IL,37.7469834,-88.9629465,596537,596488,1,0
6385339,2025-05-23,0,1,31387,Mountain Dew Park,Marion,IL,37.7469834,-88.9629465,596695,596488,1,0
6385341,2025-05-24,0,1,31387,Mountain Dew Park,Marion,IL,37.7469834,-88.9629465,596537,596488,1,0
6385776,2025-05-30,14,0,12488,"Alex Box Stadium, Skip Bertman Field",Baton Rouge,LA,30.4056681,-91.18804019999999,596583,596488,0,0
6385779,2025-05-31,14,0,12488,"Alex Box Stadium, Skip Bertman Field",Baton Rouge,LA,30.4056681,-91.18804019999999,596656,596488,1,0
6385781,2025-06-01,20,0,12488,"Alex Box Stadium, Skip Bertman Field",Baton Rouge,LA,30.4056681,-91.18804019999999,596488,596583,0,0
6385935,2025-06-02,20,0,12488,"Alex Box Stadium, Skip Bertman Field",Baton Rouge,LA,30.4056681,-91.18804019999999,596488,596583,0,0
6300569,2025-02-14,0,1,15264,Plainsman Park,Auburn,AL,32.5998,-85.4896996,596489,596559,0,0
6300647,2025-02-15,0,1,15264,Plainsman Park,Auburn,AL,32.5998,-85.4896996,596489,596559,0,0
6300726,2025-02-16,14,1,15264,Plainsman Park,Auburn,AL,32.5998,-85.4896996,596489,596559,0,0
6300815,2025-02-18,0,1,15264,Plainsman Park,Auburn,AL,32.5998,-85.4896996,596489,596429,0,0
6307806,2025-02-19,0,1,15264,Plainsman Park,Auburn,AL,32.5998,-85.4896996,596489,596475,0,0
6300882,2025-02-21,0,1,15264,Plainsman Park,Auburn,AL,32.5998,-85.4896996,596489,596453,0,0
6300955,2025-02-22,0,1,15264,Plainsman Park,Auburn,AL,32.5998,-85.4896996,596489,596453,0,0
6301062,2025-02-23,14,1,15264,Plainsman Park,Auburn,AL,32.5998,-85.4896996,596489,596453,0,0
6307809,2025-02-25,0,1,15264,Plainsman Park,Auburn,AL,32.5998,-85.4896996,596489,596668,0,0
6307820,2025-02-28,15,1,,,,,,,596639,596489,1,0
6307822,2025-03-01,18,1,,,,,,,596489,596643,1,0
6307826,2025-03-02,15,1,,,,,,,596493,596489,1,0
6301424,2025-03-05,0,1,11956,Regions Field,Birmingham,AL,33.5074516,-86.81050789999999,596481,596489,0,0
6307827,2025-03-07,0,1,15264,Plainsman Park,Auburn,AL,32.5998,-85.4896996,596489,596642,0,0
6307829,2025-03-08,0,1,15264,Plainsman Park,Auburn,AL,32.5998,-85.4896996,596489,596642,0,0
6307833,2025-03-09,13,1,15264,Plainsman Park,Auburn,AL,32.5998,-85.4896996,596489,596642,0,0
6307839,2025-03-11,0,1,,,,,,,596489,596692,1,0
6307847,2025-03-14,18,1,15264,Plainsman Park,Auburn,AL,32.5998,-85.4896996,596489,596434,0,0
6307849,2025-03-15,18,1,15264,Plainsman Park,Auburn,AL,32.5998,-85.4896996,596489,596434,0,0
6307852,2025-03-16,13,1,15264,Plainsman Park,Auburn,AL,32.5998,-85.4896996,596489,596434,0,0
6302077,2025-03-18,18,1,15264,Plainsman Park,Auburn,AL,32.5998,-85.4896996,596489,596479,0,0
6302119,2025-03-21,0,1,10717,Kentucky Proud Park,Lexington,KY,38.018621,-84.5034393,596577,596489,0,0
6302193,2025-03-22,0,1,10717,Kentucky Proud Park,Lexington,KY,38.018621,-84.5034393,596577,596489,0,0
6302272,2025-03-23,0,1,10717,Kentucky Proud Park,Lexington,KY,38.018621,-84.5034393,596577,596489,0,0
6307896,2025-03-25,18,1,,,,,,,596489,596676,1,0
6307901,2025-03-28,0,1,11769,Foley Field,Athens,GA,33.9410168,-83.38087929999999,596554,596489,0,0
6307902,2025-03-29,0,1,11769,Foley Field,Athens,GA,33.9410168,-83.38087929999999,596554,596489,0,1
6307905,2025-03-29,0,1,11769,Foley Field,Athens,GA,33.9410168,-83.38087929999999,596554,596489,0,2
6302696,2025-04-01,18,1,15264,Plainsman Park,Auburn,AL,32.5998,-85.4896996,596489,596481,0,0
6303067,2025-04-11,18,1,15264,Plainsman Park,Auburn,AL,32.5998,-85.4896996,596489,596583,0,0
6303139,2025-04-12,18,1,15264,Plainsman Park,Auburn,AL,32.5998,-85.4896996,596489,596583,0,0
6303215,2025-04-13,13,1,15264,Plainsman Park,Auburn,AL,32.5998,-85.4896996,596489,596583,0,0
6303285,2025-04-15,0,1,11772,Rudy Abbott Field,Jacksonville,AL,33.8254671,-85.7770899,596571,596489,0,0
6307958,2025-04-17,0,1,13168,UFCU Disch-Falk Field,Austin,TX,30.2793589,-97.7265066,596425,596489,0,0
6307960,2025-04-18,0,1,13168,UFCU Disch-Falk Field,Austin,TX,30.2793589,-97.7265066,596425,596489,0,0
6307961,2025-04-19,0,1,13168,UFCU Disch-Falk Field,Austin,TX,30.2793589,-97.7265066,596425,596489,0,0
6303643,2025-04-25,18,1,15264,Plainsman Park,Auburn,AL,32.5998,-85.4896996,596489,596605,0,0
6303712,2025-04-26,18,1,15264,Plainsman Park,Auburn,AL,32.5998,-85.4896996,596489,596605,0,0
6303784,2025-04-27,13,1,15264,Plainsman Park,Auburn,AL,32.5998,-85.4896996,596489,596605,0,0
6307978,2025-04-29,18,1,,,,,,,596668,596489,1,0
6307980,2025-05-02,0,1,11055,Lindsey Nelson Stadium,Knoxville,TN,35.94927029999999,-83.92943729999999,596721,596489,0,0
6307984,2025-05-03,0,1,11055,Lindsey Nelson Stadium,Knoxville,TN,35.94927029999999,-83.92943729999999,596721,596489,0,0
6307985,2025-05-04,0,1,11055,Lindsey Nelson Stadium,Knoxville,TN,35.94927029999999,-83.92943729999999,596721,596489,0,0
6304193,2025-05-08,0,1,15264,Plainsman Park,Auburn,AL,32.5998,-85.4896996,596489,596677,0,0
6304202,2025-05-09,0,1,15264,Plainsman Park,Auburn,AL,32.5998,-85.4896996,596489,596677,0,1
6304274,2025-05-09,23,1,15264,Plainsman Park,Auburn,AL,32.5998,-85.4896996,596489,596677,0,2
6304415,2025-05-13,18,1,15264,Plainsman Park,Auburn,AL,32.5998,-85.4896996,596489,596571,0,0
6307990,2025-05-15,0,1,12490,Oxford-University Stadium/Swayze Field,Oxford,MS,34.36233,-89.5289178,596607,596489,0,0
6307992,2025-05-16,0,1,12490,Oxford-University Stadium/Swayze Field,Oxford,MS,34.36233,-89.5289178,596607,596489,0,0
6307995,2025-05-17,0,1,12490,Oxford-University Stadium/Swayze Field,Oxford,MS,34.36233,-89.5289178,596607,596489,0,0
6385230,2025-05-22,0,1,15910,Hoover Metropolitan Stadium,Hoover,AL,33.3383625,-86.849649,596489,596420,1,0
6385747,2025-05-30,18,0,15264,Plainsman Park,Auburn,AL,32.5998,-85.4896996,596489,596518,0,0
6385748,2025-05-31,20,0,15264,Plainsman Park,Auburn,AL,32.5998,-85.4896996,596720,596489,0,0
6385751,2025-06-01,18,0,15264,Plainsman Park,Auburn,AL,32.5998,-85.4896996,596628,596489,0,0
6385983,2025-06-06,20,0,15264,Plainsman Park,Auburn,AL,32.5998,-85.4896996,596489,596524,0,0
6385984,2025-06-07,14,0,15264,Plainsman Park,Auburn,AL,32.5998,-85.4896996,596524,596489,0,0
6311484,2025-03-07,0,1,20585,Taylor Stadium,Columbia,MO,,,596608,596495,0,0
6311487,2025-03-08,0,1,20585,Taylor Stadium,Columbia,MO,,,596608,596495,0,1
6311491,2025-03-08,0,1,20585,Taylor Stadium,Columbia,MO,,,596608,596495,0,2
6311494,2025-03-09,0,1,20585,Taylor Stadium,Columbia,MO,,,596608,596495,0,0
6385770,2025-05-30,12,0,11769,Foley Field,Athens,GA,33.9410168,-83.38087929999999,596554,596495,0,0
6300633,2025-02-14,18,1,13150,Pete Beiden Field at Bob Bennett Stadium,Fresno,CA,36.8135991,-119.7559047,596707,596499,0,0
6300705,2025-02-15,14,1,13150,Pete Beiden Field at Bob Bennett Stadium,Fresno,CA,36.8135991,-119.7559047,596707,596499,0,1
6304678,2025-02-15,16,1,13150,Pete Beiden Field at Bob Bennett Stadium,Fresno,CA,36.8135991,-119.7559047,596707,596499,0,2
6300812,2025-02-17,18,1,13150,Pete Beiden Field at Bob Bennett Stadium,Fresno,CA,36.8135991,-119.7559047,596707,596499,0,0
6300837,2025-02-18,17,1,15268,Jackie Robinson Stadium,Los Angeles,CA,34.0593478,-118.4592837,596514,596499,0,0
6316430,2025-02-20,0,1,11036,Matador Field,Los Angeles,CA,34.2450681,-118.5265555,596508,596499,0,0
6316431,2025-02-21,0,1,11036,Matador Field,Los Angeles,CA,34.2450681,-118.5265555,596508,596499,0,0
6316433,2025-02-22,0,1,11036,Matador Field,Los Angeles,CA,34.2450681,-118.5265555,596508,596499,0,0
6301156,2025-02-27,15,1,14579,Patterson Baseball Complex and Coach Steve Hertz Field,Spokane,WA,47.66270979999999,-117.3989089,596555,596499,0,0
6301183,2025-02-28,15,1,14579,Patterson Baseball Complex and Coach Steve Hertz Field,Spokane,WA,47.66270979999999,-117.3989089,596555,596499,0,0
6301252,2025-03-01,13,1,14579,Patterson Baseball Complex and Coach Steve Hertz Field,Spokane,WA,47.66270979999999,-117.3989089,596555,596499,0,0
6301455,2025-03-05,17,1,11759,Larry H. Miller Field,Provo,UT,40.2547201,-111.6513535,596499,596720,0,0
6301467,2025-03-06,17,1,11759,Larry H. Miller Field,Provo,UT,40.2547201,-111.6513535,596499,596720,0,0
6301521,2025-03-08,0,1,11759,Larry H. Miller Field,Provo,UT,40.2547201,-111.6513535,596499,596720,0,1
6301613,2025-03-08,13,1,11759,Larry H. Miller Field,Provo,UT,40.2547201,-111.6513535,596499,596720,0,2
6301799,2025-03-13,20,1,11759,Larry H. Miller Field,Provo,UT,40.2547201,-111.6513535,596499,596519,0,0
6301873,2025-03-14,20,1,11759,Larry H. Miller Field,Provo,UT,40.2547201,-111.6513535,596499,596519,0,0
6301932,2025-03-15,15,1,11759,Larry H. Miller Field,Provo,UT,40.2547201,-111.6513535,596499,596519,0,0
6310952,2025-03-17,0,1,11759,Larry H. Miller Field,Provo,UT,40.2547201,-111.6513535,596499,596418,0,0
6309685,2025-03-21,0,1,10301,UC Baseball Stadium,Cincinnati,OH,39.1301356,-84.51378270000001,596521,596499,0,1
6309689,2025-03-21,18,1,10301,UC Baseball Stadium,Cincinnati,OH,39.1301356,-84.51378270000001,596521,596499,0,2
6309692,2025-03-22,13,1,10301,UC Baseball Stadium,Cincinnati,OH,39.1301356,-84.51378270000001,596521,596499,0,0
6356232,2025-03-27,0,1,11759,Larry H. Miller Field,Provo,UT,40.2547201,-111.6513535,596499,596444,0,0
6356233,2025-03-28,0,1,11759,Larry H. Miller Field,Provo,UT,40.2547201,-111.6513535,596499,596444,0,0
6356235,2025-03-29,0,1,11759,Larry H. Miller Field,Provo,UT,40.2547201,-111.6513535,596499,596444,0,0
6317211,2025-04-01,0,1,14591,J.L. Johnson Stadium,Tulsa,OK,36.0495005,-95.94818880000001,596715,596499,0,0
6314068,2025-04-03,0,1,13167,Lupton Stadium,Fort Worth,TX,32.7034329,-97.37259859999999,596421,596499,0,2
6314066,2025-04-03,18,1,13167,Lupton Stadium,Fort Worth,TX,32.7034329,-97.37259859999999,596421,596499,0,1
6314070,2025-04-04,0,1,13167,Lupton Stadium,Fort Worth,TX,32.7034329,-97.37259859999999,596421,596499,0,0
6310955,2025-04-08,16,1,14626,Bruce Hurst Field,St. George,UT,37.09884,-113.565416,596418,596499,0,0
6356243,2025-04-10,0,1,13170,Smith's Ballpark,Salt Lake City,UT,40.7405609,-111.8926506,596432,596499,0,0
6356246,2025-04-11,0,1,13170,Smith's Ballpark,Salt Lake City,UT,40.7405609,-111.8926506,596432,596499,0,0
6356248,2025-04-12,0,1,13170,Smith's Ballpark,Salt Lake City,UT,40.7405609,-111.8926506,596432,596499,0,0
6303313,2025-04-15,18,1,11759,Larry H. Miller Field,Provo,UT,40.2547201,-111.6513535,596499,596474,0,0
6308083,2025-04-17,16,1,11759,Larry H. Miller Field,Provo,UT,40.2547201,-111.6513535,596499,596706,0,0
6308085,2025-04-19,11,1,11759,Larry H. Miller Field,Provo,UT,40.2547201,-111.6513535,596499,596706,0,0
6303565,2025-04-21,18,1,11796,UCCU Ballpark,Orem,UT,40.27718959999999,-111.7177402,596474,596499,0,0
6303858,2025-04-28,12,1,12818,Brazell Field at GCU Ballpark,Phoenix,AZ,33.5121167,-112.1329843,596462,596499,0,0
6303938,2025-05-01,19,1,11759,Larry H. Miller Field,Provo,UT,40.2547201,-111.6513535,596499,596574,0,0
6304003,2025-05-02,19,1,11759,Larry H. Miller Field,Provo,UT,40.2547201,-111.6513535,596499,596574,0,0
6304053,2025-05-03,14,1,11759,Larry H. Miller Field,Provo,UT,40.2547201,-111.6513535,596499,596574,0,0
6314427,2025-05-06,18,1,15290,Eck Stadium,Wichita,KS,37.72195499999999,-97.2881177,596449,596499,0,0
6356259,2025-05-08,0,1,11775,Hoglund Ballpark,Lawrence,KS,38.9530464,-95.25299919999999,596575,596499,0,0
6356261,2025-05-09,0,1,11775,Hoglund Ballpark,Lawrence,KS,38.9530464,-95.25299919999999,596575,596499,0,0
6356263,2025-05-10,0,1,11775,Hoglund Ballpark,Lawrence,KS,38.9530464,-95.25299919999999,596575,596499,0,0
6356265,2025-05-13,0,1,11759,Larry H. Miller Field,Provo,UT,40.2547201,-111.6513535,596499,596432,0,0
6356266,2025-05-15,0,1,11759,Larry H. Miller Field,Provo,UT,40.2547201,-111.6513535,596499,596423,0,0
6356269,2025-05-16,0,1,11759,Larry H. Miller Field,Provo,UT,40.2547201,-111.6513535,596499,596423,0,0
6356271,2025-05-17,0,1,11759,Larry H. Miller Field,Provo,UT,40.2547201,-111.6513535,596499,596423,0,0
6385369,2025-05-22,0,1,23620,Globe Life Field,Arlington,TX,32.7474557,-97.0838351,596706,596499,1,0
6300616,2025-02-14,17,1,15268,Jackie Robinson Stadium,Los Angeles,CA,34.0593478,-118.4592837,596514,596504,0,0
6300698,2025-02-15,14,1,15268,Jackie Robinson Stadium,Los Angeles,CA,34.0593478,-118.4592837,596514,596504,0,0
6300779,2025-02-16,13,1,15268,Jackie Robinson Stadium,Los Angeles,CA,34.0593478,-118.4592837,596514,596504,0,0
6310875,2025-02-21,18,1,24400,Blue Bell Park,College Station,TX,30.6060601,-96.3413557,596420,596504,0,0
6310874,2025-02-22,14,1,24400,Blue Bell Park,College Station,TX,30.6060601,-96.3413557,596420,596504,0,0
6310876,2025-02-23,13,1,24400,Blue Bell Park,College Station,TX,30.6060601,-96.3413557,596420,596504,0,0
6301417,2025-03-04,17,1,13150,Pete Beiden Field at Bob Bennett Stadium,Fresno,CA,36.8135991,-119.7559047,596707,596504,0,0
6310757,2025-03-11,17,1,13164,Excite Ballpark,San Jose,CA,37.321141,-121.8622634,596672,596504,0,0
6302661,2025-03-31,14,1,13150,Pete Beiden Field at Bob Bennett Stadium,Fresno,CA,36.8135991,-119.7559047,596707,596504,0,0
6310792,2025-04-08,17,1,10298,Baggett Stadium,San Luis Obispo,CA,35.30691219999999,-120.6651058,596504,596672,0,0
6303586,2025-04-22,17,1,10298,Baggett Stadium,San Luis Obispo,CA,35.30691219999999,-120.6651058,596504,596707,0,0
6385382,2025-05-24,0,1,11760,Goodwin Field,Fullerton,CA,33.88713899999999,-117.8853105,596504,596557,1,0
6307969,2025-02-21,15,1,13593,Don Weir Field at William Peccole Park,Reno,NV,39.5482994,-119.8128134,596620,596505,0,0
6307972,2025-02-22,14,1,13593,Don Weir Field at William Peccole Park,Reno,NV,39.5482994,-119.8128134,596620,596505,0,0
6307974,2025-02-23,14,1,13593,Don Weir Field at William Peccole Park,Reno,NV,39.5482994,-119.8128134,596620,596505,0,0
6307976,2025-02-24,12,1,13593,Don Weir Field at William Peccole Park,Reno,NV,39.5482994,-119.8128134,596620,596505,0,0
6302084,2025-03-18,18,1,15266,Hardt Field,Bakersfield,CA,35.34738910000001,-119.1076226,596505,596707,0,0
6304175,2025-05-06,18,1,13150,Pete Beiden Field at Bob Bennett Stadium,Fresno,CA,36.8135991,-119.7559047,596707,596505,0,0
6316434,2025-02-28,0,1,12496,L. Dale Mitchell Park,Norman,OK,35.19097699999999,-97.445747,596641,596508,0,0
6316435,2025-03-01,0,1,12496,L. Dale Mitchell Park,Norman,OK,35.19097699999999,-97.445747,596641,596508,0,0
6316436,2025-03-02,0,1,12496,L. Dale Mitchell Park,Norman,OK,35.19097699999999,-97.445747,596641,596508,0,0
6304164,2025-05-06,18,1,13163,Tony Gwynn Stadium,San Diego,CA,32.7742054,-117.0786595,596669,596508,0,0
6307959,2025-02-14,18,1,11761,Evans Diamond at Stu Gordon Stadium,Berkeley,CA,37.8694247,-122.2633963,596511,596620,0,0
6307957,2025-02-15,14,1,11761,Evans Diamond at Stu Gordon Stadium,Berkeley,CA,37.8694247,-122.2633963,596511,596620,0,0
6307962,2025-02-16,13,1,11761,Evans Diamond at Stu Gordon Stadium,Berkeley,CA,37.8694247,-122.2633963,596511,596620,0,0
6307964,2025-02-17,13,1,11761,Evans Diamond at Stu Gordon Stadium,Berkeley,CA,37.8694247,-122.2633963,596511,596620,0,0
6317420,2025-03-14,0,1,11761,Evans Diamond at Stu Gordon Stadium,Berkeley,CA,37.8694247,-122.2633963,596511,596439,0,0
6317421,2025-03-15,0,1,11761,Evans Diamond at Stu Gordon Stadium,Berkeley,CA,37.8694247,-122.2633963,596511,596439,0,0
6317423,2025-03-16,0,1,11761,Evans Diamond at Stu Gordon Stadium,Berkeley,CA,37.8694247,-122.2633963,596511,596439,0,0
6314255,2025-03-21,18,1,11053,Sunken Diamond,Stanford,CA,37.43173,-122.1587444,596688,596511,0,0
6314258,2025-03-22,14,1,11053,Sunken Diamond,Stanford,CA,37.43173,-122.1587444,596688,596511,0,0
6314260,2025-03-23,13,1,11053,Sunken Diamond,Stanford,CA,37.43173,-122.1587444,596688,596511,0,0
6303330,2025-04-15,18,1,11761,Evans Diamond at Stu Gordon Stadium,Berkeley,CA,37.8694247,-122.2633963,596511,596707,0,0
6303705,2025-04-25,18,1,13158,Frank Eck Stadium,Notre Dame,IN,41.6963173,-86.2280624,596637,596511,0,0
6303750,2025-04-26,14,1,13158,Frank Eck Stadium,Notre Dame,IN,41.6963173,-86.2280624,596637,596511,0,0
6303838,2025-04-27,13,1,13158,Frank Eck Stadium,Notre Dame,IN,41.6963173,-86.2280624,596637,596511,0,0
6310805,2025-04-30,18,1,13164,Excite Ballpark,San Jose,CA,37.321141,-121.8622634,596672,596511,0,0
6385131,2025-05-20,0,1,14590,Durham Athletic Park,Durham,NC,,,596600,596511,1,0
6300611,2025-02-14,16,1,23401,Jack Coombs Field,Durham,NC,,,596708,596521,0,0
6300708,2025-02-15,15,1,23401,Jack Coombs Field,Durham,NC,,,596708,596521,0,0
6300778,2025-02-16,13,1,23401,Jack Coombs Field,Durham,NC,,,596708,596521,0,0
6309457,2025-02-21,18,1,11780,Wilson Stadium,Las Vegas,NV,36.1115451,-115.147587,596619,596521,0,0
6309460,2025-02-22,18,1,11780,Wilson Stadium,Las Vegas,NV,36.1115451,-115.147587,596619,596521,0,0
6309478,2025-02-23,13,1,11780,Wilson Stadium,Las Vegas,NV,36.1115451,-115.147587,596619,596521,0,0
6309479,2025-02-24,18,1,11780,Wilson Stadium,Las Vegas,NV,36.1115451,-115.147587,596619,596521,0,0
6309664,2025-02-27,18,1,14605,Triton Ballpark,San Diego,CA,32.8815063,-117.2261854,596694,596521,0,0
6309667,2025-02-28,18,1,14605,Triton Ballpark,San Diego,CA,32.8815063,-117.2261854,596694,596521,0,0
6309672,2025-03-01,13,1,14605,Triton Ballpark,San Diego,CA,32.8815063,-117.2261854,596694,596521,0,0
6309673,2025-03-02,12,1,14605,Triton Ballpark,San Diego,CA,32.8815063,-117.2261854,596694,596521,0,0
6309676,2025-03-04,0,1,10301,UC Baseball Stadium,Cincinnati,OH,39.1301356,-84.51378270000001,596521,596427,0,0
6301581,2025-03-07,0,1,10301,UC Baseball Stadium,Cincinnati,OH,39.1301356,-84.51378270000001,596521,596517,0,2
6301529,2025-03-07,18,1,10301,UC Baseball Stadium,Cincinnati,OH,39.1301356,-84.51378270000001,596521,596517,0,1
6304703,2025-03-08,15,1,10301,UC Baseball Stadium,Cincinnati,OH,39.1301356,-84.51378270000001,596521,596517,0,0
6301676,2025-03-09,13,1,10301,UC Baseball Stadium,Cincinnati,OH,39.1301356,-84.51378270000001,596521,596517,0,0
6309679,2025-03-11,18,1,10301,UC Baseball Stadium,Cincinnati,OH,39.1301356,-84.51378270000001,596521,596599,0,0
6308063,2025-03-14,18,1,13872,Hi Corbett Field,Tucson,AZ,32.2129447,-110.9197159,596706,596521,0,0
6308064,2025-03-15,18,1,13872,Hi Corbett Field,Tucson,AZ,32.2129447,-110.9197159,596706,596521,0,0
6308065,2025-03-16,11,1,13872,Hi Corbett Field,Tucson,AZ,32.2129447,-110.9197159,596706,596521,0,0
6309694,2025-03-25,18,1,10301,UC Baseball Stadium,Cincinnati,OH,39.1301356,-84.51378270000001,596521,596585,0,0
6302470,2025-03-28,18,1,10301,UC Baseball Stadium,Cincinnati,OH,39.1301356,-84.51378270000001,596521,596519,0,0
6302556,2025-03-29,15,1,10301,UC Baseball Stadium,Cincinnati,OH,39.1301356,-84.51378270000001,596521,596519,0,0
6302621,2025-03-30,13,1,10301,UC Baseball Stadium,Cincinnati,OH,39.1301356,-84.51378270000001,596521,596519,0,0
6309700,2025-04-01,15,1,15274,McKie Field at Hayden Park,Oxford,OH,39.5132235,-84.7323725,596599,596521,0,0
6309703,2025-04-04,18,1,14595,Dan Law Field at Rip Griffin Park,Lubbock,TX,33.58857139999999,-101.8767901,596423,596521,0,0
6370293,2025-04-06,0,1,14595,Dan Law Field at Rip Griffin Park,Lubbock,TX,33.58857139999999,-101.8767901,596423,596521,0,1
6370294,2025-04-06,0,1,14595,Dan Law Field at Rip Griffin Park,Lubbock,TX,33.58857139999999,-101.8767901,596423,596521,0,2
6303018,2025-04-08,18,1,23420,Prasco Park,Mason,OH,39.3308992,-84.3341821,596521,596453,1,0
6309721,2025-04-15,18,1,10301,UC Baseball Stadium,Cincinnati,OH,39.1301356,-84.51378270000001,596521,596454,0,0
6309723,2025-04-17,18,1,11222,Wagener Field at Monongalia County Ballpark,Granville,WV,39.6434012,-79.9957791,596444,596521,0,0
6309724,2025-04-18,18,1,11222,Wagener Field at Monongalia County Ballpark,Granville,WV,39.6434012,-79.9957791,596444,596521,0,0
6309726,2025-04-19,14,1,11222,Wagener Field at Monongalia County Ballpark,Granville,WV,39.6434012,-79.9957791,596444,596521,0,0
6309727,2025-04-22,15,1,10326,Hayden Field,Cincinnati,OH,39.14994230000001,-84.47648939999999,596454,596521,0,0
6372215,2025-04-23,0,1,10301,UC Baseball Stadium,Cincinnati,OH,39.1301356,-84.51378270000001,596521,596452,0,0
6309729,2025-04-25,18,1,10301,UC Baseball Stadium,Cincinnati,OH,39.1301356,-84.51378270000001,596521,596714,0,0
6309730,2025-04-26,15,1,10301,UC Baseball Stadium,Cincinnati,OH,39.1301356,-84.51378270000001,596521,596714,0,0
6309732,2025-04-27,13,1,10301,UC Baseball Stadium,Cincinnati,OH,39.1301356,-84.51378270000001,596521,596714,0,0
6309734,2025-05-02,18,1,11775,Hoglund Ballpark,Lawrence,KS,38.9530464,-95.25299919999999,596575,596521,0,0
6309735,2025-05-03,14,1,11775,Hoglund Ballpark,Lawrence,KS,38.9530464,-95.25299919999999,596575,596521,0,0
6309737,2025-05-04,13,1,11775,Hoglund Ballpark,Lawrence,KS,38.9530464,-95.25299919999999,596575,596521,0,0
6309738,2025-05-06,17,1,14591,J.L. Johnson Stadium,Tulsa,OK,36.0495005,-95.94818880000001,596715,596521,0,0
6309740,2025-05-09,18,1,13167,Lupton Stadium,Fort Worth,TX,32.7034329,-97.37259859999999,596421,596521,0,0
6309742,2025-05-10,14,1,13167,Lupton Stadium,Fort Worth,TX,32.7034329,-97.37259859999999,596421,596521,0,0
6309744,2025-05-11,13,1,13167,Lupton Stadium,Fort Worth,TX,32.7034329,-97.37259859999999,596421,596521,0,0
6304656,2025-05-15,0,1,10301,UC Baseball Stadium,Cincinnati,OH,39.1301356,-84.51378270000001,596521,596574,0,0
6304553,2025-05-16,17,1,10301,UC Baseball Stadium,Cincinnati,OH,39.1301356,-84.51378270000001,596521,596574,0,0
6304650,2025-05-17,17,1,10301,UC Baseball Stadium,Cincinnati,OH,39.1301356,-84.51378270000001,596521,596574,0,0
6385374,2025-05-21,0,1,23620,Globe Life Field,Arlington,TX,32.7474557,-97.0838351,596521,596423,1,0
6385370,2025-05-22,0,1,23620,Globe Life Field,Arlington,TX,32.7474557,-97.0838351,596444,596521,1,0
6385788,2025-05-30,13,0,11055,Lindsey Nelson Stadium,Knoxville,TN,35.94927029999999,-83.92943729999999,596441,596521,1,0
6385790,2025-05-31,18,0,11055,Lindsey Nelson Stadium,Knoxville,TN,35.94927029999999,-83.92943729999999,596521,596721,0,0
6385792,2025-06-01,12,0,11055,Lindsey Nelson Stadium,Knoxville,TN,35.94927029999999,-83.92943729999999,596521,596441,1,0
6301465,2025-03-05,19,1,11762,Joseph P. Riley Jr. Park,Charleston,SC,,,596522,596677,0,0
6303332,2025-04-15,18,1,13165,Founders Park,Columbia,SC,33.9861513,-81.0428166,596677,596522,0,0
6313237,2025-02-14,11,1,23620,Globe Life Field,Arlington,TX,32.7474557,-97.0838351,596523,596714,1,0
6300661,2025-02-15,10,1,23620,Globe Life Field,Arlington,TX,32.7474557,-97.0838351,596706,596523,1,0
6313241,2025-02-16,14,1,23620,Globe Life Field,Arlington,TX,32.7474557,-97.0838351,596523,596607,1,0
6313244,2025-02-21,16,1,15269,Doug Kingsmore Stadium,Clemson,SC,34.6787794,-82.8493165,596523,596436,0,0
6313248,2025-02-22,12,1,15269,Doug Kingsmore Stadium,Clemson,SC,34.6787794,-82.8493165,596523,596627,0,0
6313251,2025-02-22,16,1,15269,Doug Kingsmore Stadium,Clemson,SC,34.6787794,-82.8493165,596523,596436,0,0
6313253,2025-02-23,14,1,15269,Doug Kingsmore Stadium,Clemson,SC,34.6787794,-82.8493165,596523,596627,0,0
6301116,2025-02-25,16,1,15269,Doug Kingsmore Stadium,Clemson,SC,34.6787794,-82.8493165,596523,596451,0,0
6301218,2025-02-28,19,1,15269,Doug Kingsmore Stadium,Clemson,SC,34.6787794,-82.8493165,596523,596677,0,0
6301246,2025-03-01,13,1,14973,Fluor Field,Greenville,SC,34.8423318,-82.408074,596677,596523,1,0
6301385,2025-03-02,17,1,13165,Founders Park,Columbia,SC,33.9861513,-81.0428166,596677,596523,0,0
6313260,2025-03-04,18,1,14973,Fluor Field,Greenville,SC,34.8423318,-82.408074,596469,596523,1,0
6313243,2025-03-05,0,1,15269,Doug Kingsmore Stadium,Clemson,SC,34.6787794,-82.8493165,596523,596464,0,0
6301517,2025-03-07,16,1,15269,Doug Kingsmore Stadium,Clemson,SC,34.6787794,-82.8493165,596523,596531,0,0
6301612,2025-03-08,15,1,15269,Doug Kingsmore Stadium,Clemson,SC,34.6787794,-82.8493165,596523,596531,0,0
6301701,2025-03-09,14,1,15269,Doug Kingsmore Stadium,Clemson,SC,34.6787794,-82.8493165,596523,596531,0,0
6313265,2025-03-11,16,1,15269,Doug Kingsmore Stadium,Clemson,SC,34.6787794,-82.8493165,596523,596581,0,0
6313266,2025-03-12,16,1,15269,Doug Kingsmore Stadium,Clemson,SC,34.6787794,-82.8493165,596523,596581,0,0
6301838,2025-03-14,16,1,15269,Doug Kingsmore Stadium,Clemson,SC,34.6787794,-82.8493165,596523,596637,0,0
6301936,2025-03-15,15,1,15269,Doug Kingsmore Stadium,Clemson,SC,34.6787794,-82.8493165,596523,596637,0,0
6302005,2025-03-16,13,1,15269,Doug Kingsmore Stadium,Clemson,SC,34.6787794,-82.8493165,596523,596637,0,0
6302040,2025-03-18,18,1,15269,Doug Kingsmore Stadium,Clemson,SC,34.6787794,-82.8493165,596523,596522,0,0
6302096,2025-03-19,18,1,15269,Doug Kingsmore Stadium,Clemson,SC,34.6787794,-82.8493165,596523,596522,0,0
6313275,2025-03-21,18,1,15269,Doug Kingsmore Stadium,Clemson,SC,34.6787794,-82.8493165,596523,596441,0,0
6313276,2025-03-22,14,1,15269,Doug Kingsmore Stadium,Clemson,SC,34.6787794,-82.8493165,596523,596441,0,0
6313277,2025-03-23,13,1,15269,Doug Kingsmore Stadium,Clemson,SC,34.6787794,-82.8493165,596523,596441,0,0
6313280,2025-03-25,18,1,15269,Doug Kingsmore Stadium,Clemson,SC,34.6787794,-82.8493165,596523,596524,0,0
6313282,2025-03-26,18,1,15269,Doug Kingsmore Stadium,Clemson,SC,34.6787794,-82.8493165,596523,596464,0,0
6313284,2025-03-28,18,1,10308,Russ Chandler Stadium,Atlanta,GA,33.777718,-84.3945545,596553,596523,0,0
6313287,2025-03-29,0,1,10308,Russ Chandler Stadium,Atlanta,GA,33.777718,-84.3945545,596553,596523,0,2
6313286,2025-03-29,16,1,10308,Russ Chandler Stadium,Atlanta,GA,33.777718,-84.3945545,596553,596523,0,1
6302722,2025-04-01,18,1,,,,,,,596551,596523,1,0
6313290,2025-04-04,18,1,11761,Evans Diamond at Stu Gordon Stadium,Berkeley,CA,37.8694247,-122.2633963,596511,596523,0,0
6313291,2025-04-05,14,1,11761,Evans Diamond at Stu Gordon Stadium,Berkeley,CA,37.8694247,-122.2633963,596511,596523,0,0
6313292,2025-04-06,13,1,11761,Evans Diamond at Stu Gordon Stadium,Berkeley,CA,37.8694247,-122.2633963,596511,596523,0,0
6313293,2025-04-09,0,1,15269,Doug Kingsmore Stadium,Clemson,SC,34.6787794,-82.8493165,596523,596461,0,0
6313295,2025-04-11,18,1,15269,Doug Kingsmore Stadium,Clemson,SC,34.6787794,-82.8493165,596523,596688,0,0
6313298,2025-04-12,14,1,15269,Doug Kingsmore Stadium,Clemson,SC,34.6787794,-82.8493165,596523,596688,0,0
6313299,2025-04-13,13,1,15269,Doug Kingsmore Stadium,Clemson,SC,34.6787794,-82.8493165,596523,596688,0,0
6313302,2025-04-17,19,1,15269,Doug Kingsmore Stadium,Clemson,SC,34.6787794,-82.8493165,596523,596585,0,0
6313305,2025-04-18,19,1,15269,Doug Kingsmore Stadium,Clemson,SC,34.6787794,-82.8493165,596523,596585,0,0
6313307,2025-04-19,14,1,15269,Doug Kingsmore Stadium,Clemson,SC,34.6787794,-82.8493165,596523,596585,0,0
6313309,2025-04-22,18,1,15269,Doug Kingsmore Stadium,Clemson,SC,34.6787794,-82.8493165,596523,596554,0,0
6313313,2025-04-24,19,1,13888,Doak Field at Dail Park,Raleigh,NC,35.7874515,-78.67975229999999,596628,596523,0,0
6313316,2025-04-25,18,1,13888,Doak Field at Dail Park,Raleigh,NC,35.7874515,-78.67975229999999,596628,596523,0,0
6313323,2025-04-26,13,1,13888,Doak Field at Dail Park,Raleigh,NC,35.7874515,-78.67975229999999,596628,596523,0,0
6313327,2025-05-02,18,1,10305,Mike Martin Field at Dick Howser Stadium,Tallahassee,FL,30.4405434,-84.3040448,596545,596523,0,0
6313329,2025-05-03,14,1,10305,Mike Martin Field at Dick Howser Stadium,Tallahassee,FL,30.4405434,-84.3040448,596545,596523,0,0
6313332,2025-05-04,13,1,10305,Mike Martin Field at Dick Howser Stadium,Tallahassee,FL,30.4405434,-84.3040448,596545,596523,0,0
6313335,2025-05-06,18,1,12630,Springs Brooks Stadium,Conway,SC,33.7934684,-79.0152394,596524,596523,0,0
6304251,2025-05-09,18,1,15269,Doug Kingsmore Stadium,Clemson,SC,34.6787794,-82.8493165,596523,596708,0,0
6304314,2025-05-10,14,1,15269,Doug Kingsmore Stadium,Clemson,SC,34.6787794,-82.8493165,596523,596708,0,0
6304388,2025-05-11,13,1,15269,Doug Kingsmore Stadium,Clemson,SC,34.6787794,-82.8493165,596523,596708,0,0
6313342,2025-05-15,18,1,11785,Petersen Sports Complex Charles L. Cost Field,Pittsburgh,PA,40.44485689999999,-79.96680020000001,596649,596523,0,0
6313345,2025-05-16,15,1,11785,Petersen Sports Complex Charles L. Cost Field,Pittsburgh,PA,40.44485689999999,-79.96680020000001,596649,596523,0,0
6313348,2025-05-17,13,1,11785,Petersen Sports Complex Charles L. Cost Field,Pittsburgh,PA,40.44485689999999,-79.96680020000001,596649,596523,0,0
6385128,2025-05-21,0,1,14590,Durham Athletic Park,Durham,NC,,,596523,596438,1,0
6385124,2025-05-22,0,1,14590,Durham Athletic Park,Durham,NC,,,596628,596523,1,0
6384795,2025-05-24,0,1,14590,Durham Athletic Park,Durham,NC,,,596553,596523,1,0
6384793,2025-05-25,0,1,14590,Durham Athletic Park,Durham,NC,,,596614,596523,1,0
6385783,2025-05-30,18,0,15269,Doug Kingsmore Stadium,Clemson,SC,34.6787794,-82.8493165,596523,596469,0,0
6385784,2025-05-31,18,0,15269,Doug Kingsmore Stadium,Clemson,SC,34.6787794,-82.8493165,596523,596444,0,0
6385786,2025-06-01,12,0,15269,Doug Kingsmore Stadium,Clemson,SC,34.6787794,-82.8493165,596577,596523,0,0
6316540,2025-02-22,0,1,,,,,,,596639,596524,1,0
6316727,2025-05-15,0,1,13159,Bud Metheny Complex ,Norfolk,VA,36.88393399999999,-76.3090691,596642,596524,0,0
6316729,2025-05-16,0,1,13159,Bud Metheny Complex ,Norfolk,VA,36.88393399999999,-76.3090691,596642,596524,0,0
6316732,2025-05-17,0,1,13159,Bud Metheny Complex ,Norfolk,VA,36.88393399999999,-76.3090691,596642,596524,0,0
6386120,2025-06-21,18,0,12481,Charles Schwab Field Omaha,Omaha,NE,41.266835,-95.9310643,596583,596524,1,0
6386171,2025-06-22,18,0,12481,Charles Schwab Field Omaha,Omaha,NE,41.266835,-95.9310643,596524,596583,1,0
6314090,2025-02-21,17,1,13168,UFCU Disch-Falk Field,Austin,TX,30.2793589,-97.7265066,596425,596530,0,0
6314094,2025-02-22,13,1,13168,UFCU Disch-Falk Field,Austin,TX,30.2793589,-97.7265066,596425,596530,0,0
6314095,2025-02-23,11,1,13168,UFCU Disch-Falk Field,Austin,TX,30.2793589,-97.7265066,596425,596530,0,0
6314098,2025-02-28,15,1,12171,Davenport Field at Disharoon Park,Charlottesville,VA,38.04593089999999,-78.5133714,596439,596530,0,0
6314101,2025-03-01,13,1,12171,Davenport Field at Disharoon Park,Charlottesville,VA,38.04593089999999,-78.5133714,596439,596530,0,0
6314104,2025-03-02,12,1,12171,Davenport Field at Disharoon Park,Charlottesville,VA,38.04593089999999,-78.5133714,596439,596530,0,0
6308648,2025-02-18,18,1,12482,FAU Baseball Stadium,Boca Raton,FL,26.3702709,-80.1095751,596543,596600,0,0
6301134,2025-02-25,18,1,10300,John Euliano Park,Orlando,FL,28.6097258,-81.1956972,596519,596543,0,0
6301438,2025-03-05,0,1,20900,Condron Family Ballpark at Alfred A. McKethan Field,Gainesville,FL,29.6364107,-82.3637638,596546,596543,0,0
6308649,2025-03-18,18,1,12482,FAU Baseball Stadium,Boca Raton,FL,26.3702709,-80.1095751,596543,596600,0,0
6316372,2025-04-15,0,1,15275,Alex Rodriguez Park at Mark Light Field,Coral Gables,FL,25.7120599,-80.2822951,596600,596543,0,0
6303614,2025-04-22,18,1,12482,FAU Baseball Stadium,Boca Raton,FL,26.3702709,-80.1095751,596543,596519,0,0
6300615,2025-02-14,17,1,10305,Mike Martin Field at Dick Howser Stadium,Tallahassee,FL,30.4405434,-84.3040448,596545,596573,0,0
6300695,2025-02-15,14,1,10305,Mike Martin Field at Dick Howser Stadium,Tallahassee,FL,30.4405434,-84.3040448,596545,596573,0,0
6300773,2025-02-16,13,1,10305,Mike Martin Field at Dick Howser Stadium,Tallahassee,FL,30.4405434,-84.3040448,596545,596573,0,0
6310503,2025-02-18,17,1,12500,USF Baseball Stadium,Tampa,FL,28.0587021,-82.4045364,596679,596545,0,0
6317923,2025-02-21,0,1,10305,Mike Martin Field at Dick Howser Stadium,Tallahassee,FL,30.4405434,-84.3040448,596545,596716,0,0
6317924,2025-02-22,0,1,10305,Mike Martin Field at Dick Howser Stadium,Tallahassee,FL,30.4405434,-84.3040448,596545,596716,0,0
6317925,2025-02-23,0,1,10305,Mike Martin Field at Dick Howser Stadium,Tallahassee,FL,30.4405434,-84.3040448,596545,596716,0,0
6312826,2025-02-28,17,1,10305,Mike Martin Field at Dick Howser Stadium,Tallahassee,FL,30.4405434,-84.3040448,596545,596550,0,0
6312827,2025-03-01,14,1,10305,Mike Martin Field at Dick Howser Stadium,Tallahassee,FL,30.4405434,-84.3040448,596545,596550,0,0
6312828,2025-03-02,11,1,10305,Mike Martin Field at Dick Howser Stadium,Tallahassee,FL,30.4405434,-84.3040448,596545,596550,0,0
6301431,2025-03-04,18,1,10305,Mike Martin Field at Dick Howser Stadium,Tallahassee,FL,30.4405434,-84.3040448,596545,596467,0,0
6301453,2025-03-05,16,1,10305,Mike Martin Field at Dick Howser Stadium,Tallahassee,FL,30.4405434,-84.3040448,596545,596494,0,0
6310429,2025-03-07,18,1,10305,Mike Martin Field at Dick Howser Stadium,Tallahassee,FL,30.4405434,-84.3040448,596545,596472,0,0
6310430,2025-03-08,14,1,10305,Mike Martin Field at Dick Howser Stadium,Tallahassee,FL,30.4405434,-84.3040448,596545,596472,0,0
6301711,2025-03-11,0,1,10305,Mike Martin Field at Dick Howser Stadium,Tallahassee,FL,30.4405434,-84.3040448,596545,596546,0,0
6320414,2025-03-14,0,1,10305,Mike Martin Field at Dick Howser Stadium,Tallahassee,FL,30.4405434,-84.3040448,596545,596496,0,0
6320415,2025-03-15,0,1,10305,Mike Martin Field at Dick Howser Stadium,Tallahassee,FL,30.4405434,-84.3040448,596545,596496,0,1
6320416,2025-03-15,0,1,10305,Mike Martin Field at Dick Howser Stadium,Tallahassee,FL,30.4405434,-84.3040448,596545,596496,0,2
6302081,2025-03-18,18,1,10305,Mike Martin Field at Dick Howser Stadium,Tallahassee,FL,30.4405434,-84.3040448,596545,596598,0,0
6316368,2025-03-20,0,1,15275,Alex Rodriguez Park at Mark Light Field,Coral Gables,FL,25.7120599,-80.2822951,596600,596545,0,0
6316369,2025-03-21,0,1,15275,Alex Rodriguez Park at Mark Light Field,Coral Gables,FL,25.7120599,-80.2822951,596600,596545,0,0
6316370,2025-03-22,0,1,15275,Alex Rodriguez Park at Mark Light Field,Coral Gables,FL,25.7120599,-80.2822951,596600,596545,0,0
6302351,2025-03-25,0,1,,,,,,,596545,596546,1,0
6302463,2025-03-28,16,1,13158,Frank Eck Stadium,Notre Dame,IN,41.6963173,-86.2280624,596637,596545,0,0
6302549,2025-03-30,0,1,13158,Frank Eck Stadium,Notre Dame,IN,41.6963173,-86.2280624,596637,596545,0,1
6302640,2025-03-30,0,1,13158,Frank Eck Stadium,Notre Dame,IN,41.6963173,-86.2280624,596637,596545,0,2
6320426,2025-04-01,0,1,10305,Mike Martin Field at Dick Howser Stadium,Tallahassee,FL,30.4405434,-84.3040448,596545,596572,0,0
6317717,2025-04-05,0,1,10305,Mike Martin Field at Dick Howser Stadium,Tallahassee,FL,30.4405434,-84.3040448,596545,596441,0,0
6317718,2025-04-06,0,1,10305,Mike Martin Field at Dick Howser Stadium,Tallahassee,FL,30.4405434,-84.3040448,596545,596441,0,0
6302969,2025-04-08,0,1,20900,Condron Family Ballpark at Alfred A. McKethan Field,Gainesville,FL,29.6364107,-82.3637638,596546,596545,0,0
6320427,2025-04-12,0,1,12503,English Field at Atlantic Union Bank Park,Blacksburg,VA,37.2178732,-80.4234373,596438,596545,0,1
6320428,2025-04-12,0,1,12503,English Field at Atlantic Union Bank Park,Blacksburg,VA,37.2178732,-80.4234373,596438,596545,0,2
6320429,2025-04-13,0,1,12503,English Field at Atlantic Union Bank Park,Blacksburg,VA,37.2178732,-80.4234373,596438,596545,0,0
6310532,2025-04-15,18,1,10305,Mike Martin Field at Dick Howser Stadium,Tallahassee,FL,30.4405434,-84.3040448,596545,596679,0,0
6308373,2025-04-22,17,1,10305,Mike Martin Field at Dick Howser Stadium,Tallahassee,FL,30.4405434,-84.3040448,596545,596720,0,0
6317088,2025-04-25,0,1,13882,Jim Patterson Stadium,Louisville,KY,38.20533510000001,-85.7631538,596585,596545,0,0
6317090,2025-04-26,0,1,13882,Jim Patterson Stadium,Louisville,KY,38.20533510000001,-85.7631538,596585,596545,0,0
6317094,2025-04-27,0,1,13882,Jim Patterson Stadium,Louisville,KY,38.20533510000001,-85.7631538,596585,596545,0,0
6320430,2025-05-06,0,1,10305,Mike Martin Field at Dick Howser Stadium,Tallahassee,FL,30.4405434,-84.3040448,596545,596572,0,0
6320406,2025-05-09,0,1,11761,Evans Diamond at Stu Gordon Stadium,Berkeley,CA,37.8694247,-122.2633963,596511,596545,0,0
6320407,2025-05-10,0,1,11761,Evans Diamond at Stu Gordon Stadium,Berkeley,CA,37.8694247,-122.2633963,596511,596545,0,0
6320408,2025-05-11,0,1,11761,Evans Diamond at Stu Gordon Stadium,Berkeley,CA,37.8694247,-122.2633963,596511,596545,0,0
6320431,2025-05-15,0,1,10305,Mike Martin Field at Dick Howser Stadium,Tallahassee,FL,30.4405434,-84.3040448,596545,596614,0,0
6320432,2025-05-16,0,1,10305,Mike Martin Field at Dick Howser Stadium,Tallahassee,FL,30.4405434,-84.3040448,596545,596614,0,0
6320433,2025-05-17,0,1,10305,Mike Martin Field at Dick Howser Stadium,Tallahassee,FL,30.4405434,-84.3040448,596545,596614,0,0
6385125,2025-05-23,0,1,14590,Durham Athletic Park,Durham,NC,,,596545,596708,1,0
6384796,2025-05-24,0,1,14590,Durham Athletic Park,Durham,NC,,,596545,596614,1,0
6385716,2025-05-30,15,0,10305,Mike Martin Field at Dick Howser Stadium,Tallahassee,FL,30.4405434,-84.3040448,596545,596494,0,0
6385718,2025-05-31,18,0,10305,Mike Martin Field at Dick Howser Stadium,Tallahassee,FL,30.4405434,-84.3040448,596605,596545,0,0
6385721,2025-06-01,18,0,10305,Mike Martin Field at Dick Howser Stadium,Tallahassee,FL,30.4405434,-84.3040448,596545,596605,0,0
6385977,2025-06-06,15,0,15280,Goss Stadium At Coleman Field,Corvallis,OR,44.5629654,-123.2771586,596643,596545,0,0
6385978,2025-06-07,18,0,15280,Goss Stadium At Coleman Field,Corvallis,OR,44.5629654,-123.2771586,596545,596643,0,0
6385979,2025-06-08,18,0,15280,Goss Stadium At Coleman Field,Corvallis,OR,44.5629654,-123.2771586,596643,596545,0,0
6316737,2025-02-14,0,1,10308,Russ Chandler Stadium,Atlanta,GA,33.777718,-84.3945545,596553,596642,0,0
6316738,2025-02-15,0,1,10308,Russ Chandler Stadium,Atlanta,GA,33.777718,-84.3945545,596553,596642,0,0
6316739,2025-02-16,0,1,10308,Russ Chandler Stadium,Atlanta,GA,33.777718,-84.3945545,596553,596642,0,0
6300847,2025-02-18,18,1,10307,J.I. Clements Stadium,Statesboro,GA,32.4288755,-81.7815925,596551,596553,0,0
6312933,2025-02-21,16,1,10308,Russ Chandler Stadium,Atlanta,GA,33.777718,-84.3945545,596553,596591,0,0
6312934,2025-02-22,14,1,10308,Russ Chandler Stadium,Atlanta,GA,33.777718,-84.3945545,596553,596591,0,0
6312935,2025-02-23,14,1,10308,Russ Chandler Stadium,Atlanta,GA,33.777718,-84.3945545,596553,596591,0,0
6312936,2025-02-24,14,1,10308,Russ Chandler Stadium,Atlanta,GA,33.777718,-84.3945545,596553,596591,0,0
6317345,2025-02-26,0,1,10308,Russ Chandler Stadium,Atlanta,GA,33.777718,-84.3945545,596553,596947,0,0
6315567,2025-02-28,0,1,10308,Russ Chandler Stadium,Atlanta,GA,33.777718,-84.3945545,596553,596448,0,0
6315569,2025-03-01,0,1,10308,Russ Chandler Stadium,Atlanta,GA,33.777718,-84.3945545,596553,596448,0,0
6315571,2025-03-02,0,1,10308,Russ Chandler Stadium,Atlanta,GA,33.777718,-84.3945545,596553,596448,0,0
6301395,2025-03-04,0,1,10308,Russ Chandler Stadium,Atlanta,GA,33.777718,-84.3945545,596553,596463,0,0
6317348,2025-03-07,0,1,12503,English Field at Atlantic Union Bank Park,Blacksburg,VA,37.2178732,-80.4234373,596438,596553,0,0
6317351,2025-03-08,0,1,12503,English Field at Atlantic Union Bank Park,Blacksburg,VA,37.2178732,-80.4234373,596438,596553,0,0
6317353,2025-03-09,0,1,12503,English Field at Atlantic Union Bank Park,Blacksburg,VA,37.2178732,-80.4234373,596438,596553,0,0
6307841,2025-03-11,18,1,10308,Russ Chandler Stadium,Atlanta,GA,33.777718,-84.3945545,596553,596552,0,0
6317269,2025-03-14,0,1,10308,Russ Chandler Stadium,Atlanta,GA,33.777718,-84.3945545,596553,596649,0,0
6317272,2025-03-16,0,1,10308,Russ Chandler Stadium,Atlanta,GA,33.777718,-84.3945545,596553,596649,0,0
6317355,2025-03-18,0,1,10308,Russ Chandler Stadium,Atlanta,GA,33.777718,-84.3945545,596553,596461,0,0
6302141,2025-03-21,16,1,13158,Frank Eck Stadium,Notre Dame,IN,41.6963173,-86.2280624,596637,596553,0,0
6302233,2025-03-22,14,1,13158,Frank Eck Stadium,Notre Dame,IN,41.6963173,-86.2280624,596637,596553,0,0
6302320,2025-03-23,13,1,13158,Frank Eck Stadium,Notre Dame,IN,41.6963173,-86.2280624,596637,596553,0,0
6302350,2025-03-25,0,1,30808,S. Walter Kelly Sr. Memorial Field,Kennesaw,GA,33.9346907,-84.5187986,596463,596553,0,0
6302713,2025-04-01,18,1,10308,Russ Chandler Stadium,Atlanta,GA,33.777718,-84.3945545,596553,596598,0,0
6314269,2025-04-04,18,1,11053,Sunken Diamond,Stanford,CA,37.43173,-122.1587444,596688,596553,0,0
6314272,2025-04-05,14,1,11053,Sunken Diamond,Stanford,CA,37.43173,-122.1587444,596688,596553,0,0
6314277,2025-04-06,13,1,11053,Sunken Diamond,Stanford,CA,37.43173,-122.1587444,596688,596553,0,0
6307952,2025-04-08,0,1,10308,Russ Chandler Stadium,Atlanta,GA,33.777718,-84.3945545,596553,596489,0,0
6317359,2025-04-11,0,1,10308,Russ Chandler Stadium,Atlanta,GA,33.777718,-84.3945545,596553,596511,0,0
6317360,2025-04-12,0,1,10308,Russ Chandler Stadium,Atlanta,GA,33.777718,-84.3945545,596553,596511,0,0
6317361,2025-04-13,0,1,10308,Russ Chandler Stadium,Atlanta,GA,33.777718,-84.3945545,596553,596511,0,0
6317367,2025-04-15,0,1,,,,,,,596554,596553,1,0
6316378,2025-04-18,0,1,15275,Alex Rodriguez Park at Mark Light Field,Coral Gables,FL,25.7120599,-80.2822951,596600,596553,0,0
6316379,2025-04-19,0,1,15275,Alex Rodriguez Park at Mark Light Field,Coral Gables,FL,25.7120599,-80.2822951,596600,596553,0,0
6316381,2025-04-20,0,1,15275,Alex Rodriguez Park at Mark Light Field,Coral Gables,FL,25.7120599,-80.2822951,596600,596553,0,0
6307966,2025-04-22,18,1,15264,Plainsman Park,Auburn,AL,32.5998,-85.4896996,596489,596553,0,0
6317370,2025-04-25,0,1,10308,Russ Chandler Stadium,Atlanta,GA,33.777718,-84.3945545,596553,596439,0,0
6317371,2025-04-26,0,1,10308,Russ Chandler Stadium,Atlanta,GA,33.777718,-84.3945545,596553,596439,0,0
6317372,2025-04-27,0,1,10308,Russ Chandler Stadium,Atlanta,GA,33.777718,-84.3945545,596553,596439,0,0
6317375,2025-05-02,0,1,10308,Russ Chandler Stadium,Atlanta,GA,33.777718,-84.3945545,596553,596445,0,0
6317376,2025-05-03,0,1,10308,Russ Chandler Stadium,Atlanta,GA,33.777718,-84.3945545,596553,596445,0,0
6317377,2025-05-04,0,1,10308,Russ Chandler Stadium,Atlanta,GA,33.777718,-84.3945545,596553,596445,0,0
6304168,2025-05-06,18,1,10308,Russ Chandler Stadium,Atlanta,GA,33.777718,-84.3945545,596553,596551,0,0
6304191,2025-05-07,18,1,10308,Russ Chandler Stadium,Atlanta,GA,33.777718,-84.3945545,596598,596553,0,0
6317107,2025-05-09,0,1,10308,Russ Chandler Stadium,Atlanta,GA,33.777718,-84.3945545,596553,596585,0,0
6317113,2025-05-11,0,1,10308,Russ Chandler Stadium,Atlanta,GA,33.777718,-84.3945545,596553,596585,0,1
6317117,2025-05-11,0,1,10308,Russ Chandler Stadium,Atlanta,GA,33.777718,-84.3945545,596553,596585,0,2
6304499,2025-05-15,18,1,23401,Jack Coombs Field,Durham,NC,,,596708,596553,0,0
6304572,2025-05-16,18,1,23401,Jack Coombs Field,Durham,NC,,,596708,596553,0,0
6304653,2025-05-17,18,1,23401,Jack Coombs Field,Durham,NC,,,596708,596553,0,0
6385123,2025-05-22,0,1,14590,Durham Athletic Park,Durham,NC,,,596553,596511,1,0
6385764,2025-05-30,15,0,12490,Oxford-University Stadium/Swayze Field,Oxford,MS,34.36233,-89.5289178,596553,596447,1,0
6385766,2025-05-31,17,0,12490,Oxford-University Stadium/Swayze Field,Oxford,MS,34.36233,-89.5289178,596612,596553,1,0
6385768,2025-06-01,14,0,12490,Oxford-University Stadium/Swayze Field,Oxford,MS,34.36233,-89.5289178,596607,596553,0,0
6310584,2025-02-14,18,1,11040,Les Murakami Stadium,Honolulu,HI,21.29357319999999,-157.816349,596557,596591,0,0
6310586,2025-02-15,13,1,11040,Les Murakami Stadium,Honolulu,HI,21.29357319999999,-157.816349,596557,596591,0,1
6310589,2025-02-15,15,1,11040,Les Murakami Stadium,Honolulu,HI,21.29357319999999,-157.816349,596557,596591,0,2
6310591,2025-02-16,13,1,11040,Les Murakami Stadium,Honolulu,HI,21.29357319999999,-157.816349,596557,596591,0,0
6310592,2025-02-20,18,1,11040,Les Murakami Stadium,Honolulu,HI,21.29357319999999,-157.816349,596557,596449,0,0
6310593,2025-02-21,18,1,11040,Les Murakami Stadium,Honolulu,HI,21.29357319999999,-157.816349,596557,596449,0,0
6310597,2025-02-22,18,1,11040,Les Murakami Stadium,Honolulu,HI,21.29357319999999,-157.816349,596557,596449,0,0
6310602,2025-02-28,18,1,11040,Les Murakami Stadium,Honolulu,HI,21.29357319999999,-157.816349,596557,596631,0,0
6310604,2025-03-01,18,1,11040,Les Murakami Stadium,Honolulu,HI,21.29357319999999,-157.816349,596557,596631,0,0
6310607,2025-03-02,13,1,11040,Les Murakami Stadium,Honolulu,HI,21.29357319999999,-157.816349,596557,596631,0,0
6310610,2025-03-03,18,1,11040,Les Murakami Stadium,Honolulu,HI,21.29357319999999,-157.816349,596557,596631,0,0
6310614,2025-03-07,18,1,,,,,,,596515,596557,0,0
6310617,2025-03-08,12,1,,,,,,,596515,596557,0,0
6310619,2025-03-09,13,1,,,,,,,596515,596557,0,0
6310620,2025-03-11,18,1,11040,Les Murakami Stadium,Honolulu,HI,21.29357319999999,-157.816349,596557,596976,0,0
6310622,2025-03-14,18,1,11040,Les Murakami Stadium,Honolulu,HI,21.29357319999999,-157.816349,596557,596510,0,0
6310624,2025-03-15,18,1,11040,Les Murakami Stadium,Honolulu,HI,21.29357319999999,-157.816349,596557,596510,0,0
6310628,2025-03-16,13,1,11040,Les Murakami Stadium,Honolulu,HI,21.29357319999999,-157.816349,596557,596510,0,0
6310629,2025-03-22,18,1,11040,Les Murakami Stadium,Honolulu,HI,21.29357319999999,-157.816349,596557,596512,0,0
6310636,2025-03-23,13,1,11040,Les Murakami Stadium,Honolulu,HI,21.29357319999999,-157.816349,596557,596512,0,0
6310639,2025-03-24,18,1,11040,Les Murakami Stadium,Honolulu,HI,21.29357319999999,-157.816349,596557,596512,0,0
6302399,2025-03-25,18,1,11040,Les Murakami Stadium,Honolulu,HI,21.29357319999999,-157.816349,596557,596762,0,0
6310645,2025-03-28,18,1,11036,Matador Field,Los Angeles,CA,34.2450681,-118.5265555,596508,596557,0,0
6310650,2025-03-29,17,1,11036,Matador Field,Los Angeles,CA,34.2450681,-118.5265555,596508,596557,0,0
6310655,2025-03-30,13,1,11036,Matador Field,Los Angeles,CA,34.2450681,-118.5265555,596508,596557,0,0
6302716,2025-04-01,18,1,11040,Les Murakami Stadium,Honolulu,HI,21.29357319999999,-157.816349,596557,596761,0,0
6302814,2025-04-04,21,1,11040,Les Murakami Stadium,Honolulu,HI,21.29357319999999,-157.816349,596557,596507,0,0
6302891,2025-04-05,21,1,11040,Les Murakami Stadium,Honolulu,HI,21.29357319999999,-157.816349,596557,596507,0,0
6302964,2025-04-06,16,1,11040,Les Murakami Stadium,Honolulu,HI,21.29357319999999,-157.816349,596557,596507,0,0
6302999,2025-04-08,18,1,15284,Stephen Schott Stadium,Santa Clara,CA,37.3483327,-121.9314056,596673,596557,0,0
6310668,2025-04-11,18,1,10298,Baggett Stadium,San Luis Obispo,CA,35.30691219999999,-120.6651058,596504,596557,0,0
6310672,2025-04-12,15,1,10298,Baggett Stadium,San Luis Obispo,CA,35.30691219999999,-120.6651058,596504,596557,0,0
6310678,2025-04-13,13,1,10298,Baggett Stadium,San Luis Obispo,CA,35.30691219999999,-120.6651058,596504,596557,0,0
6310684,2025-04-15,0,1,11052,Dedeaux Field,Los Angeles,CA,34.0237631,-118.2898522,596681,596557,0,0
6303368,2025-04-17,18,1,13151,Anteater Ballpark,Irvine,CA,33.6509289,-117.8480428,596513,596557,0,0
6303442,2025-04-18,18,1,13151,Anteater Ballpark,Irvine,CA,33.6509289,-117.8480428,596513,596557,0,0
6310689,2025-04-22,18,1,11040,Les Murakami Stadium,Honolulu,HI,21.29357319999999,-157.816349,596557,596976,0,0
6310587,2025-04-25,18,1,11040,Les Murakami Stadium,Honolulu,HI,21.29357319999999,-157.816349,596557,596505,0,0
6310588,2025-04-26,16,1,11040,Les Murakami Stadium,Honolulu,HI,21.29357319999999,-157.816349,596557,596505,0,0
6310590,2025-04-27,13,1,11040,Les Murakami Stadium,Honolulu,HI,21.29357319999999,-157.816349,596557,596505,0,0
6310696,2025-05-02,18,1,11040,Les Murakami Stadium,Honolulu,HI,21.29357319999999,-157.816349,596557,596643,0,0
6310700,2025-05-03,18,1,11040,Les Murakami Stadium,Honolulu,HI,21.29357319999999,-157.816349,596557,596643,0,0
6310703,2025-05-04,13,1,11040,Les Murakami Stadium,Honolulu,HI,21.29357319999999,-157.816349,596557,596643,0,0
6310706,2025-05-05,18,1,11040,Les Murakami Stadium,Honolulu,HI,21.29357319999999,-157.816349,596557,596643,0,0
6310709,2025-05-09,18,1,11760,Goodwin Field,Fullerton,CA,33.88713899999999,-117.8853105,596506,596557,0,0
6310712,2025-05-10,17,1,11760,Goodwin Field,Fullerton,CA,33.88713899999999,-117.8853105,596506,596557,0,0
6310714,2025-05-11,13,1,11760,Goodwin Field,Fullerton,CA,33.88713899999999,-117.8853105,596506,596557,0,0
6310717,2025-05-15,0,1,11040,Les Murakami Stadium,Honolulu,HI,21.29357319999999,-157.816349,596557,596694,0,0
6310195,2025-02-15,14,1,12500,USF Baseball Stadium,Tampa,FL,28.0587021,-82.4045364,596679,596569,0,0
6310258,2025-02-16,12,1,12500,USF Baseball Stadium,Tampa,FL,28.0587021,-82.4045364,596679,596569,0,0
6300893,2025-02-21,12,1,12501,Melching Field at Conrad Park,DeLand,FL,29.01996919999999,-81.3019443,596569,596637,1,0
6301015,2025-02-22,17,1,12501,Melching Field at Conrad Park,DeLand,FL,29.01996919999999,-81.3019443,596720,596569,0,0
6310274,2025-02-23,10,1,12501,Melching Field at Conrad Park,DeLand,FL,29.01996919999999,-81.3019443,596592,596569,1,0
6310310,2025-02-27,14,1,,,,,,,596442,596569,1,0
6310319,2025-02-28,14,1,,,,,,,596569,596442,1,0
6310325,2025-03-01,14,1,,,,,,,596442,596569,1,0
6310329,2025-03-02,9,1,,,,,,,596569,596442,1,0
6364186,2025-03-03,0,1,12487,Duane Banks Field,Iowa City,IA,,,596569,597318,0,0
6310342,2025-03-07,16,1,10319,Bainton Field,Piscataway,NJ,40.5272195,-74.44073569999999,596660,596569,0,0
6310344,2025-03-08,14,1,10319,Bainton Field,Piscataway,NJ,40.5272195,-74.44073569999999,596660,596569,0,0
6310345,2025-03-09,13,1,10319,Bainton Field,Piscataway,NJ,40.5272195,-74.44073569999999,596660,596569,0,0
6301735,2025-03-11,16,1,12487,Duane Banks Field,Iowa City,IA,,,596569,597218,0,0
6310347,2025-03-14,0,1,12487,Duane Banks Field,Iowa City,IA,,,596569,596601,0,2
6310346,2025-03-14,16,1,12487,Duane Banks Field,Iowa City,IA,,,596569,596601,0,1
6310348,2025-03-15,0,1,12487,Duane Banks Field,Iowa City,IA,,,596569,596601,0,0
6302042,2025-03-18,16,1,12487,Duane Banks Field,Iowa City,IA,,,596569,596564,0,0
6310351,2025-03-21,16,1,12487,Duane Banks Field,Iowa City,IA,,,596569,596639,0,0
6310352,2025-03-22,14,1,12487,Duane Banks Field,Iowa City,IA,,,596569,596639,0,0
6310353,2025-03-23,13,1,12487,Duane Banks Field,Iowa City,IA,,,596569,596639,0,0
6302371,2025-03-25,17,1,13154,Duffy Bass Field,Normal,IL,40.51539029999999,-88.99929999999999,596562,596569,0,0
6309332,2025-03-27,0,1,11046,Siebert Field,Minneapolis,MN,44.9825868,-93.22975509999999,596604,596569,0,0
6309333,2025-03-28,0,1,11046,Siebert Field,Minneapolis,MN,44.9825868,-93.22975509999999,596604,596569,0,1
6309335,2025-03-28,0,1,11046,Siebert Field,Minneapolis,MN,44.9825868,-93.22975509999999,596604,596569,0,2
6302697,2025-04-01,18,1,10297,Dozer Park,Peoria,IL,40.68751030000001,-89.59785099999999,596498,596569,0,0
6310358,2025-04-04,15,1,11781,Rocky Miller Park,Evanston,IL,42.0682386,-87.6930223,596636,596569,0,0
6310359,2025-04-05,13,1,11781,Rocky Miller Park,Evanston,IL,42.0682386,-87.6930223,596636,596569,0,0
6310360,2025-04-06,13,1,11781,Rocky Miller Park,Evanston,IL,42.0682386,-87.6930223,596636,596569,0,0
6302981,2025-04-08,16,1,12487,Duane Banks Field,Iowa City,IA,,,596569,596452,0,0
6310362,2025-04-11,18,1,12487,Duane Banks Field,Iowa City,IA,,,596569,596712,0,0
6310363,2025-04-12,14,1,12487,Duane Banks Field,Iowa City,IA,,,596569,596712,0,0
6310364,2025-04-13,13,1,12487,Duane Banks Field,Iowa City,IA,,,596569,596712,0,0
6303338,2025-04-16,18,1,12487,Duane Banks Field,Iowa City,IA,,,596569,596498,0,0
6303452,2025-04-18,18,1,13885,Wilpon Complex/Ray Fisher Stadium,Ann Arbor,MI,42.2679566,-83.741744,596602,596569,0,0
6303529,2025-04-19,14,1,13885,Wilpon Complex/Ray Fisher Stadium,Ann Arbor,MI,42.2679566,-83.741744,596602,596569,0,0
6303556,2025-04-20,13,1,13885,Wilpon Complex/Ray Fisher Stadium,Ann Arbor,MI,42.2679566,-83.741744,596602,596569,0,0
6308736,2025-04-22,18,1,12487,Duane Banks Field,Iowa City,IA,,,596569,596446,0,0
6310368,2025-04-23,18,1,12487,Duane Banks Field,Iowa City,IA,,,596569,596417,0,0
6303711,2025-04-25,19,1,12487,Duane Banks Field,Iowa City,IA,,,596569,596566,0,0
6303776,2025-04-26,17,1,12487,Duane Banks Field,Iowa City,IA,,,596569,596566,0,0
6303855,2025-04-27,14,1,12487,Duane Banks Field,Iowa City,IA,,,596569,596566,0,0
6303907,2025-04-29,18,1,12487,Duane Banks Field,Iowa City,IA,,,596569,596562,0,0
6310375,2025-05-02,16,1,14053,Husky Ballpark,Seattle,WA,47.6546692,-122.2986835,596443,596569,0,0
6310380,2025-05-03,16,1,14053,Husky Ballpark,Seattle,WA,47.6546692,-122.2986835,596443,596569,0,0
6310384,2025-05-04,10,1,14053,Husky Ballpark,Seattle,WA,47.6546692,-122.2986835,596443,596569,0,0
6310390,2025-05-09,18,1,,,,,,,596569,596643,1,0
6310397,2025-05-10,18,1,,,,,,,596569,596643,1,0
6310403,2025-05-11,13,1,,,,,,,596569,596643,1,0
6304476,2025-05-15,16,1,12487,Duane Banks Field,Iowa City,IA,,,596569,596644,0,0
6304552,2025-05-16,16,1,12487,Duane Banks Field,Iowa City,IA,,,596569,596644,0,0
6304600,2025-05-17,11,1,12487,Duane Banks Field,Iowa City,IA,,,596569,596644,0,0
6385140,2025-05-21,0,1,12481,Charles Schwab Field Omaha,Omaha,NE,41.266835,-95.9310643,596569,596660,1,0
6385145,2025-05-22,0,1,12481,Charles Schwab Field Omaha,Omaha,NE,41.266835,-95.9310643,596569,596566,1,0
6385148,2025-05-24,0,1,12481,Charles Schwab Field Omaha,Omaha,NE,41.266835,-95.9310643,596514,596569,1,0
6357551,2025-02-26,0,1,12503,English Field at Atlantic Union Bank Park,Blacksburg,VA,37.2178732,-80.4234373,596438,596573,0,0
6301112,2025-03-11,0,1,11041,Eagle Field at Veterans Memorial Park,Harrisonburg,VA,38.4460382,-78.8773198,596573,596438,0,0
6303636,2025-04-23,18,1,12171,Davenport Field at Disharoon Park,Charlottesville,VA,38.04593089999999,-78.5133714,596439,596573,0,0
6304249,2025-05-09,18,1,11041,Eagle Field at Veterans Memorial Park,Harrisonburg,VA,38.4460382,-78.8773198,596573,596642,0,0
6304333,2025-05-10,16,1,11041,Eagle Field at Veterans Memorial Park,Harrisonburg,VA,38.4460382,-78.8773198,596573,596642,0,0
6304385,2025-05-11,13,1,11041,Eagle Field at Veterans Memorial Park,Harrisonburg,VA,38.4460382,-78.8773198,596573,596642,0,0
6301141,2025-02-26,15,1,14575,Gary Hogan Field,Little Rock,AR,34.72932369999999,-92.3301163,596488,596597,0,0
6364656,2025-03-05,0,1,11777,FedExPark,Memphis,TN,35.10249580000001,-89.92621779999999,596597,596488,0,0
6317823,2025-03-25,0,1,12490,Oxford-University Stadium/Swayze Field,Oxford,MS,34.36233,-89.5289178,596607,596597,0,0
6302662,2025-04-01,0,1,11777,FedExPark,Memphis,TN,35.10249580000001,-89.92621779999999,596597,596605,0,0
6317824,2025-04-08,0,1,11777,FedExPark,Memphis,TN,35.10249580000001,-89.92621779999999,596597,596607,0,0
6303862,2025-04-29,0,1,14587,"Dudy Noble Field, Polk-DeMent Stadium",Starkville,MS,33.4631671,-88.7940254,596605,596597,0,0
6308757,2025-02-21,14,1,,,,,,,596604,596641,1,0
6308758,2025-02-22,12,1,,,,,,,596439,596604,1,0
6308763,2025-03-07,18,1,11046,Siebert Field,Minneapolis,MN,44.9825868,-93.22975509999999,596604,596653,0,0
6308765,2025-03-08,18,1,11046,Siebert Field,Minneapolis,MN,44.9825868,-93.22975509999999,596604,596653,0,0
6308766,2025-03-09,13,1,11046,Siebert Field,Minneapolis,MN,44.9825868,-93.22975509999999,596604,596653,0,0
6309329,2025-03-11,18,1,11046,Siebert Field,Minneapolis,MN,44.9825868,-93.22975509999999,596604,596575,0,0
6309330,2025-03-12,13,1,11046,Siebert Field,Minneapolis,MN,44.9825868,-93.22975509999999,596604,596575,0,0
6309336,2025-04-04,18,1,11046,Siebert Field,Minneapolis,MN,44.9825868,-93.22975509999999,596604,596647,0,0
6309338,2025-04-05,15,1,11046,Siebert Field,Minneapolis,MN,44.9825868,-93.22975509999999,596604,596647,0,0
6309340,2025-04-06,13,1,11046,Siebert Field,Minneapolis,MN,44.9825868,-93.22975509999999,596604,596647,0,0
6309343,2025-04-11,0,1,13889,Nick Swisher Field at Bill Davis Stadium,Columbus,OH,40.0099518,-83.0258996,596639,596604,0,0
6309345,2025-04-12,0,1,13889,Nick Swisher Field at Bill Davis Stadium,Columbus,OH,40.0099518,-83.0258996,596639,596604,0,0
6309346,2025-04-13,0,1,13889,Nick Swisher Field at Bill Davis Stadium,Columbus,OH,40.0099518,-83.0258996,596639,596604,0,0
6300831,2025-02-26,0,1,10717,Kentucky Proud Park,Lexington,KY,38.018621,-84.5034393,596577,596610,0,0
6301546,2025-03-07,19,1,13165,Founders Park,Columbia,SC,33.9861513,-81.0428166,596677,596610,0,0
6301615,2025-03-08,16,1,13165,Founders Park,Columbia,SC,33.9861513,-81.0428166,596677,596610,0,0
6301696,2025-03-09,13,1,13165,Founders Park,Columbia,SC,33.9861513,-81.0428166,596677,596610,0,0
6301189,2025-02-28,15,1,14575,Gary Hogan Field,Little Rock,AR,34.72932369999999,-92.3301163,596488,596612,0,0
6301280,2025-03-01,14,1,14575,Gary Hogan Field,Little Rock,AR,34.72932369999999,-92.3301163,596488,596612,0,0
6301364,2025-03-02,13,1,14575,Gary Hogan Field,Little Rock,AR,34.72932369999999,-92.3301163,596488,596612,0,0
6354731,2025-03-05,0,1,12490,Oxford-University Stadium/Swayze Field,Oxford,MS,34.36233,-89.5289178,596607,596612,0,0
6302086,2025-03-18,18,1,10717,Kentucky Proud Park,Lexington,KY,38.018621,-84.5034393,596577,596612,0,0
6385765,2025-05-30,19,0,12490,Oxford-University Stadium/Swayze Field,Oxford,MS,34.36233,-89.5289178,596607,596612,0,0
6385769,2025-06-01,18,0,12490,Oxford-University Stadium/Swayze Field,Oxford,MS,34.36233,-89.5289178,596612,596607,0,0
6385930,2025-06-02,17,0,12490,Oxford-University Stadium/Swayze Field,Oxford,MS,34.36233,-89.5289178,596607,596612,0,0
6386114,2025-06-14,13,0,12481,Charles Schwab Field Omaha,Omaha,NE,41.266835,-95.9310643,596514,596612,1,0
6316740,2025-02-21,0,1,14589,Robert and Mariam Hayes Stadium,Charlotte,NC,35.3077187,-80.739284,596615,596642,0,0
6316741,2025-02-22,0,1,14589,Robert and Mariam Hayes Stadium,Charlotte,NC,35.3077187,-80.739284,596615,596642,0,0
6316742,2025-02-23,0,1,14589,Robert and Mariam Hayes Stadium,Charlotte,NC,35.3077187,-80.739284,596615,596642,0,0
6300911,2025-02-21,16,1,12488,"Alex Box Stadium, Skip Bertman Field",Baton Rouge,LA,30.4056681,-91.18804019999999,596583,596618,0,0
6301068,2025-02-22,0,1,12488,"Alex Box Stadium, Skip Bertman Field",Baton Rouge,LA,30.4056681,-91.18804019999999,596583,596618,0,2
6300994,2025-02-22,14,1,12488,"Alex Box Stadium, Skip Bertman Field",Baton Rouge,LA,30.4056681,-91.18804019999999,596583,596618,0,1
6313315,2025-02-27,0,1,11775,Hoglund Ballpark,Lawrence,KS,38.9530464,-95.25299919999999,596575,596618,0,0
6313317,2025-02-28,0,1,11775,Hoglund Ballpark,Lawrence,KS,38.9530464,-95.25299919999999,596575,596618,0,0
6313324,2025-03-02,0,1,11775,Hoglund Ballpark,Lawrence,KS,38.9530464,-95.25299919999999,596575,596618,0,0
6307979,2025-02-28,14,1,13593,Don Weir Field at William Peccole Park,Reno,NV,39.5482994,-119.8128134,596620,596632,0,0
6307981,2025-03-01,11,1,13593,Don Weir Field at William Peccole Park,Reno,NV,39.5482994,-119.8128134,596620,596632,0,1
6307986,2025-03-01,14,1,13593,Don Weir Field at William Peccole Park,Reno,NV,39.5482994,-119.8128134,596620,596632,0,2
6307988,2025-03-02,12,1,13593,Don Weir Field at William Peccole Park,Reno,NV,39.5482994,-119.8128134,596620,596632,0,0
6307991,2025-03-07,14,1,10322,Benedetti Diamond,San Francisco,CA,37.77699109999999,-122.4476556,596671,596620,0,0
6307996,2025-03-08,13,1,10322,Benedetti Diamond,San Francisco,CA,37.77699109999999,-122.4476556,596671,596620,0,0
6307997,2025-03-09,12,1,10322,Benedetti Diamond,San Francisco,CA,37.77699109999999,-122.4476556,596671,596620,0,0
6301706,2025-03-10,18,1,14576,John Smith Field,Sacramento,CA,38.5586042,-121.4267018,596509,596620,0,0
6302035,2025-03-17,17,1,15284,Stephen Schott Stadium,Santa Clara,CA,37.3483327,-121.9314056,596673,596620,0,0
6307998,2025-03-21,0,1,13593,Don Weir Field at William Peccole Park,Reno,NV,39.5482994,-119.8128134,596620,596623,0,0
6307999,2025-03-22,0,1,13593,Don Weir Field at William Peccole Park,Reno,NV,39.5482994,-119.8128134,596620,596623,0,0
6308000,2025-03-23,0,1,13593,Don Weir Field at William Peccole Park,Reno,NV,39.5482994,-119.8128134,596620,596623,0,0
6308002,2025-03-26,18,1,15267,Dobbins Baseball Complex,Davis,CA,38.54182189999999,-121.7576984,596512,596620,0,0
6308006,2025-03-28,18,1,13593,Don Weir Field at William Peccole Park,Reno,NV,39.5482994,-119.8128134,596620,596442,0,0
6308007,2025-03-29,14,1,13593,Don Weir Field at William Peccole Park,Reno,NV,39.5482994,-119.8128134,596620,596442,0,0
6308009,2025-03-30,12,1,13593,Don Weir Field at William Peccole Park,Reno,NV,39.5482994,-119.8128134,596620,596442,0,0
6308011,2025-04-02,0,1,13593,Don Weir Field at William Peccole Park,Reno,NV,39.5482994,-119.8128134,596620,596512,0,0
6308013,2025-04-04,0,1,11780,Wilson Stadium,Las Vegas,NV,36.1115451,-115.147587,596619,596620,0,0
6308014,2025-04-05,0,1,11780,Wilson Stadium,Las Vegas,NV,36.1115451,-115.147587,596619,596620,0,0
6308016,2025-04-06,0,1,11780,Wilson Stadium,Las Vegas,NV,36.1115451,-115.147587,596619,596620,0,0
6308019,2025-04-08,18,1,13593,Don Weir Field at William Peccole Park,Reno,NV,39.5482994,-119.8128134,596620,601544,0,0
6308021,2025-04-11,18,1,13593,Don Weir Field at William Peccole Park,Reno,NV,39.5482994,-119.8128134,596620,596672,0,0
6308023,2025-04-12,14,1,13593,Don Weir Field at William Peccole Park,Reno,NV,39.5482994,-119.8128134,596620,596672,0,0
6308025,2025-04-13,12,1,13593,Don Weir Field at William Peccole Park,Reno,NV,39.5482994,-119.8128134,596620,596672,0,0
6317899,2025-04-14,0,1,13593,Don Weir Field at William Peccole Park,Reno,NV,39.5482994,-119.8128134,596620,596671,0,0
6308027,2025-04-17,0,1,13894,Bailey-Brayton Field,Pullman,WA,46.7350455,-117.1552836,596442,596620,0,0
6308029,2025-04-18,0,1,13894,Bailey-Brayton Field,Pullman,WA,46.7350455,-117.1552836,596442,596620,0,0
6308031,2025-04-19,0,1,13894,Bailey-Brayton Field,Pullman,WA,46.7350455,-117.1552836,596442,596620,0,0
6303601,2025-04-22,18,1,13593,Don Weir Field at William Peccole Park,Reno,NV,39.5482994,-119.8128134,596620,596509,0,0
6308033,2025-04-29,15,1,13593,Don Weir Field at William Peccole Park,Reno,NV,39.5482994,-119.8128134,596620,596665,0,0
6304163,2025-05-06,18,1,14576,John Smith Field,Sacramento,CA,38.5586042,-121.4267018,596509,596620,0,0
6304262,2025-05-09,18,1,13593,Don Weir Field at William Peccole Park,Reno,NV,39.5482994,-119.8128134,596620,596669,0,0
6304319,2025-05-10,14,1,13593,Don Weir Field at William Peccole Park,Reno,NV,39.5482994,-119.8128134,596620,596669,0,0
6304369,2025-05-11,12,1,13593,Don Weir Field at William Peccole Park,Reno,NV,39.5482994,-119.8128134,596620,596669,0,0
6308035,2025-05-15,18,1,13164,Excite Ballpark,San Jose,CA,37.321141,-121.8622634,596672,596620,0,0
6308040,2025-05-16,18,1,13164,Excite Ballpark,San Jose,CA,37.321141,-121.8622634,596672,596620,0,0
6308037,2025-05-17,12,1,13164,Excite Ballpark,San Jose,CA,37.321141,-121.8622634,596672,596620,0,0
6385329,2025-05-22,0,1,16010,Sloan Park,Mesa,AZ,33.4305551,-111.8823629,596620,596669,1,0
6385333,2025-05-23,0,1,16010,Sloan Park,Mesa,AZ,33.4305551,-111.8823629,596620,596672,1,0
6316361,2025-02-14,0,1,15275,Alex Rodriguez Park at Mark Light Field,Coral Gables,FL,25.7120599,-80.2822951,596600,596625,0,0
6316362,2025-02-15,0,1,15275,Alex Rodriguez Park at Mark Light Field,Coral Gables,FL,25.7120599,-80.2822951,596600,596625,0,0
6316363,2025-02-16,0,1,15275,Alex Rodriguez Park at Mark Light Field,Coral Gables,FL,25.7120599,-80.2822951,596600,596625,0,0
6310615,2025-02-21,17,1,,,,,,,596653,596625,1,0
6310618,2025-02-22,13,1,,,,,,,596653,596625,1,1
6310621,2025-02-22,16,1,,,,,,,596653,596625,1,2
6310625,2025-02-23,13,1,,,,,,,596653,596625,1,0
6301435,2025-03-04,18,1,12488,"Alex Box Stadium, Skip Bertman Field",Baton Rouge,LA,30.4056681,-91.18804019999999,596583,596629,0,0
6301463,2025-03-05,18,1,12488,"Alex Box Stadium, Skip Bertman Field",Baton Rouge,LA,30.4056681,-91.18804019999999,596583,596629,0,0
6385797,2025-05-31,14,0,11758,Baum-Walker Stadium,Fayetteville,AR,36.0501673,-94.18259719999999,596629,596575,1,0
6301528,2025-03-07,18,1,13163,Tony Gwynn Stadium,San Diego,CA,32.7742054,-117.0786595,596669,596631,0,0
6364962,2025-03-08,0,1,13163,Tony Gwynn Stadium,San Diego,CA,32.7742054,-117.0786595,596669,596631,0,1
6301617,2025-03-08,16,1,13163,Tony Gwynn Stadium,San Diego,CA,32.7742054,-117.0786595,596669,596631,0,2
6301653,2025-03-09,12,1,13163,Tony Gwynn Stadium,San Diego,CA,32.7742054,-117.0786595,596669,596631,0,0
6385717,2025-05-30,19,0,10305,Mike Martin Field at Dick Howser Stadium,Tallahassee,FL,30.4405434,-84.3040448,596631,596605,1,0
6385720,2025-06-01,12,0,10305,Mike Martin Field at Dick Howser Stadium,Tallahassee,FL,30.4405434,-84.3040448,596605,596631,1,0
6358918,2025-02-14,0,1,10299,Blair Field,Long Beach,CA,33.7782986,-118.1388329,596507,596636,0,0
6300713,2025-02-15,16,1,10299,Blair Field,Long Beach,CA,33.7782986,-118.1388329,596507,596636,0,0
6300746,2025-02-16,11,1,10299,Blair Field,Long Beach,CA,33.7782986,-118.1388329,596507,596636,0,0
6300964,2025-02-22,12,1,,,,,,,596556,596636,1,0
6301023,2025-02-23,0,1,,,,,,,596547,596636,1,1
6301086,2025-02-23,11,1,11781,Rocky Miller Park,Evanston,IL,42.0682386,-87.6930223,596636,596547,1,2
6300916,2025-02-24,0,1,15821,USA Baseball National Training Complex,Cary,NC,35.7988804,-78.89263590000002,596566,596636,1,0
6301200,2025-02-28,16,1,23401,Jack Coombs Field,Durham,NC,,,596708,596636,0,0
6301289,2025-03-01,15,1,23401,Jack Coombs Field,Durham,NC,,,596708,596636,0,0
6301360,2025-03-02,13,1,23401,Jack Coombs Field,Durham,NC,,,596708,596636,0,0
6301523,2025-03-07,18,1,11762,Joseph P. Riley Jr. Park,Charleston,SC,,,596522,596636,0,0
6301580,2025-03-08,13,1,11762,Joseph P. Riley Jr. Park,Charleston,SC,,,596522,596636,0,1
6304702,2025-03-08,15,1,11762,Joseph P. Riley Jr. Park,Charleston,SC,,,596522,596636,0,2
6301670,2025-03-09,13,1,11762,Joseph P. Riley Jr. Park,Charleston,SC,,,596522,596636,0,0
6365948,2025-03-12,0,1,11220,Curtis Granderson Stadium,Chicago,IL,41.8654182,-87.6487099,596564,596636,0,0
6311138,2025-03-14,0,1,11781,Rocky Miller Park,Evanston,IL,42.0682386,-87.6930223,596636,596647,0,0
6311140,2025-03-15,0,1,11781,Rocky Miller Park,Evanston,IL,42.0682386,-87.6930223,596636,596647,0,1
6311142,2025-03-15,0,1,11781,Rocky Miller Park,Evanston,IL,42.0682386,-87.6930223,596636,596647,0,2
6307895,2025-03-21,0,1,11781,Rocky Miller Park,Evanston,IL,42.0682386,-87.6930223,596636,596563,0,1
6307899,2025-03-21,0,1,11781,Rocky Miller Park,Evanston,IL,42.0682386,-87.6930223,596636,596563,0,2
6307898,2025-03-22,0,1,11781,Rocky Miller Park,Evanston,IL,42.0682386,-87.6930223,596636,596563,0,0
6311144,2025-03-25,0,1,11781,Rocky Miller Park,Evanston,IL,42.0682386,-87.6930223,596636,596448,0,0
6311146,2025-03-28,18,1,11045,"Bob ""Turtle"" Smith Stadium",College Park,MD,38.9887937,-76.94456869999999,596593,596636,0,0
6311148,2025-03-29,14,1,11045,"Bob ""Turtle"" Smith Stadium",College Park,MD,38.9887937,-76.94456869999999,596593,596636,0,0
6311150,2025-03-30,13,1,11045,"Bob ""Turtle"" Smith Stadium",College Park,MD,38.9887937,-76.94456869999999,596593,596636,0,0
6302682,2025-04-01,16,1,11220,Curtis Granderson Stadium,Chicago,IL,41.8654182,-87.6487099,596564,596636,0,0
6302989,2025-04-08,17,1,13158,Frank Eck Stadium,Notre Dame,IN,41.6963173,-86.2280624,596637,596636,0,0
6311152,2025-04-11,0,1,10312,Jeff Ishbia Field at McLane Baseball Stadium,East Lansing,MI,42.73234310000001,-84.4884579,596601,596636,0,0
6311156,2025-04-12,0,1,10312,Jeff Ishbia Field at McLane Baseball Stadium,East Lansing,MI,42.73234310000001,-84.4884579,596601,596636,0,0
6311159,2025-04-13,0,1,10312,Jeff Ishbia Field at McLane Baseball Stadium,East Lansing,MI,42.73234310000001,-84.4884579,596601,596636,0,0
6311163,2025-04-15,0,1,11781,Rocky Miller Park,Evanston,IL,42.0682386,-87.6930223,596636,596633,0,0
6303571,2025-04-22,0,1,11781,Rocky Miller Park,Evanston,IL,42.0682386,-87.6930223,596636,596564,0,0
6311176,2025-04-25,0,1,11781,Rocky Miller Park,Evanston,IL,42.0682386,-87.6930223,596636,596443,0,0
6311180,2025-04-26,0,1,11781,Rocky Miller Park,Evanston,IL,42.0682386,-87.6930223,596636,596443,0,0
6311185,2025-04-27,0,1,11781,Rocky Miller Park,Evanston,IL,42.0682386,-87.6930223,596636,596443,0,0
6310401,2025-04-29,0,1,11781,Rocky Miller Park,Evanston,IL,42.0682386,-87.6930223,596636,596503,0,0
6310704,2025-05-02,18,1,11221,Alexander Field,West Lafayette,IN,40.4377366,-86.9414449,596653,596636,0,0
6382436,2025-05-03,0,1,11221,Alexander Field,West Lafayette,IN,40.4377366,-86.9414449,596653,596636,0,1
6382509,2025-05-03,0,1,11221,Alexander Field,West Lafayette,IN,40.4377366,-86.9414449,596653,596636,0,2
6311196,2025-05-09,0,1,11781,Rocky Miller Park,Evanston,IL,42.0682386,-87.6930223,596636,596639,0,0
6311197,2025-05-10,0,1,11781,Rocky Miller Park,Evanston,IL,42.0682386,-87.6930223,596636,596639,0,0
6311198,2025-05-11,0,1,11781,Rocky Miller Park,Evanston,IL,42.0682386,-87.6930223,596636,596639,0,0
6311199,2025-05-13,0,1,11781,Rocky Miller Park,Evanston,IL,42.0682386,-87.6930223,596636,596433,0,0
6304498,2025-05-15,18,1,15268,Jackie Robinson Stadium,Los Angeles,CA,34.0593478,-118.4592837,596514,596636,0,0
6304571,2025-05-16,18,1,15268,Jackie Robinson Stadium,Los Angeles,CA,34.0593478,-118.4592837,596514,596636,0,0
6304627,2025-05-17,13,1,15268,Jackie Robinson Stadium,Los Angeles,CA,34.0593478,-118.4592837,596514,596636,0,0
6312998,2025-02-15,11,1,,,,,,,596643,596619,1,0
6313593,2025-02-21,16,1,,,,,,,596439,596643,1,0
6313595,2025-02-22,14,1,,,,,,,596643,596641,1,0
6313602,2025-03-02,9,1,,,,,,,596643,596639,1,0
6313048,2025-03-11,17,1,15280,Goss Stadium At Coleman Field,Corvallis,OR,44.5629654,-123.2771586,596643,596442,0,0
6313050,2025-03-12,15,1,15280,Goss Stadium At Coleman Field,Corvallis,OR,44.5629654,-123.2771586,596643,596442,0,0
6301842,2025-03-14,17,1,15280,Goss Stadium At Coleman Field,Corvallis,OR,44.5629654,-123.2771586,596643,596462,0,0
6301988,2025-03-16,13,1,15280,Goss Stadium At Coleman Field,Corvallis,OR,44.5629654,-123.2771586,596643,596462,0,0
6303320,2025-04-15,18,1,15268,Jackie Robinson Stadium,Los Angeles,CA,34.0593478,-118.4592837,596514,596643,0,0
6301384,2025-03-02,16,1,,,,,,,596583,596667,1,0
6301542,2025-03-07,18,1,12496,L. Dale Mitchell Park,Norman,OK,35.19097699999999,-97.445747,596641,596667,0,0
6301599,2025-03-09,0,1,12496,L. Dale Mitchell Park,Norman,OK,35.19097699999999,-97.445747,596641,596667,0,1
6301699,2025-03-09,14,1,12496,L. Dale Mitchell Park,Norman,OK,35.19097699999999,-97.445747,596641,596667,0,2
6302349,2025-03-25,0,1,13168,UFCU Disch-Falk Field,Austin,TX,30.2793589,-97.7265066,596425,596667,0,0
6303006,2025-04-08,18,1,10320,Don Sanders,Huntsville,TX,30.71363909999999,-95.539923,596667,596420,0,0
6303604,2025-04-22,18,1,24400,Blue Bell Park,College Station,TX,30.6060601,-96.3413557,596420,596667,0,0
6316410,2025-02-21,0,1,11055,Lindsey Nelson Stadium,Knoxville,TN,35.94927029999999,-83.92943729999999,596721,596668,0,0
6316411,2025-02-22,0,1,11055,Lindsey Nelson Stadium,Knoxville,TN,35.94927029999999,-83.92943729999999,596721,596668,0,0
6316413,2025-02-23,0,1,11055,Lindsey Nelson Stadium,Knoxville,TN,35.94927029999999,-83.92943729999999,596721,596668,0,0
6302343,2025-03-25,0,1,14587,"Dudy Noble Field, Polk-DeMent Stadium",Starkville,MS,33.4631671,-88.7940254,596605,596668,0,0
6300627,2025-02-14,18,1,15286,M.L. 'Tigue' Moore Field at Russo Park,Lafayette,LA,30.2123436,-92.01276790000001,596687,596672,0,0
6300692,2025-02-15,14,1,15286,M.L. 'Tigue' Moore Field at Russo Park,Lafayette,LA,30.2123436,-92.01276790000001,596687,596672,0,0
6300771,2025-02-16,13,1,15286,M.L. 'Tigue' Moore Field at Russo Park,Lafayette,LA,30.2123436,-92.01276790000001,596687,596672,0,0
6302396,2025-03-25,18,1,12488,"Alex Box Stadium, Skip Bertman Field",Baton Rouge,LA,30.4056681,-91.18804019999999,596583,596687,0,0
6303347,2025-04-17,0,1,13159,Bud Metheny Complex ,Norfolk,VA,36.88393399999999,-76.3090691,596642,596687,0,0
6303401,2025-04-18,0,1,13159,Bud Metheny Complex ,Norfolk,VA,36.88393399999999,-76.3090691,596642,596687,0,0
6355368,2025-02-25,0,1,12502,Hawkins Field,Nashville,TN,36.1433506,-86.8074309,596434,596691,0,0
6316485,2025-04-01,0,1,11055,Lindsey Nelson Stadium,Knoxville,TN,35.94927029999999,-83.92943729999999,596721,596691,0,0
6301154,2025-02-26,19,1,23620,Globe Life Field,Arlington,TX,32.7474557,-97.0838351,596703,596583,1,0
6310129,2025-03-04,18,1,13338,Horner Ballpark,Dallas,TX,32.71181069999999,-96.945392,596703,596641,0,0
6310227,2025-04-08,18,1,12496,L. Dale Mitchell Park,Norman,OK,35.19097699999999,-97.445747,596641,596703,0,0
6385778,2025-05-31,20,0,12488,"Alex Box Stadium, Skip Bertman Field",Baton Rouge,LA,30.4056681,-91.18804019999999,596583,596703,0,0
6385780,2025-06-01,14,0,12488,"Alex Box Stadium, Skip Bertman Field",Baton Rouge,LA,30.4056681,-91.18804019999999,596488,596703,1,0
6300589,2025-02-14,14,1,,,,,,,596607,596706,1,0
6300820,2025-02-18,14,1,13872,Hi Corbett Field,Tucson,AZ,32.2129447,-110.9197159,596706,596623,0,0
6308053,2025-02-28,18,1,,,,,,,596420,596706,1,0
6301294,2025-03-01,15,1,15897,Minute Maid Park,Houston,TX,29.7577058,-95.35453989999999,596605,596706,1,0
6308055,2025-03-02,11,1,,,,,,,596706,596721,1,0
6308066,2025-03-18,18,1,13872,Hi Corbett Field,Tucson,AZ,32.2129447,-110.9197159,596706,596575,0,0
6308070,2025-03-26,19,1,13872,Hi Corbett Field,Tucson,AZ,32.2129447,-110.9197159,596706,596465,0,0
6302695,2025-04-01,18,1,12818,Brazell Field at GCU Ballpark,Phoenix,AZ,33.5121167,-112.1329843,596462,596706,0,0
6303326,2025-04-15,18,1,13872,Hi Corbett Field,Tucson,AZ,32.2129447,-110.9197159,596706,596462,0,0
6304182,2025-05-06,19,1,12818,Brazell Field at GCU Ballpark,Phoenix,AZ,33.5121167,-112.1329843,596462,596706,0,0
6300937,2025-02-21,18,1,13150,Pete Beiden Field at Bob Bennett Stadium,Fresno,CA,36.8135991,-119.7559047,596707,596506,0,0
6301010,2025-02-22,15,1,13150,Pete Beiden Field at Bob Bennett Stadium,Fresno,CA,36.8135991,-119.7559047,596707,596506,0,0
6301087,2025-02-23,13,1,13150,Pete Beiden Field at Bob Bennett Stadium,Fresno,CA,36.8135991,-119.7559047,596707,596506,0,0
6301105,2025-02-25,14,1,12499,Louis Guisto Field,Moraga,CA,37.84216269999999,-122.1118201,596665,596707,0,0
6301204,2025-02-28,16,1,18886,Caesar Uyesaka,Santa Barbara,CA,34.4190184,-119.8524101,596510,596707,0,0
6301292,2025-03-01,15,1,18886,Caesar Uyesaka,Santa Barbara,CA,34.4190184,-119.8524101,596510,596707,0,0
6301375,2025-03-02,13,1,18886,Caesar Uyesaka,Santa Barbara,CA,34.4190184,-119.8524101,596510,596707,0,0
6301510,2025-03-07,16,1,13167,Lupton Stadium,Fort Worth,TX,32.7034329,-97.37259859999999,596421,596707,0,0
6301569,2025-03-08,12,1,13167,Lupton Stadium,Fort Worth,TX,32.7034329,-97.37259859999999,596421,596707,0,0
6301704,2025-03-09,23,1,13167,Lupton Stadium,Fort Worth,TX,32.7034329,-97.37259859999999,596421,596707,0,0
6301756,2025-03-11,18,1,13150,Pete Beiden Field at Bob Bennett Stadium,Fresno,CA,36.8135991,-119.7559047,596707,596509,0,0
6301864,2025-03-15,0,1,13150,Pete Beiden Field at Bob Bennett Stadium,Fresno,CA,36.8135991,-119.7559047,596707,596620,0,1
6301939,2025-03-15,15,1,13150,Pete Beiden Field at Bob Bennett Stadium,Fresno,CA,36.8135991,-119.7559047,596707,596620,0,2
6302024,2025-03-16,13,1,13150,Pete Beiden Field at Bob Bennett Stadium,Fresno,CA,36.8135991,-119.7559047,596707,596620,0,0
6302174,2025-03-21,18,1,11780,Wilson Stadium,Las Vegas,NV,36.1115451,-115.147587,596619,596707,0,0
6302260,2025-03-22,18,1,11780,Wilson Stadium,Las Vegas,NV,36.1115451,-115.147587,596619,596707,0,0
6302338,2025-03-23,13,1,11780,Wilson Stadium,Las Vegas,NV,36.1115451,-115.147587,596619,596707,0,0
6302392,2025-03-25,18,1,14576,John Smith Field,Sacramento,CA,38.5586042,-121.4267018,596509,596707,0,0
6302495,2025-03-28,18,1,13164,Excite Ballpark,San Jose,CA,37.321141,-121.8622634,596672,596707,0,0
6302555,2025-03-29,14,1,13164,Excite Ballpark,San Jose,CA,37.321141,-121.8622634,596672,596707,0,0
6302615,2025-03-30,12,1,13164,Excite Ballpark,San Jose,CA,37.321141,-121.8622634,596672,596707,0,0
6302804,2025-04-04,18,1,13150,Pete Beiden Field at Bob Bennett Stadium,Fresno,CA,36.8135991,-119.7559047,596707,596623,0,0
6302876,2025-04-05,15,1,13150,Pete Beiden Field at Bob Bennett Stadium,Fresno,CA,36.8135991,-119.7559047,596707,596623,0,0
6302959,2025-04-06,13,1,13150,Pete Beiden Field at Bob Bennett Stadium,Fresno,CA,36.8135991,-119.7559047,596707,596623,0,0
6303019,2025-04-08,18,1,13150,Pete Beiden Field at Bob Bennett Stadium,Fresno,CA,36.8135991,-119.7559047,596707,596665,0,0
6303100,2025-04-11,18,1,13163,Tony Gwynn Stadium,San Diego,CA,32.7742054,-117.0786595,596669,596707,0,0
6303187,2025-04-12,16,1,13163,Tony Gwynn Stadium,San Diego,CA,32.7742054,-117.0786595,596669,596707,0,0
6303226,2025-04-13,12,1,13163,Tony Gwynn Stadium,San Diego,CA,32.7742054,-117.0786595,596669,596707,0,0
6303700,2025-04-25,18,1,13150,Pete Beiden Field at Bob Bennett Stadium,Fresno,CA,36.8135991,-119.7559047,596707,596442,0,0
6303765,2025-04-26,15,1,13150,Pete Beiden Field at Bob Bennett Stadium,Fresno,CA,36.8135991,-119.7559047,596707,596442,0,0
6303852,2025-04-27,13,1,13150,Pete Beiden Field at Bob Bennett Stadium,Fresno,CA,36.8135991,-119.7559047,596707,596442,0,0
6303889,2025-04-29,18,1,10316,Klein Family Field,Stockton,CA,37.9753026,-121.3159166,596645,596707,0,0
6303990,2025-05-02,18,1,13593,Don Weir Field at William Peccole Park,Reno,NV,39.5482994,-119.8128134,596620,596707,0,0
6304052,2025-05-03,14,1,13593,Don Weir Field at William Peccole Park,Reno,NV,39.5482994,-119.8128134,596620,596707,0,0
6304099,2025-05-04,12,1,13593,Don Weir Field at William Peccole Park,Reno,NV,39.5482994,-119.8128134,596620,596707,0,0
6304259,2025-05-09,18,1,13150,Pete Beiden Field at Bob Bennett Stadium,Fresno,CA,36.8135991,-119.7559047,596707,596672,0,0
6304329,2025-05-10,15,1,13150,Pete Beiden Field at Bob Bennett Stadium,Fresno,CA,36.8135991,-119.7559047,596707,596672,0,0
6304403,2025-05-11,13,1,13150,Pete Beiden Field at Bob Bennett Stadium,Fresno,CA,36.8135991,-119.7559047,596707,596672,0,0
6304427,2025-05-13,17,1,13150,Pete Beiden Field at Bob Bennett Stadium,Fresno,CA,36.8135991,-119.7559047,596707,596645,0,0
6304480,2025-05-15,17,1,15461,Santa Ana Star Field,Albuquerque,NM,35.0651231,-106.6324424,596623,596707,0,0
6304558,2025-05-16,17,1,15461,Santa Ana Star Field,Albuquerque,NM,35.0651231,-106.6324424,596623,596707,0,0
6304654,2025-05-17,23,1,15461,Santa Ana Star Field,Albuquerque,NM,35.0651231,-106.6324424,596623,596707,0,0
6385330,2025-05-22,0,1,16010,Sloan Park,Mesa,AZ,33.4305551,-111.8823629,596707,596672,1,0
6385332,2025-05-23,0,1,16010,Sloan Park,Mesa,AZ,33.4305551,-111.8823629,596620,596707,1,0
6385334,2025-05-24,0,1,16010,Sloan Park,Mesa,AZ,33.4305551,-111.8823629,596707,596672,1,0
6385758,2025-05-30,13,0,15268,Jackie Robinson Stadium,Los Angeles,CA,34.0593478,-118.4592837,596514,596707,0,0
6385761,2025-05-31,12,0,15268,Jackie Robinson Stadium,Los Angeles,CA,34.0593478,-118.4592837,596707,596513,1,0
6301874,2025-03-14,21,1,11053,Sunken Diamond,Stanford,CA,37.43173,-122.1587444,596688,596708,0,0
6301948,2025-03-15,17,1,11053,Sunken Diamond,Stanford,CA,37.43173,-122.1587444,596688,596708,0,0
6302030,2025-03-16,16,1,11053,Sunken Diamond,Stanford,CA,37.43173,-122.1587444,596688,596708,0,0
6302168,2025-03-21,18,1,12171,Davenport Field at Disharoon Park,Charlottesville,VA,38.04593089999999,-78.5133714,596439,596708,0,0
6302253,2025-03-22,16,1,12171,Davenport Field at Disharoon Park,Charlottesville,VA,38.04593089999999,-78.5133714,596439,596708,0,0
6302324,2025-03-23,13,1,12171,Davenport Field at Disharoon Park,Charlottesville,VA,38.04593089999999,-78.5133714,596439,596708,0,0
6303120,2025-04-11,19,1,15275,Alex Rodriguez Park at Mark Light Field,Coral Gables,FL,25.7120599,-80.2822951,596600,596708,0,0
6303193,2025-04-12,18,1,15275,Alex Rodriguez Park at Mark Light Field,Coral Gables,FL,25.7120599,-80.2822951,596600,596708,0,0
6303256,2025-04-13,13,1,15275,Alex Rodriguez Park at Mark Light Field,Coral Gables,FL,25.7120599,-80.2822951,596600,596708,0,0
6303694,2025-04-25,18,1,23401,Jack Coombs Field,Durham,NC,,,596708,596438,0,0
6303762,2025-04-26,15,1,23401,Jack Coombs Field,Durham,NC,,,596708,596438,0,0
6303841,2025-04-27,13,1,23401,Jack Coombs Field,Durham,NC,,,596708,596438,0,0
6385772,2025-05-31,18,0,11769,Foley Field,Athens,GA,33.9410168,-83.38087929999999,596554,596708,0,0
6300701,2025-02-14,0,1,14575,Gary Hogan Field,Little Rock,AR,34.72932369999999,-92.3301163,596488,596709,0,2
6300599,2025-02-14,15,1,14575,Gary Hogan Field,Little Rock,AR,34.72932369999999,-92.3301163,596488,596709,0,1
6300785,2025-02-16,13,1,14575,Gary Hogan Field,Little Rock,AR,34.72932369999999,-92.3301163,596488,596709,0,0
6301122,2025-02-25,16,1,10717,Kentucky Proud Park,Lexington,KY,38.018621,-84.5034393,596577,596709,0,0
6358239,2025-02-28,0,1,20585,Taylor Stadium,Columbia,MO,,,596608,596709,0,0
6358240,2025-03-01,0,1,20585,Taylor Stadium,Columbia,MO,,,596608,596709,0,1
6358241,2025-03-01,0,1,20585,Taylor Stadium,Columbia,MO,,,596608,596709,0,2
6358242,2025-03-02,0,1,20585,Taylor Stadium,Columbia,MO,,,596608,596709,0,0
6300585,2025-02-14,12,1,,,,,,,596712,596513,1,0
6311374,2025-02-15,17,1,,,,,,,596434,596712,1,0
6311378,2025-02-16,16,1,,,,,,,596712,596669,1,0
6300807,2025-02-17,13,1,12818,Brazell Field at GCU Ballpark,Phoenix,AZ,33.5121167,-112.1329843,596462,596712,0,0
6300930,2025-02-21,18,1,15286,M.L. 'Tigue' Moore Field at Russo Park,Lafayette,LA,30.2123436,-92.01276790000001,596687,596712,0,0
6362272,2025-02-22,0,1,15286,M.L. 'Tigue' Moore Field at Russo Park,Lafayette,LA,30.2123436,-92.01276790000001,596687,596712,0,1
6362273,2025-02-22,0,1,15286,M.L. 'Tigue' Moore Field at Russo Park,Lafayette,LA,30.2123436,-92.01276790000001,596687,596712,0,2
6301224,2025-02-28,18,1,,,,,,,596667,596712,1,0
6301303,2025-03-01,16,1,,,,,,,596712,596583,1,0
6301337,2025-03-02,12,1,,,,,,,596712,596574,1,0
6311387,2025-03-08,0,1,13156,Hawks Field,Lincoln,NE,,,596712,596443,0,1
6311389,2025-03-08,14,1,13156,Hawks Field,Lincoln,NE,,,596712,596443,0,2
6311391,2025-03-09,0,1,13156,Hawks Field,Lincoln,NE,,,596712,596443,0,0
6311394,2025-03-11,18,1,13156,Hawks Field,Lincoln,NE,,,596712,596449,0,0
6311396,2025-03-12,18,1,13156,Hawks Field,Lincoln,NE,,,596712,596449,0,0
6301858,2025-03-14,18,1,15268,Jackie Robinson Stadium,Los Angeles,CA,34.0593478,-118.4592837,596514,596712,0,0
6301923,2025-03-15,14,1,15268,Jackie Robinson Stadium,Los Angeles,CA,34.0593478,-118.4592837,596514,596712,0,0
6302010,2025-03-16,13,1,15268,Jackie Robinson Stadium,Los Angeles,CA,34.0593478,-118.4592837,596514,596712,0,0
6311399,2025-03-18,0,1,23501,Eddy D. Field Baseball Stadium ,Malibu,CA,34.0401384,-118.7110276,596648,596712,0,0
6311401,2025-03-19,0,1,23501,Eddy D. Field Baseball Stadium ,Malibu,CA,34.0401384,-118.7110276,596648,596712,0,0
6311349,2025-03-21,0,1,11052,Dedeaux Field,Los Angeles,CA,34.0237631,-118.2898522,596681,596712,0,0
6311350,2025-03-22,0,1,11052,Dedeaux Field,Los Angeles,CA,34.0237631,-118.2898522,596681,596712,0,0
6311351,2025-03-23,0,1,11052,Dedeaux Field,Los Angeles,CA,34.0237631,-118.2898522,596681,596712,0,0
6302376,2025-03-25,18,1,11774,Tointon Family Stadium,Manhattan,KS,39.1992239,-96.59697349999999,596574,596712,0,0
6311404,2025-03-28,14,1,13156,Hawks Field,Lincoln,NE,,,596712,596643,0,0
6311407,2025-03-29,14,1,13156,Hawks Field,Lincoln,NE,,,596712,596643,0,0
6311410,2025-03-30,12,1,13156,Hawks Field,Lincoln,NE,,,596712,596643,0,0
6308906,2025-04-01,18,1,13156,Hawks Field,Lincoln,NE,,,596712,596529,0,0
6364312,2025-04-02,0,1,21420,Tal Anderson Field,Omaha,NE,41.236186,-96.012948,596618,596712,0,0
6311412,2025-04-04,18,1,13156,Hawks Field,Lincoln,NE,,,596712,596660,0,0
6311415,2025-04-05,14,1,13156,Hawks Field,Lincoln,NE,,,596712,596660,0,0
6311417,2025-04-06,12,1,13156,Hawks Field,Lincoln,NE,,,596712,596660,0,0
6311419,2025-04-08,18,1,11775,Hoglund Ballpark,Lawrence,KS,38.9530464,-95.25299919999999,596575,596712,0,0
6308927,2025-04-15,18,1,12481,Charles Schwab Field Omaha,Omaha,NE,41.266835,-95.9310643,596529,596712,0,0
6311165,2025-04-18,0,1,13156,Hawks Field,Lincoln,NE,,,596712,596636,0,0
6311168,2025-04-19,0,1,13156,Hawks Field,Lincoln,NE,,,596712,596636,0,1
6311172,2025-04-19,0,1,13156,Hawks Field,Lincoln,NE,,,596712,596636,0,2
6311421,2025-04-22,18,1,13156,Hawks Field,Lincoln,NE,,,596712,596575,0,0
6311423,2025-04-25,18,1,11045,"Bob ""Turtle"" Smith Stadium",College Park,MD,38.9887937,-76.94456869999999,596593,596712,0,0
6311430,2025-04-26,14,1,11045,"Bob ""Turtle"" Smith Stadium",College Park,MD,38.9887937,-76.94456869999999,596593,596712,0,0
6311434,2025-04-27,13,1,11045,"Bob ""Turtle"" Smith Stadium",College Park,MD,38.9887937,-76.94456869999999,596593,596712,0,0
6303880,2025-04-29,18,1,13156,Hawks Field,Lincoln,NE,,,596712,596574,0,0
6309357,2025-05-02,18,1,13156,Hawks Field,Lincoln,NE,,,596712,596604,0,0
6309358,2025-05-03,14,1,13156,Hawks Field,Lincoln,NE,,,596712,596604,0,0
6309359,2025-05-04,13,1,13156,Hawks Field,Lincoln,NE,,,596712,596604,0,0
6308964,2025-05-06,18,1,13156,Hawks Field,Lincoln,NE,,,596712,596529,0,0
6304214,2025-05-09,0,1,13156,Hawks Field,Lincoln,NE,,,596712,596602,0,0
6304286,2025-05-10,0,1,13156,Hawks Field,Lincoln,NE,,,596712,596602,0,0
6304359,2025-05-11,0,1,13156,Hawks Field,Lincoln,NE,,,596712,596602,0,0
6310716,2025-05-15,18,1,11221,Alexander Field,West Lafayette,IN,40.4377366,-86.9414449,596653,596712,0,0
6310718,2025-05-16,18,1,11221,Alexander Field,West Lafayette,IN,40.4377366,-86.9414449,596653,596712,0,0
6310720,2025-05-17,14,1,11221,Alexander Field,West Lafayette,IN,40.4377366,-86.9414449,596653,596712,0,0
6385137,2025-05-20,0,1,12481,Charles Schwab Field Omaha,Omaha,NE,41.266835,-95.9310643,596712,596601,1,0
6385146,2025-05-24,0,1,12481,Charles Schwab Field Omaha,Omaha,NE,41.266835,-95.9310643,596644,596712,1,0
6385149,2025-05-24,0,1,12481,Charles Schwab Field Omaha,Omaha,NE,41.266835,-95.9310643,596712,596647,1,0
6385147,2025-05-25,0,1,12481,Charles Schwab Field Omaha,Omaha,NE,41.266835,-95.9310643,596514,596712,1,0
6385729,2025-05-30,17,0,15276,Boshamer Stadium,Chapel Hill,NC,35.9065035,-79.0429678,596641,596712,1,0
6385731,2025-05-31,12,0,15276,Boshamer Stadium,Chapel Hill,NC,35.9065035,-79.0429678,596712,596559,1,0
6385732,2025-06-01,12,0,15276,Boshamer Stadium,Chapel Hill,NC,35.9065035,-79.0429678,596712,596641,1,0
6303023,2025-02-24,0,1,12488,"Alex Box Stadium, Skip Bertman Field",Baton Rouge,LA,30.4056681,-91.18804019999999,596583,596713,0,0
6301768,2025-03-12,0,1,,,,,,,596605,596713,1,0
6359474,2025-04-08,0,1,15278,Ben Meyer Diamond at Ray E. Didier Field,Thibodaux,LA,29.7861495,-90.8022867,596713,596583,0,0
6317207,2025-03-25,0,1,14591,J.L. Johnson Stadium,Tulsa,OK,36.0495005,-95.94818880000001,596715,596641,0,0
6317238,2025-04-22,0,1,12496,L. Dale Mitchell Park,Norman,OK,35.19097699999999,-97.445747,596641,596715,0,0
6300668,2025-02-15,11,1,,,,,,,596647,596720,1,0
6300798,2025-02-16,15,1,,,,,,,596720,596608,1,0
6301082,2025-02-23,13,1,12501,Melching Field at Conrad Park,DeLand,FL,29.01996919999999,-81.3019443,596720,596637,0,0
6301138,2025-02-25,18,1,12501,Melching Field at Conrad Park,DeLand,FL,29.01996919999999,-81.3019443,596720,596546,0,0
6302089,2025-03-18,18,1,12501,Melching Field at Conrad Park,DeLand,FL,29.01996919999999,-81.3019443,596720,596519,0,0
6302422,2025-03-26,18,1,15275,Alex Rodriguez Park at Mark Light Field,Coral Gables,FL,25.7120599,-80.2822951,596600,596720,0,0
6302717,2025-04-01,18,1,10300,John Euliano Park,Orlando,FL,28.6097258,-81.1956972,596519,596720,0,0
6303328,2025-04-15,18,1,20900,Condron Family Ballpark at Alfred A. McKethan Field,Gainesville,FL,29.6364107,-82.3637638,596546,596720,0,0
6315153,2025-03-25,0,1,11775,Hoglund Ballpark,Lawrence,KS,38.9530464,-95.25299919999999,596575,596417,0,0
6315155,2025-03-26,0,1,11775,Hoglund Ballpark,Lawrence,KS,38.9530464,-95.25299919999999,596575,596417,0,0
6310951,2025-03-08,12,1,14626,Bruce Hurst Field,St. George,UT,37.09884,-113.565416,596418,596619,0,0
6310962,2025-04-29,18,1,14626,Bruce Hurst Field,St. George,UT,37.09884,-113.565416,596418,596619,0,0
6310963,2025-05-02,12,1,14626,Bruce Hurst Field,St. George,UT,37.09884,-113.565416,596418,596465,0,0
6310964,2025-05-03,14,1,14626,Bruce Hurst Field,St. George,UT,37.09884,-113.565416,596418,596465,0,0
6310965,2025-05-04,12,1,14626,Bruce Hurst Field,St. George,UT,37.09884,-113.565416,596418,596465,0,0
6301203,2025-02-28,16,1,,,,,,,596653,596419,1,0
6301264,2025-03-01,13,1,,,,,,,596653,596419,1,1
6304696,2025-03-01,15,1,,,,,,,596653,596419,1,2
6301373,2025-03-02,13,1,,,,,,,596653,596419,1,0
6303607,2025-04-22,18,1,13889,Nick Swisher Field at Bill Davis Stadium,Columbus,OH,40.0099518,-83.0258996,596639,596419,0,0
6300642,2025-02-14,19,1,24400,Blue Bell Park,College Station,TX,30.6060601,-96.3413557,596420,596460,0,0
6300706,2025-02-15,15,1,24400,Blue Bell Park,College Station,TX,30.6060601,-96.3413557,596420,596460,0,0
6300794,2025-02-16,14,1,24400,Blue Bell Park,College Station,TX,30.6060601,-96.3413557,596420,596460,0,0
6310877,2025-02-25,18,1,24400,Blue Bell Park,College Station,TX,30.6060601,-96.3413557,596420,596686,0,0
6310878,2025-03-01,19,1,15897,Minute Maid Park,Houston,TX,29.7577058,-95.35453989999999,596420,596714,1,0
6310879,2025-03-02,19,1,15897,Minute Maid Park,Houston,TX,29.7577058,-95.35453989999999,596657,596420,1,0
6310882,2025-03-07,18,1,24400,Blue Bell Park,College Station,TX,30.6060601,-96.3413557,596420,596622,0,0
6310883,2025-03-08,14,1,24400,Blue Bell Park,College Station,TX,30.6060601,-96.3413557,596420,596622,0,0
6310884,2025-03-09,13,1,24400,Blue Bell Park,College Station,TX,30.6060601,-96.3413557,596420,596622,0,0
6310886,2025-03-11,18,1,24400,Blue Bell Park,College Station,TX,30.6060601,-96.3413557,596420,596651,0,0
6310888,2025-03-20,0,1,12502,Hawkins Field,Nashville,TN,36.1433506,-86.8074309,596434,596420,0,0
6310889,2025-03-21,0,1,12502,Hawkins Field,Nashville,TN,36.1433506,-86.8074309,596434,596420,0,0
6310890,2025-03-22,0,1,12502,Hawkins Field,Nashville,TN,36.1433506,-86.8074309,596434,596420,0,0
6310891,2025-03-25,18,1,24400,Blue Bell Park,College Station,TX,30.6060601,-96.3413557,596420,596560,0,0
6302437,2025-03-28,0,1,24400,Blue Bell Park,College Station,TX,30.6060601,-96.3413557,596420,596577,0,0
6302513,2025-03-29,0,1,24400,Blue Bell Park,College Station,TX,30.6060601,-96.3413557,596420,596577,0,0
6302592,2025-03-30,0,1,24400,Blue Bell Park,College Station,TX,30.6060601,-96.3413557,596420,596577,0,0
6310892,2025-04-01,18,1,24400,Blue Bell Park,College Station,TX,30.6060601,-96.3413557,596420,596468,0,0
6310893,2025-04-04,0,1,11055,Lindsey Nelson Stadium,Knoxville,TN,35.94927029999999,-83.92943729999999,596721,596420,0,0
6310894,2025-04-05,0,1,11055,Lindsey Nelson Stadium,Knoxville,TN,35.94927029999999,-83.92943729999999,596721,596420,0,2
6370069,2025-04-05,0,1,11055,Lindsey Nelson Stadium,Knoxville,TN,35.94927029999999,-83.92943729999999,596721,596420,0,1
6303048,2025-04-10,0,1,24400,Blue Bell Park,College Station,TX,30.6060601,-96.3413557,596420,596677,0,0
6303058,2025-04-11,0,1,24400,Blue Bell Park,College Station,TX,30.6060601,-96.3413557,596420,596677,0,0
6303130,2025-04-12,0,1,24400,Blue Bell Park,College Station,TX,30.6060601,-96.3413557,596420,596677,0,0
6310896,2025-04-15,18,1,24400,Blue Bell Park,College Station,TX,30.6060601,-96.3413557,596420,596700,0,0
6310897,2025-04-25,0,1,13168,UFCU Disch-Falk Field,Austin,TX,30.2793589,-97.7265066,596425,596420,0,0
6310898,2025-04-26,0,1,13168,UFCU Disch-Falk Field,Austin,TX,30.2793589,-97.7265066,596425,596420,0,0
6310899,2025-04-27,0,1,13168,UFCU Disch-Falk Field,Austin,TX,30.2793589,-97.7265066,596425,596420,0,0
6310900,2025-04-29,18,1,24400,Blue Bell Park,College Station,TX,30.6060601,-96.3413557,596420,596579,0,0
6303950,2025-05-03,0,1,24400,Blue Bell Park,College Station,TX,30.6060601,-96.3413557,596420,596583,0,1
6304016,2025-05-03,0,1,24400,Blue Bell Park,College Station,TX,30.6060601,-96.3413557,596420,596583,0,2
6304084,2025-05-04,0,1,24400,Blue Bell Park,College Station,TX,30.6060601,-96.3413557,596420,596583,0,0
6310902,2025-05-09,0,1,24400,Blue Bell Park,College Station,TX,30.6060601,-96.3413557,596420,596608,0,0
6310911,2025-05-10,0,1,24400,Blue Bell Park,College Station,TX,30.6060601,-96.3413557,596420,596608,0,0
6310912,2025-05-11,0,1,24400,Blue Bell Park,College Station,TX,30.6060601,-96.3413557,596420,596608,0,0
6310913,2025-05-15,0,1,11769,Foley Field,Athens,GA,33.9410168,-83.38087929999999,596554,596420,0,0
6310915,2025-05-16,0,1,11769,Foley Field,Athens,GA,33.9410168,-83.38087929999999,596554,596420,0,0
6310917,2025-05-17,0,1,11769,Foley Field,Athens,GA,33.9410168,-83.38087929999999,596554,596420,0,0
6385234,2025-05-21,0,1,15910,Hoover Metropolitan Stadium,Hoover,AL,33.3383625,-86.849649,596605,596420,1,0
6385225,2025-05-23,0,1,15910,Hoover Metropolitan Stadium,Hoover,AL,33.3383625,-86.849649,596583,596420,1,0
6314074,2025-04-11,18,1,13167,Lupton Stadium,Fort Worth,TX,32.7034329,-97.37259859999999,596421,596575,0,0
6314077,2025-04-13,13,1,13167,Lupton Stadium,Fort Worth,TX,32.7034329,-97.37259859999999,596421,596575,0,0
6303390,2025-04-17,18,1,10300,John Euliano Park,Orlando,FL,28.6097258,-81.1956972,596519,596421,0,0
6303463,2025-04-18,18,1,10300,John Euliano Park,Orlando,FL,28.6097258,-81.1956972,596519,596421,0,0
6303498,2025-04-19,13,1,10300,John Euliano Park,Orlando,FL,28.6097258,-81.1956972,596519,596421,0,0
6384871,2025-05-23,0,1,23620,Globe Life Field,Arlington,TX,32.7474557,-97.0838351,596575,596421,1,0
6357718,2025-03-01,0,1,,,,,,,596423,596425,1,0
6357720,2025-04-01,0,1,,,,,,,596423,596641,1,0
6313136,2025-04-08,14,1,15461,Santa Ana Star Field,Albuquerque,NM,35.0651231,-106.6324424,596623,596423,0,0
6304268,2025-05-09,19,1,14595,Dan Law Field at Rip Griffin Park,Lubbock,TX,33.58857139999999,-101.8767901,596423,596519,0,0
6304321,2025-05-10,15,1,14595,Dan Law Field at Rip Griffin Park,Lubbock,TX,33.58857139999999,-101.8767901,596423,596519,0,0
6304405,2025-05-11,14,1,14595,Dan Law Field at Rip Griffin Park,Lubbock,TX,33.58857139999999,-101.8767901,596423,596519,0,0
6314723,2025-03-11,0,1,13168,UFCU Disch-Falk Field,Austin,TX,30.2793589,-97.7265066,596425,596424,0,0
6314732,2025-03-18,0,1,12496,L. Dale Mitchell Park,Norman,OK,35.19097699999999,-97.445747,596641,596424,0,0
6311907,2025-05-15,0,1,11788,Clay Gould Ballpark,Arlington,TX,32.721909,-97.13105829999999,596424,596465,0,0
6311908,2025-05-16,0,1,11788,Clay Gould Ballpark,Arlington,TX,32.721909,-97.13105829999999,596424,596465,0,0
6311909,2025-05-17,0,1,11788,Clay Gould Ballpark,Arlington,TX,32.721909,-97.13105829999999,596424,596465,0,0
6317032,2025-02-14,0,1,23620,Globe Life Field,Arlington,TX,32.7474557,-97.0838351,596585,596425,1,0
6354725,2025-02-15,0,1,,,,,,,596425,596607,1,0
6314975,2025-02-16,0,1,23620,Globe Life Field,Arlington,TX,32.7474557,-97.0838351,596425,596714,1,0
6317929,2025-02-25,0,1,13168,UFCU Disch-Falk Field,Austin,TX,30.2793589,-97.7265066,596425,596468,0,0
6311883,2025-02-28,18,1,,,,,,,596425,596443,1,0
6307871,2025-03-02,13,1,,,,,,,596425,596563,1,0
6301538,2025-03-07,18,1,13168,UFCU Disch-Falk Field,Austin,TX,30.2793589,-97.7265066,596425,596673,0,0
6301591,2025-03-08,14,1,13168,UFCU Disch-Falk Field,Austin,TX,30.2793589,-97.7265066,596425,596673,0,0
6301669,2025-03-09,13,1,13168,UFCU Disch-Falk Field,Austin,TX,30.2793589,-97.7265066,596425,596673,0,0
6301800,2025-03-14,0,1,14587,"Dudy Noble Field, Polk-DeMent Stadium",Starkville,MS,33.4631671,-88.7940254,596605,596425,0,0
6301876,2025-03-16,0,1,14587,"Dudy Noble Field, Polk-DeMent Stadium",Starkville,MS,33.4631671,-88.7940254,596605,596425,0,1
6301955,2025-03-16,0,1,14587,"Dudy Noble Field, Polk-DeMent Stadium",Starkville,MS,33.4631671,-88.7940254,596605,596425,0,2
6302122,2025-03-21,0,1,13168,UFCU Disch-Falk Field,Austin,TX,30.2793589,-97.7265066,596425,596583,0,0
6302196,2025-03-22,0,1,13168,UFCU Disch-Falk Field,Austin,TX,30.2793589,-97.7265066,596425,596583,0,0
6302275,2025-03-23,0,1,13168,UFCU Disch-Falk Field,Austin,TX,30.2793589,-97.7265066,596425,596583,0,0
6357742,2025-03-28,0,1,20585,Taylor Stadium,Columbia,MO,,,596608,596425,0,0
6368806,2025-03-29,0,1,20585,Taylor Stadium,Columbia,MO,,,596608,596425,0,1
6368861,2025-03-29,0,1,20585,Taylor Stadium,Columbia,MO,,,596608,596425,0,2
6314333,2025-04-01,0,1,13168,UFCU Disch-Falk Field,Austin,TX,30.2793589,-97.7265066,596425,596686,0,0
6356889,2025-04-04,1,1,13168,UFCU Disch-Falk Field,Austin,TX,30.2793589,-97.7265066,596425,596554,0,0
6356890,2025-04-05,0,1,13168,UFCU Disch-Falk Field,Austin,TX,30.2793589,-97.7265066,596425,596554,0,0
6356891,2025-04-06,0,1,13168,UFCU Disch-Falk Field,Austin,TX,30.2793589,-97.7265066,596425,596554,0,0
6314395,2025-04-08,0,1,13168,UFCU Disch-Falk Field,Austin,TX,30.2793589,-97.7265066,596425,596560,0,0
6303065,2025-04-11,0,1,10717,Kentucky Proud Park,Lexington,KY,38.018621,-84.5034393,596577,596425,0,0
6303137,2025-04-12,0,1,10717,Kentucky Proud Park,Lexington,KY,38.018621,-84.5034393,596577,596425,0,0
6303213,2025-04-13,0,1,10717,Kentucky Proud Park,Lexington,KY,38.018621,-84.5034393,596577,596425,0,0
6317374,2025-04-15,0,1,13168,UFCU Disch-Falk Field,Austin,TX,30.2793589,-97.7265066,596425,596646,0,0
6314340,2025-04-22,18,1,13892,Bobcat Ballpark,San Marcos,TX,29.8878646,-97.928276,596686,596425,0,0
6312943,2025-04-29,0,1,13168,UFCU Disch-Falk Field,Austin,TX,30.2793589,-97.7265066,596425,596651,0,0
6313166,2025-05-06,0,1,13168,UFCU Disch-Falk Field,Austin,TX,30.2793589,-97.7265066,596425,596579,0,0
6304205,2025-05-09,0,1,13168,UFCU Disch-Falk Field,Austin,TX,30.2793589,-97.7265066,596425,596546,0,0
6304277,2025-05-10,0,1,13168,UFCU Disch-Falk Field,Austin,TX,30.2793589,-97.7265066,596425,596546,0,0
6304350,2025-05-11,0,1,13168,UFCU Disch-Falk Field,Austin,TX,30.2793589,-97.7265066,596425,596546,0,0
6357745,2025-05-15,0,1,12496,L. Dale Mitchell Park,Norman,OK,35.19097699999999,-97.445747,596641,596425,0,0
6357746,2025-05-16,0,1,12496,L. Dale Mitchell Park,Norman,OK,35.19097699999999,-97.445747,596641,596425,0,0
6357747,2025-05-17,0,1,12496,L. Dale Mitchell Park,Norman,OK,35.19097699999999,-97.445747,596641,596425,0,0
6385222,2025-05-22,0,1,15910,Hoover Metropolitan Stadium,Hoover,AL,33.3383625,-86.849649,596425,596721,1,0
6385752,2025-05-30,13,0,13168,UFCU Disch-Falk Field,Austin,TX,30.2793589,-97.7265066,596425,596560,0,0
6385756,2025-06-01,14,0,13168,UFCU Disch-Falk Field,Austin,TX,30.2793589,-97.7265066,596574,596425,0,0
6315083,2025-05-07,0,1,12171,Davenport Field at Disharoon Park,Charlottesville,VA,38.04593089999999,-78.5133714,596439,596428,0,0
6301098,2025-02-25,0,1,14587,"Dudy Noble Field, Polk-DeMent Stadium",Starkville,MS,33.4631671,-88.7940254,596605,596429,0,0
6302752,2025-04-04,0,1,13159,Bud Metheny Complex ,Norfolk,VA,36.88393399999999,-76.3090691,596642,596429,0,0
6302826,2025-04-05,0,1,13159,Bud Metheny Complex ,Norfolk,VA,36.88393399999999,-76.3090691,596642,596429,0,0
6302903,2025-04-06,0,1,13159,Bud Metheny Complex ,Norfolk,VA,36.88393399999999,-76.3090691,596642,596429,0,0
6302975,2025-04-09,0,1,12503,English Field at Atlantic Union Bank Park,Blacksburg,VA,37.2178732,-80.4234373,596438,596429,0,0
6385238,2025-05-21,0,1,24340,Riverwalk Stadium,Montgomery,AL,32.3813982,-86.310985,596429,596642,1,0
6385246,2025-05-23,0,1,24340,Riverwalk Stadium,Montgomery,AL,32.3813982,-86.310985,596429,596642,1,0
6313847,2025-04-30,13,1,12171,Davenport Field at Disharoon Park,Charlottesville,VA,38.04593089999999,-78.5133714,596439,596431,0,0
6300931,2025-02-21,18,1,13163,Tony Gwynn Stadium,San Diego,CA,32.7742054,-117.0786595,596669,596432,0,0
6311824,2025-02-22,13,1,,,,,,,596432,596465,1,0
6310752,2025-03-07,15,1,13164,Excite Ballpark,San Jose,CA,37.321141,-121.8622634,596672,596432,0,0
6310755,2025-03-08,14,1,13164,Excite Ballpark,San Jose,CA,37.321141,-121.8622634,596672,596432,0,0
6310756,2025-03-09,12,1,13164,Excite Ballpark,San Jose,CA,37.321141,-121.8622634,596672,596432,0,0
6356745,2025-04-25,0,1,13170,Smith's Ballpark,Salt Lake City,UT,40.7405609,-111.8926506,596432,596575,0,0
6356746,2025-04-26,0,1,13170,Smith's Ballpark,Salt Lake City,UT,40.7405609,-111.8926506,596432,596575,0,0
6356747,2025-04-27,0,1,13170,Smith's Ballpark,Salt Lake City,UT,40.7405609,-111.8926506,596432,596575,0,0
6316542,2025-03-07,0,1,13889,Nick Swisher Field at Bill Davis Stadium,Columbus,OH,40.0099518,-83.0258996,596639,596433,0,0
6365354,2025-03-08,0,1,13889,Nick Swisher Field at Bill Davis Stadium,Columbus,OH,40.0099518,-83.0258996,596639,596433,0,0
6316547,2025-03-09,0,1,13889,Nick Swisher Field at Bill Davis Stadium,Columbus,OH,40.0099518,-83.0258996,596639,596433,0,0
6355484,2025-03-11,0,1,12502,Hawkins Field,Nashville,TN,36.1433506,-86.8074309,596434,596433,0,0
6310632,2025-03-25,16,1,11221,Alexander Field,West Lafayette,IN,40.4377366,-86.9414449,596653,596433,0,0
6303304,2025-04-15,17,1,13158,Frank Eck Stadium,Notre Dame,IN,41.6963173,-86.2280624,596637,596433,0,0
6300745,2025-02-16,11,1,,,,,,,596513,596434,1,0
6310908,2025-02-21,18,1,12502,Hawkins Field,Nashville,TN,36.1433506,-86.8074309,596434,596665,0,0
6310909,2025-02-22,16,1,12502,Hawkins Field,Nashville,TN,36.1433506,-86.8074309,596434,596665,0,0
6310910,2025-02-23,15,1,12502,Hawkins Field,Nashville,TN,36.1433506,-86.8074309,596434,596665,0,0
6301210,2025-02-28,17,1,15268,Jackie Robinson Stadium,Los Angeles,CA,34.0593478,-118.4592837,596514,596434,0,0
6311341,2025-03-01,0,1,11052,Dedeaux Field,Los Angeles,CA,34.0237631,-118.2898522,596681,596434,0,0
6301323,2025-03-02,1,1,15268,Jackie Robinson Stadium,Los Angeles,CA,34.0593478,-118.4592837,596434,596526,1,0
6355483,2025-03-05,0,1,12502,Hawkins Field,Nashville,TN,36.1433506,-86.8074309,596434,596662,0,0
6355485,2025-03-25,0,1,12502,Hawkins Field,Nashville,TN,36.1433506,-86.8074309,596434,596538,0,0
6316597,2025-04-01,0,1,12502,Hawkins Field,Nashville,TN,36.1433506,-86.8074309,596434,596447,0,0
6302745,2025-04-04,0,1,20900,Condron Family Ballpark at Alfred A. McKethan Field,Gainesville,FL,29.6364107,-82.3637638,596546,596434,0,0
6302819,2025-04-05,0,1,20900,Condron Family Ballpark at Alfred A. McKethan Field,Gainesville,FL,29.6364107,-82.3637638,596546,596434,0,0
6302898,2025-04-06,0,1,20900,Condron Family Ballpark at Alfred A. McKethan Field,Gainesville,FL,29.6364107,-82.3637638,596546,596434,0,0
6355486,2025-04-08,0,1,12502,Hawkins Field,Nashville,TN,36.1433506,-86.8074309,596434,596532,0,0
6355487,2025-04-11,0,1,12496,L. Dale Mitchell Park,Norman,OK,35.19097699999999,-97.445747,596641,596434,0,0
6355488,2025-04-12,0,1,12496,L. Dale Mitchell Park,Norman,OK,35.19097699999999,-97.445747,596641,596434,0,0
6355489,2025-04-13,0,1,12496,L. Dale Mitchell Park,Norman,OK,35.19097699999999,-97.445747,596641,596434,0,0
6310458,2025-04-15,0,1,12502,Hawkins Field,Nashville,TN,36.1433506,-86.8074309,596434,596472,0,0
6355491,2025-04-17,0,1,12502,Hawkins Field,Nashville,TN,36.1433506,-86.8074309,596434,596554,0,0
6355492,2025-04-18,0,1,12502,Hawkins Field,Nashville,TN,36.1433506,-86.8074309,596434,596554,0,0
6355493,2025-04-19,0,1,12502,Hawkins Field,Nashville,TN,36.1433506,-86.8074309,596434,596554,0,0
6303609,2025-04-22,18,1,12502,Hawkins Field,Nashville,TN,36.1433506,-86.8074309,596434,596603,0,0
6354743,2025-04-25,0,1,12490,Oxford-University Stadium/Swayze Field,Oxford,MS,34.36233,-89.5289178,596607,596434,0,0
6354744,2025-04-26,0,1,12490,Oxford-University Stadium/Swayze Field,Oxford,MS,34.36233,-89.5289178,596607,596434,0,0
6354746,2025-04-27,0,1,12490,Oxford-University Stadium/Swayze Field,Oxford,MS,34.36233,-89.5289178,596607,596434,0,0
6355495,2025-04-29,0,1,12502,Hawkins Field,Nashville,TN,36.1433506,-86.8074309,596434,596565,0,0
6317103,2025-05-06,0,1,13882,Jim Patterson Stadium,Louisville,KY,38.20533510000001,-85.7631538,596585,596434,0,0
6316498,2025-05-09,0,1,11055,Lindsey Nelson Stadium,Knoxville,TN,35.94927029999999,-83.92943729999999,596721,596434,0,0
6316499,2025-05-10,0,1,11055,Lindsey Nelson Stadium,Knoxville,TN,35.94927029999999,-83.92943729999999,596721,596434,0,0
6316500,2025-05-11,0,1,11055,Lindsey Nelson Stadium,Knoxville,TN,35.94927029999999,-83.92943729999999,596721,596434,0,0
6304453,2025-05-15,0,1,12502,Hawkins Field,Nashville,TN,36.1433506,-86.8074309,596434,596577,0,0
6304521,2025-05-16,0,1,12502,Hawkins Field,Nashville,TN,36.1433506,-86.8074309,596434,596577,0,0
6304593,2025-05-17,0,1,12502,Hawkins Field,Nashville,TN,36.1433506,-86.8074309,596434,596577,0,0
6385223,2025-05-22,0,1,15910,Hoover Metropolitan Stadium,Hoover,AL,33.3383625,-86.849649,596434,596641,1,0
6385220,2025-05-24,0,1,15910,Hoover Metropolitan Stadium,Hoover,AL,33.3383625,-86.849649,596434,596721,1,0
6385219,2025-05-25,0,1,15910,Hoover Metropolitan Stadium,Hoover,AL,33.3383625,-86.849649,596434,596607,1,0
6385706,2025-05-31,20,0,12502,Hawkins Field,Nashville,TN,36.1433506,-86.8074309,596434,596585,0,0
6313117,2025-02-15,19,1,,,,,,,596439,596435,1,0
6313130,2025-03-05,18,1,15275,Alex Rodriguez Park at Mark Light Field,Coral Gables,FL,25.7120599,-80.2822951,596600,596435,0,0
6309455,2025-02-25,15,1,12171,Davenport Field at Disharoon Park,Charlottesville,VA,38.04593089999999,-78.5133714,596439,596437,0,0
6357533,2025-02-14,0,1,12503,English Field at Atlantic Union Bank Park,Blacksburg,VA,37.2178732,-80.4234373,596438,596502,0,1
6357541,2025-02-14,0,1,12503,English Field at Atlantic Union Bank Park,Blacksburg,VA,37.2178732,-80.4234373,596438,596502,0,2
6357545,2025-02-16,0,1,12503,English Field at Atlantic Union Bank Park,Blacksburg,VA,37.2178732,-80.4234373,596438,596502,0,0
6314668,2025-02-18,0,1,12503,English Field at Atlantic Union Bank Park,Blacksburg,VA,37.2178732,-80.4234373,596438,596536,0,0
6300907,2025-02-22,0,1,12503,English Field at Atlantic Union Bank Park,Blacksburg,VA,37.2178732,-80.4234373,596438,596616,0,0
6301004,2025-02-23,0,1,12503,English Field at Atlantic Union Bank Park,Blacksburg,VA,37.2178732,-80.4234373,596438,596616,0,0
6301052,2025-02-24,0,1,12503,English Field at Atlantic Union Bank Park,Blacksburg,VA,37.2178732,-80.4234373,596438,596616,0,0
6357548,2025-02-28,0,1,,,,,,,596565,596438,1,0
6316390,2025-03-01,0,1,14577,Clark-LeClair,Greenville,NC,35.59328389999999,-77.36703109999999,596438,596576,1,0
6301361,2025-03-02,13,1,14577,Clark-LeClair,Greenville,NC,35.59328389999999,-77.36703109999999,596535,596438,0,0
6311976,2025-03-04,0,1,12503,English Field at Atlantic Union Bank Park,Blacksburg,VA,37.2178732,-80.4234373,596438,596626,0,0
6311975,2025-03-05,0,1,12503,English Field at Atlantic Union Bank Park,Blacksburg,VA,37.2178732,-80.4234373,596438,596626,0,0
6317827,2025-03-14,0,1,13888,Doak Field at Dail Park,Raleigh,NC,35.7874515,-78.67975229999999,596628,596438,0,0
6366420,2025-03-15,0,1,13888,Doak Field at Dail Park,Raleigh,NC,35.7874515,-78.67975229999999,596628,596438,0,1
6366534,2025-03-15,0,1,13888,Doak Field at Dail Park,Raleigh,NC,35.7874515,-78.67975229999999,596628,596438,0,2
6317056,2025-03-21,0,1,12503,English Field at Atlantic Union Bank Park,Blacksburg,VA,37.2178732,-80.4234373,596438,596585,0,0
6317057,2025-03-22,0,1,12503,English Field at Atlantic Union Bank Park,Blacksburg,VA,37.2178732,-80.4234373,596438,596585,0,0
6317058,2025-03-23,0,1,12503,English Field at Atlantic Union Bank Park,Blacksburg,VA,37.2178732,-80.4234373,596438,596585,0,0
6313453,2025-03-25,18,1,15281,Sherman Carter Memorial Stadium,Radford,VA,37.136754,-80.53936820000001,596655,596438,0,0
6317713,2025-03-28,0,1,11059,David F. Couch Ballpark,Winston-Salem,NC,36.12996650000001,-80.2520701,596441,596438,0,0
6317714,2025-03-29,0,1,11059,David F. Couch Ballpark,Winston-Salem,NC,36.12996650000001,-80.2520701,596441,596438,0,0
6317715,2025-03-30,0,1,11059,David F. Couch Ballpark,Winston-Salem,NC,36.12996650000001,-80.2520701,596441,596438,0,0
6313457,2025-04-01,0,1,12503,English Field at Atlantic Union Bank Park,Blacksburg,VA,37.2178732,-80.4234373,596438,596655,0,0
6302773,2025-04-04,16,1,13158,Frank Eck Stadium,Notre Dame,IN,41.6963173,-86.2280624,596637,596438,0,0
6302861,2025-04-05,14,1,13158,Frank Eck Stadium,Notre Dame,IN,41.6963173,-86.2280624,596637,596438,0,0
6302943,2025-04-06,13,1,13158,Frank Eck Stadium,Notre Dame,IN,41.6963173,-86.2280624,596637,596438,0,0
6314754,2025-04-15,0,1,14578,Thomas Stadium,Johnson City,TN,36.3098413,-82.3638362,596536,596438,0,0
6357553,2025-04-18,0,1,12503,English Field at Atlantic Union Bank Park,Blacksburg,VA,37.2178732,-80.4234373,596438,596614,0,0
6357554,2025-04-19,0,1,12503,English Field at Atlantic Union Bank Park,Blacksburg,VA,37.2178732,-80.4234373,596438,596614,0,0
6357555,2025-04-20,0,1,12503,English Field at Atlantic Union Bank Park,Blacksburg,VA,37.2178732,-80.4234373,596438,596614,0,0
6314219,2025-04-29,18,1,12503,English Field at Atlantic Union Bank Park,Blacksburg,VA,37.2178732,-80.4234373,596438,596581,0,0
6317303,2025-05-02,0,1,11785,Petersen Sports Complex Charles L. Cost Field,Pittsburgh,PA,40.44485689999999,-79.96680020000001,596649,596438,0,0
6317309,2025-05-04,0,1,11785,Petersen Sports Complex Charles L. Cost Field,Pittsburgh,PA,40.44485689999999,-79.96680020000001,596649,596438,0,2
6382660,2025-05-04,0,1,11785,Petersen Sports Complex Charles L. Cost Field,Pittsburgh,PA,40.44485689999999,-79.96680020000001,596649,596438,0,1
6314224,2025-05-07,18,1,10310,Worthington Field at Liberty Baseball Stadium,Lynchburg,VA,37.3566694,-79.17687049999999,596581,596438,0,0
6304328,2025-05-10,15,1,12503,English Field at Atlantic Union Bank Park,Blacksburg,VA,37.2178732,-80.4234373,596438,596598,0,0
6304401,2025-05-11,13,1,12503,English Field at Atlantic Union Bank Park,Blacksburg,VA,37.2178732,-80.4234373,596438,596598,0,0
6317487,2025-05-15,0,1,12503,English Field at Atlantic Union Bank Park,Blacksburg,VA,37.2178732,-80.4234373,596438,596439,0,0
6317490,2025-05-16,0,1,12503,English Field at Atlantic Union Bank Park,Blacksburg,VA,37.2178732,-80.4234373,596438,596439,0,0
6317491,2025-05-17,0,1,12503,English Field at Atlantic Union Bank Park,Blacksburg,VA,37.2178732,-80.4234373,596438,596439,0,0
6385132,2025-05-20,0,1,14590,Durham Athletic Park,Durham,NC,,,596438,596688,1,0
6308948,2025-02-14,14,1,,,,,,,596602,596439,1,0
6316955,2025-02-16,0,1,,,,,,,596439,596657,1,0
6317409,2025-02-23,0,1,,,,,,,596641,596439,1,0
6301407,2025-03-04,15,1,12171,Davenport Field at Disharoon Park,Charlottesville,VA,38.04593089999999,-78.5133714,596439,596450,0,0
6317414,2025-03-07,0,1,12171,Davenport Field at Disharoon Park,Charlottesville,VA,38.04593089999999,-78.5133714,596439,596496,0,0
6317417,2025-03-08,0,1,12171,Davenport Field at Disharoon Park,Charlottesville,VA,38.04593089999999,-78.5133714,596439,596496,0,0
6317419,2025-03-09,0,1,12171,Davenport Field at Disharoon Park,Charlottesville,VA,38.04593089999999,-78.5133714,596439,596496,0,0
6311759,2025-03-11,17,1,,,,,,,596439,596593,1,0
6312375,2025-03-19,0,1,12171,Davenport Field at Disharoon Park,Charlottesville,VA,38.04593089999999,-78.5133714,596439,596658,0,0
6313908,2025-03-25,16,1,10310,Worthington Field at Liberty Baseball Stadium,Lynchburg,VA,37.3566694,-79.17687049999999,596581,596439,0,0
6314263,2025-03-27,19,1,12171,Davenport Field at Disharoon Park,Charlottesville,VA,38.04593089999999,-78.5133714,596439,596688,0,0
6314264,2025-03-28,18,1,12171,Davenport Field at Disharoon Park,Charlottesville,VA,38.04593089999999,-78.5133714,596439,596688,0,0
6314267,2025-03-29,13,1,12171,Davenport Field at Disharoon Park,Charlottesville,VA,38.04593089999999,-78.5133714,596439,596688,0,0
6316749,2025-04-01,0,1,12171,Davenport Field at Disharoon Park,Charlottesville,VA,38.04593089999999,-78.5133714,596439,596642,0,0
6317432,2025-04-04,0,1,13888,Doak Field at Dail Park,Raleigh,NC,35.7874515,-78.67975229999999,596628,596439,0,0
6317434,2025-04-05,0,1,13888,Doak Field at Dail Park,Raleigh,NC,35.7874515,-78.67975229999999,596628,596439,0,0
6317435,2025-04-06,0,1,13888,Doak Field at Dail Park,Raleigh,NC,35.7874515,-78.67975229999999,596628,596439,0,0
6371251,2025-04-12,0,1,12171,Davenport Field at Disharoon Park,Charlottesville,VA,38.04593089999999,-78.5133714,596439,596649,0,1
6317294,2025-04-13,0,1,12171,Davenport Field at Disharoon Park,Charlottesville,VA,38.04593089999999,-78.5133714,596439,596649,0,0
6314161,2025-04-15,18,1,12171,Davenport Field at Disharoon Park,Charlottesville,VA,38.04593089999999,-78.5133714,596439,596581,0,0
6312898,2025-04-22,0,1,12171,Davenport Field at Disharoon Park,Charlottesville,VA,38.04593089999999,-78.5133714,596439,596550,0,0
6317480,2025-05-09,0,1,12171,Davenport Field at Disharoon Park,Charlottesville,VA,38.04593089999999,-78.5133714,596439,596600,0,0
6317483,2025-05-10,0,1,12171,Davenport Field at Disharoon Park,Charlottesville,VA,38.04593089999999,-78.5133714,596439,596600,0,0
6317484,2025-05-11,0,1,12171,Davenport Field at Disharoon Park,Charlottesville,VA,38.04593089999999,-78.5133714,596439,596600,0,0
6385130,2025-05-21,0,1,14590,Durham Athletic Park,Durham,NC,,,596439,596496,1,0
6301518,2025-03-07,16,1,11059,David F. Couch Ballpark,Winston-Salem,NC,36.12996650000001,-80.2520701,596441,596637,0,0
6301610,2025-03-08,15,1,11059,David F. Couch Ballpark,Winston-Salem,NC,36.12996650000001,-80.2520701,596441,596637,0,0
6301681,2025-03-09,13,1,11059,David F. Couch Ballpark,Winston-Salem,NC,36.12996650000001,-80.2520701,596441,596637,0,0
6317710,2025-03-14,0,1,11059,David F. Couch Ballpark,Winston-Salem,NC,36.12996650000001,-80.2520701,596441,596600,0,0
6366551,2025-03-15,0,1,11059,David F. Couch Ballpark,Winston-Salem,NC,36.12996650000001,-80.2520701,596441,596600,0,1
6366569,2025-03-15,0,1,11059,David F. Couch Ballpark,Winston-Salem,NC,36.12996650000001,-80.2520701,596441,596600,0,2
6314282,2025-04-25,18,1,11053,Sunken Diamond,Stanford,CA,37.43173,-122.1587444,596688,596441,0,0
6314283,2025-04-26,14,1,11053,Sunken Diamond,Stanford,CA,37.43173,-122.1587444,596688,596441,0,0
6314284,2025-04-27,13,1,11053,Sunken Diamond,Stanford,CA,37.43173,-122.1587444,596688,596441,0,0
6385793,2025-06-01,18,0,11055,Lindsey Nelson Stadium,Knoxville,TN,35.94927029999999,-83.92943729999999,596441,596721,0,0
6385919,2025-06-02,18,0,11055,Lindsey Nelson Stadium,Knoxville,TN,35.94927029999999,-83.92943729999999,596721,596441,0,0
6311208,2025-02-21,14,1,,,,,,,596442,596601,1,0
6300965,2025-02-22,12,1,,,,,,,596514,596442,1,0
6311838,2025-03-07,16,1,13894,Bailey-Brayton Field,Pullman,WA,46.7350455,-117.1552836,596442,596465,0,0
6311842,2025-03-08,14,1,13894,Bailey-Brayton Field,Pullman,WA,46.7350455,-117.1552836,596442,596465,0,0
6311848,2025-03-09,12,1,13894,Bailey-Brayton Field,Pullman,WA,46.7350455,-117.1552836,596442,596465,0,0
6302140,2025-03-21,16,1,13894,Bailey-Brayton Field,Pullman,WA,46.7350455,-117.1552836,596442,596669,0,0
6302240,2025-03-22,14,1,13894,Bailey-Brayton Field,Pullman,WA,46.7350455,-117.1552836,596442,596669,0,0
6302290,2025-03-23,12,1,13894,Bailey-Brayton Field,Pullman,WA,46.7350455,-117.1552836,596442,596669,0,0
6302390,2025-03-25,18,1,13894,Bailey-Brayton Field,Pullman,WA,46.7350455,-117.1552836,596442,596555,0,0
6302694,2025-04-01,18,1,14579,Patterson Baseball Complex and Coach Steve Hertz Field,Spokane,WA,47.66270979999999,-117.3989089,596555,596442,0,0
6310784,2025-04-04,16,1,13894,Bailey-Brayton Field,Pullman,WA,46.7350455,-117.1552836,596442,596672,0,0
6310786,2025-04-05,14,1,13894,Bailey-Brayton Field,Pullman,WA,46.7350455,-117.1552836,596442,596672,0,0
6310788,2025-04-06,12,1,13894,Bailey-Brayton Field,Pullman,WA,46.7350455,-117.1552836,596442,596672,0,0
6313058,2025-04-07,12,1,13894,Bailey-Brayton Field,Pullman,WA,46.7350455,-117.1552836,596442,596671,0,0
6313061,2025-04-11,18,1,15461,Santa Ana Star Field,Albuquerque,NM,35.0651231,-106.6324424,596623,596442,0,0
6313064,2025-04-12,14,1,15461,Santa Ana Star Field,Albuquerque,NM,35.0651231,-106.6324424,596623,596442,0,0
6313068,2025-04-13,12,1,15461,Santa Ana Star Field,Albuquerque,NM,35.0651231,-106.6324424,596623,596442,0,0
6313072,2025-04-23,18,1,15267,Dobbins Baseball Complex,Davis,CA,38.54182189999999,-121.7576984,596512,596442,0,0
6303905,2025-04-29,18,1,13894,Bailey-Brayton Field,Pullman,WA,46.7350455,-117.1552836,596442,596555,0,0
6311904,2025-05-06,11,1,15293,Bannerwood Park,Bellevue,WA,47.59513829999999,-122.1633622,596465,596442,0,0
6313021,2025-05-09,18,1,13894,Bailey-Brayton Field,Pullman,WA,46.7350455,-117.1552836,596442,596619,0,0
6313026,2025-05-10,18,1,13894,Bailey-Brayton Field,Pullman,WA,46.7350455,-117.1552836,596442,596619,0,0
6313028,2025-05-11,12,1,13894,Bailey-Brayton Field,Pullman,WA,46.7350455,-117.1552836,596442,596619,0,0
6304430,2025-05-13,18,1,14579,Patterson Baseball Complex and Coach Steve Hertz Field,Spokane,WA,47.66270979999999,-117.3989089,596555,596442,0,0
6304492,2025-05-15,18,1,13163,Tony Gwynn Stadium,San Diego,CA,32.7742054,-117.0786595,596669,596442,0,0
6304550,2025-05-16,16,1,13163,Tony Gwynn Stadium,San Diego,CA,32.7742054,-117.0786595,596669,596442,0,0
6304605,2025-05-17,12,1,13163,Tony Gwynn Stadium,San Diego,CA,32.7742054,-117.0786595,596669,596442,0,0
6311874,2025-02-21,14,1,11053,Sunken Diamond,Stanford,CA,37.43173,-122.1587444,596688,596443,0,0
6311876,2025-02-22,14,1,11053,Sunken Diamond,Stanford,CA,37.43173,-122.1587444,596688,596443,0,0
6311878,2025-02-23,13,1,11053,Sunken Diamond,Stanford,CA,37.43173,-122.1587444,596688,596443,0,0
6311881,2025-02-24,13,1,11053,Sunken Diamond,Stanford,CA,37.43173,-122.1587444,596688,596443,0,0
6310637,2025-04-04,19,1,14053,Husky Ballpark,Seattle,WA,47.6546692,-122.2986835,596443,596653,0,0
6310641,2025-04-05,19,1,14053,Husky Ballpark,Seattle,WA,47.6546692,-122.2986835,596443,596653,0,0
6310644,2025-04-06,11,1,14053,Husky Ballpark,Seattle,WA,47.6546692,-122.2986835,596443,596653,0,0
6311885,2025-04-08,18,1,14053,Husky Ballpark,Seattle,WA,47.6546692,-122.2986835,596443,596465,0,0
6303103,2025-04-11,18,1,15268,Jackie Robinson Stadium,Los Angeles,CA,34.0593478,-118.4592837,596514,596443,0,0
6303169,2025-04-12,14,1,15268,Jackie Robinson Stadium,Los Angeles,CA,34.0593478,-118.4592837,596514,596443,0,0
6303255,2025-04-13,13,1,15268,Jackie Robinson Stadium,Los Angeles,CA,34.0593478,-118.4592837,596514,596443,0,0
6311887,2025-04-15,18,1,14053,Husky Ballpark,Seattle,WA,47.6546692,-122.2986835,596443,596465,0,0
6311894,2025-04-22,16,1,15293,Bannerwood Park,Bellevue,WA,47.59513829999999,-122.1633622,596465,596443,0,0
6385139,2025-05-21,0,1,12481,Charles Schwab Field Omaha,Omaha,NE,41.266835,-95.9310643,596443,596647,1,0
6316549,2025-04-01,0,1,13889,Nick Swisher Field at Bill Davis Stadium,Columbus,OH,40.0099518,-83.0258996,596639,596444,0,0
6311269,2025-04-22,17,1,11784,Medlar Field at Lubrano Park,State College,PA,40.812278,-77.85242459999999,596647,596444,0,0
6303704,2025-04-25,18,1,10300,John Euliano Park,Orlando,FL,28.6097258,-81.1956972,596519,596444,0,0
6303781,2025-04-26,18,1,10300,John Euliano Park,Orlando,FL,28.6097258,-81.1956972,596519,596444,0,0
6303818,2025-04-27,13,1,10300,John Euliano Park,Orlando,FL,28.6097258,-81.1956972,596519,596444,0,0
6356750,2025-05-15,0,1,11222,Wagener Field at Monongalia County Ballpark,Granville,WV,39.6434012,-79.9957791,596444,596575,0,0
6356751,2025-05-16,0,1,11222,Wagener Field at Monongalia County Ballpark,Granville,WV,39.6434012,-79.9957791,596444,596575,0,0
6356756,2025-05-17,0,1,11222,Wagener Field at Monongalia County Ballpark,Granville,WV,39.6434012,-79.9957791,596444,596575,0,0
6385782,2025-05-30,12,0,15269,Doug Kingsmore Stadium,Clemson,SC,34.6787794,-82.8493165,596444,596577,1,0
6385787,2025-06-01,18,0,15269,Doug Kingsmore Stadium,Clemson,SC,34.6787794,-82.8493165,596444,596577,1,0
6385992,2025-06-07,13,0,12488,"Alex Box Stadium, Skip Bertman Field",Baton Rouge,LA,30.4056681,-91.18804019999999,596583,596444,0,0
6385993,2025-06-08,17,0,12488,"Alex Box Stadium, Skip Bertman Field",Baton Rouge,LA,30.4056681,-91.18804019999999,596444,596583,0,0
6303914,2025-04-29,19,1,14599,Nick Denes Field,Bowling Green,KY,36.983269,-86.4609476,596447,596577,0,0
6385767,2025-05-31,13,0,12490,Oxford-University Stadium/Swayze Field,Oxford,MS,34.36233,-89.5289178,596447,596607,0,0
6302685,2025-04-01,17,1,13158,Frank Eck Stadium,Notre Dame,IN,41.6963173,-86.2280624,596637,596448,0,0
6314422,2025-04-15,18,1,11775,Hoglund Ballpark,Lawrence,KS,38.9530464,-95.25299919999999,596575,596449,0,0
6301370,2025-03-02,13,1,11794,Plumeri Park,Williamsburg,VA,37.289352,-76.7321728,596450,596647,0,0
6302080,2025-03-19,0,1,11794,Plumeri Park,Williamsburg,VA,37.289352,-76.7321728,596450,596642,0,0
6300827,2025-02-18,16,1,10325,The Winthrop Ballpark,Rock Hill,SC,34.9459677,-81.019353,596451,596677,0,0
6301742,2025-03-11,18,1,10325,The Winthrop Ballpark,Rock Hill,SC,34.9459677,-81.019353,596451,596637,0,0
6301781,2025-03-12,16,1,10325,The Winthrop Ballpark,Rock Hill,SC,34.9459677,-81.019353,596451,596637,0,0
6304442,2025-05-13,18,1,13165,Founders Park,Columbia,SC,33.9861513,-81.0428166,596677,596451,0,0
6302090,2025-03-18,18,1,,,,,,,596677,596459,1,0
6301135,2025-02-25,18,1,13165,Founders Park,Columbia,SC,33.9861513,-81.0428166,596677,596461,0,0
6300816,2025-02-18,0,1,30808,S. Walter Kelly Sr. Memorial Field,Kennesaw,GA,33.9346907,-84.5187986,596463,596554,0,0
6303868,2025-04-29,0,1,11769,Foley Field,Athens,GA,33.9410168,-83.38087929999999,596554,596463,0,0
6311707,2025-02-14,18,1,15273,Page Stadium,Los Angeles,CA,33.9666448,-118.4143933,596587,596465,0,0
6311712,2025-02-15,15,1,15273,Page Stadium,Los Angeles,CA,33.9666448,-118.4143933,596587,596465,0,0
6311715,2025-02-16,11,1,15273,Page Stadium,Los Angeles,CA,33.9666448,-118.4143933,596587,596465,0,0
6300875,2025-02-20,18,1,13163,Tony Gwynn Stadium,San Diego,CA,32.7742054,-117.0786595,596669,596465,0,0
6311812,2025-02-21,13,1,,,,,,,596465,596510,1,0
6301044,2025-02-23,12,1,,,,,,,596507,596465,1,0
6311831,2025-02-25,14,1,13162,Joe Etzel Field,Portland,OR,45.5739511,-122.7294347,596650,596465,0,0
6301186,2025-02-28,15,1,15293,Bannerwood Park,Bellevue,WA,47.59513829999999,-122.1633622,596465,596645,0,0
6301275,2025-03-01,14,1,15293,Bannerwood Park,Bellevue,WA,47.59513829999999,-122.1633622,596465,596645,0,0
6301327,2025-03-02,12,1,15293,Bannerwood Park,Bellevue,WA,47.59513829999999,-122.1633622,596465,596645,0,0
6301445,2025-03-05,15,1,14579,Patterson Baseball Complex and Coach Steve Hertz Field,Spokane,WA,47.66270979999999,-117.3989089,596555,596465,0,0
6311868,2025-03-14,0,1,15293,Bannerwood Park,Bellevue,WA,47.59513829999999,-122.1633622,596465,596527,0,1
6311857,2025-03-14,15,1,15293,Bannerwood Park,Bellevue,WA,47.59513829999999,-122.1633622,596465,596527,0,2
6311866,2025-03-16,0,1,15293,Bannerwood Park,Bellevue,WA,47.59513829999999,-122.1633622,596465,596527,0,0
6302033,2025-03-17,13,1,15293,Bannerwood Park,Bellevue,WA,47.59513829999999,-122.1633622,596465,596555,0,0
6302190,2025-03-21,14,1,15293,Bannerwood Park,Bellevue,WA,47.59513829999999,-122.1633622,596465,596474,0,0
6302269,2025-03-22,10,1,15293,Bannerwood Park,Bellevue,WA,47.59513829999999,-122.1633622,596465,596474,0,0
6302116,2025-03-23,0,1,15293,Bannerwood Park,Bellevue,WA,47.59513829999999,-122.1633622,596465,596474,0,0
6311875,2025-04-04,14,1,15293,Bannerwood Park,Bellevue,WA,47.59513829999999,-122.1633622,596465,596700,0,0
6311880,2025-04-05,0,1,15293,Bannerwood Park,Bellevue,WA,47.59513829999999,-122.1633622,596465,596700,0,2
6311877,2025-04-05,14,1,15293,Bannerwood Park,Bellevue,WA,47.59513829999999,-122.1633622,596465,596700,0,1
6303083,2025-04-11,16,1,14576,John Smith Field,Sacramento,CA,38.5586042,-121.4267018,596509,596465,0,0
6303192,2025-04-12,18,1,14576,John Smith Field,Sacramento,CA,38.5586042,-121.4267018,596509,596465,0,0
6303247,2025-04-13,13,1,14576,John Smith Field,Sacramento,CA,38.5586042,-121.4267018,596509,596465,0,0
6311895,2025-04-25,16,1,15293,Bannerwood Park,Bellevue,WA,47.59513829999999,-122.1633622,596465,596477,0,0
6311897,2025-04-26,16,1,15293,Bannerwood Park,Bellevue,WA,47.59513829999999,-122.1633622,596465,596477,0,0
6311898,2025-04-27,11,1,15293,Bannerwood Park,Bellevue,WA,47.59513829999999,-122.1633622,596465,596477,0,0
6300641,2025-02-14,18,1,10329,Dusty Rhodes Field at Harmon Stadium,Jacksonville,FL,30.27503050000001,-81.5083789,596467,596637,0,0
6300790,2025-02-15,0,1,10329,Dusty Rhodes Field at Harmon Stadium,Jacksonville,FL,30.27503050000001,-81.5083789,596467,596637,0,2
6300711,2025-02-15,15,1,10329,Dusty Rhodes Field at Harmon Stadium,Jacksonville,FL,30.27503050000001,-81.5083789,596467,596637,0,1
6301139,2025-02-26,0,1,20900,Condron Family Ballpark at Alfred A. McKethan Field,Gainesville,FL,29.6364107,-82.3637638,596546,596467,0,0
6302665,2025-04-01,0,1,20900,Condron Family Ballpark at Alfred A. McKethan Field,Gainesville,FL,29.6364107,-82.3637638,596546,596467,0,0
6303017,2025-04-08,18,1,10329,Dusty Rhodes Field at Harmon Stadium,Jacksonville,FL,30.27503050000001,-81.5083789,596467,596519,0,0
6303615,2025-04-22,18,1,13165,Founders Park,Columbia,SC,33.9861513,-81.0428166,596677,596467,0,0
6303909,2025-04-29,18,1,10300,John Euliano Park,Orlando,FL,28.6097258,-81.1956972,596519,596467,0,0
6303021,2025-04-08,18,1,13165,Founders Park,Columbia,SC,33.9861513,-81.0428166,596677,596469,0,0
6385785,2025-05-31,12,0,15269,Doug Kingsmore Stadium,Clemson,SC,34.6787794,-82.8493165,596577,596469,1,0
6300578,2025-02-14,0,1,10330,Ken Dugan Field,Nashville,TN,36.102511,-86.7989652,596472,596577,0,1
6300654,2025-02-14,23,1,10330,Ken Dugan Field,Nashville,TN,36.102511,-86.7989652,596472,596577,0,2
6310462,2025-04-22,18,1,11055,Lindsey Nelson Stadium,Knoxville,TN,35.94927029999999,-83.92943729999999,596721,596472,0,0
6301152,2025-02-26,18,1,15275,Alex Rodriguez Park at Mark Light Field,Coral Gables,FL,25.7120599,-80.2822951,596600,596473,0,0
6301191,2025-02-28,15,1,11769,Foley Field,Athens,GA,33.9410168,-83.38087929999999,596554,596473,0,0
6356887,2025-03-01,0,1,11769,Foley Field,Athens,GA,33.9410168,-83.38087929999999,596554,596473,0,2
6301282,2025-03-01,14,1,11769,Foley Field,Athens,GA,33.9410168,-83.38087929999999,596554,596473,0,1
6301366,2025-03-02,13,1,11769,Foley Field,Athens,GA,33.9410168,-83.38087929999999,596554,596473,0,0
6300871,2025-02-20,16,1,13164,Excite Ballpark,San Jose,CA,37.321141,-121.8622634,596672,596474,0,0
6300881,2025-02-21,16,1,13164,Excite Ballpark,San Jose,CA,37.321141,-121.8622634,596672,596474,0,0
6300954,2025-02-22,15,1,13164,Excite Ballpark,San Jose,CA,37.321141,-121.8622634,596672,596474,0,0
6301029,2025-02-23,13,1,13164,Excite Ballpark,San Jose,CA,37.321141,-121.8622634,596672,596474,0,0
6302965,2025-04-07,0,1,11780,Wilson Stadium,Las Vegas,NV,36.1115451,-115.147587,596619,596474,0,0
6302971,2025-04-08,0,1,11780,Wilson Stadium,Las Vegas,NV,36.1115451,-115.147587,596619,596474,0,0
6316415,2025-02-25,0,1,11055,Lindsey Nelson Stadium,Knoxville,TN,35.94927029999999,-83.92943729999999,596721,596475,0,0
6301540,2025-03-07,18,1,12488,"Alex Box Stadium, Skip Bertman Field",Baton Rouge,LA,30.4056681,-91.18804019999999,596583,596475,0,0
6301623,2025-03-08,18,1,12488,"Alex Box Stadium, Skip Bertman Field",Baton Rouge,LA,30.4056681,-91.18804019999999,596583,596475,0,0
6301679,2025-03-09,13,1,12488,"Alex Box Stadium, Skip Bertman Field",Baton Rouge,LA,30.4056681,-91.18804019999999,596583,596475,0,0
6300960,2025-02-22,0,1,,,,,,,596608,596479,1,0
6302987,2025-04-08,17,1,11055,Lindsey Nelson Stadium,Knoxville,TN,35.94927029999999,-83.92943729999999,596721,596479,0,0
6302996,2025-04-08,18,1,15262,Young Memorial Field,Birmingham,AL,33.4984935,-86.8105794,596481,596605,0,0
6303033,2025-04-09,16,1,12490,Oxford-University Stadium/Swayze Field,Oxford,MS,34.36233,-89.5289178,596607,596483,0,0
6316746,2025-03-28,0,1,11757,Beaver Field at Jim and Bettie Smith Stadium,Boone,NC,36.211489,-81.693091,596484,596642,0,0
6316747,2025-03-29,0,1,11757,Beaver Field at Jim and Bettie Smith Stadium,Boone,NC,36.211489,-81.693091,596484,596642,0,1
6316748,2025-03-29,0,1,11757,Beaver Field at Jim and Bettie Smith Stadium,Boone,NC,36.211489,-81.693091,596484,596642,0,2
6312558,2025-02-18,16,1,12490,Oxford-University Stadium/Swayze Field,Oxford,MS,34.36233,-89.5289178,596607,596486,0,0
6313084,2025-02-14,16,1,10296,Raymond C. Hand Park,Clarksville,TN,36.5380536,-87.3562753,596490,596623,1,0
6310699,2025-04-22,18,1,11221,Alexander Field,West Lafayette,IN,40.4377366,-86.9414449,596653,596490,0,0
6354748,2025-04-29,0,1,12490,Oxford-University Stadium/Swayze Field,Oxford,MS,34.36233,-89.5289178,596607,596490,0,0
6308424,2025-05-06,18,1,11221,Alexander Field,West Lafayette,IN,40.4377366,-86.9414449,596653,596491,0,0
6303910,2025-04-29,18,1,13165,Founders Park,Columbia,SC,33.9861513,-81.0428166,596677,596492,0,0
6316537,2025-03-01,0,1,,,,,,,596493,596639,1,0
6316548,2025-03-14,0,1,11775,Hoglund Ballpark,Lawrence,KS,38.9530464,-95.25299919999999,596575,596493,0,0
6316551,2025-03-16,0,1,11775,Hoglund Ballpark,Lawrence,KS,38.9530464,-95.25299919999999,596575,596493,0,0
6304505,2025-05-15,18,1,10300,John Euliano Park,Orlando,FL,28.6097258,-81.1956972,596519,596493,0,0
6304578,2025-05-16,18,1,10300,John Euliano Park,Orlando,FL,28.6097258,-81.1956972,596519,596493,0,0
6304609,2025-05-17,13,1,10300,John Euliano Park,Orlando,FL,28.6097258,-81.1956972,596519,596493,0,0
6303046,2025-04-09,18,1,15275,Alex Rodriguez Park at Mark Light Field,Coral Gables,FL,25.7120599,-80.2822951,596600,596494,0,0
6371215,2025-04-11,0,1,10673,Brighton Baseball Field,Boston,MA,42.3442133,-71.1601726,596496,596637,0,1
6371281,2025-04-11,0,1,10673,Brighton Baseball Field,Boston,MA,42.3442133,-71.1601726,596496,596637,0,2
6371575,2025-04-13,0,1,10673,Brighton Baseball Field,Boston,MA,42.3442133,-71.1601726,596496,596637,0,0
6317813,2025-04-25,0,1,10673,Brighton Baseball Field,Boston,MA,42.3442133,-71.1601726,596496,596600,0,0
6317814,2025-04-26,0,1,10673,Brighton Baseball Field,Boston,MA,42.3442133,-71.1601726,596496,596600,0,0
6317815,2025-04-27,0,1,10673,Brighton Baseball Field,Boston,MA,42.3442133,-71.1601726,596496,596600,1,0
6314285,2025-05-02,18,1,10673,Brighton Baseball Field,Boston,MA,42.3442133,-71.1601726,596496,596688,0,0
6314286,2025-05-03,14,1,10673,Brighton Baseball Field,Boston,MA,42.3442133,-71.1601726,596496,596688,0,0
6314288,2025-05-04,13,1,10673,Brighton Baseball Field,Boston,MA,42.3442133,-71.1601726,596496,596688,0,0
6385134,2025-05-20,0,1,14590,Durham Athletic Park,Durham,NC,,,596637,596496,1,0
6304266,2025-05-09,18,1,13158,Frank Eck Stadium,Notre Dame,IN,41.6963173,-86.2280624,596637,596497,0,0
6304313,2025-05-10,14,1,13158,Frank Eck Stadium,Notre Dame,IN,41.6963173,-86.2280624,596637,596497,0,0
6304409,2025-05-11,15,1,13874,Warren E. Steller Field,Bowling Green,OH,41.38094299999999,-83.6284221,596497,596637,0,0
6300939,2025-02-21,18,1,10300,John Euliano Park,Orlando,FL,28.6097258,-81.1956972,596519,596501,0,0
6301022,2025-02-22,18,1,10300,John Euliano Park,Orlando,FL,28.6097258,-81.1956972,596519,596501,0,0
6301051,2025-02-23,13,1,10300,John Euliano Park,Orlando,FL,28.6097258,-81.1956972,596519,596501,0,0
6311259,2025-04-01,17,1,11784,Medlar Field at Lubrano Park,State College,PA,40.812278,-77.85242459999999,596647,596502,0,0
6302064,2025-03-18,16,1,13158,Frank Eck Stadium,Notre Dame,IN,41.6963173,-86.2280624,596637,596503,0,0
6314229,2025-02-15,0,1,11760,Goodwin Field,Fullerton,CA,33.88713899999999,-117.8853105,596506,596688,0,1
6314226,2025-02-15,17,1,11760,Goodwin Field,Fullerton,CA,33.88713899999999,-117.8853105,596506,596688,0,2
6314232,2025-02-16,13,1,11760,Goodwin Field,Fullerton,CA,33.88713899999999,-117.8853105,596506,596688,0,0
6314236,2025-02-17,13,1,11760,Goodwin Field,Fullerton,CA,33.88713899999999,-117.8853105,596506,596688,0,0
6301427,2025-03-04,18,1,11760,Goodwin Field,Fullerton,CA,33.88713899999999,-117.8853105,596506,596669,0,0
6313007,2025-03-18,18,1,11760,Goodwin Field,Fullerton,CA,33.88713899999999,-117.8853105,596506,596619,0,0
6303602,2025-04-22,18,1,13163,Tony Gwynn Stadium,San Diego,CA,32.7742054,-117.0786595,596669,596506,0,0
6385381,2025-05-23,0,1,11760,Goodwin Field,Fullerton,CA,33.88713899999999,-117.8853105,596506,596557,0,0
6303008,2025-04-08,18,1,15268,Jackie Robinson Stadium,Los Angeles,CA,34.0593478,-118.4592837,596514,596507,0,0
6304157,2025-05-06,18,1,10299,Blair Field,Long Beach,CA,33.7782986,-118.1388329,596507,596514,0,0
6303860,2025-04-28,18,1,11053,Sunken Diamond,Stanford,CA,37.43173,-122.1587444,596688,596509,0,0
6301016,2025-02-22,18,1,13163,Tony Gwynn Stadium,San Diego,CA,32.7742054,-117.0786595,596669,596510,0,0
6385377,2025-05-21,0,1,11760,Goodwin Field,Fullerton,CA,33.88713899999999,-117.8853105,596557,596510,1,0
6314279,2025-04-07,18,1,11053,Sunken Diamond,Stanford,CA,37.43173,-122.1587444,596688,596512,0,0
6314280,2025-04-21,18,1,11053,Sunken Diamond,Stanford,CA,37.43173,-122.1587444,596688,596512,0,0
6300664,2025-02-15,11,1,,,,,,,596623,596513,1,0
6301750,2025-03-11,18,1,15268,Jackie Robinson Stadium,Los Angeles,CA,34.0593478,-118.4592837,596514,596513,0,0
6303593,2025-04-22,18,1,13151,Anteater Ballpark,Irvine,CA,33.6509289,-117.8480428,596513,596514,0,0
6385378,2025-05-22,0,1,11760,Goodwin Field,Fullerton,CA,33.88713899999999,-117.8853105,596513,596557,1,0
6385763,2025-06-01,19,0,15268,Jackie Robinson Stadium,Los Angeles,CA,34.0593478,-118.4592837,596513,596514,0,0
6301035,2025-02-23,8,1,,,,,,,596601,596514,1,0
6301279,2025-03-01,14,1,15268,Jackie Robinson Stadium,Los Angeles,CA,34.0593478,-118.4592837,596514,596526,0,0
6301379,2025-03-02,14,1,15268,Jackie Robinson Stadium,Los Angeles,CA,34.0593478,-118.4592837,596514,596681,0,0
6301415,2025-03-04,17,1,15268,Jackie Robinson Stadium,Los Angeles,CA,34.0593478,-118.4592837,596514,596602,0,0
6301489,2025-03-07,13,1,11045,"Bob ""Turtle"" Smith Stadium",College Park,MD,38.9887937,-76.94456869999999,596593,596514,0,0
6301567,2025-03-08,11,1,11045,"Bob ""Turtle"" Smith Stadium",College Park,MD,38.9887937,-76.94456869999999,596593,596514,0,0
6301646,2025-03-09,9,1,11045,"Bob ""Turtle"" Smith Stadium",College Park,MD,38.9887937,-76.94456869999999,596593,596514,0,0
6302167,2025-03-21,18,1,15268,Jackie Robinson Stadium,Los Angeles,CA,34.0593478,-118.4592837,596514,596566,0,0
6302235,2025-03-22,14,1,15268,Jackie Robinson Stadium,Los Angeles,CA,34.0593478,-118.4592837,596514,596566,0,0
6302323,2025-03-23,13,1,15268,Jackie Robinson Stadium,Los Angeles,CA,34.0593478,-118.4592837,596514,596566,0,0
6302387,2025-03-25,18,1,15268,Jackie Robinson Stadium,Los Angeles,CA,34.0593478,-118.4592837,596514,596587,0,0
6302446,2025-03-28,13,1,11221,Alexander Field,West Lafayette,IN,40.4377366,-86.9414449,596653,596514,0,0
6302522,2025-03-29,10,1,11221,Alexander Field,West Lafayette,IN,40.4377366,-86.9414449,596653,596514,0,0
6302600,2025-03-30,9,1,11221,Alexander Field,West Lafayette,IN,40.4377366,-86.9414449,596653,596514,0,0
6302707,2025-04-01,18,1,15268,Jackie Robinson Stadium,Los Angeles,CA,34.0593478,-118.4592837,596514,596648,0,0
6302794,2025-04-04,18,1,15268,Jackie Robinson Stadium,Los Angeles,CA,34.0593478,-118.4592837,596514,596670,0,0
6302863,2025-04-05,14,1,15268,Jackie Robinson Stadium,Los Angeles,CA,34.0593478,-118.4592837,596514,596670,0,0
6302945,2025-04-06,13,1,15268,Jackie Robinson Stadium,Los Angeles,CA,34.0593478,-118.4592837,596514,596670,0,0
6303438,2025-04-18,17,1,13160,PK Park,Eugene,OR,44.05904350000001,-123.0654476,596644,596514,0,0
6303533,2025-04-19,14,1,13160,PK Park,Eugene,OR,44.05904350000001,-123.0654476,596644,596514,0,0
6303550,2025-04-20,12,1,13160,PK Park,Eugene,OR,44.05904350000001,-123.0654476,596644,596514,0,0
6303693,2025-04-25,18,1,15268,Jackie Robinson Stadium,Los Angeles,CA,34.0593478,-118.4592837,596514,596647,0,0
6303752,2025-04-26,14,1,15268,Jackie Robinson Stadium,Los Angeles,CA,34.0593478,-118.4592837,596514,596647,0,0
6303840,2025-04-27,13,1,15268,Jackie Robinson Stadium,Los Angeles,CA,34.0593478,-118.4592837,596514,596647,0,0
6303897,2025-04-29,18,1,15273,Page Stadium,Los Angeles,CA,33.9666448,-118.4143933,596587,596514,0,0
6303997,2025-05-02,18,1,11052,Dedeaux Field,Los Angeles,CA,34.0237631,-118.2898522,596681,596514,0,0
6304049,2025-05-03,14,1,11052,Dedeaux Field,Los Angeles,CA,34.0237631,-118.2898522,596681,596514,0,0
6304123,2025-05-04,13,1,11052,Dedeaux Field,Los Angeles,CA,34.0237631,-118.2898522,596681,596514,0,0
6304233,2025-05-09,16,1,11771,Illinois Field,Champaign,IL,,,596563,596514,0,0
6304300,2025-05-10,13,1,11771,Illinois Field,Champaign,IL,,,596563,596514,0,0
6304363,2025-05-11,10,1,11771,Illinois Field,Champaign,IL,,,596563,596514,0,0
6385138,2025-05-21,0,1,12481,Charles Schwab Field Omaha,Omaha,NE,41.266835,-95.9310643,596514,596563,1,0
6385141,2025-05-22,0,1,12481,Charles Schwab Field Omaha,Omaha,NE,41.266835,-95.9310643,596514,596602,1,0
6386116,2025-06-16,18,0,12481,Charles Schwab Field Omaha,Omaha,NE,41.266835,-95.9310643,596583,596514,1,0
6311915,2025-03-11,14,1,11780,Wilson Stadium,Las Vegas,NV,36.1115451,-115.147587,596619,596515,0,0
6302385,2025-03-25,18,1,13163,Tony Gwynn Stadium,San Diego,CA,32.7742054,-117.0786595,596669,596515,0,0
6311934,2025-04-22,14,1,,,,,,,596515,596619,0,0
6303865,2025-04-29,18,1,,,,,,,596515,596669,0,0
6300634,2025-02-14,18,1,10300,John Euliano Park,Orlando,FL,28.6097258,-81.1956972,596519,596675,0,0
6300723,2025-02-15,18,1,10300,John Euliano Park,Orlando,FL,28.6097258,-81.1956972,596519,596675,0,0
6300760,2025-02-16,13,1,10300,John Euliano Park,Orlando,FL,28.6097258,-81.1956972,596519,596675,0,0
6300869,2025-02-20,0,1,10300,John Euliano Park,Orlando,FL,28.6097258,-81.1956972,596519,596608,0,0
6301216,2025-02-28,18,1,12500,USF Baseball Stadium,Tampa,FL,28.0587021,-82.4045364,596679,596519,0,0
6301287,2025-03-01,14,1,12500,USF Baseball Stadium,Tampa,FL,28.0587021,-82.4045364,596679,596519,0,0
6301347,2025-03-02,13,1,12500,USF Baseball Stadium,Tampa,FL,28.0587021,-82.4045364,596679,596519,0,0
6301433,2025-03-04,18,1,10300,John Euliano Park,Orlando,FL,28.6097258,-81.1956972,596519,596546,0,0
6301534,2025-03-07,18,1,10300,John Euliano Park,Orlando,FL,28.6097258,-81.1956972,596519,596609,0,0
6301624,2025-03-08,18,1,10300,John Euliano Park,Orlando,FL,28.6097258,-81.1956972,596519,596609,0,0
6301659,2025-03-09,13,1,10300,John Euliano Park,Orlando,FL,28.6097258,-81.1956972,596519,596609,0,0
6301757,2025-03-11,18,1,10300,John Euliano Park,Orlando,FL,28.6097258,-81.1956972,596519,596600,0,0
6302177,2025-03-21,18,1,10300,John Euliano Park,Orlando,FL,28.6097258,-81.1956972,596519,596561,0,0
6302261,2025-03-22,18,1,10300,John Euliano Park,Orlando,FL,28.6097258,-81.1956972,596519,596561,0,0
6302296,2025-03-23,13,1,10300,John Euliano Park,Orlando,FL,28.6097258,-81.1956972,596519,596561,0,0
6302380,2025-03-25,18,1,11773,John Sessions Stadium,Jacksonville,FL,30.35156970000001,-81.608345,596572,596519,0,0
6302808,2025-04-04,18,1,10300,John Euliano Park,Orlando,FL,28.6097258,-81.1956972,596519,596575,0,0
6302888,2025-04-05,18,1,10300,John Euliano Park,Orlando,FL,28.6097258,-81.1956972,596519,596575,0,0
6302925,2025-04-06,13,1,10300,John Euliano Park,Orlando,FL,28.6097258,-81.1956972,596519,596575,0,0
6303089,2025-04-11,18,1,11774,Tointon Family Stadium,Manhattan,KS,39.1992239,-96.59697349999999,596574,596519,0,0
6303184,2025-04-12,16,1,11774,Tointon Family Stadium,Manhattan,KS,39.1992239,-96.59697349999999,596574,596519,0,0
6303234,2025-04-13,13,1,11774,Tointon Family Stadium,Manhattan,KS,39.1992239,-96.59697349999999,596574,596519,0,0
6310418,2025-04-15,18,1,10300,John Euliano Park,Orlando,FL,28.6097258,-81.1956972,596519,596542,0,0
6303947,2025-05-02,0,1,18528,O'Brate Stadium,Stillwater,OK,,,596714,596519,0,0
6304013,2025-05-03,0,1,18528,O'Brate Stadium,Stillwater,OK,,,596714,596519,0,0
6304081,2025-05-04,0,1,18528,O'Brate Stadium,Stillwater,OK,,,596714,596519,0,0
6304180,2025-05-06,18,1,11787,Hammons Field,Springfield,MO,37.2115106,-93.2794258,596685,596519,0,0
6301501,2025-03-07,15,1,11769,Foley Field,Athens,GA,33.9410168,-83.38087929999999,596554,596525,0,0
6301601,2025-03-08,14,1,11769,Foley Field,Athens,GA,33.9410168,-83.38087929999999,596554,596525,0,0
6301685,2025-03-09,13,1,11769,Foley Field,Athens,GA,33.9410168,-83.38087929999999,596554,596525,0,0
6385712,2025-05-31,20,0,15285,Pete Taylor Park at Hill Denson Field,Hattiesburg,MS,31.33367290000001,-89.3380093,596600,596525,1,0
6300717,2025-02-15,16,1,,,,,,,596608,596526,1,0
6300791,2025-02-16,14,1,,,,,,,596526,596647,1,0
6301470,2025-03-07,0,1,15275,Alex Rodriguez Park at Mark Light Field,Coral Gables,FL,25.7120599,-80.2822951,596600,596526,0,0
6301549,2025-03-08,0,1,15275,Alex Rodriguez Park at Mark Light Field,Coral Gables,FL,25.7120599,-80.2822951,596600,596526,0,0
6301628,2025-03-09,0,1,15275,Alex Rodriguez Park at Mark Light Field,Coral Gables,FL,25.7120599,-80.2822951,596600,596526,0,0
6385795,2025-05-30,19,0,11758,Baum-Walker Stadium,Fayetteville,AR,36.0501673,-94.18259719999999,596575,596529,1,0
6301434,2025-03-04,18,1,13165,Founders Park,Columbia,SC,33.9861513,-81.0428166,596677,596531,0,0
6300879,2025-02-21,0,1,20900,Condron Family Ballpark at Alfred A. McKethan Field,Gainesville,FL,29.6364107,-82.3637638,596546,596532,0,0
6300952,2025-02-22,0,1,20900,Condron Family Ballpark at Alfred A. McKethan Field,Gainesville,FL,29.6364107,-82.3637638,596546,596532,0,0
6301027,2025-02-23,0,1,20900,Condron Family Ballpark at Alfred A. McKethan Field,Gainesville,FL,29.6364107,-82.3637638,596546,596532,0,0
6303305,2025-04-15,17,1,11784,Medlar Field at Lubrano Park,State College,PA,40.812278,-77.85242459999999,596647,596534,0,0
6301123,2025-02-26,0,1,14577,Clark-LeClair,Greenville,NC,35.59328389999999,-77.36703109999999,596535,596642,0,0
6385734,2025-05-30,12,0,12630,Springs Brooks Stadium,Conway,SC,33.7934684,-79.0152394,596546,596535,1,0
6385738,2025-06-01,12,0,12630,Springs Brooks Stadium,Conway,SC,33.7934684,-79.0152394,596535,596546,1,0
6314705,2025-03-11,0,1,11769,Foley Field,Athens,GA,33.9410168,-83.38087929999999,596554,596536,0,0
6314708,2025-03-18,0,1,11055,Lindsey Nelson Stadium,Knoxville,TN,35.94927029999999,-83.92943729999999,596721,596536,0,0
6314722,2025-03-26,0,1,14578,Thomas Stadium,Johnson City,TN,36.3098413,-82.3638362,596536,596642,0,0
6354726,2025-02-21,0,1,12490,Oxford-University Stadium/Swayze Field,Oxford,MS,34.36233,-89.5289178,596607,596538,0,0
6354727,2025-02-22,0,1,12490,Oxford-University Stadium/Swayze Field,Oxford,MS,34.36233,-89.5289178,596607,596538,0,0
6354729,2025-02-23,0,1,12490,Oxford-University Stadium/Swayze Field,Oxford,MS,34.36233,-89.5289178,596607,596538,0,0
6301428,2025-03-04,18,1,13592,Turkey Hughes Field at Earle Combs Stadium,Richmond,KY,37.7359937,-84.3007269,596538,596577,0,0
6301707,2025-03-11,0,1,13889,Nick Swisher Field at Bill Davis Stadium,Columbus,OH,40.0099518,-83.0258996,596639,596539,0,0
6301454,2025-05-13,0,1,13158,Frank Eck Stadium,Notre Dame,IN,41.6963173,-86.2280624,596637,596539,0,0
6385737,2025-05-31,15,0,12630,Springs Brooks Stadium,Conway,SC,33.7934684,-79.0152394,596540,596546,1,0
6302729,2025-03-04,0,1,11784,Medlar Field at Lubrano Park,State College,PA,40.812278,-77.85242459999999,596647,596541,0,0
6358251,2025-02-21,0,1,,,,,,,596542,596608,1,0
6300853,2025-03-19,0,1,20900,Condron Family Ballpark at Alfred A. McKethan Field,Gainesville,FL,29.6364107,-82.3637638,596546,596542,0,0
6309057,2025-03-04,0,1,15271,FIU Baseball Stadium,Miami,FL,25.7546298,-80.3808271,596544,596600,1,0
6309067,2025-04-02,18,1,15275,Alex Rodriguez Park at Mark Light Field,Coral Gables,FL,25.7120599,-80.2822951,596600,596544,0,0
6309234,2025-04-23,18,1,15271,FIU Baseball Stadium,Miami,FL,25.7546298,-80.3808271,596544,596600,0,0
6309250,2025-05-07,18,1,15275,Alex Rodriguez Park at Mark Light Field,Coral Gables,FL,25.7120599,-80.2822951,596600,596544,0,0
6300813,2025-02-18,0,1,11773,John Sessions Stadium,Jacksonville,FL,30.35156970000001,-81.608345,596572,596546,0,0
6301161,2025-02-28,0,1,20900,Condron Family Ballpark at Alfred A. McKethan Field,Gainesville,FL,29.6364107,-82.3637638,596546,596600,0,0
6301237,2025-03-01,0,1,20900,Condron Family Ballpark at Alfred A. McKethan Field,Gainesville,FL,29.6364107,-82.3637638,596546,596600,0,0
6301315,2025-03-02,0,1,20900,Condron Family Ballpark at Alfred A. McKethan Field,Gainesville,FL,29.6364107,-82.3637638,596546,596600,0,0
6301476,2025-03-07,0,1,20900,Condron Family Ballpark at Alfred A. McKethan Field,Gainesville,FL,29.6364107,-82.3637638,596546,596556,0,0
6365147,2025-03-08,0,1,20900,Condron Family Ballpark at Alfred A. McKethan Field,Gainesville,FL,29.6364107,-82.3637638,596546,596556,0,1
6365211,2025-03-08,0,1,20900,Condron Family Ballpark at Alfred A. McKethan Field,Gainesville,FL,29.6364107,-82.3637638,596546,596556,0,2
6301809,2025-03-14,0,1,11055,Lindsey Nelson Stadium,Knoxville,TN,35.94927029999999,-83.92943729999999,596721,596546,0,0
6301885,2025-03-15,0,1,11055,Lindsey Nelson Stadium,Knoxville,TN,35.94927029999999,-83.92943729999999,596721,596546,0,0
6301964,2025-03-16,0,1,11055,Lindsey Nelson Stadium,Knoxville,TN,35.94927029999999,-83.92943729999999,596721,596546,0,0
6302039,2025-03-18,0,1,20900,Condron Family Ballpark at Alfred A. McKethan Field,Gainesville,FL,29.6364107,-82.3637638,596546,596572,0,0
6302114,2025-03-21,0,1,20900,Condron Family Ballpark at Alfred A. McKethan Field,Gainesville,FL,29.6364107,-82.3637638,596546,596554,0,0
6302188,2025-03-22,0,1,20900,Condron Family Ballpark at Alfred A. McKethan Field,Gainesville,FL,29.6364107,-82.3637638,596546,596554,0,0
6302267,2025-03-23,0,1,20900,Condron Family Ballpark at Alfred A. McKethan Field,Gainesville,FL,29.6364107,-82.3637638,596546,596554,0,0
6302423,2025-03-27,0,1,12490,Oxford-University Stadium/Swayze Field,Oxford,MS,34.36233,-89.5289178,596607,596546,0,0
6302434,2025-03-28,0,1,12490,Oxford-University Stadium/Swayze Field,Oxford,MS,34.36233,-89.5289178,596607,596546,0,1
6302510,2025-03-28,23,1,12490,Oxford-University Stadium/Swayze Field,Oxford,MS,34.36233,-89.5289178,596607,596546,0,2
6303049,2025-04-10,0,1,20900,Condron Family Ballpark at Alfred A. McKethan Field,Gainesville,FL,29.6364107,-82.3637638,596546,596608,0,0
6371465,2025-04-12,0,1,20900,Condron Family Ballpark at Alfred A. McKethan Field,Gainesville,FL,29.6364107,-82.3637638,596546,596608,0,1
6371491,2025-04-12,0,1,20900,Condron Family Ballpark at Alfred A. McKethan Field,Gainesville,FL,29.6364107,-82.3637638,596546,596608,0,2
6303395,2025-04-18,0,1,14587,"Dudy Noble Field, Polk-DeMent Stadium",Starkville,MS,33.4631671,-88.7940254,596605,596546,0,0
6303465,2025-04-19,0,1,14587,"Dudy Noble Field, Polk-DeMent Stadium",Starkville,MS,33.4631671,-88.7940254,596605,596546,0,0
6303539,2025-04-20,0,1,14587,"Dudy Noble Field, Polk-DeMent Stadium",Starkville,MS,33.4631671,-88.7940254,596605,596546,0,0
6303568,2025-04-22,0,1,20900,Condron Family Ballpark at Alfred A. McKethan Field,Gainesville,FL,29.6364107,-82.3637638,596546,596551,0,0
6303944,2025-05-02,0,1,13165,Founders Park,Columbia,SC,33.9861513,-81.0428166,596677,596546,0,0
6304010,2025-05-03,0,1,13165,Founders Park,Columbia,SC,33.9861513,-81.0428166,596677,596546,0,0
6304078,2025-05-04,0,1,13165,Founders Park,Columbia,SC,33.9861513,-81.0428166,596677,596546,0,0
6304142,2025-05-06,0,1,20900,Condron Family Ballpark at Alfred A. McKethan Field,Gainesville,FL,29.6364107,-82.3637638,596546,596679,0,0
6385233,2025-05-20,0,1,15910,Hoover Metropolitan Stadium,Hoover,AL,33.3383625,-86.849649,596546,596677,1,0
6385229,2025-05-21,0,1,15910,Hoover Metropolitan Stadium,Hoover,AL,33.3383625,-86.849649,596607,596546,1,0
6311251,2025-03-11,15,1,10306,Capital One Park,Tysons,VA,39.0309863,-77.150187,596550,596647,0,0
6311252,2025-03-12,15,1,10306,Capital One Park,Tysons,VA,39.0309863,-77.150187,596550,596647,0,0
6303115,2025-04-11,18,1,10307,J.I. Clements Stadium,Statesboro,GA,32.4288755,-81.7815925,596551,596642,0,0
6303166,2025-04-12,14,1,10307,J.I. Clements Stadium,Statesboro,GA,32.4288755,-81.7815925,596551,596642,0,0
6303253,2025-04-13,13,1,10307,J.I. Clements Stadium,Statesboro,GA,32.4288755,-81.7815925,596551,596642,0,0
6307824,2025-02-26,16,1,11768,GSU Baseball Complex,Decatur,GA,33.6879827,-84.2794856,596552,596554,0,0
6356888,2025-03-05,0,1,11769,Foley Field,Athens,GA,33.9410168,-83.38087929999999,596554,596552,0,0
6301795,2025-03-12,18,1,13165,Founders Park,Columbia,SC,33.9861513,-81.0428166,596677,596552,0,0
6307864,2025-03-21,18,1,13159,Bud Metheny Complex ,Norfolk,VA,36.88393399999999,-76.3090691,596642,596552,0,0
6307869,2025-03-22,14,1,13159,Bud Metheny Complex ,Norfolk,VA,36.88393399999999,-76.3090691,596642,596552,0,0
6307872,2025-03-23,13,1,13159,Bud Metheny Complex ,Norfolk,VA,36.88393399999999,-76.3090691,596642,596552,0,0
6314656,2025-02-14,0,1,12491,Brooks Field,Wilmington,NC,34.2218841,-77.87325849999999,596554,596654,1,0
6314657,2025-02-15,0,1,12491,Brooks Field,Wilmington,NC,34.2218841,-77.87325849999999,596654,596554,1,0
6300714,2025-02-15,16,1,12491,Brooks Field,Wilmington,NC,34.2218841,-77.87325849999999,596617,596554,0,0
6300797,2025-02-16,15,1,12491,Brooks Field,Wilmington,NC,34.2218841,-77.87325849999999,596617,596554,0,0
6359543,2025-02-21,0,1,11769,Foley Field,Athens,GA,33.9410168,-83.38087929999999,596554,596564,0,2
6300885,2025-02-21,1,1,11769,Foley Field,Athens,GA,33.9410168,-83.38087929999999,596554,596564,0,1
6300958,2025-02-22,0,1,11769,Foley Field,Athens,GA,33.9410168,-83.38087929999999,596554,596564,0,0
6301032,2025-02-23,0,1,11769,Foley Field,Athens,GA,33.9410168,-83.38087929999999,596554,596564,0,0
6301390,2025-03-04,0,1,11769,Foley Field,Athens,GA,33.9410168,-83.38087929999999,596554,596705,0,0
6301814,2025-03-14,0,1,11769,Foley Field,Athens,GA,33.9410168,-83.38087929999999,596554,596577,0,0
6301890,2025-03-15,0,1,11769,Foley Field,Athens,GA,33.9410168,-83.38087929999999,596554,596577,0,0
6301969,2025-03-16,0,1,11769,Foley Field,Athens,GA,33.9410168,-83.38087929999999,596554,596577,0,0
6356456,2025-03-25,0,1,11769,Foley Field,Athens,GA,33.9410168,-83.38087929999999,596554,596947,0,0
6315490,2025-04-01,0,1,11769,Foley Field,Athens,GA,33.9410168,-83.38087929999999,596554,596696,0,0
6356892,2025-04-24,0,1,11769,Foley Field,Athens,GA,33.9410168,-83.38087929999999,596554,596641,0,0
6356893,2025-04-25,0,1,11769,Foley Field,Athens,GA,33.9410168,-83.38087929999999,596554,596641,0,0
6356894,2025-04-26,0,1,11769,Foley Field,Athens,GA,33.9410168,-83.38087929999999,596554,596641,0,0
6356895,2025-05-02,1,1,20585,Taylor Stadium,Columbia,MO,,,596608,596554,0,0
6356896,2025-05-03,1,1,20585,Taylor Stadium,Columbia,MO,,,596608,596554,0,0
6356897,2025-05-04,1,1,20585,Taylor Stadium,Columbia,MO,,,596608,596554,0,0
6385228,2025-05-21,0,1,15910,Hoover Metropolitan Stadium,Hoover,AL,33.3383625,-86.849649,596554,596641,1,0
6385774,2025-06-01,12,0,11769,Foley Field,Athens,GA,33.9410168,-83.38087929999999,596714,596554,0,0
6310719,2025-05-16,0,1,11040,Les Murakami Stadium,Honolulu,HI,21.29357319999999,-157.816349,596557,596694,0,0
6310721,2025-05-18,0,1,11040,Les Murakami Stadium,Honolulu,HI,21.29357319999999,-157.816349,596557,596694,0,0
6316403,2025-02-14,0,1,11055,Lindsey Nelson Stadium,Knoxville,TN,35.94927029999999,-83.92943729999999,596721,596558,0,0
6316405,2025-02-15,0,1,11055,Lindsey Nelson Stadium,Knoxville,TN,35.94927029999999,-83.92943729999999,596721,596558,0,0
6316408,2025-02-16,0,1,11055,Lindsey Nelson Stadium,Knoxville,TN,35.94927029999999,-83.92943729999999,596721,596558,0,0
6301198,2025-02-28,16,1,10717,Kentucky Proud Park,Lexington,KY,38.018621,-84.5034393,596577,596558,0,0
6301258,2025-03-01,13,1,10717,Kentucky Proud Park,Lexington,KY,38.018621,-84.5034393,596577,596558,0,0
6301330,2025-03-02,12,1,10717,Kentucky Proud Park,Lexington,KY,38.018621,-84.5034393,596577,596558,0,0
6307904,2025-03-25,0,1,,,,,,,596563,596608,1,0
6307929,2025-04-25,0,1,11771,Illinois Field,Champaign,IL,,,596563,596653,0,0
6307931,2025-04-26,0,1,11771,Illinois Field,Champaign,IL,,,596563,596653,0,0
6307934,2025-04-27,0,1,11771,Illinois Field,Champaign,IL,,,596563,596653,0,0
6307940,2025-05-15,0,1,13889,Nick Swisher Field at Bill Davis Stadium,Columbus,OH,40.0099518,-83.0258996,596639,596563,0,0
6307942,2025-05-16,0,1,13889,Nick Swisher Field at Bill Davis Stadium,Columbus,OH,40.0099518,-83.0258996,596639,596563,0,0
6307944,2025-05-17,0,1,13889,Nick Swisher Field at Bill Davis Stadium,Columbus,OH,40.0099518,-83.0258996,596639,596563,0,0
6301816,2025-03-14,0,1,11221,Alexander Field,West Lafayette,IN,40.4377366,-86.9414449,596653,596564,0,0
6366454,2025-03-15,0,1,11221,Alexander Field,West Lafayette,IN,40.4377366,-86.9414449,596653,596564,0,0
6310630,2025-03-04,16,1,12485,Bob Warn Field at Sycamore Stadium,Terre Haute,IN,39.4788556,-87.4161037,596565,596653,0,0
6310648,2025-04-08,18,1,11221,Alexander Field,West Lafayette,IN,40.4377366,-86.9414449,596653,596565,0,0
6316497,2025-05-06,0,1,11055,Lindsey Nelson Stadium,Knoxville,TN,35.94927029999999,-83.92943729999999,596721,596565,0,0
6300644,2025-02-14,19,1,,,,,,,596619,596566,1,0
6300806,2025-02-17,12,1,,,,,,,596566,596619,1,0
6301607,2025-03-07,0,1,11784,Medlar Field at Lubrano Park,State College,PA,40.812278,-77.85242459999999,596647,596566,0,2
6301531,2025-03-07,16,1,11784,Medlar Field at Lubrano Park,State College,PA,40.812278,-77.85242459999999,596647,596566,0,1
6301691,2025-03-09,13,1,11784,Medlar Field at Lubrano Park,State College,PA,40.812278,-77.85242459999999,596647,596566,0,0
6301927,2025-03-14,0,1,12631,Bart Kaufman Field,Bloomington,IN,39.1848834,-86.5223836,596566,596639,0,2
6301862,2025-03-14,18,1,12631,Bart Kaufman Field,Bloomington,IN,39.1848834,-86.5223836,596566,596639,0,1
6302019,2025-03-16,13,1,12631,Bart Kaufman Field,Bloomington,IN,39.1848834,-86.5223836,596566,596639,0,0
6304256,2025-05-09,18,1,12631,Bart Kaufman Field,Bloomington,IN,39.1848834,-86.5223836,596566,596653,0,0
6304315,2025-05-10,14,1,12631,Bart Kaufman Field,Bloomington,IN,39.1848834,-86.5223836,596566,596653,0,0
6304396,2025-05-11,13,1,12631,Bart Kaufman Field,Bloomington,IN,39.1848834,-86.5223836,596566,596653,0,0
6300588,2025-02-14,14,1,12488,"Alex Box Stadium, Skip Bertman Field",Baton Rouge,LA,30.4056681,-91.18804019999999,596583,596567,0,0
6300674,2025-02-15,13,1,12488,"Alex Box Stadium, Skip Bertman Field",Baton Rouge,LA,30.4056681,-91.18804019999999,596583,596567,0,0
6300774,2025-02-16,13,1,12488,"Alex Box Stadium, Skip Bertman Field",Baton Rouge,LA,30.4056681,-91.18804019999999,596583,596567,0,0
6303632,2025-04-23,17,1,13158,Frank Eck Stadium,Notre Dame,IN,41.6963173,-86.2280624,596637,596567,0,0
6302036,2025-03-18,0,1,14587,"Dudy Noble Field, Polk-DeMent Stadium",Starkville,MS,33.4631671,-88.7940254,596605,596570,0,0
6302712,2025-04-01,18,1,12490,Oxford-University Stadium/Swayze Field,Oxford,MS,34.36233,-89.5289178,596607,596570,0,0
6301539,2025-03-07,18,1,12490,Oxford-University Stadium/Swayze Field,Oxford,MS,34.36233,-89.5289178,596607,596571,0,0
6301582,2025-03-08,13,1,12490,Oxford-University Stadium/Swayze Field,Oxford,MS,34.36233,-89.5289178,596607,596571,0,0
6301697,2025-03-09,13,1,12490,Oxford-University Stadium/Swayze Field,Oxford,MS,34.36233,-89.5289178,596607,596571,0,0
6301178,2025-02-28,14,1,,,,,,,596574,596583,1,0
6303439,2025-04-18,18,1,11775,Hoglund Ballpark,Lawrence,KS,38.9530464,-95.25299919999999,596575,596574,0,0
6303551,2025-04-19,0,1,11775,Hoglund Ballpark,Lawrence,KS,38.9530464,-95.25299919999999,596575,596574,0,2
6303524,2025-04-19,14,1,11775,Hoglund Ballpark,Lawrence,KS,38.9530464,-95.25299919999999,596575,596574,0,1
6316789,2025-02-22,0,1,10347,Tarleton Baseball Complex,Stephenville,TX,32.2116492,-98.2201017,596700,596575,0,1
6316790,2025-02-22,0,1,10347,Tarleton Baseball Complex,Stephenville,TX,32.2116492,-98.2201017,596700,596575,0,2
6316793,2025-02-23,0,1,10347,Tarleton Baseball Complex,Stephenville,TX,32.2116492,-98.2201017,596700,596575,0,0
6315023,2025-03-28,0,1,11775,Hoglund Ballpark,Lawrence,KS,38.9530464,-95.25299919999999,596575,596714,0,0
6315044,2025-03-29,0,1,11775,Hoglund Ballpark,Lawrence,KS,38.9530464,-95.25299919999999,596575,596714,0,0
6315046,2025-03-30,0,1,11775,Hoglund Ballpark,Lawrence,KS,38.9530464,-95.25299919999999,596575,596714,0,0
6302733,2025-04-02,18,1,11775,Hoglund Ballpark,Lawrence,KS,38.9530464,-95.25299919999999,596575,596678,0,0
6356748,2025-04-29,0,1,11775,Hoglund Ballpark,Lawrence,KS,38.9530464,-95.25299919999999,596575,596608,0,0
6356749,2025-05-06,0,1,20585,Taylor Stadium,Columbia,MO,,,596608,596575,0,0
6385371,2025-05-22,0,1,23620,Globe Life Field,Arlington,TX,32.7474557,-97.0838351,596575,596714,1,0
6316396,2025-04-09,0,1,13889,Nick Swisher Field at Bill Davis Stadium,Columbus,OH,40.0099518,-83.0258996,596639,596576,0,0
6301511,2025-03-07,16,1,10717,Kentucky Proud Park,Lexington,KY,38.018621,-84.5034393,596577,596704,0,0
6301574,2025-03-08,13,1,10717,Kentucky Proud Park,Lexington,KY,38.018621,-84.5034393,596577,596704,0,0
6301674,2025-03-09,13,1,10717,Kentucky Proud Park,Lexington,KY,38.018621,-84.5034393,596577,596704,0,0
6364843,2025-03-11,0,1,10717,Kentucky Proud Park,Lexington,KY,38.018621,-84.5034393,596577,596633,0,0
6302737,2025-04-04,0,1,10717,Kentucky Proud Park,Lexington,KY,38.018621,-84.5034393,596577,596607,0,1
6302748,2025-04-04,0,1,10717,Kentucky Proud Park,Lexington,KY,38.018621,-84.5034393,596577,596607,0,2
6302822,2025-04-05,0,1,10717,Kentucky Proud Park,Lexington,KY,38.018621,-84.5034393,596577,596607,0,0
6302973,2025-04-08,0,1,13882,Jim Patterson Stadium,Louisville,KY,38.20533510000001,-85.7631538,596585,596577,0,0
6303333,2025-04-15,18,1,10717,Kentucky Proud Park,Lexington,KY,38.018621,-84.5034393,596577,596599,0,0
6303403,2025-04-18,0,1,11055,Lindsey Nelson Stadium,Knoxville,TN,35.94927029999999,-83.92943729999999,596721,596577,0,0
6303472,2025-04-19,0,1,11055,Lindsey Nelson Stadium,Knoxville,TN,35.94927029999999,-83.92943729999999,596721,596577,0,0
6303540,2025-04-20,0,1,11055,Lindsey Nelson Stadium,Knoxville,TN,35.94927029999999,-83.92943729999999,596721,596577,0,0
6303570,2025-04-22,0,1,10717,Kentucky Proud Park,Lexington,KY,38.018621,-84.5034393,596577,596585,0,0
6303653,2025-04-26,0,1,10717,Kentucky Proud Park,Lexington,KY,38.018621,-84.5034393,596577,596677,0,1
6303722,2025-04-26,0,1,10717,Kentucky Proud Park,Lexington,KY,38.018621,-84.5034393,596577,596677,0,2
6303794,2025-04-27,0,1,10717,Kentucky Proud Park,Lexington,KY,38.018621,-84.5034393,596577,596677,0,0
6304004,2025-05-03,0,1,14587,"Dudy Noble Field, Polk-DeMent Stadium",Starkville,MS,33.4631671,-88.7940254,596605,596577,0,2
6382496,2025-05-03,0,1,14587,"Dudy Noble Field, Polk-DeMent Stadium",Starkville,MS,33.4631671,-88.7940254,596605,596577,0,1
6304072,2025-05-04,0,1,14587,"Dudy Noble Field, Polk-DeMent Stadium",Starkville,MS,33.4631671,-88.7940254,596605,596577,0,0
6304211,2025-05-09,0,1,10717,Kentucky Proud Park,Lexington,KY,38.018621,-84.5034393,596577,596641,0,0
6304283,2025-05-10,0,1,10717,Kentucky Proud Park,Lexington,KY,38.018621,-84.5034393,596577,596641,0,0
6304356,2025-05-11,0,1,10717,Kentucky Proud Park,Lexington,KY,38.018621,-84.5034393,596577,596641,0,0
6304443,2025-05-13,18,1,10717,Kentucky Proud Park,Lexington,KY,38.018621,-84.5034393,596577,596634,0,0
6385232,2025-05-20,0,1,15910,Hoover Metropolitan Stadium,Hoover,AL,33.3383625,-86.849649,596641,596577,1,0
6311254,2025-03-19,16,1,11784,Medlar Field at Lubrano Park,State College,PA,40.812278,-77.85242459999999,596647,596578,0,0
6312964,2025-02-14,0,1,12496,L. Dale Mitchell Park,Norman,OK,35.19097699999999,-97.445747,596641,596580,0,1
6312966,2025-02-14,0,1,12496,L. Dale Mitchell Park,Norman,OK,35.19097699999999,-97.445747,596641,596580,0,2
6312970,2025-02-15,0,1,12496,L. Dale Mitchell Park,Norman,OK,35.19097699999999,-97.445747,596641,596580,0,0
6311246,2025-02-22,12,1,11792,Gray-Minor Stadium,Lexington,VA,37.7926096,-79.4400746,596582,596647,0,1
6311247,2025-02-22,15,1,11792,Gray-Minor Stadium,Lexington,VA,37.7926096,-79.4400746,596582,596647,0,2
6311248,2025-02-23,13,1,11792,Gray-Minor Stadium,Lexington,VA,37.7926096,-79.4400746,596582,596647,0,0
6300819,2025-02-18,14,1,12488,"Alex Box Stadium, Skip Bertman Field",Baton Rouge,LA,30.4056681,-91.18804019999999,596583,596684,0,0
6301817,2025-03-14,0,1,12488,"Alex Box Stadium, Skip Bertman Field",Baton Rouge,LA,30.4056681,-91.18804019999999,596583,596608,0,0
6301893,2025-03-15,0,1,12488,"Alex Box Stadium, Skip Bertman Field",Baton Rouge,LA,30.4056681,-91.18804019999999,596583,596608,0,0
6301972,2025-03-16,0,1,12488,"Alex Box Stadium, Skip Bertman Field",Baton Rouge,LA,30.4056681,-91.18804019999999,596583,596608,0,0
6302088,2025-03-18,18,1,12488,"Alex Box Stadium, Skip Bertman Field",Baton Rouge,LA,30.4056681,-91.18804019999999,596583,596624,0,0
6302424,2025-03-27,0,1,12488,"Alex Box Stadium, Skip Bertman Field",Baton Rouge,LA,30.4056681,-91.18804019999999,596583,596605,0,0
6302438,2025-03-28,0,1,12488,"Alex Box Stadium, Skip Bertman Field",Baton Rouge,LA,30.4056681,-91.18804019999999,596583,596605,0,0
6302514,2025-03-29,0,1,12488,"Alex Box Stadium, Skip Bertman Field",Baton Rouge,LA,30.4056681,-91.18804019999999,596583,596605,0,0
6302719,2025-04-01,18,1,12488,"Alex Box Stadium, Skip Bertman Field",Baton Rouge,LA,30.4056681,-91.18804019999999,596583,596584,0,0
6302738,2025-04-03,0,1,12496,L. Dale Mitchell Park,Norman,OK,35.19097699999999,-97.445747,596641,596583,0,0
6302751,2025-04-04,0,1,12496,L. Dale Mitchell Park,Norman,OK,35.19097699999999,-97.445747,596641,596583,0,0
6302825,2025-04-05,0,1,12496,L. Dale Mitchell Park,Norman,OK,35.19097699999999,-97.445747,596641,596583,0,0
6303334,2025-04-15,18,1,12488,"Alex Box Stadium, Skip Bertman Field",Baton Rouge,LA,30.4056681,-91.18804019999999,596583,596596,0,0
6303616,2025-04-22,18,1,12488,"Alex Box Stadium, Skip Bertman Field",Baton Rouge,LA,30.4056681,-91.18804019999999,596583,596635,0,0
6303654,2025-04-25,0,1,12488,"Alex Box Stadium, Skip Bertman Field",Baton Rouge,LA,30.4056681,-91.18804019999999,596583,596721,0,0
6303723,2025-04-26,0,1,12488,"Alex Box Stadium, Skip Bertman Field",Baton Rouge,LA,30.4056681,-91.18804019999999,596583,596721,0,0
6303795,2025-04-27,0,1,12488,"Alex Box Stadium, Skip Bertman Field",Baton Rouge,LA,30.4056681,-91.18804019999999,596583,596721,0,0
6303912,2025-04-29,18,1,12488,"Alex Box Stadium, Skip Bertman Field",Baton Rouge,LA,30.4056681,-91.18804019999999,596583,596680,0,0
6304446,2025-05-15,0,1,13165,Founders Park,Columbia,SC,33.9861513,-81.0428166,596677,596583,0,0
6304514,2025-05-16,0,1,13165,Founders Park,Columbia,SC,33.9861513,-81.0428166,596677,596583,0,0
6304586,2025-05-17,0,1,13165,Founders Park,Columbia,SC,33.9861513,-81.0428166,596677,596583,0,0
6385221,2025-05-24,0,1,15910,Hoover Metropolitan Stadium,Hoover,AL,33.3383625,-86.849649,596583,596607,1,0
6316788,2025-03-12,0,1,12496,L. Dale Mitchell Park,Norman,OK,35.19097699999999,-97.445747,596641,596584,0,0
6303937,2025-05-01,19,1,13158,Frank Eck Stadium,Notre Dame,IN,41.6963173,-86.2280624,596637,596585,0,0
6303995,2025-05-02,18,1,13158,Frank Eck Stadium,Notre Dame,IN,41.6963173,-86.2280624,596637,596585,0,0
6304047,2025-05-03,14,1,13158,Frank Eck Stadium,Notre Dame,IN,41.6963173,-86.2280624,596637,596585,0,0
6385974,2025-06-06,15,0,13882,Jim Patterson Stadium,Louisville,KY,38.20533510000001,-85.7631538,596585,596600,0,0
6385975,2025-06-07,11,0,13882,Jim Patterson Stadium,Louisville,KY,38.20533510000001,-85.7631538,596600,596585,0,0
6385976,2025-06-08,12,0,13882,Jim Patterson Stadium,Louisville,KY,38.20533510000001,-85.7631538,596585,596600,0,0
6300568,2025-02-14,0,1,14587,"Dudy Noble Field, Polk-DeMent Stadium",Starkville,MS,33.4631671,-88.7940254,596605,596589,0,1
6300645,2025-02-14,0,1,14587,"Dudy Noble Field, Polk-DeMent Stadium",Starkville,MS,33.4631671,-88.7940254,596605,596589,0,2
6300725,2025-02-16,0,1,14587,"Dudy Noble Field, Polk-DeMent Stadium",Starkville,MS,33.4631671,-88.7940254,596605,596589,0,0
6312978,2025-05-02,0,1,13159,Bud Metheny Complex ,Norfolk,VA,36.88393399999999,-76.3090691,596642,596591,0,0
6312984,2025-05-03,0,1,13159,Bud Metheny Complex ,Norfolk,VA,36.88393399999999,-76.3090691,596642,596591,0,0
6312981,2025-05-04,0,1,13159,Bud Metheny Complex ,Norfolk,VA,36.88393399999999,-76.3090691,596642,596591,0,0
6301019,2025-02-22,18,1,12501,Melching Field at Conrad Park,DeLand,FL,29.01996919999999,-81.3019443,596637,596592,1,0
6311273,2025-05-02,17,1,11784,Medlar Field at Lubrano Park,State College,PA,40.812278,-77.85242459999999,596647,596593,0,1
6311276,2025-05-03,0,1,11784,Medlar Field at Lubrano Park,State College,PA,40.812278,-77.85242459999999,596647,596593,0,0
6311279,2025-05-04,0,1,11784,Medlar Field at Lubrano Park,State College,PA,40.812278,-77.85242459999999,596647,596593,0,0
6315274,2025-03-18,0,1,13889,Nick Swisher Field at Bill Davis Stadium,Columbus,OH,40.0099518,-83.0258996,596639,596599,0,0
6385789,2025-05-30,18,0,11055,Lindsey Nelson Stadium,Knoxville,TN,35.94927029999999,-83.92943729999999,596721,596599,0,0
6316364,2025-02-21,0,1,15275,Alex Rodriguez Park at Mark Light Field,Coral Gables,FL,25.7120599,-80.2822951,596600,596652,0,0
6316365,2025-02-22,0,1,15275,Alex Rodriguez Park at Mark Light Field,Coral Gables,FL,25.7120599,-80.2822951,596600,596652,0,1
6316366,2025-02-22,0,1,15275,Alex Rodriguez Park at Mark Light Field,Coral Gables,FL,25.7120599,-80.2822951,596600,596652,0,2
6316367,2025-02-23,0,1,15275,Alex Rodriguez Park at Mark Light Field,Coral Gables,FL,25.7120599,-80.2822951,596600,596652,0,0
6317810,2025-03-28,0,1,15276,Boshamer Stadium,Chapel Hill,NC,35.9065035,-79.0429678,596614,596600,0,0
6317811,2025-03-29,0,1,15276,Boshamer Stadium,Chapel Hill,NC,35.9065035,-79.0429678,596614,596600,0,0
6317812,2025-03-30,0,1,15276,Boshamer Stadium,Chapel Hill,NC,35.9065035,-79.0429678,596614,596600,0,0
6369771,2025-04-04,0,1,11785,Petersen Sports Complex Charles L. Cost Field,Pittsburgh,PA,40.44485689999999,-79.96680020000001,596649,596600,0,1
6369895,2025-04-04,0,1,11785,Petersen Sports Complex Charles L. Cost Field,Pittsburgh,PA,40.44485689999999,-79.96680020000001,596649,596600,0,2
6317289,2025-04-06,0,1,11785,Petersen Sports Complex Charles L. Cost Field,Pittsburgh,PA,40.44485689999999,-79.96680020000001,596649,596600,0,0
6316384,2025-05-02,0,1,15275,Alex Rodriguez Park at Mark Light Field,Coral Gables,FL,25.7120599,-80.2822951,596600,596628,0,0
6316385,2025-05-03,0,1,15275,Alex Rodriguez Park at Mark Light Field,Coral Gables,FL,25.7120599,-80.2822951,596600,596628,0,0
6304455,2025-05-15,0,1,15275,Alex Rodriguez Park at Mark Light Field,Coral Gables,FL,25.7120599,-80.2822951,596600,596637,0,0
6304523,2025-05-16,0,1,15275,Alex Rodriguez Park at Mark Light Field,Coral Gables,FL,25.7120599,-80.2822951,596600,596637,0,0
6304595,2025-05-17,0,1,15275,Alex Rodriguez Park at Mark Light Field,Coral Gables,FL,25.7120599,-80.2822951,596600,596637,0,0
6385715,2025-06-01,18,0,15285,Pete Taylor Park at Hill Denson Field,Hattiesburg,MS,31.33367290000001,-89.3380093,596600,596719,0,0
6385924,2025-06-02,20,0,15285,Pete Taylor Park at Hill Denson Field,Hattiesburg,MS,31.33367290000001,-89.3380093,596719,596600,0,0
6311222,2025-03-21,17,1,11784,Medlar Field at Lubrano Park,State College,PA,40.812278,-77.85242459999999,596647,596601,0,0
6311224,2025-03-22,14,1,11784,Medlar Field at Lubrano Park,State College,PA,40.812278,-77.85242459999999,596647,596601,0,0
6311226,2025-03-23,13,1,11784,Medlar Field at Lubrano Park,State College,PA,40.812278,-77.85242459999999,596647,596601,0,0
6302417,2025-03-26,16,1,13158,Frank Eck Stadium,Notre Dame,IN,41.6963173,-86.2280624,596637,596601,0,0
6311233,2025-04-18,18,1,10312,Jeff Ishbia Field at McLane Baseball Stadium,East Lansing,MI,42.73234310000001,-84.4884579,596601,596639,0,0
6311234,2025-04-19,15,1,10312,Jeff Ishbia Field at McLane Baseball Stadium,East Lansing,MI,42.73234310000001,-84.4884579,596601,596639,0,0
6311237,2025-04-20,13,1,10312,Jeff Ishbia Field at McLane Baseball Stadium,East Lansing,MI,42.73234310000001,-84.4884579,596601,596639,0,0
6302139,2025-03-21,16,1,11221,Alexander Field,West Lafayette,IN,40.4377366,-86.9414449,596653,596602,0,0
6367597,2025-03-22,0,1,11221,Alexander Field,West Lafayette,IN,40.4377366,-86.9414449,596653,596602,0,1
6367698,2025-03-22,0,1,11221,Alexander Field,West Lafayette,IN,40.4377366,-86.9414449,596653,596602,0,2
6302462,2025-03-28,16,1,13885,Wilpon Complex/Ray Fisher Stadium,Ann Arbor,MI,42.2679566,-83.741744,596602,596647,0,0
6302550,2025-03-29,14,1,13885,Wilpon Complex/Ray Fisher Stadium,Ann Arbor,MI,42.2679566,-83.741744,596602,596647,0,0
6302642,2025-03-30,13,1,13885,Wilpon Complex/Ray Fisher Stadium,Ann Arbor,MI,42.2679566,-83.741744,596602,596647,0,0
6304017,2025-05-03,0,1,13889,Nick Swisher Field at Bill Davis Stadium,Columbus,OH,40.0099518,-83.0258996,596639,596602,0,1
6304085,2025-05-04,0,1,13889,Nick Swisher Field at Bill Davis Stadium,Columbus,OH,40.0099518,-83.0258996,596639,596602,0,2
6382426,2025-05-04,0,1,13889,Nick Swisher Field at Bill Davis Stadium,Columbus,OH,40.0099518,-83.0258996,596639,596602,0,1
6301336,2025-03-02,12,1,14586,Reese Smith Jr. Field,Murfreesboro,TN,35.8512666,-86.3665035,596603,596642,0,0
6300843,2025-02-18,18,1,15285,Pete Taylor Park at Hill Denson Field,Hattiesburg,MS,31.33367290000001,-89.3380093,596719,596605,0,0
6300876,2025-02-21,0,1,14587,"Dudy Noble Field, Polk-DeMent Stadium",Starkville,MS,33.4631671,-88.7940254,596605,596685,0,0
6300949,2025-02-22,0,1,14587,"Dudy Noble Field, Polk-DeMent Stadium",Starkville,MS,33.4631671,-88.7940254,596605,596685,0,0
6301024,2025-02-23,0,1,14587,"Dudy Noble Field, Polk-DeMent Stadium",Starkville,MS,33.4631671,-88.7940254,596605,596685,0,0
6301169,2025-02-28,11,1,15897,Minute Maid Park,Houston,TX,29.7577058,-95.35453989999999,596605,596657,1,0
6301382,2025-03-02,15,1,15897,Minute Maid Park,Houston,TX,29.7577058,-95.35453989999999,596714,596605,1,0
6301426,2025-03-05,0,1,14587,"Dudy Noble Field, Polk-DeMent Stadium",Starkville,MS,33.4631671,-88.7940254,596605,596719,0,0
6301469,2025-03-07,0,1,14587,"Dudy Noble Field, Polk-DeMent Stadium",Starkville,MS,33.4631671,-88.7940254,596605,596696,0,0
6301548,2025-03-08,0,1,14587,"Dudy Noble Field, Polk-DeMent Stadium",Starkville,MS,33.4631671,-88.7940254,596605,596696,0,0
6301627,2025-03-09,0,1,14587,"Dudy Noble Field, Polk-DeMent Stadium",Starkville,MS,33.4631671,-88.7940254,596605,596696,0,0
6301716,2025-03-11,0,1,,,,,,,596605,596642,1,0
6302112,2025-03-21,0,1,12496,L. Dale Mitchell Park,Norman,OK,35.19097699999999,-97.445747,596641,596605,0,0
6302186,2025-03-22,0,1,12496,L. Dale Mitchell Park,Norman,OK,35.19097699999999,-97.445747,596641,596605,0,0
6302264,2025-03-23,0,1,12496,L. Dale Mitchell Park,Norman,OK,35.19097699999999,-97.445747,596641,596605,0,0
6302740,2025-04-04,0,1,14587,"Dudy Noble Field, Polk-DeMent Stadium",Starkville,MS,33.4631671,-88.7940254,596605,596677,0,0
6302815,2025-04-05,0,1,14587,"Dudy Noble Field, Polk-DeMent Stadium",Starkville,MS,33.4631671,-88.7940254,596605,596677,0,0
6302892,2025-04-06,0,1,14587,"Dudy Noble Field, Polk-DeMent Stadium",Starkville,MS,33.4631671,-88.7940254,596605,596677,0,0
6303280,2025-04-15,0,1,14587,"Dudy Noble Field, Polk-DeMent Stadium",Starkville,MS,33.4631671,-88.7940254,596605,596684,0,0
6303574,2025-04-22,0,1,,,,,,,596607,596605,1,0
6304198,2025-05-09,0,1,14587,"Dudy Noble Field, Polk-DeMent Stadium",Starkville,MS,33.4631671,-88.7940254,596605,596607,0,2
6383797,2025-05-09,0,1,14587,"Dudy Noble Field, Polk-DeMent Stadium",Starkville,MS,33.4631671,-88.7940254,596605,596607,0,1
6384065,2025-05-10,0,1,14587,"Dudy Noble Field, Polk-DeMent Stadium",Starkville,MS,33.4631671,-88.7940254,596605,596607,0,0
6304445,2025-05-15,0,1,20585,Taylor Stadium,Columbia,MO,,,596608,596605,0,0
6304512,2025-05-16,0,1,20585,Taylor Stadium,Columbia,MO,,,596608,596605,0,0
6304583,2025-05-17,0,1,20585,Taylor Stadium,Columbia,MO,,,596608,596605,0,0
6301121,2025-02-25,16,1,12490,Oxford-University Stadium/Swayze Field,Oxford,MS,34.36233,-89.5289178,596607,596719,0,0
6314991,2025-03-11,0,1,14593,Stanky Field,Mobile,AL,30.6916484,-88.18446879999999,596676,596607,0,0
6302083,2025-03-18,18,1,,,,,,,596719,596607,1,0
6354734,2025-03-21,0,1,20585,Taylor Stadium,Columbia,MO,,,596608,596607,0,0
6354735,2025-03-22,0,1,20585,Taylor Stadium,Columbia,MO,,,596608,596607,0,0
6354739,2025-03-23,0,1,20585,Taylor Stadium,Columbia,MO,,,596608,596607,0,0
6316488,2025-04-11,0,1,12490,Oxford-University Stadium/Swayze Field,Oxford,MS,34.36233,-89.5289178,596607,596721,0,0
6316490,2025-04-12,0,1,12490,Oxford-University Stadium/Swayze Field,Oxford,MS,34.36233,-89.5289178,596607,596721,0,0
6316491,2025-04-13,0,1,12490,Oxford-University Stadium/Swayze Field,Oxford,MS,34.36233,-89.5289178,596607,596721,0,0
6303343,2025-04-17,0,1,13165,Founders Park,Columbia,SC,33.9861513,-81.0428166,596677,596607,0,0
6303397,2025-04-18,0,1,13165,Founders Park,Columbia,SC,33.9861513,-81.0428166,596677,596607,0,0
6303467,2025-04-19,0,1,13165,Founders Park,Columbia,SC,33.9861513,-81.0428166,596677,596607,0,0
6354750,2025-05-02,0,1,12496,L. Dale Mitchell Park,Norman,OK,35.19097699999999,-97.445747,596641,596607,0,0
6354752,2025-05-03,0,1,12496,L. Dale Mitchell Park,Norman,OK,35.19097699999999,-97.445747,596641,596607,0,0
6354753,2025-05-04,0,1,12496,L. Dale Mitchell Park,Norman,OK,35.19097699999999,-97.445747,596641,596607,0,0
6354755,2025-05-13,0,1,12490,Oxford-University Stadium/Swayze Field,Oxford,MS,34.36233,-89.5289178,596607,596692,0,0
6311244,2025-02-14,17,1,,,,,,,596647,596608,1,0
6312838,2025-02-23,9,1,,,,,,,596684,596608,1,0
6314182,2025-02-25,15,1,20585,Taylor Stadium,Columbia,MO,,,596608,596695,0,0
6358252,2025-04-08,0,1,26100,Roy E. Field at Simmons Baseball Complex,Edwardsville,IL,,,596683,596608,0,0
6303323,2025-04-15,18,1,20585,Taylor Stadium,Columbia,MO,,,596608,596685,0,0
6358228,2025-04-17,0,1,20585,Taylor Stadium,Columbia,MO,,,596608,596641,0,0
6374701,2025-04-18,0,1,20585,Taylor Stadium,Columbia,MO,,,596608,596641,0,1
6374803,2025-04-18,0,1,20585,Taylor Stadium,Columbia,MO,,,596608,596641,0,2
6303618,2025-04-22,18,1,11787,Hammons Field,Springfield,MO,37.2115106,-93.2794258,596685,596608,0,0
6300835,2025-02-18,16,1,11055,Lindsey Nelson Stadium,Knoxville,TN,35.94927029999999,-83.92943729999999,596721,596613,0,0
6314249,2025-03-07,16,1,15276,Boshamer Stadium,Chapel Hill,NC,35.9065035,-79.0429678,596614,596688,0,0
6314251,2025-03-08,13,1,15276,Boshamer Stadium,Chapel Hill,NC,35.9065035,-79.0429678,596614,596688,0,0
6314253,2025-03-09,13,1,15276,Boshamer Stadium,Chapel Hill,NC,35.9065035,-79.0429678,596614,596688,0,0
6302400,2025-03-25,19,1,,,,,,,596677,596614,1,0
6385730,2025-05-31,18,0,15276,Boshamer Stadium,Chapel Hill,NC,35.9065035,-79.0429678,596614,596641,0,0
6385733,2025-06-01,18,0,15276,Boshamer Stadium,Chapel Hill,NC,35.9065035,-79.0429678,596641,596614,0,0
6385918,2025-06-02,15,0,15276,Boshamer Stadium,Chapel Hill,NC,35.9065035,-79.0429678,596641,596614,0,0
6310914,2025-03-07,15,1,14626,Bruce Hurst Field,St. George,UT,37.09884,-113.565416,596665,596619,1,0
6313000,2025-03-14,18,1,15461,Santa Ana Star Field,Albuquerque,NM,35.0651231,-106.6324424,596623,596619,0,0
6313002,2025-03-15,14,1,15461,Santa Ana Star Field,Albuquerque,NM,35.0651231,-106.6324424,596623,596619,0,0
6313005,2025-03-16,12,1,15461,Santa Ana Star Field,Albuquerque,NM,35.0651231,-106.6324424,596623,596619,0,0
6302482,2025-03-28,18,1,13163,Tony Gwynn Stadium,San Diego,CA,32.7742054,-117.0786595,596669,596619,0,0
6302573,2025-03-29,16,1,13163,Tony Gwynn Stadium,San Diego,CA,32.7742054,-117.0786595,596669,596619,0,0
6302610,2025-03-30,12,1,13163,Tony Gwynn Stadium,San Diego,CA,32.7742054,-117.0786595,596669,596619,0,0
6313012,2025-04-17,18,1,11780,Wilson Stadium,Las Vegas,NV,36.1115451,-115.147587,596619,596623,0,0
6313014,2025-04-18,18,1,11780,Wilson Stadium,Las Vegas,NV,36.1115451,-115.147587,596619,596623,0,0
6313019,2025-04-19,12,1,11780,Wilson Stadium,Las Vegas,NV,36.1115451,-115.147587,596619,596623,0,0
6303703,2025-04-25,18,1,11780,Wilson Stadium,Las Vegas,NV,36.1115451,-115.147587,596619,596669,0,0
6303780,2025-04-26,18,1,11780,Wilson Stadium,Las Vegas,NV,36.1115451,-115.147587,596619,596669,0,0
6303811,2025-04-27,12,1,11780,Wilson Stadium,Las Vegas,NV,36.1115451,-115.147587,596619,596669,0,0
6310812,2025-05-02,18,1,13164,Excite Ballpark,San Jose,CA,37.321141,-121.8622634,596672,596619,0,0
6310818,2025-05-03,14,1,13164,Excite Ballpark,San Jose,CA,37.321141,-121.8622634,596672,596619,0,0
6310821,2025-05-04,12,1,13164,Excite Ballpark,San Jose,CA,37.321141,-121.8622634,596672,596619,0,0
6385328,2025-05-21,0,1,16010,Sloan Park,Mesa,AZ,33.4305551,-111.8823629,596619,596669,1,0
6313103,2025-02-25,18,1,15461,Santa Ana Star Field,Albuquerque,NM,35.0651231,-106.6324424,596623,596622,0,0
6313133,2025-04-01,18,1,12492,Presley Askew Field,Las Cruces,NM,32.2789999,-106.7443351,596622,596623,0,0
6313139,2025-04-15,18,1,12492,Presley Askew Field,Las Cruces,NM,32.2789999,-106.7443351,596622,596623,0,0
6313143,2025-04-22,18,1,15461,Santa Ana Star Field,Albuquerque,NM,35.0651231,-106.6324424,596623,596622,0,0
6313089,2025-02-16,11,1,,,,,,,596623,596674,1,0
6313093,2025-02-21,14,1,15461,Santa Ana Star Field,Albuquerque,NM,35.0651231,-106.6324424,596623,596632,0,0
6313096,2025-02-22,12,1,15461,Santa Ana Star Field,Albuquerque,NM,35.0651231,-106.6324424,596623,596632,0,1
6313098,2025-02-22,15,1,15461,Santa Ana Star Field,Albuquerque,NM,35.0651231,-106.6324424,596623,596632,0,2
6313100,2025-02-23,12,1,15461,Santa Ana Star Field,Albuquerque,NM,35.0651231,-106.6324424,596623,596632,0,0
6313106,2025-02-28,14,1,15461,Santa Ana Star Field,Albuquerque,NM,35.0651231,-106.6324424,596623,596656,0,0
6313107,2025-03-01,12,1,15461,Santa Ana Star Field,Albuquerque,NM,35.0651231,-106.6324424,596623,596656,0,0
6313111,2025-03-02,0,1,15461,Santa Ana Star Field,Albuquerque,NM,35.0651231,-106.6324424,596623,596656,0,1
6313114,2025-03-02,12,1,15461,Santa Ana Star Field,Albuquerque,NM,35.0651231,-106.6324424,596623,596656,0,2
6313118,2025-03-07,18,1,10347,Tarleton Baseball Complex,Stephenville,TX,32.2116492,-98.2201017,596700,596623,0,0
6313120,2025-03-08,13,1,10347,Tarleton Baseball Complex,Stephenville,TX,32.2116492,-98.2201017,596700,596623,0,1
6313124,2025-03-08,17,1,10347,Tarleton Baseball Complex,Stephenville,TX,32.2116492,-98.2201017,596700,596623,0,2
6313125,2025-03-09,12,1,10347,Tarleton Baseball Complex,Stephenville,TX,32.2116492,-98.2201017,596700,596623,0,0
6310800,2025-04-25,18,1,15461,Santa Ana Star Field,Albuquerque,NM,35.0651231,-106.6324424,596623,596672,0,0
6310802,2025-04-26,14,1,15461,Santa Ana Star Field,Albuquerque,NM,35.0651231,-106.6324424,596623,596672,0,0
6310803,2025-04-27,12,1,15461,Santa Ana Star Field,Albuquerque,NM,35.0651231,-106.6324424,596623,596672,0,0
6303985,2025-05-02,18,1,13163,Tony Gwynn Stadium,San Diego,CA,32.7742054,-117.0786595,596669,596623,0,0
6304062,2025-05-03,16,1,13163,Tony Gwynn Stadium,San Diego,CA,32.7742054,-117.0786595,596669,596623,0,0
6304096,2025-05-04,12,1,13163,Tony Gwynn Stadium,San Diego,CA,32.7742054,-117.0786595,596669,596623,0,0
6385327,2025-05-21,0,1,16010,Sloan Park,Mesa,AZ,33.4305551,-111.8823629,596623,596672,1,0
6311992,2025-04-08,15,1,13157,Marty L. Miller Field,Norfolk,VA,36.8465964,-76.2634807,596626,596642,0,0
6316539,2025-02-21,0,1,,,,,,,596628,596639,1,0
6314289,2025-05-15,18,1,13888,Doak Field at Dail Park,Raleigh,NC,35.7874515,-78.67975229999999,596628,596688,0,0
6314290,2025-05-16,18,1,13888,Doak Field at Dail Park,Raleigh,NC,35.7874515,-78.67975229999999,596628,596688,0,0
6314291,2025-05-17,13,1,13888,Doak Field at Dail Park,Raleigh,NC,35.7874515,-78.67975229999999,596628,596688,0,0
6303689,2025-04-25,18,1,10313,Lou St. Amant Field,Monroe,LA,32.5320456,-92.06402539999999,596630,596642,0,0
6303749,2025-04-26,14,1,10313,Lou St. Amant Field,Monroe,LA,32.5320456,-92.06402539999999,596630,596642,0,0
6303835,2025-04-27,13,1,10313,Lou St. Amant Field,Monroe,LA,32.5320456,-92.06402539999999,596630,596642,0,0
6310634,2025-04-01,0,1,11221,Alexander Field,West Lafayette,IN,40.4377366,-86.9414449,596653,596633,0,0
6316495,2025-04-29,0,1,11055,Lindsey Nelson Stadium,Knoxville,TN,35.94927029999999,-83.92943729999999,596721,596634,0,0
6303406,2025-04-18,21,1,11053,Sunken Diamond,Stanford,CA,37.43173,-122.1587444,596688,596637,0,0
6303475,2025-04-19,17,1,11053,Sunken Diamond,Stanford,CA,37.43173,-122.1587444,596688,596637,0,0
6303541,2025-04-20,16,1,11053,Sunken Diamond,Stanford,CA,37.43173,-122.1587444,596688,596637,0,0
6303915,2025-04-29,19,1,11221,Alexander Field,West Lafayette,IN,40.4377366,-86.9414449,596653,596637,0,0
6312178,2025-03-04,0,1,13889,Nick Swisher Field at Bill Davis Stadium,Columbus,OH,40.0099518,-83.0258996,596639,596717,0,0
6302439,2025-03-28,0,1,13889,Nick Swisher Field at Bill Davis Stadium,Columbus,OH,40.0099518,-83.0258996,596639,596644,0,0
6302593,2025-03-29,0,1,13889,Nick Swisher Field at Bill Davis Stadium,Columbus,OH,40.0099518,-83.0258996,596639,596644,0,2
6302515,2025-03-29,3,1,13889,Nick Swisher Field at Bill Davis Stadium,Columbus,OH,40.0099518,-83.0258996,596639,596644,0,1
6311354,2025-04-04,0,1,11052,Dedeaux Field,Los Angeles,CA,34.0237631,-118.2898522,596681,596639,0,0
6311356,2025-04-05,0,1,11052,Dedeaux Field,Los Angeles,CA,34.0237631,-118.2898522,596681,596639,0,0
6311357,2025-04-06,0,1,11052,Dedeaux Field,Los Angeles,CA,34.0237631,-118.2898522,596681,596639,0,0
6311851,2025-04-25,18,1,13889,Nick Swisher Field at Bill Davis Stadium,Columbus,OH,40.0099518,-83.0258996,596639,596660,0,0
6311850,2025-04-26,13,1,13889,Nick Swisher Field at Bill Davis Stadium,Columbus,OH,40.0099518,-83.0258996,596639,596660,0,0
6311853,2025-04-27,12,1,13889,Nick Swisher Field at Bill Davis Stadium,Columbus,OH,40.0099518,-83.0258996,596639,596660,0,0
6301808,2025-03-14,0,1,13165,Founders Park,Columbia,SC,33.9861513,-81.0428166,596677,596641,0,0
6301884,2025-03-15,0,1,13165,Founders Park,Columbia,SC,33.9861513,-81.0428166,596677,596641,0,0
6301963,2025-03-16,0,1,13165,Founders Park,Columbia,SC,33.9861513,-81.0428166,596677,596641,0,0
6315052,2025-04-15,0,1,18528,O'Brate Stadium,Stillwater,OK,,,596714,596641,0,0
6316743,2025-02-28,0,1,14586,Reese Smith Jr. Field,Murfreesboro,TN,35.8512666,-86.3665035,596662,596642,1,0
6301853,2025-03-14,18,1,15285,Pete Taylor Park at Hill Denson Field,Hattiesburg,MS,31.33367290000001,-89.3380093,596719,596642,0,0
6301916,2025-03-15,14,1,15285,Pete Taylor Park at Hill Denson Field,Hattiesburg,MS,31.33367290000001,-89.3380093,596719,596642,0,0
6301998,2025-03-16,13,1,15285,Pete Taylor Park at Hill Denson Field,Hattiesburg,MS,31.33367290000001,-89.3380093,596719,596642,0,0
6385244,2025-05-22,0,1,24340,Riverwalk Stadium,Montgomery,AL,32.3813982,-86.310985,596719,596642,1,0
6302391,2025-03-25,18,1,13164,Excite Ballpark,San Jose,CA,37.321141,-121.8622634,596672,596645,0,0
6302699,2025-04-01,18,1,10316,Klein Family Field,Stockton,CA,37.9753026,-121.3159166,596645,596672,0,0
6311249,2025-02-28,13,1,11049,Pitt Field,Richmond,VA,37.5789939,-77.5411482,596658,596647,0,0
6311253,2025-03-18,17,1,11784,Medlar Field at Lubrano Park,State College,PA,40.812278,-77.85242459999999,596647,596662,0,0
6311255,2025-03-25,17,1,11784,Medlar Field at Lubrano Park,State College,PA,40.812278,-77.85242459999999,596647,596649,0,0
6311262,2025-04-11,17,1,11784,Medlar Field at Lubrano Park,State College,PA,40.812278,-77.85242459999999,596647,596681,0,0
6311265,2025-04-12,14,1,11784,Medlar Field at Lubrano Park,State College,PA,40.812278,-77.85242459999999,596647,596681,0,0
6311266,2025-04-13,13,1,11784,Medlar Field at Lubrano Park,State College,PA,40.812278,-77.85242459999999,596647,596681,0,0
6310682,2025-04-18,17,1,11784,Medlar Field at Lubrano Park,State College,PA,40.812278,-77.85242459999999,596647,596653,0,0
6310686,2025-04-19,14,1,11784,Medlar Field at Lubrano Park,State College,PA,40.812278,-77.85242459999999,596647,596653,0,0
6310695,2025-04-20,13,1,11784,Medlar Field at Lubrano Park,State College,PA,40.812278,-77.85242459999999,596647,596653,0,0
6311271,2025-04-30,17,1,11784,Medlar Field at Lubrano Park,State College,PA,40.812278,-77.85242459999999,596647,596659,0,0
6311281,2025-05-09,0,1,10319,Bainton Field,Piscataway,NJ,40.5272195,-74.44073569999999,596660,596647,0,0
6311282,2025-05-10,0,1,10319,Bainton Field,Piscataway,NJ,40.5272195,-74.44073569999999,596660,596647,0,0
6311283,2025-05-11,0,1,10319,Bainton Field,Piscataway,NJ,40.5272195,-74.44073569999999,596660,596647,0,0
6311284,2025-05-13,0,1,11785,Petersen Sports Complex Charles L. Cost Field,Pittsburgh,PA,40.44485689999999,-79.96680020000001,596649,596647,1,0
6385142,2025-05-22,0,1,12481,Charles Schwab Field Omaha,Omaha,NE,41.266835,-95.9310643,596681,596647,1,0
6301094,2025-02-23,17,1,13163,Tony Gwynn Stadium,San Diego,CA,32.7742054,-117.0786595,596669,596648,0,0
6310768,2025-03-19,18,1,13164,Excite Ballpark,San Jose,CA,37.321141,-121.8622634,596672,596650,0,0
6358726,2025-02-14,0,1,,,,,,,596653,596689,1,1
6358783,2025-02-14,0,1,,,,,,,596653,596689,1,2
6300618,2025-02-15,0,1,,,,,,,596653,596689,1,0
6300793,2025-02-16,13,1,,,,,,,596653,596689,1,0
6310660,2025-04-11,18,1,11221,Alexander Field,West Lafayette,IN,40.4377366,-86.9414449,596653,596660,0,0
6310665,2025-04-12,14,1,11221,Alexander Field,West Lafayette,IN,40.4377366,-86.9414449,596653,596660,0,0
6310669,2025-04-13,13,1,11221,Alexander Field,West Lafayette,IN,40.4377366,-86.9414449,596653,596660,0,0
6313438,2025-03-04,0,1,11055,Lindsey Nelson Stadium,Knoxville,TN,35.94927029999999,-83.92943729999999,596721,596655,0,0
6300607,2025-02-14,16,1,13165,Founders Park,Columbia,SC,33.9861513,-81.0428166,596677,596661,0,0
6300688,2025-02-15,14,1,13165,Founders Park,Columbia,SC,33.9861513,-81.0428166,596677,596661,0,0
6300748,2025-02-16,12,1,13165,Founders Park,Columbia,SC,33.9861513,-81.0428166,596677,596661,0,0
6316474,2025-03-07,0,1,11055,Lindsey Nelson Stadium,Knoxville,TN,35.94927029999999,-83.92943729999999,596721,596662,0,0
6316477,2025-03-08,0,1,11055,Lindsey Nelson Stadium,Knoxville,TN,35.94927029999999,-83.92943729999999,596721,596662,0,0
6316478,2025-03-09,0,1,11055,Lindsey Nelson Stadium,Knoxville,TN,35.94927029999999,-83.92943729999999,596721,596662,0,0
6301173,2025-02-28,14,1,12499,Louis Guisto Field,Moraga,CA,37.84216269999999,-122.1118201,596665,596669,0,0
6301257,2025-03-01,13,1,12499,Louis Guisto Field,Moraga,CA,37.84216269999999,-122.1118201,596665,596669,0,0
6301356,2025-03-02,13,1,12499,Louis Guisto Field,Moraga,CA,37.84216269999999,-122.1118201,596665,596669,0,0
6310751,2025-03-04,14,1,12499,Louis Guisto Field,Moraga,CA,37.84216269999999,-122.1118201,596665,596672,0,0
6310794,2025-04-15,18,1,13164,Excite Ballpark,San Jose,CA,37.321141,-121.8622634,596672,596665,0,0
6300617,2025-02-14,17,1,,,,,,,596674,596669,1,0
6300845,2025-02-18,18,1,14605,Triton Ballpark,San Diego,CA,32.8815063,-117.2261854,596694,596669,0,0
6314015,2025-02-25,0,1,13163,Tony Gwynn Stadium,San Diego,CA,32.7742054,-117.0786595,596669,596670,0,0
6366175,2025-03-15,0,1,13163,Tony Gwynn Stadium,San Diego,CA,32.7742054,-117.0786595,596669,596672,0,1
6301945,2025-03-15,16,1,13163,Tony Gwynn Stadium,San Diego,CA,32.7742054,-117.0786595,596669,596672,0,2
6301978,2025-03-16,12,1,13163,Tony Gwynn Stadium,San Diego,CA,32.7742054,-117.0786595,596669,596672,0,0
6311353,2025-04-01,0,1,11052,Dedeaux Field,Los Angeles,CA,34.0237631,-118.2898522,596681,596669,0,0
6303316,2025-04-15,18,1,13163,Tony Gwynn Stadium,San Diego,CA,32.7742054,-117.0786595,596669,596694,0,0
6303388,2025-04-17,18,1,13164,Excite Ballpark,San Jose,CA,37.321141,-121.8622634,596672,596669,0,0
6303420,2025-04-18,18,1,13164,Excite Ballpark,San Jose,CA,37.321141,-121.8622634,596672,596669,0,0
6303492,2025-04-19,12,1,13164,Excite Ballpark,San Jose,CA,37.321141,-121.8622634,596672,596669,0,0
6303563,2025-04-21,18,1,11958,Fowler Park,San Diego,CA,32.7758273,-117.1833042,596670,596669,0,0
6385331,2025-05-23,0,1,16010,Sloan Park,Mesa,AZ,33.4305551,-111.8823629,596669,596672,1,0
6310745,2025-02-28,15,1,13164,Excite Ballpark,San Jose,CA,37.321141,-121.8622634,596672,596671,0,0
6310747,2025-03-01,14,1,13164,Excite Ballpark,San Jose,CA,37.321141,-121.8622634,596672,596671,0,0
6310749,2025-03-02,12,1,10322,Benedetti Diamond,San Francisco,CA,37.77699109999999,-122.4476556,596671,596672,0,0
6310797,2025-04-22,14,1,10322,Benedetti Diamond,San Francisco,CA,37.77699109999999,-122.4476556,596671,596672,0,0
6301111,2025-02-25,15,1,13164,Excite Ballpark,San Jose,CA,37.321141,-121.8622634,596672,596673,0,0
6356431,2025-03-24,0,1,11053,Sunken Diamond,Stanford,CA,37.43173,-122.1587444,596688,596672,0,0
6302715,2025-04-01,18,1,11053,Sunken Diamond,Stanford,CA,37.43173,-122.1587444,596688,596673,0,0
6304160,2025-05-06,18,1,15284,Stephen Schott Stadium,Santa Clara,CA,37.3483327,-121.9314056,596673,596688,0,0
6300862,2025-02-19,16,1,13165,Founders Park,Columbia,SC,33.9861513,-81.0428166,596677,596696,0,0
6302430,2025-03-28,0,1,13165,Founders Park,Columbia,SC,33.9861513,-81.0428166,596677,596721,0,0
6302506,2025-03-29,0,1,13165,Founders Park,Columbia,SC,33.9861513,-81.0428166,596677,596721,0,0
6302586,2025-03-30,0,1,13165,Founders Park,Columbia,SC,33.9861513,-81.0428166,596677,596721,0,0
6316492,2025-04-15,0,1,11055,Lindsey Nelson Stadium,Knoxville,TN,35.94927029999999,-83.92943729999999,596721,596693,0,0
6315482,2025-03-25,0,1,11055,Lindsey Nelson Stadium,Knoxville,TN,35.94927029999999,-83.92943729999999,596721,596696,0,0
6314984,2025-02-28,1,1,15897,Minute Maid Park,Houston,TX,29.7577058,-95.35453989999999,596721,596714,1,0
6316481,2025-03-11,0,1,11055,Lindsey Nelson Stadium,Knoxville,TN,35.94927029999999,-83.92943729999999,596721,596947,0,0
