game_id,game_date,innings,home_team_id,home_team,home_score,away_team_id,away_team,away_score,home_is_d1,away_is_d1,stats_finalized,xml_file_exists,canceled,exhibition,neutral_site,conference_game,attendance,duration_s,home_has_box,home_ab,home_r,home_h,home_2b,home_3b,home_hr,home_rbi,home_bb,home_hbp,home_k,home_sf,home_sh,home_sb,home_cs,home_go,home_fo,home_lob,home_pa,home_e,home_po,home_a,home_dp,home_pb,home_ip,home_bf,home_h_allowed,home_r_allowed,home_er,home_bb_allowed,home_k_pitched,home_hbp_pitched,home_wp,home_hr_allowed,home_sb_against,home_cs_by,home_bk,home_sf_allowed,home_sh_allowed,home_go_pitched,home_fo_pitched,home_ibb,away_has_box,away_ab,away_r,away_h,away_2b,away_3b,away_hr,away_rbi,away_bb,away_hbp,away_k,away_sf,away_sh,away_sb,away_cs,away_go,away_fo,away_lob,away_pa,away_e,away_po,away_a,away_dp,away_pb,away_ip,away_bf,away_h_allowed,away_r_allowed,away_er,away_bb_allowed,away_k_pitched,away_hbp_pitched,away_wp,away_hr_allowed,away_sb_against,away_cs_by,away_bk,away_sf_allowed,away_sh_allowed,away_go_pitched,away_fo_pitched,away_ibb
6372129,2024-02-18,9,596480,Alabama,11,596589,Manhattan,8,1,1,0,1,0,0,0,0,3325,9840,1,35,11,14,1,0,5,9,5,1,8,0,0,0,0,6,6,5,0,2,27,6,0,0,9,44,10,8,4,3,13,0,0,0,0,0,0,1,0,6,7,0,1,36,8,10,2,0,0,7,3,3,13,1,1,0,0,6,7,9,0,1,23,8,1,0,8,41,14,11,9,5,8,0,1,5,0,0,0,0,0,6,6,0
6300559,2024-04-29,,596677,South Carolina,,596492,Charleston So.,,1,1,0,0,0,0,0,0,,,0,0,0,0,0,0,0,0,0,0,0,0,0,0,0,0,0,0,0,0,0,0,0,0,0,0,0,0,0,0,0,0,0,0,0,0,0,0,0,0,0,0,0,0,0,0,0,0,0,0,0,0,0,0,0,0,0,0,0,0,0,0,0,0,0,0,0,0,0,0,0,0,0,0,0,0,0,0,0,0,0,0,0,0
6300568,2025-02-14,7,596605,Mississippi St.,17,596589,Manhattan,3,1,1,1,1,0,0,0,0,10794,8340,1,33,17,15,3,0,3,16,8,4,5,0,0,2,0,6,7,10,45,0,21,3,0,0,7,28,3,3,3,3,14,0,0,0,0,0,0,0,0,4,4,0,1,24,3,3,1,0,0,3,3,1,14,0,0,0,0,4,4,4,28,0,18,5,0,0,6,45,15,17,17,8,5,0,1,3,2,0,0,0,0,6,7,0
6300569,2025-02-14,9,596489,Auburn,4,596559,Holy Cross,1,1,1,1,1,0,0,0,0,5718,8820,1,33,4,9,3,1,1,4,2,0,4,0,1,2,0,11,9,8,36,0,27,9,0,0,9,33,2,1,1,3,10,0,2,0,1,1,0,0,0,8,7,0,1,27,1,2,1,0,0,1,3,3,10,0,0,1,1,8,7,5,33,1,24,11,1,0,8,36,9,4,4,2,4,0,0,1,2,0,0,0,0,11,9,0
6300570,2025-02-14,9,596480,Alabama,10,596498,Bradley,6,1,1,1,1,0,0,0,0,4171,11460,1,33,10,11,2,0,1,10,5,3,11,1,0,2,1,2,10,8,42,1,27,10,0,0,9,41,7,6,6,7,7,0,1,1,1,0,0,0,0,8,10,0,1,33,6,7,1,0,1,6,7,1,7,0,0,1,0,8,10,8,41,0,24,3,1,1,8,42,11,10,10,5,11,0,3,1,2,1,0,1,0,2,10,0
6300571,2025-02-14,,596546,Florida,,596430,Air Force,,1,1,0,0,0,0,0,0,,,0,0,0,0,0,0,0,0,0,0,0,0,0,0,0,0,0,0,0,0,0,0,0,0,0,0,0,0,0,0,0,0,0,0,0,0,0,0,0,0,0,0,0,0,0,0,0,0,0,0,0,0,0,0,0,0,0,0,0,0,0,0,0,0,0,0,0,0,0,0,0,0,0,0,0,0,0,0,0,0,0,0,0,0
6300578,2025-02-14,7,596472,Lipscomb,0,596577,Kentucky,11,1,1,1,1,0,0,0,0,322,8940,1,26,0,3,0,0,0,0,3,0,6,0,0,0,0,4,11,8,29,4,21,6,0,0,7,44,13,11,9,8,2,0,1,1,0,1,0,1,0,5,13,0,1,33,11,13,1,0,1,11,8,1,2,1,1,0,1,5,13,12,44,2,21,4,0,0,7,29,3,0,0,3,6,0,0,0,0,0,0,0,0,4,11,0
6300585,2025-02-14,9,596712,Nebraska,5,596513,UC Irvine,10,1,1,1,1,0,0,1,0,0,10980,1,32,5,8,3,0,0,4,5,2,10,1,0,0,0,4,11,8,40,0,27,7,2,0,9,47,11,10,10,7,13,0,0,0,0,0,0,0,0,5,8,0,1,37,10,11,3,1,0,10,7,2,13,0,1,0,0,5,8,10,47,1,27,7,1,0,9,40,8,5,4,5,10,0,0,0,0,0,0,1,0,4,11,0
6300588,2025-02-14,9,596583,LSU,14,596567,Purdue Fort Wayne,0,1,1,1,1,0,0,0,0,11456,10920,1,37,14,14,5,1,0,13,8,1,4,2,0,2,0,9,11,10,48,1,27,6,0,0,9,32,4,0,0,1,17,0,0,0,1,1,0,0,0,4,5,0,1,29,0,4,0,0,0,0,1,0,17,0,1,1,1,4,5,5,31,3,24,4,0,1,8,48,14,14,11,8,4,0,4,0,2,0,0,2,0,9,11,0
6300589,2025-02-14,9,596607,Ole Miss,2,596706,Arizona,1,1,1,1,1,0,0,1,0,8344,9240,1,28,2,6,1,0,1,2,5,1,7,1,0,1,0,6,10,9,35,0,27,6,1,0,9,38,5,1,1,8,6,0,1,1,1,1,0,0,0,3,15,0,1,28,1,5,1,0,1,1,8,1,6,0,1,1,1,3,15,10,38,0,24,6,1,0,8,35,6,2,2,5,7,0,0,1,1,0,0,1,0,6,10,1
6300590,2025-02-14,10,596487,Arkansas,3,596442,Washington St.,2,1,1,1,1,0,0,0,0,9112,11940,1,32,3,6,0,0,0,2,6,0,9,2,0,3,1,5,13,6,40,2,30,9,1,0,10,37,6,2,1,1,10,0,1,1,2,1,0,0,0,7,10,1,1,34,2,6,0,0,1,1,1,1,10,0,1,2,1,7,10,5,37,2,29,9,2,0,9.2,40,6,3,2,6,9,0,1,0,3,1,0,2,0,5,13,0
6300591,2025-02-14,,596605,Mississippi St.,,596589,Manhattan,,1,1,0,0,0,0,0,0,,,0,0,0,0,0,0,0,0,0,0,0,0,0,0,0,0,0,0,0,0,0,0,0,0,0,0,0,0,0,0,0,0,0,0,0,0,0,0,0,0,0,0,0,0,0,0,0,0,0,0,0,0,0,0,0,0,0,0,0,0,0,0,0,0,0,0,0,0,0,0,0,0,0,0,0,0,0,0,0,0,0,0,0,0
6300599,2025-02-14,9,596488,Little Rock,5,596709,Evansville,4,1,1,1,1,0,0,0,0,0,10980,1,32,5,7,0,0,0,3,6,3,10,0,0,4,0,10,3,8,41,1,27,7,1,0,9,36,6,4,4,5,11,0,3,0,4,0,0,1,0,7,7,0,1,30,4,6,0,0,0,3,5,0,11,1,0,4,0,7,7,5,36,2,26,12,1,1,8.2,41,7,5,5,6,10,0,2,0,4,0,0,0,0,10,3,0
6300607,2025-02-14,9,596677,South Carolina,5,596661,Sacred Heart,3,1,1,1,1,0,0,0,0,7641,10260,1,32,5,7,1,0,1,3,4,0,6,0,0,4,1,10,6,7,36,0,27,7,0,0,9,40,6,3,3,3,16,0,0,0,0,0,0,0,0,8,3,0,1,33,3,6,1,0,0,3,3,4,16,0,0,0,0,8,3,10,40,3,24,11,0,1,8,36,7,5,4,4,6,0,2,1,4,1,0,0,0,10,6,0
6300611,2025-02-14,9,596708,Duke,3,596521,Cincinnati,8,1,1,1,1,0,0,0,0,746,9780,1,32,3,8,2,0,3,3,5,0,9,0,0,0,0,8,7,7,37,2,27,7,3,0,9,40,7,8,6,2,11,0,0,2,1,0,0,2,0,7,9,0,1,32,8,7,0,0,2,7,2,3,11,2,1,1,0,7,9,5,40,0,27,9,0,0,9,37,8,3,3,5,9,0,1,3,0,0,0,0,0,8,7,0
6300615,2025-02-14,9,596545,Florida St.,6,596573,James Madison,0,1,1,1,1,0,0,0,0,6700,9720,1,31,6,4,1,0,1,4,6,2,10,0,0,1,0,3,10,10,39,1,27,11,1,0,9,30,2,0,0,1,16,0,0,0,1,0,0,0,0,8,2,0,1,29,0,2,0,0,0,0,1,0,16,0,0,1,0,8,2,3,30,5,24,4,0,0,8,40,4,6,1,6,10,0,2,1,1,0,0,0,0,3,10,0
6300616,2025-02-14,9,596514,UCLA,3,596504,Cal Poly,2,1,1,1,1,0,0,0,0,503,10620,1,25,3,4,1,0,0,3,9,1,10,0,1,1,1,8,4,8,36,1,27,7,1,0,9,36,4,2,1,3,10,0,1,0,0,0,0,0,0,8,9,0,1,30,2,4,2,0,0,2,3,1,10,0,2,0,0,8,9,7,36,0,24,8,0,1,8,36,4,3,3,9,10,0,1,0,1,1,0,0,0,8,4,0
6300617,2025-02-14,9,596674,Seton Hall,11,596669,San Diego St.,16,1,1,1,1,0,0,1,0,317,15180,1,41,11,14,3,0,3,11,5,2,17,0,0,1,0,4,5,10,48,2,27,13,1,1,9,54,18,16,15,7,4,0,1,1,2,1,0,1,0,13,9,0,1,42,16,18,5,2,1,15,7,3,4,1,1,2,1,13,9,11,54,1,27,4,0,0,9,48,14,11,10,5,17,0,2,3,1,0,1,0,0,4,5,0
6300623,2025-02-14,9,596462,Grand Canyon,3,596434,Vanderbilt,4,1,1,1,1,0,0,0,0,5294,10320,1,35,3,9,2,0,1,3,1,1,12,0,0,1,0,8,6,7,37,3,27,9,1,0,9,41,10,4,4,0,10,0,0,0,0,0,0,1,0,7,9,0,1,36,4,10,4,0,0,4,0,4,10,1,0,0,0,7,9,10,41,0,27,7,0,0,9,37,9,3,3,1,12,0,0,1,1,0,0,0,0,8,6,0
6300627,2025-02-14,9,596687,Louisiana,7,596672,San Jose St.,2,1,1,1,1,0,0,0,0,4862,9780,1,25,7,4,0,1,0,4,8,3,8,0,2,2,1,5,8,7,38,0,27,7,1,0,9,35,8,2,2,1,12,0,0,1,1,0,0,0,0,5,9,0,1,34,2,8,0,0,1,2,1,0,12,0,0,1,0,5,9,6,35,2,24,7,0,0,8,38,4,7,3,8,8,0,3,0,2,1,0,0,0,5,8,0
6300630,2025-02-14,9,596546,Florida,7,596430,Air Force,0,1,1,1,1,0,0,0,0,6935,7980,1,31,7,11,2,0,1,6,1,2,5,0,0,2,0,7,7,3,34,1,27,4,2,0,9,31,3,0,0,2,16,0,0,0,1,0,0,0,0,2,7,0,1,28,0,3,1,0,0,0,2,1,16,0,0,1,0,2,7,4,31,1,24,15,0,0,8,34,11,7,6,1,5,0,0,1,2,0,0,0,0,7,7,0
6300633,2025-02-14,9,596707,Fresno St.,7,596499,BYU,1,1,1,1,1,0,0,0,0,1233,8880,1,32,7,9,2,0,0,5,6,3,1,0,0,2,0,13,8,10,41,1,27,2,0,0,9,35,6,1,1,2,14,0,0,0,0,0,0,0,0,3,10,0,1,33,1,6,2,0,0,1,2,0,14,0,0,0,0,3,10,7,35,1,24,15,0,1,8,41,9,7,5,6,1,0,3,0,2,0,0,0,0,13,8,0
6300634,2025-02-14,9,596519,UCF,13,596675,Siena,4,1,1,1,1,0,0,0,0,2074,11400,1,37,13,16,4,1,0,11,6,3,6,1,2,3,0,4,14,12,49,1,27,9,0,0,9,35,6,4,3,1,7,0,0,2,0,0,0,0,0,9,11,0,1,33,4,6,0,0,2,4,1,0,7,0,1,0,0,9,11,4,35,4,24,3,0,0,8,49,16,13,11,6,6,0,2,0,3,0,0,1,0,4,14,0
6300641,2025-02-14,9,596467,North Florida,3,596637,Notre Dame,5,1,1,1,1,0,0,0,0,717,12720,1,33,3,6,4,0,0,2,3,2,10,0,0,1,0,9,8,8,38,1,27,8,0,1,9,41,6,5,4,9,7,0,0,1,1,0,0,1,0,7,11,0,1,31,5,6,0,0,1,5,9,0,7,1,0,1,0,7,11,9,41,0,27,8,1,0,9,38,6,3,3,3,10,0,3,0,1,0,0,0,0,9,8,0
6300642,2025-02-14,9,596420,Texas A&M,4,596460,Elon,2,1,1,1,1,0,0,0,0,8013,11640,1,29,4,5,2,0,1,3,7,1,9,0,0,1,0,3,12,9,37,2,27,8,0,0,9,37,5,2,1,4,10,0,1,0,2,0,0,0,0,5,10,0,1,30,2,5,1,0,0,2,4,2,10,0,0,2,0,5,10,8,36,1,24,2,1,0,8,37,5,4,4,7,9,0,1,1,1,0,0,0,0,3,12,0
6300644,2025-02-14,9,596619,UNLV,4,596566,Indiana,2,1,1,1,1,0,0,1,0,375,8940,1,31,4,7,1,0,1,4,1,0,8,0,0,1,0,6,9,3,32,2,27,10,0,0,9,37,9,2,2,2,11,0,0,0,0,0,0,0,0,8,5,0,1,33,2,9,1,0,0,1,2,2,11,0,0,0,0,8,5,8,37,1,24,7,2,0,8,32,7,4,4,1,8,0,0,1,1,0,0,0,0,6,9,0
6300645,2025-02-14,7,596605,Mississippi St.,13,596589,Manhattan,1,1,1,1,1,0,0,0,0,10794,7920,1,29,13,11,4,0,1,12,8,3,5,1,0,2,0,5,10,9,41,1,21,6,0,0,7,26,6,1,1,0,13,0,1,0,0,1,0,0,0,6,2,0,1,26,1,6,1,0,0,1,0,0,13,0,0,0,1,6,2,4,26,1,19,4,0,0,6.1,41,11,13,13,8,5,0,1,1,2,0,0,1,0,5,10,0
6300654,2025-02-14,9,596472,Lipscomb,3,596577,Kentucky,1,1,1,1,1,0,0,0,0,432,10020,1,27,3,5,0,0,0,2,6,0,12,0,0,1,1,3,7,6,33,0,27,7,0,1,9,35,3,1,1,5,6,0,1,0,0,0,0,0,0,6,14,0,1,29,1,3,0,0,0,1,5,1,6,0,0,0,0,6,14,7,35,1,24,7,0,0,8,33,5,3,2,6,12,0,3,0,1,1,0,0,0,3,7,0
6300701,2025-02-14,9,596488,Little Rock,5,596709,Evansville,1,1,1,1,1,0,0,0,0,302,8160,1,30,5,7,1,0,1,4,3,0,7,0,0,1,1,6,10,4,33,0,27,10,0,0,9,33,3,1,1,2,9,0,0,1,0,0,0,0,0,7,9,0,1,28,1,3,0,0,1,1,2,3,9,0,0,0,0,7,9,5,33,0,24,7,1,0,8,33,7,5,5,3,7,0,3,1,1,1,0,0,0,6,10,0
6300756,2025-02-14,7,596487,Arkansas,14,596442,Washington St.,2,1,1,1,1,0,0,0,0,9112,8160,1,30,14,13,6,1,1,14,8,3,5,0,0,1,0,6,6,9,41,0,21,7,1,0,7,26,5,2,2,1,9,0,0,0,0,0,0,0,0,6,4,0,1,24,2,5,1,0,0,2,1,1,9,0,0,0,0,6,4,3,26,0,18,7,2,0,6,41,13,14,14,8,5,0,2,1,1,0,0,0,0,6,6,0
6307959,2025-02-14,9,596511,California,14,596620,Nevada,1,1,1,1,1,0,0,0,0,483,12540,1,36,14,13,3,1,2,12,6,0,11,0,0,0,1,3,8,4,42,0,27,6,0,0,9,36,4,1,1,5,15,0,3,1,0,0,0,0,0,5,7,0,1,31,1,4,0,0,1,1,5,0,15,0,0,0,0,5,7,8,36,2,24,5,0,0,8,42,13,14,9,6,11,0,1,2,0,1,0,0,0,3,8,0
6308948,2025-02-14,11,596602,Michigan,5,596439,Virginia,4,1,1,1,1,0,0,1,0,450,13680,1,39,5,10,1,0,1,5,3,0,12,0,0,0,1,5,12,5,42,0,33,11,0,0,11,45,9,4,4,2,11,0,0,1,3,1,0,0,0,12,8,0,1,40,4,9,2,0,1,3,2,3,11,0,0,3,1,12,8,8,45,0,31,8,1,0,10.1,42,10,5,5,3,12,0,1,1,0,1,1,0,0,5,12,0
6310170,2025-02-14,9,596679,South Fla.,5,596569,Iowa,4,1,1,1,1,0,0,0,0,1434,10740,1,28,5,3,0,0,1,5,5,0,14,0,0,3,1,4,5,4,33,1,27,9,0,0,9,39,8,4,4,4,10,0,0,0,0,1,0,0,0,10,6,0,1,33,4,8,1,1,0,4,4,1,10,0,1,0,1,10,6,8,39,2,24,5,0,0,8,33,3,5,4,5,14,0,0,1,3,1,0,0,0,4,5,1
6310584,2025-02-14,9,596557,Hawaii,9,596591,Marshall,8,1,1,1,1,0,0,0,0,3806,12120,1,37,9,12,4,0,0,8,5,2,7,1,0,2,0,12,7,8,45,2,27,7,0,1,9,39,8,8,5,4,9,0,2,3,0,1,1,1,0,7,10,0,1,34,8,8,1,0,3,7,4,0,9,1,0,0,1,7,10,4,39,0,26,9,0,1,8.2,45,12,9,8,5,7,0,1,0,2,0,0,1,0,12,7,1
6311244,2025-02-14,9,596647,Penn St.,10,596608,Missouri,0,1,1,1,1,0,0,1,0,550,9300,1,36,10,11,1,0,3,9,3,0,10,1,0,1,0,6,8,6,40,1,27,6,0,0,9,34,2,0,0,3,13,0,1,0,0,0,0,0,0,7,7,0,1,29,0,2,0,0,0,0,3,1,13,0,1,0,0,7,7,7,34,2,24,6,0,0,8,40,11,10,7,3,10,0,1,3,1,0,0,1,0,6,8,0
6311707,2025-02-14,9,596587,LMU (CA),10,596465,Seattle U,3,1,1,1,1,0,0,0,0,309,11520,1,37,10,13,3,2,0,9,2,2,8,1,1,2,0,7,9,9,43,1,27,6,0,0,9,38,3,3,3,7,16,0,2,1,1,0,0,1,0,5,5,0,1,28,3,3,1,0,1,2,7,1,16,1,1,1,0,5,5,8,38,2,24,5,1,0,8,43,13,10,6,2,8,0,3,0,2,0,0,1,0,7,9,0
6312964,2025-02-14,9,596641,Oklahoma,11,596580,Lehigh,3,1,1,1,1,0,0,0,0,709,11100,1,30,11,10,3,1,3,11,7,1,3,2,2,5,0,12,8,7,42,2,27,5,0,0,9,36,4,3,2,3,16,0,0,0,0,0,0,0,0,6,4,0,1,32,3,4,1,0,0,3,3,1,16,0,0,0,0,6,4,6,36,2,24,13,0,0,8,42,10,11,11,7,3,0,0,3,5,0,0,2,0,12,8,0
6312966,2025-02-14,8,596641,Oklahoma,13,596580,Lehigh,3,1,1,1,1,0,0,0,0,832,10500,1,37,13,14,3,0,1,10,9,1,11,1,0,9,0,6,5,12,48,0,24,9,0,0,8,32,5,3,3,6,7,0,2,0,0,1,0,0,0,8,6,0,1,26,3,5,1,0,0,3,6,0,7,0,0,0,1,8,6,5,32,4,22,7,2,0,7.1,48,14,13,12,9,11,0,2,1,9,0,1,1,0,6,5,0
6313084,2025-02-14,9,596490,Austin Peay,6,596623,New Mexico,9,1,1,1,1,0,0,1,0,396,8100,1,35,6,8,1,1,2,6,3,1,10,1,0,1,0,7,10,7,40,0,27,7,0,0,9,49,11,9,9,6,15,0,0,1,0,0,0,0,0,6,6,0,1,38,9,11,4,2,1,9,6,5,15,0,0,0,0,6,6,13,49,0,27,5,0,0,9,40,8,6,6,3,10,0,1,2,1,0,0,1,0,7,10,0
6313237,2025-02-14,9,596523,Clemson,6,596714,Oklahoma St.,5,1,1,1,1,0,0,1,0,8344,10320,1,30,6,6,2,0,0,5,6,2,13,0,0,1,0,5,6,8,38,1,27,7,0,1,9,36,7,5,5,1,13,0,0,2,0,0,0,0,0,7,8,0,1,35,5,7,4,0,2,5,1,0,13,0,0,0,0,7,8,4,36,1,24,6,0,0,8,38,6,6,5,6,13,0,1,0,1,0,0,0,0,5,6,0
6314656,2025-02-14,9,596554,Georgia,9,596654,Quinnipiac,1,1,1,1,1,0,0,1,0,1406,10860,1,27,9,4,3,0,1,8,8,3,4,1,0,4,0,8,12,6,39,0,27,16,0,0,9,33,4,1,1,5,6,0,0,0,1,0,0,0,0,11,7,0,1,28,1,4,0,1,0,1,5,0,6,0,0,1,0,11,7,5,33,0,24,8,3,1,8,39,4,9,9,8,4,0,2,1,4,0,0,1,0,8,12,0
6314684,2025-02-14,9,596424,UT Arlington,5,596426,UTSA,0,1,1,1,1,0,0,0,0,380,7740,1,34,5,10,3,0,0,5,0,1,9,0,0,0,0,5,10,6,35,2,27,16,0,0,9,32,4,0,0,0,5,0,1,0,0,0,0,0,0,15,5,0,1,31,0,4,1,0,0,0,0,1,5,0,0,0,0,15,5,5,32,0,24,5,2,0,8,35,10,5,5,0,9,0,0,0,0,0,0,0,0,5,10,0
6316361,2025-02-14,9,596600,Miami (FL),14,596625,Niagara,2,1,1,1,1,0,0,0,0,3036,11100,1,38,14,13,3,0,0,9,9,2,10,0,1,2,0,8,5,12,50,0,27,14,1,0,9,35,8,2,2,1,8,0,0,1,0,0,0,0,0,13,5,0,1,34,2,8,2,0,1,2,1,0,8,0,0,0,0,13,5,5,35,5,24,10,0,0,8,50,13,14,5,9,10,0,1,0,2,0,0,0,0,8,5,0
6316403,2025-02-14,7,596721,Tennessee,15,596558,Hofstra,0,1,1,1,1,0,0,0,0,6212,8280,1,31,15,13,2,1,3,13,7,1,4,0,0,0,0,6,7,6,39,1,21,5,0,0,7,22,1,0,0,0,15,0,0,0,0,0,0,0,0,2,2,0,1,21,0,1,0,0,0,0,0,1,15,0,0,0,0,2,2,1,22,1,18,8,1,0,6,39,13,15,8,7,4,0,5,3,0,0,1,0,0,6,7,0
6316535,2025-02-14,9,596485,Arizona St.,9,596639,Ohio St.,8,1,1,1,1,0,0,0,0,3529,10500,1,33,9,8,3,0,2,8,2,1,6,0,0,1,0,8,10,3,36,0,27,6,0,0,9,41,11,8,8,5,9,0,0,1,3,0,0,1,0,1,14,0,1,34,8,11,3,0,1,8,5,1,9,1,0,3,0,1,14,6,41,1,24,8,2,0,8,36,8,9,8,2,6,0,0,2,1,0,0,0,0,8,10,0
6316737,2025-02-14,9,596553,Georgia Tech,3,596642,Old Dominion,2,1,1,1,1,0,0,0,0,1286,9240,1,24,3,3,1,0,1,3,5,1,7,0,3,0,0,7,9,6,33,1,27,9,1,0,9,34,6,2,1,2,10,0,0,0,1,0,0,0,0,6,9,0,1,31,2,6,1,0,0,2,2,1,10,0,0,1,0,6,9,5,34,1,24,8,2,0,8,33,3,3,2,5,7,0,0,1,0,0,0,0,0,7,9,0
6317032,2025-02-14,10,596585,Louisville,4,596425,Texas,3,1,1,1,1,0,0,1,0,8344,12300,1,37,4,11,2,0,0,4,2,2,13,0,1,0,1,7,6,6,42,0,30,6,2,0,10,42,9,3,3,2,16,0,0,2,0,0,0,0,0,6,8,0,1,40,3,9,1,0,2,3,2,0,16,0,0,0,0,6,8,9,42,2,29,13,0,1,9.2,42,11,4,4,2,13,0,0,0,0,1,0,0,0,7,6,0
6357533,2025-02-14,9,596438,Virginia Tech,19,596502,Bucknell,0,1,1,1,1,0,0,0,0,894,10980,1,41,19,18,6,1,1,19,7,0,4,3,0,0,1,6,13,8,51,0,27,5,0,0,9,35,4,0,0,4,16,0,0,0,0,0,0,0,0,7,4,0,1,31,0,4,0,0,0,0,4,0,16,0,0,0,0,7,4,8,35,3,24,6,0,0,8,51,18,19,16,7,4,0,1,1,0,1,0,3,0,6,13,0
6357541,2025-02-14,9,596438,Virginia Tech,6,596502,Bucknell,8,1,1,1,1,0,0,0,0,969,12240,1,36,6,8,3,1,2,5,5,1,6,0,0,0,0,14,7,9,42,2,27,5,0,0,9,41,6,8,7,7,14,0,0,0,0,0,0,0,0,7,6,0,1,34,8,6,3,1,0,8,7,0,14,0,0,0,0,7,6,6,41,2,27,9,0,0,9,42,8,6,5,5,6,0,2,2,0,0,0,0,0,14,7,0
6357953,2025-02-14,10,596471,A&M-Corpus Christi,5,596575,Kansas,8,1,1,1,1,0,0,0,0,284,12660,1,36,5,8,0,0,1,2,6,2,10,0,1,3,1,10,8,10,45,2,30,7,2,0,10,50,11,8,7,10,7,0,1,0,0,0,0,1,0,6,16,1,1,38,8,11,2,0,0,8,10,0,7,1,1,0,0,6,16,12,50,2,30,13,1,0,10,45,8,5,4,6,10,0,2,1,3,1,0,0,0,10,8,0
6358726,2025-02-14,9,596653,Purdue,4,596689,SFA,1,1,1,1,1,0,0,1,0,0,8460,1,29,4,5,1,0,2,4,4,2,7,0,0,0,0,8,8,7,35,2,27,10,0,0,9,33,6,1,0,2,8,0,0,0,0,1,0,0,0,8,8,0,1,31,1,6,1,0,0,0,2,0,8,0,0,0,1,8,8,5,33,1,24,11,2,0,8,35,5,4,4,4,7,0,1,2,0,0,0,0,0,8,8,0
6358783,2025-02-14,9,596653,Purdue,4,596689,SFA,2,1,1,1,1,0,0,1,0,331,8880,1,27,4,7,0,0,0,2,3,2,4,0,1,0,1,9,8,5,33,2,27,13,1,0,9,36,6,2,1,0,7,0,2,0,0,0,0,0,0,10,9,0,1,33,2,6,0,0,0,1,0,3,7,0,0,0,0,10,9,7,36,1,24,13,1,0,8,33,7,4,2,3,4,0,0,0,0,1,0,0,0,9,8,0
6358918,2025-02-14,9,596507,Long Beach St.,19,596636,Northwestern,6,1,1,1,1,0,0,0,0,1842,14280,1,31,19,13,1,1,2,18,13,2,8,2,0,0,2,3,9,4,48,1,27,4,0,0,9,47,6,6,6,10,11,0,0,0,0,0,0,1,0,3,12,0,1,32,6,6,1,0,0,6,10,4,11,1,0,0,0,3,12,12,47,1,24,13,0,0,8,48,13,19,18,13,8,0,0,2,0,2,0,2,0,3,9,0
6300618,2025-02-15,9,596653,Purdue,14,596689,SFA,2,1,1,1,1,0,0,1,0,288,10980,1,35,14,14,5,0,0,11,5,3,9,1,1,1,0,2,12,7,45,1,27,10,0,1,9,35,6,2,0,3,9,0,1,0,1,0,0,0,0,8,7,0,1,29,2,6,0,1,0,2,3,2,9,0,1,1,0,8,7,6,35,2,24,4,2,1,8,45,14,14,12,5,9,0,1,0,1,0,0,1,0,2,12,0
6300647,2025-02-15,9,596489,Auburn,2,596559,Holy Cross,4,1,1,1,1,0,0,0,0,4821,10920,1,31,2,5,2,0,0,1,3,2,6,1,0,5,0,6,15,8,37,3,27,9,0,0,9,39,7,4,2,7,11,0,0,0,0,2,0,3,0,6,6,0,1,29,4,7,1,1,0,4,7,0,11,3,0,0,2,6,6,8,39,0,27,5,2,0,9,37,5,2,2,3,6,0,1,0,5,0,2,1,0,6,15,0
6300649,2025-02-15,9,596480,Alabama,19,596498,Bradley,3,1,1,1,1,0,0,0,0,3279,13020,1,39,19,16,2,0,2,15,13,3,7,0,0,0,0,11,5,12,55,2,27,9,1,0,9,41,6,3,1,2,10,0,1,1,0,0,0,0,0,10,7,0,1,35,3,6,1,0,1,3,2,4,10,0,0,0,0,10,7,11,41,1,24,11,0,1,8,55,16,19,17,13,7,0,2,2,0,0,0,0,0,11,5,0
6300650,2025-02-15,,596546,Florida,,596430,Air Force,,1,1,0,0,0,0,0,0,,,0,0,0,0,0,0,0,0,0,0,0,0,0,0,0,0,0,0,0,0,0,0,0,0,0,0,0,0,0,0,0,0,0,0,0,0,0,0,0,0,0,0,0,0,0,0,0,0,0,0,0,0,0,0,0,0,0,0,0,0,0,0,0,0,0,0,0,0,0,0,0,0,0,0,0,0,0,0,0,0,0,0,0,0
6300661,2025-02-15,9,596706,Arizona,5,596523,Clemson,16,1,1,1,1,0,0,1,0,13289,11340,1,35,5,8,2,0,1,5,3,0,11,0,0,0,0,8,8,6,38,0,27,9,0,0,9,50,17,16,16,3,14,0,0,0,1,0,0,1,0,10,3,0,1,43,16,17,6,0,0,16,3,3,14,1,0,1,0,10,3,7,50,0,27,7,0,0,9,38,8,5,5,3,11,0,1,1,0,0,0,0,0,8,8,0
6300664,2025-02-15,9,596623,New Mexico,4,596513,UC Irvine,18,1,1,1,1,0,0,1,0,545,12240,1,30,4,4,2,0,1,4,4,1,10,1,0,0,0,4,13,5,36,2,27,7,0,0,9,55,15,18,17,9,13,0,3,2,1,1,0,2,0,5,8,0,1,38,18,15,5,0,2,17,9,5,13,2,1,1,1,5,8,10,55,0,27,4,0,0,9,36,4,4,4,4,10,0,1,1,0,0,0,1,0,4,13,0
6300668,2025-02-15,9,596647,Penn St.,4,596720,Stetson,8,1,1,1,1,0,0,1,0,553,11460,1,32,4,8,3,0,1,3,6,0,9,0,0,0,1,11,4,7,38,3,27,13,1,0,9,40,9,8,6,6,10,0,1,3,3,3,0,0,0,6,5,0,1,33,8,9,1,0,3,6,6,1,10,0,0,3,3,6,5,5,40,0,27,17,2,0,9,38,8,4,4,6,9,0,1,1,0,1,0,0,0,11,4,0
6300674,2025-02-15,9,596583,LSU,10,596567,Purdue Fort Wayne,1,1,1,1,1,0,0,0,0,10964,10920,1,27,10,8,1,0,3,9,7,4,2,0,0,0,2,4,13,3,38,1,27,8,1,0,9,33,5,1,1,1,14,0,2,0,0,1,0,0,0,5,7,0,1,30,1,5,1,0,0,0,1,1,14,0,1,0,1,5,7,5,33,0,24,8,0,0,8,38,8,10,10,7,2,0,2,3,0,2,0,0,0,4,13,0
6300681,2025-02-15,9,596487,Arkansas,5,596442,Washington St.,2,1,1,1,1,0,0,0,0,9418,9960,1,31,5,9,4,0,3,5,3,1,8,0,0,0,1,10,4,6,35,0,27,7,0,0,9,34,6,2,2,1,10,0,2,0,1,0,0,1,0,7,10,0,1,32,2,6,3,1,0,2,1,0,10,1,0,1,0,7,10,5,34,0,24,12,0,1,8,35,9,5,5,3,8,0,0,3,0,1,0,0,0,10,4,0
6300682,2025-02-15,,596605,Mississippi St.,,596589,Manhattan,,1,1,0,0,0,0,0,0,,,0,0,0,0,0,0,0,0,0,0,0,0,0,0,0,0,0,0,0,0,0,0,0,0,0,0,0,0,0,0,0,0,0,0,0,0,0,0,0,0,0,0,0,0,0,0,0,0,0,0,0,0,0,0,0,0,0,0,0,0,0,0,0,0,0,0,0,0,0,0,0,0,0,0,0,0,0,0,0,0,0,0,0,0
6300688,2025-02-15,7,596677,South Carolina,14,596661,Sacred Heart,0,1,1,1,1,0,0,0,0,8242,8340,1,25,14,9,3,0,0,13,11,2,5,3,0,1,0,4,9,9,41,0,21,1,0,0,7,22,1,0,0,0,13,0,0,0,0,0,0,0,0,2,6,0,1,22,0,1,0,0,0,0,0,0,13,0,0,0,0,2,6,1,22,2,18,4,0,2,6,41,9,14,11,11,5,0,1,0,1,0,0,3,0,4,9,0
6300692,2025-02-15,9,596687,Louisiana,3,596672,San Jose St.,8,1,1,1,1,0,0,0,0,4123,10800,1,35,3,9,4,0,0,3,4,0,9,0,0,1,0,10,7,9,39,2,27,10,1,0,9,41,9,8,6,4,7,0,0,0,0,1,0,1,0,10,9,0,1,34,8,9,1,0,0,7,4,1,7,1,1,0,1,10,9,6,41,0,27,10,0,0,9,39,9,3,3,4,9,0,0,0,1,0,0,0,0,10,7,0
6300695,2025-02-15,9,596545,Florida St.,9,596573,James Madison,2,1,1,1,1,0,0,0,0,6700,10020,1,36,9,10,4,0,4,9,5,0,10,0,0,0,0,7,6,8,41,1,27,11,1,0,9,34,5,2,1,3,13,0,1,0,0,1,0,0,0,7,5,0,1,31,2,5,1,0,0,1,3,0,13,0,0,0,1,7,5,5,34,3,24,7,1,0,8,41,10,9,9,5,10,0,1,4,0,0,0,0,0,7,6,0
6300698,2025-02-15,9,596514,UCLA,18,596504,Cal Poly,2,1,1,1,1,0,0,0,0,661,12480,1,43,18,18,4,1,2,18,8,5,9,0,0,1,0,6,9,14,56,0,27,7,0,0,9,39,7,2,1,6,10,0,0,1,0,0,1,0,0,6,10,0,1,33,2,7,2,0,1,2,6,0,10,0,0,0,0,6,10,10,39,1,24,5,1,1,8,56,18,18,18,8,9,0,1,2,1,0,0,0,0,6,9,0
6300705,2025-02-15,9,596707,Fresno St.,13,596499,BYU,4,1,1,1,1,0,0,0,0,1624,10380,1,37,13,16,2,0,1,11,3,2,3,0,0,2,0,7,11,4,42,0,27,2,2,0,9,39,10,4,4,2,12,0,0,1,0,0,0,0,0,2,13,0,1,37,4,10,4,0,1,4,2,0,12,0,0,0,0,2,13,8,39,1,24,9,0,0,8,42,16,13,13,3,3,0,1,1,2,0,0,0,0,7,11,0
6300706,2025-02-15,7,596420,Texas A&M,16,596460,Elon,6,1,1,1,1,0,0,0,0,6740,10740,1,33,16,14,0,0,4,14,6,1,7,0,0,0,0,2,9,6,40,3,21,4,0,0,7,36,10,6,5,4,13,0,0,0,2,0,0,1,0,4,3,0,1,29,6,10,1,0,0,5,4,2,13,1,0,2,0,4,3,9,36,2,18,2,1,0,6,40,14,16,12,6,7,0,1,4,0,0,0,0,0,2,9,0
6300708,2025-02-15,12,596708,Duke,6,596521,Cincinnati,5,1,1,1,1,0,0,0,0,485,16800,1,42,6,11,1,0,1,6,9,2,14,1,0,1,0,9,9,14,54,1,36,11,0,0,12,50,9,5,4,6,13,0,0,1,1,1,0,0,0,8,13,0,1,43,5,9,1,2,1,4,6,1,13,0,0,1,1,8,13,8,50,1,34,10,1,0,11.1,54,11,6,6,9,14,0,2,1,1,0,0,1,0,9,9,0
6300711,2025-02-15,7,596467,North Florida,6,596637,Notre Dame,19,1,1,1,1,0,0,0,0,0,12360,1,26,6,5,1,0,1,6,5,3,10,0,0,1,0,7,3,7,34,1,21,6,1,1,7,48,16,19,19,10,8,0,3,2,3,0,0,0,0,6,7,0,1,38,19,16,2,0,2,18,10,0,8,0,0,3,0,6,7,8,48,1,21,7,0,0,7,34,5,6,5,5,10,0,1,1,1,0,0,0,0,7,3,0
6300713,2025-02-15,9,596507,Long Beach St.,2,596636,Northwestern,6,1,1,1,1,0,0,0,0,2055,9360,1,27,2,4,1,0,0,2,2,2,7,0,2,0,0,9,9,4,33,1,27,7,1,0,9,38,9,6,6,2,13,0,1,2,0,0,0,0,0,6,7,0,1,35,6,9,3,0,2,6,2,1,13,0,0,0,0,6,7,5,38,0,27,12,1,0,9,33,4,2,2,2,7,0,0,0,0,0,0,0,0,9,9,0
6300714,2025-02-15,9,596617,UNCW,3,596554,Georgia,7,1,1,1,1,0,0,0,0,0,11820,1,31,3,4,0,0,1,3,5,0,13,0,0,2,0,10,4,6,36,0,27,12,0,0,9,48,11,7,7,8,7,0,2,0,0,0,1,0,0,11,7,0,1,35,7,11,1,0,0,6,8,4,7,0,1,0,0,11,7,14,48,0,27,9,2,0,9,36,4,3,3,5,13,0,1,1,2,0,0,0,0,10,4,0
6300717,2025-02-15,9,596608,Missouri,11,596526,UConn,7,1,1,1,1,0,0,1,0,431,11940,1,34,11,11,2,0,2,11,7,2,13,1,0,5,0,6,4,9,44,1,27,10,1,0,9,40,11,7,7,1,9,0,1,1,4,1,0,1,0,11,6,0,1,36,7,11,3,0,1,7,1,2,9,1,0,4,1,11,6,6,40,2,24,5,0,0,8,44,11,11,9,7,13,0,0,2,5,0,1,1,0,6,4,0
6300719,2025-02-15,9,596669,San Diego St.,5,596462,Grand Canyon,6,1,1,1,1,0,0,1,0,632,10680,1,33,5,8,0,2,0,5,3,1,10,0,1,0,1,7,10,6,38,4,27,14,1,0,9,42,9,6,4,6,4,0,1,0,2,0,0,0,0,12,8,0,1,34,6,9,3,0,0,4,6,2,4,0,0,2,0,12,8,9,42,0,27,10,3,0,9,38,8,5,5,3,10,0,0,0,0,1,0,0,0,7,10,0
6300721,2025-02-15,9,596546,Florida,10,596430,Air Force,4,1,1,1,1,0,0,0,0,6647,10560,1,36,10,13,3,0,4,9,7,2,9,1,0,9,0,5,10,12,46,1,27,5,0,0,9,36,6,4,3,0,14,0,0,1,0,0,0,1,0,5,8,0,1,33,4,6,0,0,1,3,0,1,14,1,1,0,0,5,8,5,36,1,24,5,0,0,8,46,13,10,10,7,9,0,1,4,9,0,1,1,0,5,10,0
6300723,2025-02-15,9,596519,UCF,11,596675,Siena,0,1,1,1,1,0,0,0,0,2249,10020,1,34,11,12,3,0,0,10,7,3,4,0,0,1,0,7,11,9,44,0,27,9,2,0,9,32,3,0,0,3,13,0,0,0,0,0,0,0,0,8,5,0,1,29,0,3,0,0,0,0,3,0,13,0,0,0,0,8,5,5,32,0,24,7,1,1,8,44,12,11,10,7,4,0,0,0,1,0,0,0,0,7,11,0
6300790,2025-02-15,9,596467,North Florida,8,596637,Notre Dame,1,1,1,1,1,0,0,0,0,1078,11220,1,32,8,11,4,0,1,7,4,1,13,0,1,2,2,7,2,6,38,2,27,7,0,0,9,38,5,1,0,2,12,0,0,0,1,0,0,1,0,8,7,0,1,32,1,5,0,0,0,1,2,2,12,1,1,1,0,8,7,10,38,0,24,10,0,0,8,38,11,8,8,4,13,0,2,1,2,2,0,0,0,7,2,0
6304678,2025-02-15,9,596707,Fresno St.,1,596499,BYU,7,1,1,1,1,0,0,0,0,1624,10800,1,30,1,4,2,0,0,1,2,1,4,0,0,1,0,11,11,5,33,2,27,9,1,0,9,50,9,7,6,10,11,0,1,0,2,0,0,0,0,8,7,0,1,36,7,9,2,0,0,7,10,3,11,0,1,2,0,8,7,16,50,0,27,10,1,0,9,33,4,1,1,2,4,0,1,0,1,0,0,0,0,11,11,0
6307957,2025-02-15,9,596511,California,11,596620,Nevada,3,1,1,1,1,0,0,0,0,632,9360,1,33,11,11,2,0,1,11,3,2,3,2,0,0,0,10,10,5,40,0,27,12,1,0,9,34,5,3,3,2,7,0,2,1,0,0,0,0,0,10,9,0,1,31,3,5,0,0,1,2,2,1,7,0,0,0,0,10,9,4,34,1,24,11,1,0,8,40,11,11,9,3,3,0,2,1,0,0,0,2,0,10,10,0
6310195,2025-02-15,9,596679,South Fla.,2,596569,Iowa,8,1,1,1,1,0,0,0,0,1470,10380,1,30,2,3,2,0,0,2,2,0,13,0,0,0,0,7,7,3,32,0,27,4,0,0,9,44,11,8,8,6,9,0,2,3,1,1,0,0,0,4,13,0,1,37,8,11,4,1,3,8,6,1,9,0,0,1,1,4,13,9,44,2,27,5,0,0,9,32,3,2,2,2,13,0,0,0,0,0,0,0,0,7,7,0
6310586,2025-02-15,7,596557,Hawaii,6,596591,Marshall,2,1,1,1,1,0,0,0,0,3956,6960,1,24,6,6,3,0,0,6,4,0,4,0,0,3,0,9,5,4,28,0,21,9,0,0,7,27,4,2,2,3,6,0,0,1,0,0,0,0,0,8,6,0,1,24,2,4,0,1,1,2,3,0,6,0,0,0,0,8,6,4,27,0,18,8,1,0,6,28,6,6,6,4,4,0,0,0,3,0,0,0,0,9,5,0
6310589,2025-02-15,9,596557,Hawaii,7,596591,Marshall,6,1,1,1,1,0,0,0,0,3956,11880,1,41,7,15,3,0,0,6,7,2,5,0,0,4,0,14,5,16,50,0,27,13,0,2,9,39,10,6,6,2,6,0,0,0,3,0,0,0,0,11,7,0,1,34,6,10,2,0,0,6,2,3,6,0,0,3,0,11,7,6,39,2,24,14,1,0,8,50,15,7,5,7,5,0,1,0,4,0,0,0,0,14,5,0
6311374,2025-02-15,9,596434,Vanderbilt,4,596712,Nebraska,6,1,1,1,1,0,0,1,0,3000,11100,1,34,4,7,3,0,1,4,5,0,10,0,0,0,0,12,5,8,39,0,27,8,0,0,9,40,8,6,6,6,15,0,0,1,0,1,0,0,0,4,6,0,1,33,6,8,3,1,1,6,6,1,15,0,0,0,1,4,6,7,40,0,27,12,0,0,9,39,7,4,4,5,10,0,1,1,0,0,0,0,0,12,5,0
6311712,2025-02-15,9,596587,LMU (CA),17,596465,Seattle U,11,1,1,1,1,0,0,0,0,402,13860,1,42,17,17,5,0,2,15,5,4,10,1,0,7,0,5,9,11,52,1,27,8,0,0,9,46,15,11,10,3,12,0,1,1,2,0,0,0,0,5,9,0,1,42,11,15,3,0,1,9,3,1,12,0,0,2,0,5,9,7,46,2,24,7,0,0,8,52,17,17,14,5,10,0,2,2,7,0,0,1,0,5,9,0
6312970,2025-02-15,7,596641,Oklahoma,12,596580,Lehigh,1,1,1,1,1,0,0,0,0,962,8880,1,27,12,13,4,1,1,11,9,0,1,2,0,1,2,6,9,8,38,0,21,9,0,0,7,26,3,1,1,3,9,0,0,0,1,0,0,0,0,8,3,0,1,23,1,3,1,0,0,1,3,0,9,0,0,1,0,8,3,4,26,1,18,7,1,1,6,38,13,12,9,9,1,0,1,1,1,2,0,2,0,6,9,0
6312998,2025-02-15,7,596643,Oregon St.,16,596619,UNLV,0,1,1,1,1,0,0,1,0,3718,10200,1,34,16,15,4,0,1,15,10,1,11,2,0,1,0,4,3,13,47,1,20,7,0,0,6.2,26,5,0,0,3,11,0,0,0,0,1,0,0,0,3,4,0,1,23,0,5,0,0,0,0,3,0,11,0,0,0,1,3,4,4,26,3,18,4,1,0,6,47,15,16,13,10,11,0,1,1,1,0,0,2,0,4,3,0
6313117,2025-02-15,9,596439,Virginia,3,596435,Villanova,1,1,1,1,1,0,0,1,0,600,11040,1,30,3,8,1,0,0,3,8,0,10,0,0,2,1,6,6,11,38,0,27,10,1,0,9,35,4,1,1,4,9,0,0,0,0,0,0,0,0,7,9,0,1,29,1,4,0,0,0,1,4,2,9,0,0,0,0,7,9,6,35,0,24,8,1,0,8,38,8,3,3,8,10,0,0,0,2,1,0,0,0,6,6,0
6314226,2025-02-15,9,596506,Cal St. Fullerton,3,596688,Stanford,6,1,1,1,1,0,0,0,0,1804,9660,1,33,3,5,1,1,0,3,2,1,6,0,0,0,0,10,11,6,36,3,27,10,0,1,9,38,5,6,1,4,7,0,0,0,0,1,0,0,0,10,9,0,1,33,6,5,1,0,0,5,4,0,7,0,1,0,1,10,9,4,38,1,27,11,0,0,9,36,5,3,3,2,6,0,2,0,0,0,0,0,0,10,11,0
6314229,2025-02-15,7,596506,Cal St. Fullerton,1,596688,Stanford,13,1,1,1,1,0,0,0,0,1424,9600,1,24,1,4,1,0,0,1,2,0,4,0,0,0,0,7,9,4,26,1,21,4,1,0,7,45,18,13,12,5,6,0,0,0,0,0,1,0,0,3,10,0,1,38,13,18,4,1,0,12,5,2,6,0,0,0,0,3,10,11,45,0,21,8,1,0,7,26,4,1,1,2,4,0,0,0,0,0,0,0,0,7,9,0
6314657,2025-02-15,9,596654,Quinnipiac,4,596554,Georgia,7,1,1,1,1,0,0,1,0,0,12420,1,30,4,5,2,0,0,3,4,2,6,0,2,4,0,11,9,7,38,0,27,11,1,0,9,45,7,7,7,10,7,0,1,0,4,0,0,1,0,8,8,0,1,29,7,7,0,1,0,7,10,5,7,1,0,4,0,8,8,11,45,1,27,9,2,0,9,38,5,4,2,4,6,0,0,0,4,0,0,0,0,11,9,0
6314689,2025-02-15,9,596424,UT Arlington,7,596426,UTSA,4,1,1,1,1,0,0,0,0,462,8100,1,34,7,10,3,0,1,6,0,0,6,0,0,1,0,11,7,3,34,2,27,13,0,1,9,41,10,4,3,2,3,0,1,0,2,0,0,0,0,15,9,0,1,38,4,10,2,0,0,2,2,1,3,0,0,2,0,15,9,10,41,0,24,11,0,0,8,34,10,7,7,0,6,0,1,1,1,0,0,0,0,11,7,0
6316362,2025-02-15,9,596600,Miami (FL),10,596625,Niagara,0,1,1,1,1,0,0,0,0,2791,11280,1,34,10,12,2,1,1,8,9,4,8,0,1,0,0,9,4,12,48,1,27,5,2,0,9,34,1,0,0,5,15,0,0,0,0,0,0,0,0,3,9,0,1,28,0,1,0,0,0,0,5,1,15,0,0,0,0,3,9,7,34,2,24,12,0,0,8,48,12,10,7,9,8,0,2,1,0,0,0,0,0,9,4,0
6316405,2025-02-15,7,596721,Tennessee,18,596558,Hofstra,1,1,1,1,1,0,0,0,0,5249,10320,1,31,18,11,3,1,3,16,7,2,8,0,0,2,0,4,6,4,40,2,21,6,0,0,7,29,2,1,1,4,9,0,1,1,3,1,0,0,0,6,5,0,1,24,1,2,0,0,1,1,4,1,9,0,0,3,1,6,5,7,29,2,18,4,0,0,6,40,11,18,13,7,8,0,1,3,2,0,0,0,0,4,6,0
6316536,2025-02-15,9,596485,Arizona St.,7,596639,Ohio St.,6,1,1,1,1,0,0,0,0,3261,11700,1,33,7,10,2,0,1,7,3,2,4,1,0,1,1,9,11,3,39,1,27,9,0,0,9,40,8,6,5,4,11,0,4,1,5,0,0,1,0,6,8,0,1,31,6,8,2,0,1,3,4,3,11,1,1,5,0,6,8,7,40,1,26,12,1,0,8.2,39,10,7,7,3,4,0,1,1,1,1,1,1,0,9,11,0
6316738,2025-02-15,9,596553,Georgia Tech,7,596642,Old Dominion,3,1,1,1,1,0,0,0,0,1158,11100,1,31,7,6,1,0,1,7,7,0,13,0,0,1,0,4,6,7,38,1,27,7,1,0,9,40,4,3,3,7,16,0,0,0,0,0,0,0,0,6,4,0,1,31,3,4,0,0,0,3,7,2,16,0,0,0,0,6,4,8,40,2,24,4,0,0,8,38,6,7,6,7,13,0,1,1,1,0,0,0,0,4,6,0
6354725,2025-02-15,7,596425,Texas,10,596607,Ole Miss,0,1,1,1,1,0,0,1,0,13289,8700,1,30,10,11,3,1,1,10,4,2,11,0,0,1,0,4,4,4,36,1,21,9,0,0,7,26,2,0,0,1,6,0,0,0,0,1,0,0,0,9,5,0,1,23,0,2,1,0,0,0,1,2,6,0,0,0,1,9,5,5,26,0,20,5,0,0,6.2,36,11,10,10,4,11,0,0,1,1,0,0,0,0,4,4,0
6356679,2025-02-15,9,596471,A&M-Corpus Christi,1,596575,Kansas,12,1,1,1,1,0,0,0,0,466,9900,1,33,1,7,2,0,0,1,1,1,14,0,0,0,0,5,7,7,35,0,27,7,0,0,9,46,13,12,12,6,5,0,1,1,0,0,0,2,0,6,15,0,1,37,12,13,2,0,1,12,6,1,5,2,0,0,0,6,15,7,46,0,27,10,0,0,9,35,7,1,1,1,14,0,0,0,0,0,0,0,0,5,7,0
6358897,2025-02-15,7,596546,Florida,11,596430,Air Force,1,1,1,1,1,0,0,0,0,6647,8760,1,29,11,13,4,0,1,10,6,2,2,0,0,3,1,10,4,7,37,0,21,5,0,0,7,26,3,1,1,1,17,0,0,0,1,0,0,0,0,4,0,1,1,24,1,3,1,1,0,1,1,1,17,0,0,1,0,4,0,4,26,1,18,11,0,1,6,37,13,11,11,6,2,0,0,1,3,1,0,0,0,10,4,0
6300725,2025-02-16,9,596605,Mississippi St.,5,596589,Manhattan,1,1,1,1,1,0,0,0,0,9791,8640,1,30,5,7,1,0,1,5,4,3,8,0,1,3,0,6,10,9,38,0,27,7,0,0,9,33,3,1,1,4,13,0,0,1,2,0,0,0,0,6,7,0,1,29,1,3,0,0,1,1,4,0,13,0,0,2,0,6,7,4,33,1,24,7,0,0,8,38,7,5,4,4,8,0,0,1,3,0,0,0,0,6,10,0
6300726,2025-02-16,9,596489,Auburn,14,596559,Holy Cross,6,1,1,1,1,0,0,0,0,4761,12180,1,39,14,16,3,0,2,13,7,3,5,1,1,5,1,11,6,12,51,0,27,3,0,0,9,41,7,6,6,4,8,0,2,1,1,0,0,1,0,4,15,1,1,33,6,7,3,0,1,6,4,3,8,1,0,1,0,4,15,8,41,4,24,11,0,0,8,51,16,14,12,7,5,0,1,2,5,1,1,1,0,11,6,0
6300727,2025-02-16,8,596480,Alabama,11,596498,Bradley,4,1,1,1,1,0,0,0,0,3311,10740,1,31,11,12,0,1,3,11,6,3,8,0,1,4,0,5,7,9,41,2,24,7,0,0,8,36,9,4,2,2,10,0,1,0,1,0,0,0,0,8,6,1,1,34,4,9,0,0,0,3,2,0,10,0,0,1,0,8,6,8,36,0,21,8,0,0,7,41,12,11,11,6,8,0,1,3,4,0,0,0,0,5,7,0
6300735,2025-02-16,,596472,Lipscomb,,596577,Kentucky,,1,1,0,0,1,0,0,0,,,0,0,0,0,0,0,0,0,0,0,0,0,0,0,0,0,0,0,0,0,0,0,0,0,0,0,0,0,0,0,0,0,0,0,0,0,0,0,0,0,0,0,0,0,0,0,0,0,0,0,0,0,0,0,0,0,0,0,0,0,0,0,0,0,0,0,0,0,0,0,0,0,0,0,0,0,0,0,0,0,0,0,0,0
6300745,2025-02-16,9,596513,UC Irvine,8,596434,Vanderbilt,9,1,1,1,1,0,0,1,0,825,12240,1,35,8,9,4,1,1,7,3,3,12,0,1,0,0,7,7,7,42,2,27,9,1,0,9,46,12,9,7,7,9,0,1,2,2,0,0,0,0,9,8,0,1,39,9,12,2,0,2,8,7,0,9,0,0,2,0,9,8,10,46,1,27,8,1,0,9,42,9,8,8,3,12,0,2,1,0,0,0,0,0,7,7,1
6300746,2025-02-16,9,596507,Long Beach St.,3,596636,Northwestern,4,1,1,1,1,0,0,0,0,2123,10080,1,28,3,3,1,0,1,3,8,1,2,0,1,1,0,13,11,8,38,0,27,7,1,0,9,39,7,4,4,3,7,0,2,1,0,0,0,1,0,8,12,0,1,32,4,7,1,0,1,4,3,2,7,1,1,0,0,8,12,8,39,0,27,14,0,0,9,38,3,3,3,8,2,0,0,1,1,0,1,0,0,13,11,0
6300748,2025-02-16,9,596677,South Carolina,8,596661,Sacred Heart,0,1,1,1,1,0,0,0,0,6612,9360,1,30,8,6,1,1,1,8,6,3,5,1,1,3,0,9,10,9,41,1,27,4,0,0,9,31,2,0,0,1,16,0,0,0,2,0,0,0,0,6,5,1,1,30,0,2,1,0,0,0,1,0,16,0,0,2,0,6,5,4,31,3,24,8,0,1,8,41,6,8,5,6,5,0,0,1,3,0,0,1,0,9,10,0
6300757,2025-02-16,,596605,Mississippi St.,,596589,Manhattan,,1,1,0,0,0,0,0,0,,,0,0,0,0,0,0,0,0,0,0,0,0,0,0,0,0,0,0,0,0,0,0,0,0,0,0,0,0,0,0,0,0,0,0,0,0,0,0,0,0,0,0,0,0,0,0,0,0,0,0,0,0,0,0,0,0,0,0,0,0,0,0,0,0,0,0,0,0,0,0,0,0,0,0,0,0,0,0,0,0,0,0,0,0
6300760,2025-02-16,9,596519,UCF,16,596675,Siena,1,1,1,1,1,0,0,0,0,1726,11280,1,38,16,16,1,0,5,15,10,2,0,0,0,2,0,8,14,10,50,0,27,10,2,1,9,38,8,1,1,4,8,0,0,1,0,0,0,0,0,10,8,0,1,34,1,8,0,0,1,1,4,0,8,0,0,0,0,10,8,10,38,0,24,6,1,0,8,50,16,16,16,10,0,0,3,5,2,0,1,0,0,8,14,0
6300771,2025-02-16,9,596687,Louisiana,4,596672,San Jose St.,12,1,1,1,1,0,0,0,0,4037,10440,1,32,4,8,1,0,0,4,3,0,5,1,0,1,1,11,8,5,36,4,27,11,1,1,9,50,11,12,6,7,9,0,0,2,2,0,0,0,0,11,7,0,1,39,12,11,4,0,2,10,7,2,9,0,2,2,0,11,7,11,50,0,27,16,0,0,9,36,8,4,4,3,5,0,1,0,1,1,0,1,0,11,8,1
6300773,2025-02-16,8,596545,Florida St.,10,596573,James Madison,0,1,1,1,1,0,0,0,0,4775,10920,1,39,10,18,2,0,0,8,3,1,5,1,0,8,0,7,9,9,44,0,24,6,2,0,8,29,3,0,0,2,11,0,1,0,2,0,0,0,0,6,7,0,1,27,0,3,1,0,0,0,2,0,11,0,0,2,0,6,7,5,29,2,23,7,0,0,7.2,44,18,10,7,3,5,0,0,0,8,0,0,1,0,7,9,0
6300774,2025-02-16,9,596583,LSU,8,596567,Purdue Fort Wayne,1,1,1,1,1,0,0,0,0,10380,11340,1,33,8,11,1,0,1,7,8,2,7,0,0,3,0,5,10,11,43,0,27,8,0,0,9,31,5,1,1,0,14,0,0,0,2,0,0,0,0,6,6,0,1,31,1,5,0,0,0,0,0,0,14,0,0,2,0,6,6,3,31,1,24,8,1,0,8,43,11,8,8,8,7,0,1,1,3,0,0,0,0,5,10,0
6300778,2025-02-16,9,596708,Duke,5,596521,Cincinnati,19,1,1,1,1,0,0,0,0,659,13860,1,31,5,6,0,1,3,5,4,1,9,0,0,0,0,11,5,4,36,3,27,9,2,0,9,62,16,19,16,12,13,0,1,1,8,0,0,1,0,7,7,0,1,43,19,16,2,0,1,19,12,4,13,1,2,8,0,7,7,16,62,0,27,12,0,0,9,36,6,5,5,4,9,0,1,3,0,0,0,0,0,11,5,0
6300779,2025-02-16,9,596514,UCLA,16,596504,Cal Poly,0,1,1,1,1,0,0,0,0,851,10320,1,37,16,14,0,0,2,14,7,3,11,0,1,2,0,7,6,8,48,0,27,9,0,0,9,31,2,0,0,2,9,0,0,0,0,0,0,0,0,9,9,0,1,29,0,2,0,0,0,0,2,0,9,0,0,0,0,9,9,4,31,1,24,5,0,0,8,48,14,16,15,7,11,0,2,2,2,0,0,0,0,7,6,0
6300785,2025-02-16,8,596488,Little Rock,11,596709,Evansville,1,1,1,1,1,0,0,0,0,252,7800,1,36,11,13,5,0,0,8,3,1,6,0,0,4,0,9,7,5,40,0,24,4,0,0,8,29,4,1,1,0,13,0,0,0,0,0,0,0,0,5,6,0,1,28,1,4,2,0,0,1,0,1,13,0,0,0,0,5,6,4,29,1,23,10,0,0,7.2,40,13,11,8,3,6,0,0,0,4,0,1,0,0,9,7,0
6300791,2025-02-16,9,596526,UConn,6,596647,Penn St.,7,1,1,1,1,0,0,1,0,559,13920,1,35,6,10,2,0,0,4,7,0,12,0,0,2,0,4,9,9,42,2,27,6,1,0,9,45,8,7,2,7,9,0,3,2,1,0,0,0,0,7,11,0,1,36,7,8,2,0,2,7,7,1,9,0,1,1,0,7,11,11,45,1,27,7,0,0,9,42,10,6,5,7,12,0,1,0,2,0,0,0,0,4,9,0
6300793,2025-02-16,9,596653,Purdue,16,596689,SFA,12,1,1,1,1,0,0,1,0,442,12600,1,44,16,17,7,1,2,14,4,3,9,0,0,3,0,3,12,11,51,0,27,12,0,1,9,48,15,12,12,5,7,0,0,1,0,0,0,1,0,13,7,0,1,40,12,15,5,1,1,11,5,1,7,1,1,0,0,13,7,9,48,3,24,4,0,0,8,51,17,16,8,4,9,0,3,2,3,0,0,0,0,3,12,0
6300794,2025-02-16,8,596420,Texas A&M,12,596460,Elon,6,1,1,1,1,0,0,0,0,5853,10680,1,29,12,10,0,0,3,12,8,2,6,1,0,3,0,3,11,7,40,0,24,9,1,0,8,39,11,6,6,4,9,0,1,0,1,0,1,0,0,10,4,1,1,34,6,11,3,0,0,6,4,1,9,0,0,1,0,10,4,9,39,0,21,4,0,1,7,40,10,12,12,8,6,0,1,3,3,0,0,1,0,3,11,0
6300797,2025-02-16,9,596617,UNCW,6,596554,Georgia,2,1,1,1,1,0,0,0,0,1527,9660,1,26,6,6,2,0,0,5,6,2,11,1,2,0,0,8,4,7,37,0,27,7,1,0,9,36,2,2,2,4,12,0,1,1,0,0,0,0,0,7,8,0,1,29,2,2,0,0,1,2,4,3,12,0,0,0,0,7,8,7,36,0,24,9,0,0,8,37,6,6,6,6,11,0,2,0,0,0,0,1,0,8,4,0
6300798,2025-02-16,9,596720,Stetson,9,596608,Missouri,7,1,1,1,1,0,0,1,0,558,7620,1,38,9,13,3,0,2,9,1,1,9,0,0,2,0,12,3,7,40,1,27,8,0,1,9,41,11,7,6,1,10,0,1,3,2,0,0,0,0,9,7,0,1,38,7,11,1,0,3,6,1,2,10,0,0,2,0,9,7,7,41,1,24,13,1,0,8,40,13,9,8,1,9,0,0,2,2,0,0,0,0,12,3,0
6300800,2025-02-16,9,596490,Austin Peay,8,596462,Grand Canyon,5,1,1,1,1,0,0,1,0,550,9720,1,37,8,13,0,3,1,6,2,2,8,0,1,1,0,9,7,10,42,0,27,7,0,0,9,39,7,5,5,5,7,0,1,1,0,0,0,0,0,7,12,0,1,33,5,7,1,0,1,4,5,1,7,0,0,0,0,7,12,7,39,2,24,8,1,0,8,42,13,8,7,2,8,0,2,1,1,0,0,0,0,9,7,0
6307962,2025-02-16,9,596511,California,1,596620,Nevada,10,1,1,1,1,0,0,0,0,626,11220,1,30,1,4,0,0,0,1,3,2,5,0,0,1,0,7,14,7,35,0,27,2,1,0,9,47,9,10,10,9,12,0,3,2,0,0,0,0,0,3,12,0,1,36,10,9,0,0,2,8,9,2,12,0,0,0,0,3,12,10,47,0,27,8,0,0,9,35,4,1,1,3,5,0,1,0,1,0,0,0,0,7,14,0
6310258,2025-02-16,9,596679,South Fla.,9,596569,Iowa,5,1,1,1,1,0,0,0,0,1288,12360,1,38,9,13,0,1,3,7,6,1,7,0,0,3,1,8,8,12,45,2,27,8,0,0,9,43,11,5,5,5,12,0,2,1,1,1,0,0,0,7,7,0,1,37,5,11,1,0,1,5,5,1,12,0,0,1,1,7,7,11,43,4,24,9,0,0,8,45,13,9,7,6,7,0,1,3,3,1,0,0,0,8,8,0
6310591,2025-02-16,9,596557,Hawaii,10,596591,Marshall,2,1,1,1,1,0,0,0,0,3520,10800,1,34,10,9,3,0,0,9,5,2,8,0,0,1,0,8,7,7,41,0,27,8,2,0,9,38,9,2,2,1,9,0,0,0,0,0,0,1,0,8,9,0,1,33,2,9,2,0,0,1,1,2,9,1,1,0,0,8,9,9,38,2,24,8,1,2,8,41,9,10,4,5,8,0,2,0,1,0,0,0,0,8,7,0
6311378,2025-02-16,9,596712,Nebraska,13,596669,San Diego St.,0,1,1,1,1,0,0,1,0,1645,10380,1,36,13,12,1,1,1,13,5,5,9,2,0,3,0,7,8,11,48,0,27,12,0,0,9,35,7,0,0,2,8,0,0,0,0,0,0,0,0,11,6,0,1,32,0,7,0,0,0,0,2,1,8,0,0,0,0,11,6,8,35,3,24,6,2,0,8,48,12,13,13,5,9,0,0,1,3,0,0,2,0,7,8,0
6311715,2025-02-16,9,596587,LMU (CA),12,596465,Seattle U,6,1,1,1,1,0,0,0,0,301,12240,1,39,12,16,5,0,2,11,3,1,7,1,0,2,0,9,7,8,44,3,27,6,1,0,9,46,8,6,4,8,7,0,2,0,0,0,0,0,0,5,15,0,1,38,6,8,2,1,0,5,8,0,7,0,0,0,0,5,15,13,46,1,24,9,0,0,8,44,16,12,11,3,7,0,3,2,2,0,0,1,0,9,7,0
6312999,2025-02-16,9,596454,Xavier,10,596619,UNLV,1,1,1,1,1,0,0,1,0,303,10680,1,34,10,12,4,0,2,9,6,2,10,0,0,3,1,8,4,8,42,0,27,14,1,0,9,35,6,1,1,5,5,0,1,0,0,0,0,0,0,11,7,0,1,29,1,6,0,0,0,1,5,1,5,0,0,0,0,11,7,7,35,0,24,10,3,0,8,42,12,10,10,6,10,0,3,2,3,1,0,0,0,8,4,0
6313089,2025-02-16,9,596623,New Mexico,5,596674,Seton Hall,3,1,1,1,1,0,0,1,0,442,9840,1,25,5,8,1,0,1,4,3,0,3,2,3,1,0,8,11,4,33,0,27,6,2,0,9,39,10,3,3,2,8,0,0,0,1,1,0,0,0,7,11,0,1,36,3,10,3,1,0,3,2,1,8,0,0,1,1,7,11,9,39,1,24,10,0,0,8,33,8,5,4,3,3,0,2,1,1,0,0,2,0,8,11,0
6313241,2025-02-16,7,596523,Clemson,5,596607,Ole Miss,15,1,1,1,1,0,0,1,0,10138,11040,1,29,5,10,2,0,0,4,3,1,11,1,0,0,0,4,4,8,34,0,21,9,1,0,7,40,13,15,15,7,7,0,2,4,1,1,0,1,0,4,7,0,1,29,15,13,1,1,4,13,7,2,7,1,1,1,1,4,7,3,40,2,21,6,1,0,7,34,10,5,5,3,11,0,2,0,0,0,0,1,0,4,4,0
6314232,2025-02-16,9,596506,Cal St. Fullerton,11,596688,Stanford,14,1,1,1,1,0,0,0,0,1907,12900,1,37,11,9,3,0,0,9,4,4,12,0,1,1,0,7,9,8,46,0,27,9,0,0,9,51,17,14,14,6,8,0,0,3,0,0,0,0,0,10,9,0,1,44,14,17,2,1,3,14,6,1,8,0,0,0,0,10,9,10,51,1,27,6,0,1,9,46,9,11,7,4,12,0,2,0,1,0,0,0,0,7,9,0
6314691,2025-02-16,9,596424,UT Arlington,3,596426,UTSA,6,1,1,1,1,0,0,0,0,334,9600,1,32,3,7,2,0,0,3,1,1,9,1,0,1,0,3,14,5,35,1,27,18,0,0,9,39,13,6,5,1,3,0,1,1,0,0,0,0,0,12,7,0,1,35,6,13,0,0,1,6,1,3,3,0,0,0,0,12,7,5,39,0,27,4,3,0,9,35,7,3,3,1,9,0,0,0,1,0,0,1,0,3,14,0
6314975,2025-02-16,9,596425,Texas,14,596714,Oklahoma St.,8,1,1,1,1,0,0,1,0,10138,16080,1,40,14,15,4,0,3,11,10,0,13,1,0,3,0,6,4,13,51,1,27,5,1,0,9,47,10,8,8,8,9,0,3,1,0,0,0,1,0,5,12,1,1,35,8,10,2,0,1,8,8,2,9,1,1,0,0,5,12,12,47,3,24,6,1,0,8,51,15,14,6,10,13,0,1,3,3,0,0,1,0,6,4,0
6316363,2025-02-16,7,596600,Miami (FL),11,596625,Niagara,1,1,1,1,1,0,0,0,0,2382,8640,1,29,11,11,5,0,1,9,7,3,5,1,1,1,0,4,9,8,41,0,21,5,0,0,7,27,4,1,1,2,15,0,0,0,3,0,0,0,0,5,1,0,1,25,1,4,1,0,0,1,2,0,15,0,0,3,0,5,1,5,27,3,19,5,0,0,6.1,41,11,11,9,7,5,0,2,1,1,0,0,1,0,4,9,0
6316408,2025-02-16,7,596721,Tennessee,13,596558,Hofstra,1,1,1,1,1,0,0,0,0,4814,8460,1,26,13,9,0,0,1,11,13,1,6,1,0,0,0,2,9,10,41,0,21,6,1,0,7,28,4,1,1,3,7,0,1,0,1,0,0,1,0,9,5,0,1,24,1,4,1,0,0,1,3,0,7,1,0,1,0,9,5,6,28,3,18,2,0,0,6,41,9,13,12,13,6,0,2,1,0,0,0,1,0,2,9,0
6316538,2025-02-16,9,596485,Arizona St.,17,596639,Ohio St.,10,1,1,1,1,0,0,0,0,3780,15300,1,31,17,10,2,0,2,11,14,5,4,1,1,5,1,9,8,10,52,2,27,17,1,0,9,47,12,10,10,7,8,0,2,2,2,1,0,0,0,11,5,0,1,37,10,12,2,1,2,9,7,3,8,0,0,2,1,11,5,10,47,6,24,13,1,0,8,52,10,17,13,14,4,0,5,2,5,1,0,1,0,9,8,0
6316739,2025-02-16,9,596553,Georgia Tech,7,596642,Old Dominion,4,1,1,1,1,0,0,0,0,1180,11220,1,34,7,11,4,0,1,6,3,2,10,2,0,2,0,6,8,10,41,1,27,5,0,0,9,42,9,4,4,5,14,0,0,1,1,1,0,1,0,4,8,0,1,33,4,9,0,0,1,4,5,2,14,1,1,1,1,4,8,11,42,1,24,6,0,0,8,41,11,7,7,3,10,0,2,1,2,0,0,2,0,6,8,0
6316955,2025-02-16,9,596439,Virginia,7,596657,Rice,0,1,1,1,1,0,0,1,0,600,,1,30,7,10,3,0,0,5,3,2,7,2,1,4,0,8,8,7,38,1,27,8,0,0,9,33,3,0,0,2,15,0,0,0,0,0,0,0,0,7,5,1,1,31,0,3,1,0,0,0,2,0,15,0,0,0,0,7,5,6,33,2,24,9,0,1,8,38,10,7,4,3,7,0,0,0,4,0,0,2,0,8,8,0
6356680,2025-02-16,9,596471,A&M-Corpus Christi,0,596575,Kansas,8,1,1,1,1,0,0,0,0,300,9720,1,27,0,3,1,0,0,0,5,1,4,0,1,0,0,9,12,7,34,1,27,5,2,0,9,41,5,8,7,8,5,0,3,0,1,0,0,2,0,5,16,0,1,30,8,5,1,1,0,7,8,1,5,2,0,1,0,5,16,6,41,1,27,10,1,0,9,34,3,0,0,5,4,0,0,0,0,0,0,0,0,9,12,0
6357545,2025-02-16,7,596438,Virginia Tech,27,596502,Bucknell,1,1,1,1,1,0,0,0,0,904,11400,1,40,27,22,7,1,3,24,10,4,4,0,0,0,0,6,7,8,54,2,21,4,0,1,7,29,2,1,0,4,9,0,0,0,0,0,0,0,0,4,7,0,1,24,1,2,0,0,0,1,4,1,9,0,0,0,0,4,7,7,29,2,18,7,1,2,6,54,22,27,21,10,4,0,3,3,0,0,2,0,0,6,7,0
6300804,2025-02-17,7,596487,Arkansas,12,596442,Washington St.,2,1,1,1,1,0,0,0,0,8780,9000,1,28,12,10,2,0,1,10,11,2,6,0,0,1,1,3,8,11,41,0,21,13,0,0,7,27,6,2,2,2,8,0,0,0,1,1,0,0,0,10,1,0,1,24,2,6,2,0,0,2,2,0,8,0,1,1,1,10,1,4,27,3,18,4,1,0,6,41,10,12,11,11,6,0,1,1,1,1,0,0,0,3,8,0
6300806,2025-02-17,10,596566,Indiana,12,596619,UNLV,13,1,1,1,1,0,0,1,0,307,14700,1,38,12,10,1,1,2,11,13,0,14,0,1,0,0,7,8,10,52,0,30,10,1,0,10,52,14,13,13,6,5,0,1,1,2,0,0,0,0,10,15,1,1,43,13,14,2,1,1,13,6,2,5,0,1,2,0,10,15,9,52,1,30,7,0,2,10,52,10,12,11,13,14,0,0,2,0,0,1,0,0,7,8,0
6300807,2025-02-17,9,596462,Grand Canyon,3,596712,Nebraska,1,1,1,1,1,0,0,0,0,3413,8520,1,32,3,10,2,0,1,3,0,0,6,0,0,0,0,9,7,5,32,1,27,9,2,0,9,35,4,1,1,2,10,0,2,0,1,0,0,0,0,10,7,0,1,31,1,4,2,0,0,1,2,2,10,0,0,1,0,10,7,7,35,0,24,12,0,0,8,32,10,3,3,0,6,0,2,1,0,0,0,0,0,9,7,0
6300812,2025-02-17,9,596707,Fresno St.,4,596499,BYU,6,1,1,1,1,0,0,0,0,1463,11820,1,32,4,7,1,0,1,3,5,0,7,0,1,1,0,9,10,7,38,1,27,5,1,0,9,42,8,6,2,7,12,0,0,1,0,1,0,0,0,4,10,0,1,35,6,8,1,0,1,6,7,0,12,0,0,0,1,4,10,9,42,3,27,8,0,0,9,38,7,4,2,5,7,0,1,1,1,0,0,0,0,9,10,0
6300823,2025-02-17,9,596434,Vanderbilt,3,596430,Air Force,1,1,1,1,1,0,0,0,0,3344,11100,1,28,3,7,0,1,1,2,8,0,8,0,1,5,0,6,8,10,37,1,27,9,2,0,9,36,7,1,0,4,14,0,0,0,1,1,0,0,0,6,4,0,1,30,1,7,0,0,0,1,4,0,14,0,2,1,1,6,4,8,36,0,24,9,1,0,8,37,7,3,3,8,8,0,1,1,5,0,2,0,0,6,8,0
6307964,2025-02-17,9,596511,California,8,596620,Nevada,0,1,1,1,1,0,0,0,0,609,10140,1,31,8,7,3,0,2,8,8,2,11,1,0,2,0,5,8,10,42,0,27,10,0,0,9,33,3,0,0,1,10,0,0,0,0,0,0,0,0,8,9,0,1,30,0,3,0,0,0,0,1,2,10,0,0,0,0,8,9,6,33,2,24,5,0,0,8,42,7,8,8,8,11,0,0,2,2,0,0,1,0,5,8,0
6314236,2025-02-17,10,596506,Cal St. Fullerton,7,596688,Stanford,9,1,1,1,1,0,0,0,0,1037,13500,1,39,7,11,3,1,1,6,5,0,8,1,0,2,0,10,9,8,45,1,30,13,2,0,10,45,15,9,7,3,8,0,1,1,0,0,0,1,0,9,9,0,1,40,9,15,3,0,1,9,3,0,8,1,1,0,0,9,9,6,45,3,30,14,3,1,10,45,11,7,7,5,8,0,1,1,2,0,0,1,0,10,9,0
6356681,2025-02-17,7,596471,A&M-Corpus Christi,0,596575,Kansas,16,1,1,1,1,0,0,0,0,346,9300,1,27,0,5,2,0,0,0,1,0,7,0,0,0,0,7,7,7,28,1,21,4,0,0,7,47,15,16,16,9,4,0,2,3,0,0,0,1,0,5,12,0,1,35,16,15,2,0,3,15,9,2,4,1,0,0,0,5,12,10,47,1,21,7,0,0,7,28,5,0,0,1,7,0,0,0,0,0,0,0,0,7,7,0
6357709,2025-02-17,9,596485,Arizona St.,5,596490,Austin Peay,3,1,1,1,1,0,0,0,0,2662,9600,1,28,5,5,0,0,1,5,3,1,10,0,0,1,1,7,6,3,32,0,27,8,0,0,9,39,7,3,3,5,7,0,1,1,2,0,0,1,0,8,11,0,1,31,3,7,1,0,1,3,5,1,7,1,1,2,0,8,11,9,39,0,24,8,1,0,8,32,5,5,5,3,10,0,0,1,1,1,0,0,0,7,6,0
6300813,2025-02-18,9,596572,Jacksonville,4,596546,Florida,10,1,1,1,1,0,0,0,0,1018,11700,1,32,4,4,1,1,0,2,4,1,14,0,0,1,0,6,6,6,37,3,27,6,2,2,9,48,13,10,7,4,7,0,0,2,2,1,0,1,0,5,14,0,1,41,10,13,2,0,2,10,4,2,7,1,0,2,1,5,14,11,48,2,27,6,0,1,9,37,4,4,1,4,14,0,0,0,1,0,1,0,0,6,6,0
6300815,2025-02-18,9,596489,Auburn,7,596429,Troy,6,1,1,1,1,0,0,0,0,4940,11040,1,30,7,9,1,0,1,6,7,1,7,1,0,0,1,11,3,5,39,1,27,8,2,0,9,39,9,6,6,4,14,0,0,0,0,1,0,0,0,7,5,2,1,35,6,9,3,1,0,5,4,0,14,0,0,0,1,7,5,6,39,3,24,14,0,0,8,39,9,7,3,7,7,0,2,1,0,1,1,1,0,11,3,0
6300816,2025-02-18,9,596463,Kennesaw St.,4,596554,Georgia,6,1,1,1,1,0,0,0,0,930,13260,1,32,4,7,1,1,0,4,7,0,16,1,0,2,2,3,6,9,40,0,27,5,0,0,9,45,9,6,6,10,14,0,3,2,1,0,0,0,0,4,7,0,1,34,6,9,1,0,2,4,10,1,14,0,0,1,0,4,7,12,45,1,27,7,1,0,9,40,7,4,4,7,16,0,1,0,2,2,0,1,0,3,6,1
6300819,2025-02-18,7,596583,LSU,13,596684,Southern U.,1,1,1,1,1,0,0,0,0,9720,7920,1,33,13,14,0,1,1,11,7,2,4,1,0,2,0,4,10,12,43,0,21,4,0,1,7,24,2,1,0,1,7,0,0,0,0,0,0,0,0,5,9,0,1,23,1,2,1,0,0,0,1,0,7,0,0,0,0,5,9,2,24,4,18,4,0,0,6,43,14,13,12,7,4,0,7,1,2,0,1,1,0,4,10,0
6300820,2025-02-18,7,596706,Arizona,10,596623,New Mexico,0,1,1,1,1,0,0,0,0,2198,7080,1,29,10,11,3,2,1,9,3,2,6,1,0,1,0,7,6,3,35,0,21,9,0,0,7,25,4,0,0,0,6,0,0,0,0,1,0,0,0,8,6,0,1,24,0,4,0,0,0,0,0,1,6,0,0,0,1,8,6,4,25,1,19,6,0,0,6.1,35,11,10,10,3,6,0,1,1,1,0,0,1,0,7,6,0
6300824,2025-02-18,8,596480,Alabama,12,596603,Middle Tenn.,2,1,1,1,1,0,0,0,0,3180,11160,1,35,12,14,4,0,2,12,10,1,9,1,0,0,0,6,7,13,47,2,24,9,0,0,8,35,5,2,2,3,9,0,0,0,0,0,0,0,0,8,6,0,1,30,2,5,2,0,0,2,3,2,9,0,0,0,0,8,6,9,35,0,22,5,1,0,7.1,47,14,12,12,10,9,0,0,2,0,0,0,1,0,6,7,0
6300827,2025-02-18,9,596451,Winthrop,3,596677,South Carolina,5,1,1,1,1,0,0,0,0,1697,11520,1,34,3,7,0,0,1,3,0,3,9,0,0,3,0,10,7,7,37,0,27,5,1,0,9,39,10,5,5,2,11,0,0,1,1,0,0,0,0,5,9,0,1,35,5,10,2,0,1,5,2,2,11,0,0,1,0,5,9,7,39,0,27,10,2,0,9,37,7,3,3,0,9,0,1,1,3,0,0,0,0,10,7,0
6300835,2025-02-18,7,596721,Tennessee,29,596613,UNC Asheville,4,1,1,1,1,0,0,0,0,4271,11520,1,35,29,18,2,0,5,25,22,1,7,1,0,4,0,4,6,12,59,2,21,6,1,0,7,28,5,4,3,1,12,0,0,1,0,0,0,0,0,4,4,0,1,27,4,5,1,0,1,4,1,0,12,0,0,0,0,4,4,3,28,2,18,4,1,0,6,59,18,29,22,22,7,0,2,5,4,0,0,1,0,4,6,0
6300837,2025-02-18,9,596514,UCLA,15,596499,BYU,4,1,1,1,1,0,0,0,0,396,12960,1,29,15,8,3,0,1,12,15,3,8,1,1,0,2,3,11,10,49,1,27,4,0,0,9,40,7,4,3,2,13,0,0,0,1,0,0,1,0,7,7,0,1,34,4,7,2,0,0,3,2,3,13,1,0,1,0,7,7,9,40,1,24,6,0,0,8,49,8,15,14,15,8,0,6,1,0,2,1,1,0,3,11,0
6300840,2025-02-18,,596420,Texas A&M,,596596,McNeese,,1,1,0,0,1,0,0,0,,,0,0,0,0,0,0,0,0,0,0,0,0,0,0,0,0,0,0,0,0,0,0,0,0,0,0,0,0,0,0,0,0,0,0,0,0,0,0,0,0,0,0,0,0,0,0,0,0,0,0,0,0,0,0,0,0,0,0,0,0,0,0,0,0,0,0,0,0,0,0,0,0,0,0,0,0,0,0,0,0,0,0,0,0
6300843,2025-02-18,9,596719,Southern Miss.,3,596605,Mississippi St.,0,1,1,1,1,0,0,0,0,5741,7920,1,29,3,4,1,0,1,1,2,2,8,0,0,1,0,10,5,7,33,1,27,11,1,0,9,32,4,0,0,1,10,0,0,0,0,0,0,0,0,10,6,0,1,31,0,4,0,0,0,0,1,0,10,0,0,0,0,10,6,5,32,4,24,11,1,1,8,34,4,3,1,2,8,0,0,1,1,0,0,0,0,10,5,0
6300845,2025-02-18,9,596694,UC San Diego,7,596669,San Diego St.,10,1,1,1,1,0,0,0,0,758,15600,1,31,7,5,2,0,0,7,13,0,10,2,0,0,0,10,6,12,46,2,27,10,1,0,9,50,13,10,9,8,9,0,0,0,2,0,0,1,0,10,8,0,1,40,10,13,2,1,0,9,8,0,9,1,1,2,0,10,8,13,50,3,27,9,0,1,9,46,5,7,4,13,10,0,1,0,0,0,0,2,0,10,6,0
6300847,2025-02-18,9,596551,Ga. Southern,3,596553,Georgia Tech,5,1,1,1,1,0,0,0,0,2966,10560,1,32,3,7,2,0,1,3,1,0,12,1,1,0,0,8,7,5,35,1,27,10,0,0,9,39,9,5,4,4,8,0,0,2,2,1,0,0,0,9,8,0,1,34,5,9,3,0,2,5,4,1,8,0,0,2,1,9,8,7,39,0,27,8,1,1,9,35,7,3,3,1,12,0,0,1,0,0,0,1,0,8,7,0
6300859,2025-02-18,9,596434,Vanderbilt,5,596430,Air Force,2,1,1,1,1,0,0,0,0,3172,10680,1,29,5,9,1,2,0,5,6,0,3,1,1,1,1,11,7,8,37,0,27,9,1,1,9,37,5,2,1,5,16,0,2,1,1,0,0,0,0,9,2,0,1,30,2,5,1,0,1,2,5,0,16,0,2,1,0,9,2,8,37,0,24,15,0,0,8,37,9,5,5,6,3,0,0,0,1,1,0,1,0,11,7,0
6308648,2025-02-18,9,596543,Fla. Atlantic,2,596600,Miami (FL),1,1,1,1,1,0,0,0,0,1172,11640,1,31,2,7,1,0,0,2,7,2,12,0,0,1,0,4,8,14,40,1,27,11,0,0,9,34,4,1,0,1,9,0,0,0,0,0,0,0,0,10,7,0,1,31,1,4,0,0,0,1,1,2,9,0,0,0,0,10,7,6,34,0,24,5,1,0,8,40,7,2,2,7,12,0,0,0,1,0,0,0,0,4,8,0
6309439,2025-02-18,,596521,Cincinnati,,596497,Bowling Green,,1,1,0,0,1,0,0,0,,,0,0,0,0,0,0,0,0,0,0,0,0,0,0,0,0,0,0,0,0,0,0,0,0,0,0,0,0,0,0,0,0,0,0,0,0,0,0,0,0,0,0,0,0,0,0,0,0,0,0,0,0,0,0,0,0,0,0,0,0,0,0,0,0,0,0,0,0,0,0,0,0,0,0,0,0,0,0,0,0,0,0,0,0
6310503,2025-02-18,9,596679,South Fla.,2,596545,Florida St.,6,1,1,1,1,0,0,0,0,3211,11640,1,33,2,9,0,1,0,2,3,2,9,1,0,1,1,8,8,10,39,0,27,7,1,1,9,42,11,6,5,4,11,0,2,1,0,1,0,0,0,7,8,0,1,37,6,11,0,1,1,6,4,1,11,0,0,0,1,7,8,9,42,0,27,9,0,0,9,39,9,2,2,3,9,0,0,0,1,1,0,1,0,8,8,0
6312558,2025-02-18,10,596607,Ole Miss,4,596486,Arkansas St.,2,1,1,1,1,0,0,0,0,8794,12720,1,30,4,5,0,0,1,2,9,1,8,0,0,2,0,9,8,7,40,1,30,8,3,0,10,39,4,2,0,4,10,0,0,0,1,0,0,1,0,7,11,0,1,32,2,4,0,0,0,2,4,2,10,1,0,1,0,7,11,7,39,0,29,13,1,1,9.2,40,5,4,4,9,8,0,0,1,2,0,1,0,0,9,8,0
6314335,2025-02-18,,596425,Texas,,596561,Houston,,1,1,0,0,1,0,0,0,,,0,0,0,0,0,0,0,0,0,0,0,0,0,0,0,0,0,0,0,0,0,0,0,0,0,0,0,0,0,0,0,0,0,0,0,0,0,0,0,0,0,0,0,0,0,0,0,0,0,0,0,0,0,0,0,0,0,0,0,0,0,0,0,0,0,0,0,0,0,0,0,0,0,0,0,0,0,0,0,0,0,0,0,0
6314668,2025-02-18,9,596438,Virginia Tech,8,596536,ETSU,6,1,1,1,1,0,0,0,0,718,12300,1,30,8,8,3,0,0,7,7,1,6,1,0,0,0,3,13,7,39,0,27,10,1,0,9,46,14,6,6,4,9,0,0,4,3,0,0,0,0,11,7,0,1,41,6,14,2,0,4,6,4,1,9,0,0,3,0,11,7,13,46,2,24,5,0,3,8,39,8,8,3,7,6,0,0,0,0,0,0,1,0,3,13,1
6315774,2025-02-18,9,596493,Baylor,5,596426,UTSA,0,1,1,1,1,0,0,0,0,1537,10620,1,32,5,9,3,0,1,4,3,1,5,0,1,2,1,10,7,8,37,1,27,7,0,0,9,38,8,0,0,1,12,0,1,0,0,0,1,0,0,9,6,0,1,36,0,8,1,0,0,0,1,1,12,0,0,0,0,9,6,11,38,2,24,11,0,0,8,37,9,5,5,3,5,0,1,1,2,1,0,0,0,10,7,0
6300860,2025-02-19,7,596480,Alabama,15,596479,Alabama St.,1,1,1,1,1,0,0,0,0,2885,8880,1,33,15,15,5,0,1,15,8,2,8,1,0,1,0,6,4,11,44,0,21,6,0,0,7,27,3,1,1,4,9,0,0,0,0,0,0,0,0,5,5,0,1,22,1,3,1,0,0,1,4,1,9,0,0,0,0,5,5,5,27,1,18,6,2,1,6,44,15,15,15,8,8,0,1,1,1,0,0,1,0,6,4,0
6300861,2025-02-19,,596439,Virginia,,596549,George Washington,,1,1,0,0,1,0,0,0,,,0,0,0,0,0,0,0,0,0,0,0,0,0,0,0,0,0,0,0,0,0,0,0,0,0,0,0,0,0,0,0,0,0,0,0,0,0,0,0,0,0,0,0,0,0,0,0,0,0,0,0,0,0,0,0,0,0,0,0,0,0,0,0,0,0,0,0,0,0,0,0,0,0,0,0,0,0,0,0,0,0,0,0,0
6300862,2025-02-19,9,596677,South Carolina,7,596696,Queens (NC),2,1,1,1,1,0,0,0,0,6321,11520,1,35,7,12,2,0,0,5,5,1,7,1,0,2,0,5,12,11,42,2,27,9,0,0,9,36,3,2,2,4,10,0,0,0,0,0,0,0,0,8,8,0,1,31,2,3,1,0,0,2,4,1,10,0,0,0,0,8,8,7,36,0,24,5,1,0,8,42,12,7,7,5,7,0,2,0,2,0,1,1,0,5,12,0
6307806,2025-02-19,9,596489,Auburn,6,596475,North Ala.,2,1,1,1,1,0,0,0,0,4161,8580,1,32,6,9,1,0,1,5,4,0,3,0,1,0,0,8,12,7,37,0,27,8,1,0,9,31,4,2,2,3,15,0,0,1,0,0,0,0,0,5,4,0,1,28,2,4,0,0,1,2,3,0,15,0,0,0,0,5,4,2,31,2,24,7,2,0,8,37,9,6,4,4,3,0,0,1,0,0,0,0,0,8,12,0
6300869,2025-02-20,9,596519,UCF,7,596608,Missouri,1,1,1,1,1,0,0,0,0,1622,10740,1,31,7,9,1,0,1,7,7,1,4,1,0,0,1,4,15,9,40,0,27,10,0,0,9,36,4,1,1,4,10,0,0,1,1,0,0,0,0,10,7,0,1,31,1,4,0,0,1,1,4,1,10,0,0,1,0,10,7,8,36,2,24,5,0,0,8,40,9,7,7,7,4,0,0,1,0,1,0,1,0,4,15,0
6300871,2025-02-20,9,596672,San Jose St.,8,596474,Utah Valley,7,1,1,1,1,0,0,0,0,369,11880,1,33,8,10,0,1,1,7,3,4,7,1,0,0,1,10,6,9,41,0,27,4,0,0,9,47,13,7,7,7,9,0,0,0,3,1,0,0,0,6,11,0,1,39,7,13,3,0,0,7,7,1,9,0,0,3,1,6,11,13,47,1,24,11,0,0,8,41,10,8,7,3,7,0,0,1,0,1,0,1,0,10,6,0
6300872,2025-02-20,,596554,Georgia,,596564,UIC,,1,1,0,0,0,0,0,0,,,0,0,0,0,0,0,0,0,0,0,0,0,0,0,0,0,0,0,0,0,0,0,0,0,0,0,0,0,0,0,0,0,0,0,0,0,0,0,0,0,0,0,0,0,0,0,0,0,0,0,0,0,0,0,0,0,0,0,0,0,0,0,0,0,0,0,0,0,0,0,0,0,0,0,0,0,0,0,0,0,0,0,0,0
6300875,2025-02-20,10,596669,San Diego St.,5,596465,Seattle U,4,1,1,1,1,0,0,0,0,702,12960,1,42,5,17,3,2,0,4,3,0,8,1,2,0,1,6,12,11,48,0,30,8,0,0,10,50,9,4,4,10,12,0,1,1,1,1,0,0,0,5,10,0,1,35,4,9,0,0,1,4,10,4,12,0,1,1,1,5,10,14,50,3,29,9,2,0,9.2,48,17,5,4,3,8,0,1,0,0,1,0,1,0,6,12,0
6310592,2025-02-20,10,596557,Hawaii,4,596449,Wichita St.,3,1,1,1,1,0,0,0,0,3080,13320,1,32,4,8,1,0,1,4,6,0,4,0,1,2,2,4,16,5,39,0,30,9,2,1,10,40,6,3,2,3,10,0,2,1,0,0,0,0,0,7,12,0,1,35,3,6,1,1,1,1,3,2,10,0,0,0,0,7,12,7,40,4,29,12,1,0,9.2,39,8,4,3,6,4,0,1,1,2,2,0,0,0,4,16,0
6316430,2025-02-20,9,596508,CSUN,3,596499,BYU,19,1,1,1,1,0,0,0,0,302,10560,1,29,3,5,1,0,1,3,4,4,10,0,0,1,0,8,6,7,37,1,27,8,3,2,9,52,18,19,17,5,10,0,0,10,0,0,0,0,0,9,8,0,1,45,19,18,5,0,10,18,5,1,10,0,1,0,0,9,8,6,52,0,27,8,0,0,9,37,5,3,3,4,10,0,0,1,1,0,0,0,0,8,6,0
6300876,2025-02-21,9,596605,Mississippi St.,3,596685,Missouri St.,1,1,1,1,1,0,0,0,0,9420,8700,1,28,3,4,1,0,0,3,4,2,9,0,0,1,0,7,9,7,34,0,27,10,0,0,9,35,5,1,1,3,14,0,1,0,0,0,0,0,0,8,4,1,1,30,1,5,2,0,0,1,3,1,14,0,1,0,0,8,4,7,35,0,24,5,0,0,8,34,4,3,3,4,9,0,0,0,1,0,0,0,0,7,9,0
6300879,2025-02-21,7,596546,Florida,13,596532,Dayton,1,1,1,1,1,0,0,0,0,6204,9120,1,27,13,10,3,0,1,12,5,4,10,2,0,5,0,5,4,7,38,1,21,9,0,0,7,29,8,1,1,2,9,0,1,0,0,2,0,0,0,4,5,0,1,27,1,8,1,0,0,1,2,0,9,0,0,0,2,4,5,6,29,1,18,5,1,0,6,38,10,13,13,5,10,0,3,1,5,0,0,2,0,5,4,0
6300881,2025-02-21,9,596672,San Jose St.,5,596474,Utah Valley,2,1,1,1,1,0,0,0,0,421,8460,1,35,5,13,1,0,1,5,3,1,5,1,0,2,0,9,9,11,40,0,27,5,0,0,9,34,6,2,2,1,6,0,0,2,1,0,0,0,0,6,15,0,1,33,2,6,2,0,2,2,1,0,6,0,0,1,0,6,15,5,34,0,24,10,0,0,8,40,13,5,5,3,5,0,0,1,2,0,0,1,0,9,9,0
6300882,2025-02-21,7,596489,Auburn,11,596453,Wright St.,0,1,1,1,1,0,0,0,0,4380,8160,1,30,11,14,1,0,1,11,1,3,5,1,0,3,0,3,9,6,35,0,21,8,1,0,7,27,7,0,0,1,7,0,0,0,0,0,0,0,0,9,4,0,1,26,0,7,0,0,0,0,1,0,7,0,0,0,0,9,4,6,27,1,18,3,2,0,6,35,14,11,11,1,5,0,0,1,3,0,0,1,0,3,9,0
6300884,2025-02-21,9,596470,Belmont,1,596577,Kentucky,2,1,1,1,1,0,0,0,0,365,9000,1,29,1,3,0,1,0,0,0,3,14,0,0,0,0,4,8,4,32,1,27,9,1,0,9,33,3,2,1,4,8,0,0,0,3,1,0,1,0,7,10,0,1,27,2,3,1,0,0,2,4,1,8,1,0,3,1,7,10,4,33,1,27,5,1,1,9,32,3,1,0,0,14,0,0,0,0,0,0,0,0,4,8,0
6300885,2025-02-21,9,596554,Georgia,9,596564,UIC,3,1,1,1,1,0,0,0,0,0,10980,1,35,9,10,2,1,1,7,6,5,5,0,0,2,0,12,6,13,46,1,27,10,0,0,9,36,7,3,2,3,11,0,0,0,1,0,0,0,0,10,4,0,1,32,3,7,1,0,0,3,3,1,11,0,0,1,0,10,4,5,36,2,24,13,1,0,8,46,10,9,5,6,5,0,0,1,2,0,1,0,0,12,6,0
6300886,2025-02-21,9,596713,Nicholls,7,596488,Little Rock,6,1,1,1,1,0,0,0,0,360,10440,1,29,7,7,3,0,0,6,6,2,7,0,1,1,1,7,7,7,38,5,27,11,2,0,9,42,10,6,5,2,7,0,0,0,1,0,0,0,0,10,9,0,1,38,6,10,2,0,0,5,2,1,7,0,0,1,0,10,9,9,41,2,24,12,1,0,8,38,7,7,5,6,7,0,1,0,1,1,0,0,0,7,7,0
6300893,2025-02-21,11,596569,Iowa,1,596637,Notre Dame,2,1,1,1,1,0,0,1,0,295,12600,1,39,1,10,2,0,0,1,2,2,9,0,1,0,1,13,7,10,44,0,33,10,1,0,11,44,7,2,2,6,18,0,1,1,0,0,0,0,0,7,5,1,1,36,2,7,1,0,1,2,6,1,18,0,1,0,0,7,5,9,44,1,33,19,1,0,11,44,10,1,1,2,9,0,1,0,0,1,0,0,0,13,7,0
6300910,2025-02-21,9,596677,South Carolina,5,596452,Milwaukee,2,1,1,1,1,0,0,0,0,6825,9960,1,30,5,7,0,0,1,5,2,1,5,1,0,2,0,8,11,5,34,2,27,9,0,0,9,43,6,2,1,7,12,0,0,0,4,0,0,0,0,7,7,0,1,32,2,6,1,0,0,2,7,2,12,0,1,4,0,7,7,14,42,0,24,8,1,0,8,34,7,5,5,2,5,0,1,1,2,0,0,1,0,8,11,0
6300911,2025-02-21,9,596583,LSU,4,596618,Omaha,2,1,1,1,1,0,0,0,0,10343,10620,1,28,4,7,4,0,0,3,7,1,8,1,1,0,0,7,7,10,38,0,27,7,1,1,9,34,4,2,2,3,14,0,0,0,0,1,0,1,0,7,5,0,1,28,2,4,0,0,0,2,3,1,14,1,1,0,1,7,5,5,34,2,24,8,0,0,8,38,7,4,2,7,8,0,0,0,0,0,0,1,0,7,7,0
6300917,2025-02-21,9,596471,A&M-Corpus Christi,4,596514,UCLA,3,1,1,1,1,0,0,0,0,765,9540,1,28,4,4,3,0,0,3,3,0,9,1,0,1,0,8,7,4,32,1,27,8,0,0,9,40,5,3,3,2,6,0,1,0,0,0,0,1,0,6,13,0,1,32,3,5,0,0,0,3,2,5,6,1,0,0,0,6,13,10,40,1,24,7,0,0,8,32,4,4,4,3,9,0,1,0,1,0,0,1,0,8,7,0
6300925,2025-02-21,9,596462,Grand Canyon,7,596660,Rutgers,6,1,1,1,1,0,0,0,0,1345,8880,1,35,7,12,0,0,1,5,3,1,7,0,0,1,0,11,4,8,39,0,27,13,1,0,9,39,8,6,6,4,5,0,0,0,3,0,0,0,0,13,7,0,1,33,6,8,5,0,0,6,4,2,5,0,0,3,0,13,7,6,39,3,24,12,2,0,8,39,12,7,3,3,7,0,3,1,1,0,0,0,0,11,4,0
6300930,2025-02-21,9,596687,Louisiana,1,596712,Nebraska,6,1,1,1,1,0,0,0,0,4085,11160,1,32,1,5,0,0,1,1,1,0,9,0,0,1,0,10,8,5,33,4,27,6,0,0,9,45,9,6,2,8,10,0,2,0,6,1,0,2,0,4,11,0,1,35,6,9,1,0,0,5,8,0,10,2,0,6,1,4,11,12,45,0,27,8,1,1,9,33,5,1,1,1,9,0,0,1,1,0,0,0,0,10,8,0
6300931,2025-02-21,9,596669,San Diego St.,0,596432,Utah,8,1,1,1,1,0,0,0,0,1071,10620,1,32,0,4,1,0,0,0,1,0,13,0,0,0,0,8,6,6,33,0,27,6,0,0,9,48,14,8,8,5,8,0,0,0,3,0,0,0,0,7,12,0,1,41,8,14,7,0,0,8,5,2,8,0,0,3,0,7,12,13,48,1,27,8,0,0,9,33,4,0,0,1,13,0,0,0,0,0,0,0,0,8,6,0
6300937,2025-02-21,9,596707,Fresno St.,7,596506,Cal St. Fullerton,4,1,1,1,1,0,0,0,0,1694,10860,1,33,7,11,1,1,0,7,6,2,10,0,1,0,2,4,8,11,42,0,27,5,0,0,9,36,7,4,4,1,12,0,0,1,0,0,0,0,0,7,8,0,1,34,4,7,2,1,1,4,1,1,12,0,0,0,0,7,8,5,36,0,24,6,0,0,8,42,11,7,7,6,10,0,0,0,0,2,0,0,0,4,8,0
6300939,2025-02-21,9,596519,UCF,7,596501,Bryant,6,1,1,1,1,0,0,0,0,1833,11580,1,36,7,10,2,0,0,6,5,1,8,0,0,2,0,7,9,9,42,2,27,9,0,0,9,39,9,6,3,3,11,0,0,2,0,1,0,0,0,6,9,0,1,35,6,9,2,1,2,6,3,0,11,0,1,0,1,6,9,6,39,2,24,4,0,0,8,42,10,7,5,5,8,0,0,0,2,0,1,0,0,7,9,0
6300948,2025-02-21,9,596487,Arkansas,2,596574,Kansas St.,3,1,1,1,1,0,0,1,0,13886,9420,1,33,2,7,2,0,2,2,2,1,11,0,0,0,0,7,8,6,36,0,27,14,0,0,9,36,8,3,3,4,3,0,1,0,2,0,0,0,0,12,9,0,1,30,3,8,2,0,0,3,4,0,3,0,2,2,0,12,9,6,36,0,27,8,2,0,9,36,7,2,2,2,11,0,0,2,0,0,0,0,0,7,8,0
6307969,2025-02-21,9,596620,Nevada,7,596505,CSU Bakersfield,4,1,1,1,1,0,0,0,0,739,10680,1,29,7,9,3,0,0,7,6,3,8,3,0,0,0,5,10,10,41,0,27,14,0,0,9,34,8,4,4,1,8,0,1,0,2,1,0,0,0,11,6,0,1,32,4,8,2,0,0,3,1,0,8,0,1,2,1,11,6,2,34,1,24,5,0,1,8,41,9,7,7,6,8,0,1,0,0,0,1,3,0,5,10,0
6308427,2025-02-21,9,596431,Navy,2,596430,Air Force,3,1,1,1,1,0,0,1,0,575,9000,1,33,2,5,1,0,0,0,2,0,11,0,0,1,0,9,6,6,35,2,27,11,1,0,9,41,7,3,2,5,10,0,1,0,2,0,0,0,0,11,6,0,1,34,3,7,2,0,0,3,5,0,10,0,2,2,0,11,6,11,41,2,27,11,0,0,9,35,5,2,0,2,11,0,0,0,1,0,0,0,0,9,6,0
6308757,2025-02-21,9,596604,Minnesota,2,596641,Oklahoma,3,1,1,1,1,0,0,1,0,0,11580,1,33,2,6,0,0,1,2,0,1,14,0,0,2,0,5,8,5,34,0,27,5,0,0,9,38,5,3,3,5,13,0,1,0,1,1,1,0,0,4,8,0,1,29,3,5,2,0,0,2,5,3,13,0,1,1,1,4,8,8,38,0,27,5,0,0,9,34,6,2,2,0,14,0,2,1,2,0,0,0,0,5,8,0
6309068,2025-02-21,9,596524,Coastal Carolina,2,596480,Alabama,9,1,1,1,1,0,0,1,0,2020,12120,1,33,2,5,0,0,0,2,4,0,10,0,0,0,0,8,9,9,37,3,27,8,0,1,9,46,3,9,6,12,12,0,1,0,1,0,0,0,0,5,8,0,1,31,9,3,0,0,0,7,12,3,12,0,0,1,0,5,8,10,46,2,27,7,2,0,9,38,5,2,2,4,10,0,2,0,0,0,1,0,0,8,9,0
6309457,2025-02-21,9,596619,UNLV,0,596521,Cincinnati,6,1,1,1,1,0,0,0,0,477,10800,1,30,0,3,0,0,0,0,2,1,12,0,0,0,0,7,8,6,33,0,27,5,0,1,9,43,9,6,5,6,10,0,0,2,4,0,0,0,0,5,12,0,1,36,6,9,1,0,2,5,6,1,10,0,0,4,0,5,12,10,43,0,27,8,0,0,9,33,3,0,0,2,12,0,2,0,0,0,0,0,0,7,8,0
6310593,2025-02-21,9,596557,Hawaii,4,596449,Wichita St.,11,1,1,1,1,0,0,0,0,3925,12480,1,38,4,12,1,0,0,3,3,1,13,0,0,1,1,6,6,11,42,4,27,14,1,1,9,47,13,11,5,3,6,0,1,1,0,1,0,0,0,11,8,0,1,40,11,13,2,1,1,10,3,2,6,0,2,0,1,11,8,9,47,2,27,7,2,0,9,42,12,4,3,3,13,0,2,0,1,1,0,0,0,6,6,2
6310615,2025-02-21,9,596653,Purdue,6,596625,Niagara,4,1,1,1,1,0,0,1,0,273,10380,1,27,6,5,0,0,0,6,11,3,7,1,0,1,0,6,10,12,42,2,27,6,0,1,9,40,7,4,2,3,11,0,0,0,0,0,0,0,0,7,9,0,1,35,4,7,2,0,0,4,3,2,11,0,0,0,0,7,9,9,40,0,24,6,0,1,8,42,5,6,6,11,7,0,3,0,1,0,0,1,0,6,10,0
6310875,2025-02-21,9,596420,Texas A&M,6,596504,Cal Poly,1,1,1,1,1,0,0,0,0,4922,11460,1,34,6,9,3,0,1,6,2,5,4,0,0,2,0,7,13,11,41,2,27,7,0,1,9,40,7,1,0,3,3,0,0,0,0,0,0,0,0,7,15,0,1,34,1,7,0,0,0,0,3,3,3,0,0,0,0,7,15,12,40,1,24,4,2,0,8,41,9,6,6,2,4,0,0,1,2,0,0,0,0,7,13,0
6310908,2025-02-21,9,596434,Vanderbilt,11,596665,Saint Mary's (CA),4,1,1,1,1,0,0,0,0,3306,12600,1,34,11,12,1,2,1,11,13,2,5,2,1,2,0,10,9,17,52,0,27,11,0,0,9,38,9,4,4,3,13,0,1,0,0,1,0,1,0,8,5,0,1,33,4,9,2,0,0,4,3,0,13,1,1,0,1,8,5,7,38,1,24,9,0,0,8,52,12,11,11,13,5,0,0,1,2,0,0,2,0,10,9,0
6311208,2025-02-21,9,596442,Washington St.,2,596601,Michigan St.,9,1,1,1,1,0,0,1,0,50,10860,1,29,2,3,0,0,0,2,4,2,15,0,0,0,0,5,6,6,35,3,27,12,1,0,9,42,13,9,7,3,8,0,2,0,7,2,0,0,0,9,7,0,1,36,9,13,0,0,0,7,3,2,8,0,1,7,2,9,7,6,42,0,27,6,0,0,9,35,3,2,2,4,15,0,0,0,0,0,0,0,0,5,6,0
6311245,2025-02-21,,596582,Longwood,,596647,Penn St.,,1,1,0,0,1,0,0,0,,,0,0,0,0,0,0,0,0,0,0,0,0,0,0,0,0,0,0,0,0,0,0,0,0,0,0,0,0,0,0,0,0,0,0,0,0,0,0,0,0,0,0,0,0,0,0,0,0,0,0,0,0,0,0,0,0,0,0,0,0,0,0,0,0,0,0,0,0,0,0,0,0,0,0,0,0,0,0,0,0,0,0,0,0
6311812,2025-02-21,9,596465,Seattle U,3,596510,UC Santa Barbara,9,1,1,1,1,0,0,1,0,422,11520,1,31,3,7,1,0,2,3,2,1,13,0,1,0,0,7,5,5,35,3,27,12,1,0,9,47,15,9,7,4,4,0,1,1,3,0,0,1,0,10,12,0,1,42,9,15,4,1,1,7,4,0,4,1,0,3,0,10,12,11,47,0,27,9,1,0,9,35,7,3,3,2,13,0,0,2,0,0,0,0,0,7,5,0
6311874,2025-02-21,9,596688,Stanford,2,596443,Washington,0,1,1,1,1,0,0,0,0,1553,9300,1,28,2,6,2,2,1,2,4,1,6,1,0,0,0,9,7,8,34,0,27,11,2,0,9,33,4,0,0,2,14,0,2,0,1,0,0,0,0,9,4,0,1,31,0,4,2,0,0,0,2,0,14,0,0,1,0,9,4,6,33,1,24,11,0,0,8,34,6,2,2,4,6,0,0,1,0,0,0,1,0,9,7,0
6312933,2025-02-21,7,596553,Georgia Tech,12,596591,Marshall,1,1,1,1,1,0,0,0,0,989,7980,1,31,12,13,4,0,3,11,7,0,4,2,0,2,0,1,13,10,40,0,21,5,0,0,7,27,4,1,1,2,8,0,0,0,0,0,0,0,0,5,8,0,1,25,1,4,1,1,0,1,2,0,8,0,0,0,0,5,8,5,27,3,18,1,0,0,6,40,13,12,10,7,4,0,0,3,2,0,0,2,0,1,13,0
6313093,2025-02-21,9,596623,New Mexico,15,596632,Northern Colo.,16,1,1,1,1,0,0,0,0,530,11340,1,48,15,23,6,0,0,14,3,1,6,1,0,5,0,9,11,11,53,1,27,12,1,0,9,51,20,16,15,2,7,0,1,0,0,0,0,1,0,12,7,0,1,46,16,20,6,0,0,15,2,2,7,1,0,0,0,12,7,8,51,0,27,10,1,1,9,53,23,15,14,3,6,0,1,0,5,0,0,1,0,9,11,0
6313244,2025-02-21,9,596523,Clemson,6,596436,VCU,2,1,1,1,1,0,0,0,0,5091,9840,1,26,6,5,2,0,0,6,6,3,7,2,0,1,0,5,11,7,37,1,27,8,0,0,9,36,5,2,2,2,13,0,0,1,0,0,0,0,0,10,4,0,1,31,2,5,1,0,1,2,2,2,13,0,1,0,0,10,4,7,36,0,24,7,0,0,8,37,5,6,6,6,7,0,1,0,1,0,0,2,0,5,11,0
6313593,2025-02-21,9,596439,Virginia,2,596643,Oregon St.,7,1,1,1,1,0,0,1,0,3206,13320,1,31,2,6,0,0,0,2,6,1,11,0,1,0,0,6,9,10,39,0,27,5,1,1,9,47,13,7,6,8,16,0,1,0,1,1,0,1,0,4,6,0,1,38,7,13,1,0,0,6,8,0,16,1,0,1,1,4,6,13,47,0,27,7,0,0,9,39,6,2,2,6,11,0,1,0,0,0,0,0,0,6,9,0
6314090,2025-02-21,9,596425,Texas,4,596530,Dartmouth,3,1,1,1,1,0,0,0,0,6307,10860,1,27,4,6,3,0,0,4,6,0,7,2,0,1,1,7,9,7,35,1,27,8,0,0,9,40,7,3,3,6,11,0,0,0,0,0,0,0,0,7,8,0,1,32,3,7,0,0,0,3,6,1,11,0,1,0,0,7,8,9,40,1,24,7,0,0,8,35,6,4,3,6,7,0,0,0,1,1,0,2,0,7,9,0
6316364,2025-02-21,9,596600,Miami (FL),3,596652,Princeton,1,1,1,1,1,0,0,0,0,2728,8040,1,29,3,5,0,0,1,3,0,0,10,0,0,0,0,4,10,2,29,2,27,6,0,0,9,34,3,1,0,3,14,0,0,0,0,0,0,0,0,4,8,0,1,30,1,3,0,0,0,1,3,1,14,0,0,0,0,4,8,5,34,1,24,5,0,0,8,29,5,3,2,0,10,0,0,1,0,0,1,0,0,4,10,0
6316410,2025-02-21,9,596721,Tennessee,5,596668,Samford,1,1,1,1,1,0,0,0,0,4741,9360,1,31,5,8,1,0,2,5,9,1,6,0,0,0,0,6,11,12,41,1,27,3,1,0,9,31,4,1,1,1,20,0,0,1,2,1,0,0,0,1,5,0,1,30,1,4,0,0,1,1,1,0,20,0,0,2,1,1,5,3,31,0,24,7,0,0,8,41,8,5,5,9,6,0,1,2,0,0,0,0,0,6,11,0
6316431,2025-02-21,9,596508,CSUN,3,596499,BYU,7,1,1,1,1,0,0,0,0,358,12060,1,30,3,2,0,0,1,3,6,1,10,0,0,0,0,8,9,7,37,2,27,11,0,0,9,49,8,7,6,10,11,0,2,1,4,0,0,0,0,9,6,0,1,34,7,8,1,0,1,7,10,4,11,0,1,4,0,9,6,15,49,1,27,7,2,1,9,37,2,3,3,6,10,0,1,1,0,0,0,0,0,8,9,0
6316539,2025-02-21,9,596628,NC State,3,596639,Ohio St.,8,1,1,1,1,0,0,1,0,0,11460,1,33,3,6,1,0,1,3,5,1,6,0,0,0,0,9,12,9,39,3,27,12,0,0,9,43,10,8,4,6,9,0,1,2,2,1,0,0,0,9,6,0,1,35,8,10,0,0,2,5,6,1,9,0,1,2,1,9,6,8,43,1,27,8,1,0,9,39,6,3,3,5,6,0,1,1,0,0,0,0,0,9,12,0
6316740,2025-02-21,11,596615,Charlotte,10,596642,Old Dominion,9,1,1,1,1,0,0,0,0,606,15480,1,43,10,12,1,0,3,10,7,2,13,0,1,0,1,11,6,8,53,0,33,14,1,0,11,55,15,9,9,7,11,0,0,1,4,0,0,1,0,11,9,0,1,45,9,15,4,0,1,9,7,2,11,1,0,4,0,11,9,13,55,4,32,13,1,0,10.2,53,12,10,7,7,13,0,0,3,0,1,0,0,0,11,6,0
6317110,2025-02-21,9,596485,Arizona St.,7,596715,Oral Roberts,8,1,1,1,1,0,0,0,0,2805,11280,1,37,7,9,1,0,1,6,7,1,8,0,0,10,0,8,11,11,45,0,27,8,0,0,9,40,9,8,8,4,13,0,2,4,1,0,0,0,0,9,5,1,1,36,8,9,1,0,4,8,4,0,13,0,0,1,0,9,5,5,40,3,27,8,0,0,9,45,9,7,7,7,8,0,1,1,10,0,0,0,0,8,11,0
6317923,2025-02-21,7,596545,Florida St.,24,596716,Penn,2,1,1,1,1,0,0,0,0,5116,9540,1,39,24,20,0,0,1,22,10,3,7,0,0,4,0,8,3,10,52,1,21,7,0,0,7,28,4,2,0,3,10,0,0,0,0,0,0,0,0,6,4,0,1,25,2,4,2,0,0,2,3,0,10,0,0,0,0,6,4,5,28,1,18,8,1,2,6,52,20,24,19,10,7,0,1,1,4,0,0,0,0,8,3,0
6354726,2025-02-21,9,596607,Ole Miss,8,596538,Eastern Ky.,0,1,1,1,1,0,0,0,0,8882,10380,1,34,8,9,0,0,1,6,9,0,13,0,0,4,0,6,4,10,43,0,27,11,0,0,9,29,4,0,0,0,13,0,1,0,0,2,0,0,0,7,5,0,1,29,0,4,0,0,0,0,0,0,13,0,0,0,2,7,5,2,29,4,24,9,0,0,8,43,9,8,5,9,13,0,1,1,4,0,0,0,0,6,4,0
6358251,2025-02-21,9,596542,Florida A&M,5,596608,Missouri,6,1,1,1,1,0,0,1,0,125,12720,1,39,5,9,2,1,1,5,4,0,13,0,0,0,0,8,6,11,43,2,27,9,0,0,9,47,11,6,2,7,10,0,0,0,3,1,0,0,0,8,6,0,1,37,6,11,2,0,0,5,7,3,10,0,0,3,1,8,6,12,47,3,27,7,1,0,9,43,9,5,3,4,13,0,1,1,0,0,0,0,0,8,6,0
6359543,2025-02-21,7,596554,Georgia,15,596564,UIC,1,1,1,1,1,0,0,0,0,2974,9900,1,32,15,15,7,0,3,14,10,0,3,1,0,1,1,6,8,10,43,0,21,5,0,0,7,30,4,1,1,3,12,0,0,0,1,0,0,0,0,6,3,0,1,25,1,4,2,0,0,1,3,2,12,0,0,1,0,6,3,8,30,1,18,7,0,0,6,43,15,15,14,10,3,0,2,3,1,1,0,1,0,6,8,0
6300907,2025-02-22,9,596438,Virginia Tech,2,596616,UNC Greensboro,6,1,1,1,1,0,0,0,0,953,10320,1,33,2,8,3,0,1,2,2,1,7,0,0,2,1,7,11,7,36,1,27,7,1,0,9,43,6,6,4,7,14,0,2,0,1,0,0,0,0,7,6,0,1,33,6,6,2,0,0,5,7,1,14,0,2,1,0,7,6,10,43,0,27,6,0,0,9,36,8,2,2,2,7,0,0,1,2,1,0,0,0,7,11,0
6300949,2025-02-22,9,596605,Mississippi St.,9,596685,Missouri St.,3,1,1,1,1,0,0,0,0,11072,11760,1,36,9,11,3,1,1,7,7,1,8,0,0,4,0,5,11,11,44,0,27,10,0,2,9,42,5,3,2,9,12,0,1,0,3,0,0,1,0,10,5,0,1,30,3,5,3,0,0,2,9,1,12,1,1,3,0,10,5,12,42,1,24,5,0,0,8,44,11,9,7,7,8,0,0,1,4,0,0,0,0,5,11,0
6300952,2025-02-22,8,596546,Florida,11,596532,Dayton,1,1,1,1,1,0,0,0,0,8155,9420,1,32,11,10,6,0,1,11,6,3,2,2,0,3,0,9,12,7,43,0,24,8,0,0,8,32,4,1,1,2,13,0,0,0,2,0,0,0,0,6,5,0,1,28,1,4,0,0,0,1,2,2,13,0,0,2,0,6,5,7,32,1,23,10,0,1,7.2,43,10,11,9,6,2,0,0,1,3,0,0,2,0,9,12,0
6300954,2025-02-22,9,596672,San Jose St.,4,596474,Utah Valley,3,1,1,1,1,0,0,0,0,501,9900,1,34,4,7,0,0,1,3,3,1,8,0,0,0,0,8,10,7,38,1,27,9,0,1,9,38,9,3,1,2,14,0,0,1,1,0,0,0,0,8,4,0,1,35,3,9,0,0,1,2,2,1,14,0,0,1,0,8,4,8,38,2,26,5,1,0,8.2,38,7,4,3,3,8,0,2,1,0,0,0,0,0,8,10,0
6300955,2025-02-22,7,596489,Auburn,11,596453,Wright St.,1,1,1,1,1,0,0,0,0,4652,8700,1,31,11,13,1,0,1,7,7,1,5,0,1,1,0,4,9,11,40,1,21,8,0,0,7,26,5,1,1,1,8,0,0,0,0,0,0,0,0,9,3,0,1,24,1,5,0,0,0,1,1,0,8,0,1,0,0,9,3,4,26,3,18,4,1,0,6,40,13,11,9,7,5,0,3,1,1,0,0,0,0,4,9,0
6300957,2025-02-22,7,596470,Belmont,0,596577,Kentucky,12,1,1,1,1,0,0,0,0,414,8580,1,24,0,2,0,0,0,0,1,0,12,0,0,0,0,2,7,4,25,2,21,12,0,0,7,39,8,12,11,7,5,0,2,3,4,2,0,1,0,5,7,0,1,25,12,8,0,1,3,12,7,6,5,1,0,4,2,5,7,6,39,0,21,3,1,0,7,25,2,0,0,1,12,0,0,0,0,0,0,0,0,2,7,0
6300958,2025-02-22,9,596554,Georgia,10,596564,UIC,4,1,1,1,1,0,0,0,0,3633,10860,1,34,10,11,2,0,2,8,4,1,6,0,0,2,0,5,12,5,39,0,27,11,1,0,9,39,12,4,4,3,11,0,0,1,1,3,1,0,0,7,6,0,1,35,4,12,2,0,1,4,3,0,11,0,1,1,3,7,6,8,39,1,24,5,0,0,8,39,11,10,10,4,6,0,2,2,2,0,0,0,0,5,12,0
6300959,2025-02-22,9,596713,Nicholls,8,596488,Little Rock,6,1,1,1,1,0,0,0,0,505,12180,1,29,8,6,1,0,0,8,7,3,7,2,0,4,0,6,11,9,41,2,27,11,0,2,9,45,8,6,4,10,12,0,2,0,0,3,0,0,0,7,5,0,1,33,6,8,1,0,0,4,10,2,12,0,0,0,3,7,5,11,45,1,24,7,0,2,8,41,6,8,7,7,7,0,2,0,4,0,0,2,0,6,11,0
6300960,2025-02-22,9,596608,Missouri,2,596479,Alabama St.,10,1,1,1,1,0,0,1,0,268,11820,1,32,2,5,1,0,0,2,2,1,9,0,0,1,1,9,8,6,35,1,27,5,1,0,9,49,17,10,10,3,12,0,1,1,0,0,1,0,0,5,10,0,1,45,10,17,5,0,1,10,3,1,12,0,0,0,0,5,10,12,49,2,27,11,0,1,9,35,5,2,2,2,9,0,2,0,1,1,0,0,0,9,8,1
6300964,2025-02-22,9,596556,Harvard,1,596636,Northwestern,5,1,1,1,1,0,0,1,0,131,8820,1,31,1,3,3,0,0,1,1,1,12,0,0,0,0,8,7,5,33,2,27,1,0,0,9,41,7,5,3,4,8,0,2,0,1,0,0,0,0,1,18,0,1,35,5,7,2,0,0,4,4,2,8,0,0,1,0,1,18,9,41,1,27,8,0,0,9,33,3,1,1,1,12,0,0,0,0,0,0,0,0,8,7,0
6300965,2025-02-22,9,596514,UCLA,7,596442,Washington St.,6,1,1,1,1,0,0,1,0,50,13020,1,31,7,9,2,0,0,7,6,3,5,1,0,0,1,9,9,7,41,2,27,16,0,0,9,48,10,6,2,12,4,0,1,0,2,1,0,1,0,10,8,0,1,31,6,10,2,1,0,6,12,3,4,1,1,2,1,10,8,15,48,0,24,9,2,0,8,41,9,7,7,6,5,0,1,0,0,1,0,1,0,9,9,0
6300974,2025-02-22,7,596462,Grand Canyon,10,596660,Rutgers,3,1,1,1,1,0,0,0,0,649,6900,1,26,10,10,0,0,2,9,6,1,5,0,0,0,0,5,5,4,33,2,21,10,1,0,7,31,8,3,2,2,7,0,1,0,1,0,0,0,0,11,2,0,1,29,3,8,0,0,0,3,2,0,7,0,0,1,0,11,2,7,31,1,18,7,0,0,6,33,10,10,9,6,5,0,1,2,0,0,1,0,0,5,5,0
6300985,2025-02-22,9,596677,South Carolina,6,596452,Milwaukee,3,1,1,1,1,0,0,0,0,7735,8160,1,27,6,6,0,0,1,5,3,3,8,1,0,2,1,5,8,4,34,0,27,10,3,1,9,33,6,3,3,1,9,0,0,2,0,0,0,0,0,10,7,0,1,32,3,6,2,0,2,3,1,0,9,0,0,0,0,10,7,3,33,0,24,6,1,0,8,34,6,6,6,3,8,0,0,1,2,1,0,1,0,5,8,0
6300990,2025-02-22,,596687,Louisiana,,596712,Nebraska,,1,1,0,0,0,0,0,0,,,0,0,0,0,0,0,0,0,0,0,0,0,0,0,0,0,0,0,0,0,0,0,0,0,0,0,0,0,0,0,0,0,0,0,0,0,0,0,0,0,0,0,0,0,0,0,0,0,0,0,0,0,0,0,0,0,0,0,0,0,0,0,0,0,0,0,0,0,0,0,0,0,0,0,0,0,0,0,0,0,0,0,0,0
6300994,2025-02-22,9,596583,LSU,4,596618,Omaha,5,1,1,1,1,0,0,0,0,10318,11040,1,31,4,5,2,0,0,4,8,2,6,1,0,1,0,4,17,11,42,1,27,5,0,0,9,37,5,5,5,3,10,0,1,1,1,0,0,0,0,6,11,0,1,32,5,5,1,0,1,4,3,2,10,0,0,1,0,6,11,5,37,0,27,4,0,0,9,42,5,4,4,8,6,0,2,0,1,0,0,1,0,4,17,0
6301010,2025-02-22,9,596707,Fresno St.,3,596506,Cal St. Fullerton,14,1,1,1,1,0,0,0,0,2004,9600,1,33,3,6,1,0,1,3,1,1,9,0,0,0,0,8,9,5,35,3,27,9,1,0,9,47,14,14,12,3,7,0,0,7,0,0,0,0,0,7,11,0,1,41,14,14,0,0,7,13,3,2,7,0,1,0,0,7,11,6,47,1,27,8,2,0,9,35,6,3,3,1,9,0,0,1,0,0,0,0,0,8,9,0
6301015,2025-02-22,9,596720,Stetson,0,596569,Iowa,7,1,1,1,1,0,0,0,0,689,12120,1,27,0,3,0,0,0,0,10,0,8,0,0,1,0,10,6,10,37,0,27,5,3,0,9,44,10,7,7,4,12,0,0,1,2,0,0,0,0,5,10,0,1,36,7,10,1,0,1,7,4,3,12,0,1,2,0,5,10,10,44,0,27,13,0,0,9,37,3,0,0,10,8,0,2,0,1,0,0,0,0,10,6,0
6301016,2025-02-22,9,596669,San Diego St.,5,596510,UC Santa Barbara,7,1,1,1,1,0,0,0,0,1751,13260,1,29,5,4,0,0,0,5,7,3,10,0,0,0,0,5,10,8,39,1,27,2,1,1,9,46,7,7,7,8,14,0,2,1,0,0,0,0,0,2,11,0,1,35,7,7,2,0,1,6,8,3,14,0,0,0,0,2,11,12,46,1,27,8,0,0,9,40,4,5,5,7,10,0,1,0,0,0,0,0,0,5,10,0
6301018,2025-02-22,9,596421,TCU,1,596487,Arkansas,2,1,1,1,1,0,0,1,0,17994,10500,1,29,1,4,0,0,0,1,5,1,11,0,0,3,1,5,8,7,35,0,27,6,2,0,9,34,3,2,2,3,7,0,0,0,1,0,0,0,0,6,14,0,1,29,2,3,1,0,0,2,3,1,7,0,1,1,0,6,14,5,34,2,27,9,0,0,9,35,4,1,1,5,11,0,1,0,3,1,0,0,0,5,8,0
6301019,2025-02-22,8,596637,Notre Dame,12,596592,UMBC,2,1,1,1,1,0,0,1,0,357,11580,1,34,12,12,3,0,0,11,10,5,2,0,1,4,0,6,12,12,50,1,24,7,2,0,8,34,7,2,2,3,11,0,0,0,3,0,0,0,0,6,6,0,1,30,2,7,1,0,0,2,3,1,11,0,0,3,0,6,6,8,34,4,23,7,0,0,7.2,50,12,12,3,10,2,0,1,0,4,0,0,0,0,6,12,0
6301022,2025-02-22,9,596519,UCF,4,596501,Bryant,2,1,1,1,1,0,0,0,0,1917,9540,1,31,4,7,2,0,2,4,4,0,6,0,1,0,0,10,7,8,36,1,27,11,1,0,9,34,7,2,1,1,12,0,0,0,1,2,0,1,0,7,5,0,1,29,2,7,0,0,0,1,1,1,12,1,2,1,2,7,5,4,34,2,24,13,1,0,8,36,7,4,2,4,6,0,0,2,0,0,0,0,0,10,7,0
6301068,2025-02-22,9,596583,LSU,12,596618,Omaha,1,1,1,1,1,0,0,0,0,10120,12120,1,36,12,13,5,0,0,10,6,1,5,1,1,0,0,9,10,9,45,1,27,6,0,0,9,36,3,1,0,4,12,0,0,0,0,1,0,0,0,7,7,0,1,29,1,3,0,0,0,1,4,3,12,0,0,0,1,7,7,8,36,2,24,8,0,0,8,45,13,12,12,6,5,0,4,0,0,0,0,1,0,9,10,0
6304682,2025-02-22,9,596462,Grand Canyon,13,596660,Rutgers,8,1,1,1,1,0,0,0,0,462,10020,1,37,13,15,3,0,1,13,11,0,7,1,0,0,0,6,10,12,49,3,27,7,1,0,9,42,13,8,5,0,5,0,0,1,0,0,0,1,0,6,16,0,1,40,8,13,4,1,1,6,0,0,5,1,1,0,0,6,16,7,42,0,24,6,0,0,8,49,15,13,13,11,7,0,1,1,0,0,0,1,0,6,10,0
6307972,2025-02-22,9,596620,Nevada,2,596505,CSU Bakersfield,16,1,1,1,1,0,0,0,0,787,10260,1,34,2,8,3,0,0,2,1,2,5,0,0,0,0,11,8,8,37,1,27,16,4,0,9,49,16,16,15,3,6,0,3,0,1,0,0,0,0,12,7,0,1,42,16,16,6,1,0,14,3,4,6,0,0,1,0,12,7,6,49,2,27,15,0,0,9,37,8,2,2,1,5,0,2,0,0,0,0,0,0,11,8,0
6308428,2025-02-22,9,596430,Air Force,2,596431,Navy,7,1,1,1,1,0,0,1,0,1009,9600,1,30,2,5,1,0,0,2,3,1,5,1,0,0,1,7,14,6,35,1,27,14,0,0,9,43,8,7,6,5,10,0,2,1,3,1,0,0,0,9,6,0,1,33,7,8,0,0,1,5,5,4,10,0,1,3,1,9,6,9,43,0,27,7,1,0,9,35,5,2,2,3,5,0,0,0,0,1,0,1,0,7,14,0
6308758,2025-02-22,9,596439,Virginia,4,596604,Minnesota,2,1,1,1,1,0,0,1,0,3000,9900,1,32,4,8,3,0,2,4,0,0,7,0,0,1,0,3,13,4,32,1,27,6,0,0,9,37,6,2,1,5,12,0,0,0,2,1,1,0,0,4,10,0,1,32,2,6,0,0,0,2,5,0,12,0,0,2,1,4,10,8,37,1,24,4,0,1,8,32,8,4,4,0,7,0,0,2,1,0,0,0,0,3,13,0
6309258,2025-02-22,9,596480,Alabama,4,596628,NC State,0,1,1,1,1,0,0,1,0,2719,9360,1,32,4,9,1,0,1,3,5,0,8,0,0,1,1,7,7,9,37,0,27,8,1,0,9,34,3,0,0,4,8,0,2,0,0,0,0,0,0,9,9,0,1,28,0,3,0,0,0,0,4,1,8,0,1,0,0,9,9,7,34,1,24,9,1,0,8,37,9,4,4,5,8,0,1,1,1,1,1,0,0,7,7,0
6309460,2025-02-22,9,596619,UNLV,5,596521,Cincinnati,4,1,1,1,1,0,0,0,0,688,10200,1,29,5,5,0,0,1,5,4,1,15,0,0,0,0,7,2,5,34,1,27,4,0,1,9,38,7,4,4,6,17,0,1,2,4,1,0,0,0,1,6,0,1,32,4,7,3,0,2,4,6,0,17,0,0,4,1,1,6,7,38,0,24,9,0,0,8,34,5,5,5,4,15,0,0,1,0,0,0,0,0,7,2,0
6310597,2025-02-22,9,596557,Hawaii,4,596449,Wichita St.,2,1,1,1,1,0,0,0,0,4535,12480,1,32,4,10,3,0,0,4,3,0,8,0,1,2,0,11,4,8,36,3,27,12,1,0,9,39,5,2,2,5,8,0,1,0,0,0,0,0,0,8,8,0,1,30,2,5,1,0,0,1,5,4,8,0,0,0,0,8,8,10,39,1,24,9,2,0,8,36,10,4,4,3,8,0,0,0,2,0,0,0,0,11,4,0
6310618,2025-02-22,9,596653,Purdue,16,596625,Niagara,4,1,1,1,1,0,0,1,0,0,12000,1,40,16,20,5,0,3,13,9,4,6,1,0,3,1,6,9,14,54,0,27,5,0,1,9,39,10,4,4,4,11,0,0,1,1,0,0,2,0,6,8,0,1,33,4,10,3,0,1,4,4,0,11,2,0,1,0,6,8,8,39,2,24,10,2,0,8,54,20,16,15,9,6,0,2,3,3,1,0,1,0,6,9,0
6310621,2025-02-22,9,596653,Purdue,9,596625,Niagara,0,1,1,1,1,0,0,1,0,377,10860,1,29,9,9,2,1,0,6,9,5,7,1,1,3,0,8,6,11,45,1,27,6,2,0,9,33,3,0,0,3,17,0,0,0,0,0,0,0,0,5,4,0,1,30,0,3,1,0,0,0,3,0,17,0,0,0,0,5,4,6,33,1,24,10,1,0,8,45,9,9,7,9,7,0,4,0,3,0,0,1,0,8,6,0
6310874,2025-02-22,9,596420,Texas A&M,4,596504,Cal Poly,3,1,1,1,1,0,0,0,0,5411,11760,1,29,4,6,4,0,0,4,4,1,11,0,0,0,1,5,7,6,34,2,27,11,0,0,9,39,5,3,1,4,6,0,2,0,3,0,0,1,0,11,10,0,1,33,3,5,1,0,0,1,4,1,6,1,0,3,0,11,10,9,39,0,24,6,0,0,8,34,6,4,4,4,11,0,0,0,0,1,0,0,0,5,7,0
6310909,2025-02-22,9,596434,Vanderbilt,13,596665,Saint Mary's (CA),7,1,1,1,1,0,0,0,0,3360,12120,1,38,13,13,4,0,0,10,6,0,4,0,0,1,0,10,10,7,44,3,27,10,0,0,9,46,5,7,7,8,12,0,1,1,1,0,0,1,0,10,5,0,1,32,7,5,1,0,1,6,8,4,12,1,1,1,0,10,5,12,46,2,24,9,0,0,8,44,13,13,11,6,4,0,0,0,1,0,0,0,0,10,10,0
6311246,2025-02-22,8,596582,Longwood,1,596647,Penn St.,11,1,1,1,1,0,0,0,0,230,8460,1,25,1,2,0,0,0,1,1,1,13,0,0,2,1,6,3,2,27,0,24,8,0,0,8,43,10,11,11,6,6,0,3,2,5,0,0,2,0,8,10,0,1,32,11,10,2,0,2,8,6,3,6,2,0,5,0,8,10,8,43,1,24,8,0,0,8,27,2,1,1,1,13,0,1,0,2,1,0,0,0,6,3,0
6311247,2025-02-22,7,596582,Longwood,0,596647,Penn St.,10,1,1,1,1,0,0,0,0,235,6660,1,22,0,2,2,0,0,0,3,1,5,0,0,0,0,10,5,5,26,1,21,3,0,0,7,39,12,10,10,2,6,0,2,4,1,0,0,1,0,3,12,0,1,32,10,12,4,1,4,9,2,4,6,1,0,1,0,3,12,8,39,1,21,11,0,0,7,26,2,0,0,3,5,0,0,0,0,0,0,0,0,10,5,0
6311824,2025-02-22,9,596432,Utah,4,596465,Seattle U,3,1,1,1,1,0,0,1,0,211,10200,1,30,4,8,1,0,0,4,3,3,3,0,1,1,0,7,13,6,37,0,27,8,2,0,9,35,4,3,3,4,6,0,0,2,0,1,0,0,0,8,12,0,1,30,3,4,1,0,2,3,4,1,6,0,0,0,1,8,12,5,35,1,25,9,0,0,8.1,37,8,4,4,3,3,0,0,0,1,0,0,0,0,7,13,0
6311876,2025-02-22,9,596688,Stanford,11,596443,Washington,9,1,1,1,1,0,0,0,0,1998,12180,1,32,11,12,1,0,2,10,6,2,6,1,0,0,1,8,7,6,41,0,27,9,2,0,9,46,12,9,9,7,8,0,1,1,0,2,1,0,0,8,9,0,1,37,9,12,2,0,1,9,7,2,8,0,0,0,2,8,9,10,46,0,24,13,1,0,8,41,12,11,11,6,6,0,1,2,0,1,0,1,0,8,7,0
6312934,2025-02-22,9,596553,Georgia Tech,2,596591,Marshall,4,1,1,1,1,0,0,0,0,1178,9780,1,34,2,8,3,0,0,2,5,4,2,0,0,0,0,16,8,14,43,0,27,8,1,0,9,37,5,4,4,4,11,0,0,1,1,0,0,1,0,8,8,0,1,30,4,5,0,0,1,4,4,1,11,1,1,1,0,8,8,6,37,0,27,14,0,0,9,43,8,2,2,5,2,0,1,0,0,0,0,0,0,16,8,0
6313096,2025-02-22,9,596623,New Mexico,11,596632,Northern Colo.,15,1,1,1,1,0,0,0,0,657,11460,1,41,11,16,4,1,0,8,2,1,5,2,2,1,1,6,15,10,48,2,27,7,0,0,9,53,14,15,12,7,8,0,3,0,0,0,0,1,0,11,7,0,1,41,15,14,5,1,0,14,7,4,8,1,0,0,0,11,7,11,53,3,27,7,1,0,9,48,16,11,8,2,5,0,0,0,1,1,0,2,0,6,15,0
6313098,2025-02-22,9,596623,New Mexico,13,596632,Northern Colo.,4,1,1,1,1,0,0,0,0,657,8760,1,39,13,16,4,1,5,13,7,1,7,0,0,0,0,5,11,10,47,1,27,11,1,0,9,39,9,4,4,3,8,0,0,1,1,1,0,1,0,9,8,0,1,34,4,9,1,0,1,4,3,1,8,1,0,1,1,9,8,8,39,0,24,6,1,0,8,47,16,13,13,7,7,0,2,5,0,0,0,0,0,5,11,0
6313248,2025-02-22,9,596523,Clemson,12,596627,N.C. A&T,7,1,1,1,1,0,0,0,0,4798,12660,1,35,12,16,0,0,1,10,7,3,3,2,0,3,0,11,7,11,47,0,27,6,3,0,9,41,7,7,7,6,13,0,2,1,2,1,0,0,0,4,9,0,1,33,7,7,1,0,1,7,6,2,13,0,0,2,1,4,9,7,41,1,24,13,0,1,8,47,16,12,11,7,3,0,0,1,3,0,0,2,0,11,7,0
6313251,2025-02-22,9,596523,Clemson,4,596436,VCU,3,1,1,1,1,0,0,0,0,5173,10440,1,30,4,5,1,0,0,3,6,2,5,0,0,2,0,11,8,10,38,0,27,11,0,0,9,35,7,3,3,4,6,0,0,1,1,1,0,0,0,9,9,0,1,31,3,7,1,0,1,3,4,0,6,0,0,1,1,9,9,5,35,1,24,10,2,0,8,38,5,4,2,6,5,0,1,0,2,0,0,0,0,11,8,0
6313595,2025-02-22,9,596643,Oregon St.,4,596641,Oklahoma,8,1,1,1,1,0,0,1,0,4151,12060,1,31,4,5,0,0,1,4,8,1,9,0,0,0,0,9,8,9,40,1,27,13,0,1,9,40,8,8,7,8,11,0,1,2,0,2,0,0,0,6,6,0,1,30,8,8,1,0,2,7,8,1,11,0,1,0,2,6,6,5,40,0,27,6,2,1,9,40,5,4,4,8,9,0,2,1,0,0,0,0,0,9,8,0
6314094,2025-02-22,9,596425,Texas,3,596530,Dartmouth,2,1,1,1,1,0,0,0,0,6433,10440,1,32,3,8,2,0,0,2,1,0,8,0,0,0,0,7,9,6,33,2,27,9,0,0,9,38,5,2,1,4,7,0,1,0,0,1,1,0,0,10,8,0,1,31,2,5,1,0,0,2,4,2,7,0,1,0,1,10,8,9,38,0,24,6,1,0,8,33,8,3,3,1,8,0,1,0,0,0,0,0,0,7,9,0
6314641,2025-02-22,9,596426,UTSA,6,596711,LIU,5,1,1,1,1,0,0,0,0,497,10680,1,35,6,12,3,0,0,6,2,4,6,0,0,3,0,5,12,11,41,2,27,9,0,0,9,39,9,5,5,2,8,0,2,0,1,0,0,0,0,7,11,0,1,36,5,9,2,0,0,5,2,1,8,0,0,1,0,7,11,6,39,1,24,6,0,0,8,41,12,6,5,2,6,0,0,0,3,0,0,0,0,5,12,0
6314644,2025-02-22,7,596426,UTSA,13,596711,LIU,0,1,1,1,1,0,0,0,0,497,9300,1,32,13,16,4,1,2,13,6,4,4,0,0,1,0,5,7,11,42,2,21,4,0,0,7,25,2,0,0,0,10,0,0,0,0,0,0,0,0,5,6,0,1,25,0,2,1,0,0,0,0,0,10,0,0,0,0,5,6,4,25,1,18,6,0,1,6,42,16,13,13,6,4,0,1,2,1,0,0,0,0,5,7,0
6316365,2025-02-22,9,596600,Miami (FL),10,596652,Princeton,3,1,1,1,1,0,0,0,0,2497,9720,1,34,10,10,2,0,1,10,4,3,6,1,0,4,0,5,13,8,42,1,27,3,0,0,9,33,3,3,3,3,10,0,0,1,1,0,0,1,0,6,11,0,1,29,3,3,0,1,1,3,3,0,10,1,0,1,0,6,11,3,33,1,24,5,0,0,8,42,10,10,10,4,6,0,0,1,4,0,0,1,0,5,13,0
6316366,2025-02-22,9,596600,Miami (FL),15,596652,Princeton,1,1,1,1,1,0,0,0,0,2420,11160,1,38,15,14,6,0,1,12,10,2,5,1,1,3,0,10,8,13,52,1,27,3,1,0,9,32,3,1,1,1,10,0,0,0,0,0,0,0,0,6,13,0,1,31,1,3,2,0,0,1,1,0,10,0,0,0,0,6,13,4,32,4,24,9,0,0,8,52,14,15,12,10,5,0,4,1,3,0,0,1,0,10,8,0
6316411,2025-02-22,9,596721,Tennessee,7,596668,Samford,3,1,1,1,1,0,0,0,0,5106,9420,1,30,7,6,2,0,2,6,6,1,3,0,0,0,0,11,8,6,37,2,27,8,2,0,9,34,2,3,1,3,14,0,3,0,5,1,0,0,0,6,6,0,1,29,3,2,1,0,0,2,3,2,14,0,0,5,1,6,6,4,34,2,24,13,0,0,8,37,6,7,6,6,3,0,2,2,0,0,0,0,0,11,8,0
6316433,2025-02-22,9,596508,CSUN,9,596499,BYU,4,1,1,1,1,0,0,0,0,202,8640,1,30,9,7,0,0,1,8,5,2,8,0,0,0,0,6,9,4,37,0,27,8,0,0,9,36,8,4,4,3,10,0,1,1,0,1,1,0,0,5,10,0,1,33,4,8,1,0,1,4,3,0,10,0,0,0,1,5,10,5,36,0,24,7,0,0,8,37,7,9,9,5,8,0,1,1,0,0,0,0,0,6,9,0
6316540,2025-02-22,11,596639,Ohio St.,8,596524,Coastal Carolina,10,1,1,1,1,0,0,1,0,0,12960,1,39,8,6,0,1,1,5,5,3,11,0,0,1,1,10,10,6,47,1,33,6,0,1,11,52,14,10,9,4,15,0,0,1,1,0,0,0,0,2,14,0,1,44,10,14,3,0,1,8,4,3,15,0,1,1,0,2,14,9,52,3,33,13,0,0,11,47,6,8,5,5,11,0,2,1,1,1,0,0,0,10,10,0
6316741,2025-02-22,9,596615,Charlotte,2,596642,Old Dominion,4,1,1,1,1,0,0,0,0,783,10440,1,30,2,3,1,0,0,2,4,1,15,0,1,1,0,4,8,7,36,0,27,9,0,0,9,39,6,4,4,5,12,0,0,1,0,1,0,0,0,8,6,0,1,31,4,6,0,0,1,4,5,2,12,0,1,0,1,8,6,8,39,1,27,3,0,0,9,36,3,2,2,4,15,0,0,0,1,0,0,0,0,4,8,0
6316789,2025-02-22,9,596700,Tarleton St.,4,596575,Kansas,6,1,1,1,1,0,0,0,0,405,10800,1,31,4,5,3,0,0,4,2,3,15,1,0,2,0,4,8,6,37,3,27,9,0,0,9,43,11,6,3,3,8,0,0,2,0,0,0,1,0,10,9,0,1,38,6,11,1,0,2,5,3,0,8,1,1,0,0,10,9,10,43,1,27,4,0,0,9,37,5,4,4,2,15,0,0,0,2,0,0,1,0,4,8,0
6316790,2025-02-22,9,596700,Tarleton St.,5,596575,Kansas,7,1,1,1,1,0,0,0,0,587,10200,1,33,5,9,1,0,1,5,6,1,8,0,0,0,0,11,5,7,40,4,27,15,2,0,9,39,10,7,2,2,7,0,0,1,1,1,0,0,0,11,6,0,1,35,7,10,1,0,1,4,2,0,7,0,2,1,1,11,6,5,39,1,27,15,1,1,9,40,9,5,4,6,8,0,0,1,0,0,0,0,0,11,5,0
6317122,2025-02-22,9,596485,Arizona St.,12,596715,Oral Roberts,5,1,1,1,1,0,0,0,0,2893,8700,1,35,12,12,3,1,2,10,3,1,3,2,0,3,0,7,13,5,41,1,27,7,1,0,9,38,6,5,5,4,11,0,0,1,0,0,0,0,0,8,8,0,1,34,5,6,1,0,1,5,4,0,11,0,0,0,0,8,8,6,38,2,24,7,0,0,8,41,12,12,9,3,3,0,1,2,3,0,0,2,0,7,13,0
6317924,2025-02-22,9,596545,Florida St.,9,596716,Penn,3,1,1,1,1,0,0,0,0,6700,10080,1,32,9,11,1,1,2,7,4,1,4,1,0,0,1,8,8,5,38,1,27,12,3,0,9,43,9,3,3,6,9,0,2,2,1,0,0,0,0,11,6,0,1,36,3,9,2,0,2,3,6,1,9,0,0,1,0,11,6,13,43,3,24,12,2,0,8,38,11,9,7,4,4,0,0,2,0,1,0,1,0,8,8,0
6354727,2025-02-22,9,596607,Ole Miss,9,596538,Eastern Ky.,4,1,1,1,1,0,0,0,0,9172,11880,1,34,9,11,1,0,3,9,7,3,11,0,0,2,0,2,10,11,44,2,27,7,0,1,9,37,6,4,4,3,15,0,0,1,0,0,0,0,0,5,5,0,1,33,4,6,0,1,1,4,3,1,15,0,0,0,0,5,5,6,37,0,24,4,2,1,8,44,11,9,8,7,11,0,1,3,2,0,0,0,0,2,10,0
6362215,2025-02-22,9,596713,Nicholls,4,596488,Little Rock,1,1,1,1,1,0,0,0,0,502,7680,1,30,4,7,2,0,1,3,2,0,7,0,1,1,0,9,8,5,33,1,27,7,0,0,9,34,4,1,1,1,6,0,0,1,2,0,0,0,0,8,13,0,1,32,1,4,1,0,1,1,1,1,6,0,0,2,0,8,13,6,34,0,24,8,0,1,8,33,7,4,4,2,7,0,0,1,1,0,0,0,0,9,8,0
6362272,2025-02-22,9,596687,Louisiana,4,596712,Nebraska,1,1,1,1,1,0,0,0,0,0,8460,1,26,4,5,1,0,1,2,3,0,7,0,2,2,1,9,7,3,31,0,27,6,0,1,9,33,4,1,1,0,13,0,0,0,1,0,0,0,0,6,8,0,1,31,1,4,1,0,0,1,0,2,13,0,0,1,0,6,8,5,33,0,24,12,0,1,8,31,5,4,2,3,7,0,1,1,2,1,0,0,0,9,7,0
6362273,2025-02-22,9,596687,Louisiana,10,596712,Nebraska,2,1,1,1,1,0,0,0,0,4131,9540,1,34,10,13,1,0,0,8,2,2,7,2,3,1,0,8,8,9,43,1,27,8,1,0,9,34,5,2,2,1,9,0,0,1,1,0,0,0,0,6,12,0,1,32,2,5,0,1,1,2,1,1,9,0,0,1,0,6,12,5,34,3,24,8,0,1,8,43,13,10,7,2,7,0,0,0,1,0,0,2,0,8,8,0
6301004,2025-02-23,9,596438,Virginia Tech,6,596616,UNC Greensboro,2,1,1,1,1,0,0,0,0,1041,10080,1,34,6,11,3,1,0,6,2,1,5,0,0,0,1,7,11,7,37,0,27,4,0,0,9,35,4,2,2,2,13,0,0,0,1,0,0,0,0,4,10,0,1,31,2,4,1,0,0,2,2,2,13,0,0,1,0,4,10,6,35,0,24,7,0,0,8,37,11,6,6,2,5,0,0,0,0,1,0,0,0,7,11,0
6301023,2025-02-23,7,596547,Fordham,1,596636,Northwestern,2,1,1,1,1,0,0,1,0,87,6840,1,23,1,4,0,0,0,1,1,2,6,0,0,1,1,7,6,4,26,1,21,6,1,0,7,31,6,2,2,4,10,0,1,1,3,0,0,0,0,6,4,0,1,25,2,6,1,0,1,2,4,1,10,0,1,3,0,6,4,8,31,0,21,8,0,0,7,26,4,1,1,1,6,0,0,0,1,1,0,0,0,7,6,0
6301024,2025-02-23,9,596605,Mississippi St.,6,596685,Missouri St.,4,1,1,1,1,0,0,0,0,9578,10980,1,35,6,12,0,1,4,6,4,1,9,0,0,2,0,6,8,10,40,1,27,13,1,0,9,39,2,4,4,8,8,0,0,1,0,0,0,0,0,13,6,0,1,28,4,2,0,0,1,4,8,2,8,0,1,0,0,13,6,8,39,1,24,8,0,0,8,40,12,6,6,4,9,0,1,4,2,0,0,0,0,6,8,0
6301027,2025-02-23,8,596546,Florida,12,596532,Dayton,2,1,1,1,1,0,0,0,0,5425,10020,1,34,12,12,2,0,2,10,10,1,2,0,0,1,1,7,12,10,45,0,24,6,1,0,8,31,5,2,2,2,12,0,0,1,0,0,0,1,0,6,5,0,1,27,2,5,1,1,1,2,2,1,12,1,0,0,0,6,5,5,31,1,23,7,1,0,7.2,45,12,12,10,10,2,0,3,2,1,1,1,0,0,7,12,0
6301029,2025-02-23,9,596672,San Jose St.,7,596474,Utah Valley,5,1,1,1,1,0,0,0,0,478,10200,1,32,7,7,0,0,1,7,4,4,11,0,0,0,0,7,5,9,40,3,27,8,1,0,9,42,10,5,5,2,11,0,0,1,1,0,0,0,0,8,8,0,1,38,5,10,2,0,1,5,2,2,11,0,0,1,0,8,8,10,42,1,24,7,0,0,8,40,7,7,6,4,11,0,1,1,0,0,0,0,0,7,5,0
6301031,2025-02-23,9,596470,Belmont,5,596577,Kentucky,9,1,1,1,1,0,0,0,0,452,10260,1,33,5,10,1,0,1,5,3,0,9,0,1,1,2,9,6,4,37,1,27,13,1,0,9,43,11,9,8,4,7,0,0,1,0,0,0,0,0,12,7,1,1,36,9,11,4,0,1,9,4,1,7,0,2,0,0,12,7,6,43,0,27,13,0,0,9,37,10,5,5,3,9,0,0,1,1,2,0,0,0,9,6,1
6301032,2025-02-23,6,596554,Georgia,17,596564,UIC,3,1,1,1,1,0,0,0,0,2870,9660,1,33,17,16,2,1,5,16,4,3,7,0,0,3,1,4,6,5,40,0,18,6,0,1,6,28,7,3,3,3,8,0,1,0,1,0,0,1,0,6,4,0,1,24,3,7,1,0,0,3,3,0,8,1,0,1,0,6,4,7,28,1,18,6,0,0,6,40,16,17,17,4,7,0,1,5,3,1,0,0,0,4,6,0
6301035,2025-02-23,9,596601,Michigan St.,9,596514,UCLA,15,1,1,1,1,0,0,1,0,50,13080,1,38,9,11,4,0,1,8,4,1,10,0,0,0,0,7,9,7,43,3,27,12,1,0,9,53,13,15,12,8,3,0,0,3,4,0,0,1,0,11,13,0,1,41,15,13,1,1,3,13,8,2,3,1,1,4,0,11,13,11,53,2,27,8,0,0,9,43,11,9,7,4,10,0,1,1,0,0,0,0,0,7,9,0
6301037,2025-02-23,9,596487,Arkansas,8,596602,Michigan,6,1,1,1,1,0,0,1,0,12862,13440,1,33,8,10,3,0,1,7,8,2,7,0,0,0,1,9,6,11,43,2,27,6,1,1,9,45,11,6,3,5,13,0,3,2,0,0,0,1,0,4,8,0,1,37,6,11,1,0,2,5,5,2,13,1,0,0,0,4,8,12,45,2,24,10,2,0,8,43,10,8,6,8,7,0,3,1,0,1,0,0,0,9,6,0
6301038,2025-02-23,9,596462,Grand Canyon,7,596660,Rutgers,18,1,1,1,1,0,0,0,0,558,10740,1,33,7,11,1,0,2,6,7,0,7,1,1,1,0,9,8,7,42,3,27,16,2,0,9,51,18,18,14,3,3,0,0,0,0,0,1,1,0,17,6,0,1,45,18,18,7,1,0,17,3,2,3,1,0,0,0,17,6,6,51,0,27,12,1,0,9,42,11,7,7,7,7,0,4,2,1,0,0,1,0,9,8,0
6301044,2025-02-23,9,596507,Long Beach St.,15,596465,Seattle U,7,1,1,1,1,0,0,1,0,322,10800,1,35,15,11,1,1,2,15,3,6,4,1,1,0,0,6,14,7,46,1,27,10,0,0,9,37,6,7,4,4,7,0,0,2,1,0,0,0,0,8,10,0,1,31,7,6,1,0,2,7,4,1,7,0,1,1,0,8,10,3,37,3,24,6,0,0,8,46,11,15,13,3,4,0,0,2,0,0,0,1,0,6,14,0
6301051,2025-02-23,9,596519,UCF,3,596501,Bryant,5,1,1,1,1,0,0,0,0,1754,11100,1,30,3,6,0,0,0,2,4,3,6,0,0,3,1,9,9,7,37,1,27,15,2,1,9,38,7,5,4,1,8,0,0,0,0,0,0,1,0,14,5,0,1,29,5,7,2,0,0,5,1,1,8,1,5,0,0,14,5,6,37,0,27,10,0,0,9,37,6,3,3,4,6,0,1,0,3,1,1,0,0,9,9,0
6301062,2025-02-23,9,596489,Auburn,9,596453,Wright St.,4,1,1,1,1,0,0,0,0,4277,9960,1,36,9,14,0,0,4,9,3,2,7,0,0,0,0,4,11,8,41,0,27,13,0,0,9,39,8,4,4,7,7,0,0,1,0,3,0,0,0,8,7,0,1,29,4,8,1,0,1,4,7,2,7,0,1,0,3,8,7,8,39,2,24,7,2,0,8,41,14,9,9,3,7,0,1,4,0,0,0,0,0,4,11,0
6301064,2025-02-23,,596687,Louisiana,,596712,Nebraska,,1,1,0,0,0,0,0,0,,,0,0,0,0,0,0,0,0,0,0,0,0,0,0,0,0,0,0,0,0,0,0,0,0,0,0,0,0,0,0,0,0,0,0,0,0,0,0,0,0,0,0,0,0,0,0,0,0,0,0,0,0,0,0,0,0,0,0,0,0,0,0,0,0,0,0,0,0,0,0,0,0,0,0,0,0,0,0,0,0,0,0,0,0
6301082,2025-02-23,9,596720,Stetson,2,596637,Notre Dame,8,1,1,1,1,0,0,0,0,992,12600,1,30,2,5,1,0,0,2,4,1,8,0,0,0,1,11,6,6,35,1,27,10,1,0,9,45,13,8,7,4,9,0,3,0,2,0,0,0,0,8,8,0,1,39,8,13,3,0,0,7,4,2,9,0,0,2,0,8,8,10,45,0,27,12,2,0,9,35,5,2,2,4,8,0,0,0,0,1,0,0,0,11,6,0
6301086,2025-02-23,9,596636,Northwestern,9,596547,Fordham,3,1,1,1,1,0,0,1,0,147,10500,1,33,9,11,3,0,2,8,6,2,7,0,0,2,0,8,7,8,41,0,27,14,0,0,9,37,8,3,3,2,8,0,0,0,1,0,0,0,0,13,5,1,1,32,3,8,2,0,0,3,2,1,8,0,2,1,0,13,5,7,37,3,24,10,1,0,8,41,11,9,9,6,7,0,2,2,2,0,0,0,0,8,7,0
6301087,2025-02-23,9,596707,Fresno St.,13,596506,Cal St. Fullerton,7,1,1,1,1,0,0,0,0,2591,11220,1,41,13,18,4,0,0,13,4,1,6,0,1,0,0,8,9,9,47,0,27,17,0,0,9,43,10,7,7,9,3,0,0,2,0,0,1,0,0,14,7,0,1,34,7,10,0,0,2,7,9,0,3,0,0,0,0,14,7,9,43,1,24,9,3,0,8,47,18,13,11,4,6,0,0,0,0,0,0,0,0,8,9,0
6301089,2025-02-23,8,596677,South Carolina,14,596452,Milwaukee,4,1,1,1,1,0,0,0,0,7012,10080,1,35,14,13,5,0,2,10,5,4,5,1,1,2,0,10,7,7,46,0,24,5,0,0,8,36,5,4,4,5,14,0,3,2,1,0,0,0,0,4,6,1,1,29,4,5,0,0,2,4,5,2,14,0,0,1,0,4,6,8,36,4,23,12,0,0,7.2,46,13,14,12,5,5,0,5,2,2,0,0,1,0,10,7,0
6301094,2025-02-23,11,596669,San Diego St.,4,596648,Pepperdine,7,1,1,1,1,0,0,0,0,1305,14160,1,37,4,5,0,0,2,4,4,1,13,1,0,0,0,6,14,6,43,5,33,12,0,0,11,49,11,7,2,2,10,0,2,0,1,1,0,1,0,10,12,0,1,45,7,11,2,2,0,5,2,1,10,1,0,1,1,10,12,9,49,0,33,6,0,0,11,43,5,4,4,4,13,0,1,2,0,0,0,1,0,6,14,0
6307974,2025-02-23,9,596620,Nevada,12,596505,CSU Bakersfield,4,1,1,1,1,0,0,0,0,780,10440,1,38,12,13,4,0,1,11,2,2,2,2,0,2,0,12,10,8,44,1,27,12,0,0,9,38,13,4,3,1,4,0,1,1,0,0,1,0,0,9,10,0,1,36,4,13,2,0,1,3,1,1,4,0,0,0,0,9,10,7,38,5,24,9,2,0,8,44,13,12,6,2,2,0,2,1,2,0,0,2,0,12,10,0
6308429,2025-02-23,7,596431,Navy,1,596430,Air Force,14,1,1,1,1,0,0,1,0,1237,9420,1,24,1,5,0,0,0,1,3,0,9,0,0,0,1,6,4,5,27,0,21,5,1,0,7,41,10,14,14,7,8,0,2,1,5,0,1,1,0,4,9,0,1,30,14,10,3,0,1,12,7,3,8,1,0,5,0,4,9,6,41,0,21,6,0,0,7,27,5,1,1,3,9,0,2,0,0,1,0,0,0,6,4,0
6309263,2025-02-23,9,596480,Alabama,12,596639,Ohio St.,10,1,1,1,1,0,0,1,0,0,12480,1,37,12,12,3,0,3,12,11,2,9,0,0,0,0,4,12,13,50,1,27,7,0,0,9,39,7,10,10,5,14,0,1,2,0,0,0,0,0,7,6,0,1,34,10,7,0,0,2,9,5,0,14,0,0,0,0,7,6,2,39,0,25,4,0,0,8.1,50,12,12,12,11,9,0,0,3,0,0,0,0,0,4,12,0
6309478,2025-02-23,9,596619,UNLV,9,596521,Cincinnati,10,1,1,1,1,0,0,0,0,777,11520,1,38,9,14,4,0,6,8,3,0,6,1,1,0,0,13,7,7,43,1,27,8,0,0,9,48,14,10,10,4,9,0,0,1,1,0,0,2,0,10,8,0,1,39,10,14,5,1,1,10,4,3,9,2,0,1,0,10,8,11,48,0,27,15,0,0,9,43,14,9,9,3,6,0,1,6,0,0,0,1,0,13,7,0
6310274,2025-02-23,9,596592,UMBC,0,596569,Iowa,6,1,1,1,1,0,0,1,0,210,9000,1,28,0,2,0,0,0,0,1,1,8,0,0,0,0,11,7,3,30,1,27,11,1,0,9,41,11,6,6,1,5,0,2,1,1,0,0,2,0,11,10,0,1,36,6,11,5,0,1,6,1,2,5,2,0,1,0,11,10,8,41,0,27,11,0,0,9,30,2,0,0,1,8,0,0,0,0,0,0,0,0,11,7,0
6310599,2025-02-23,9,596557,Hawaii,7,596449,Wichita St.,1,1,1,1,1,0,0,0,0,3559,11100,1,26,7,8,2,0,0,7,7,5,6,2,0,0,2,8,6,9,40,2,27,9,1,1,9,32,1,1,0,2,9,0,0,0,0,0,0,0,0,8,8,0,1,27,1,1,0,0,0,1,2,2,9,0,0,0,0,8,8,4,31,2,24,16,2,0,8,40,8,7,7,7,6,0,1,0,0,2,0,2,0,8,6,0
6310625,2025-02-23,9,596653,Purdue,11,596625,Niagara,1,1,1,1,1,0,0,1,0,488,11400,1,35,11,13,1,1,2,7,8,2,11,1,0,2,0,5,7,10,46,1,27,4,1,0,9,33,4,1,0,2,16,0,0,0,2,0,0,0,0,3,8,0,1,31,1,4,0,0,0,0,2,0,16,0,0,2,0,3,8,5,33,1,24,6,0,0,8,46,13,11,11,8,11,0,4,2,2,0,0,1,0,5,7,0
6310876,2025-02-23,9,596420,Texas A&M,2,596504,Cal Poly,3,1,1,1,1,0,0,0,0,5315,9180,1,30,2,5,0,0,0,2,3,0,3,0,0,0,1,11,11,4,33,2,27,9,1,0,9,35,6,3,2,1,10,0,1,1,0,0,0,0,0,9,6,0,1,32,3,6,0,0,1,3,1,0,10,0,2,0,0,9,6,5,35,0,27,10,2,0,9,33,5,2,2,3,3,0,1,0,0,1,0,0,0,11,11,0
6310910,2025-02-23,7,596434,Vanderbilt,10,596665,Saint Mary's (CA),0,1,1,1,1,0,0,0,0,3265,8220,1,25,10,9,2,0,0,10,7,3,8,0,1,5,0,8,1,8,36,0,21,7,1,0,7,26,2,0,0,3,8,0,0,0,0,0,0,0,0,6,6,0,1,22,0,2,0,0,0,0,3,1,8,0,0,0,0,6,6,5,26,0,18,8,1,0,6,36,9,10,10,7,8,0,1,0,5,0,0,0,0,8,1,0
6311248,2025-02-23,9,596582,Longwood,7,596647,Penn St.,15,1,1,1,1,0,0,0,0,221,11820,1,38,7,12,3,0,0,4,2,3,6,0,0,4,1,8,11,9,43,4,27,7,1,1,9,53,14,15,11,5,8,0,1,1,7,1,0,2,0,6,12,0,1,41,15,14,3,1,1,12,5,5,8,2,0,7,1,6,12,11,53,1,27,11,0,1,9,43,12,7,5,2,6,0,1,0,4,1,0,0,0,8,11,0
6311878,2025-02-23,9,596688,Stanford,9,596443,Washington,5,1,1,1,1,0,0,0,0,1572,12000,1,30,9,9,2,0,1,9,10,1,8,1,0,1,1,4,10,9,42,2,27,12,1,1,9,39,7,5,5,6,10,0,2,2,0,1,0,0,0,10,5,1,1,33,5,7,0,0,2,4,6,0,10,0,0,0,1,10,5,6,39,0,24,6,2,0,8,42,9,9,9,10,8,0,1,1,1,1,0,1,0,4,10,0
6312838,2025-02-23,8,596684,Southern U.,3,596608,Missouri,15,1,1,1,1,0,0,1,0,175,9960,1,30,3,8,1,0,1,3,1,1,7,0,1,1,2,7,7,6,33,3,24,2,1,0,8,49,14,15,14,7,8,0,0,1,3,0,1,2,0,3,13,0,1,36,15,14,5,1,1,14,7,3,8,2,1,3,0,3,13,10,49,3,24,9,0,0,8,33,8,3,3,1,7,0,0,1,1,2,1,0,0,7,7,0
6312935,2025-02-23,9,596553,Georgia Tech,11,596591,Marshall,6,1,1,1,1,0,0,0,0,1163,10860,1,36,11,15,7,0,2,11,1,4,6,2,2,5,0,8,10,10,45,2,27,15,0,0,9,45,8,6,4,4,7,0,0,0,1,2,0,0,0,9,8,0,1,33,6,8,3,0,0,6,4,8,7,0,0,1,2,9,8,11,45,2,24,6,0,0,8,45,15,11,9,1,6,0,1,2,5,0,0,2,0,8,10,0
6313040,2025-02-23,9,596471,A&M-Corpus Christi,8,596442,Washington St.,6,1,1,1,1,0,0,0,0,701,10200,1,33,8,11,4,0,1,6,3,0,6,0,1,2,0,7,10,5,37,1,27,6,1,0,9,41,10,6,6,3,6,0,1,0,2,0,0,0,0,7,14,0,1,35,6,10,1,0,0,6,3,1,6,0,2,2,0,7,14,8,41,1,24,8,0,0,8,37,11,8,6,3,6,0,0,1,2,0,1,0,0,7,10,0
6313100,2025-02-23,9,596623,New Mexico,12,596632,Northern Colo.,7,1,1,1,1,0,0,0,0,685,10800,1,34,12,14,2,0,2,11,6,2,4,1,0,4,2,9,7,6,43,1,27,14,2,0,9,42,12,7,6,3,7,0,1,1,0,0,0,1,0,11,7,0,1,37,7,12,2,0,1,5,3,1,7,1,0,0,0,11,7,8,42,1,24,15,2,0,8,43,14,12,9,6,4,0,1,2,4,2,0,1,0,9,7,0
6313253,2025-02-23,9,596523,Clemson,4,596627,N.C. A&T,2,1,1,1,1,0,0,0,0,4625,9660,1,27,4,5,2,0,1,4,5,2,7,2,0,0,0,7,9,8,36,2,27,9,0,0,9,37,3,2,0,5,11,0,1,0,0,0,0,0,0,10,4,0,1,29,2,3,2,0,0,2,5,2,11,0,1,0,0,10,4,8,37,1,24,8,2,0,8,36,5,4,4,5,7,0,0,1,0,0,0,2,0,7,9,0
6314095,2025-02-23,9,596425,Texas,4,596530,Dartmouth,1,1,1,1,1,0,0,0,0,6910,9600,1,31,4,8,1,1,1,4,4,3,5,0,0,1,1,3,14,10,38,0,27,16,1,0,9,30,3,1,1,1,6,0,1,0,0,1,0,0,0,12,6,0,1,27,1,3,0,0,0,1,1,2,6,0,0,0,1,12,6,2,30,2,24,4,1,0,8,38,8,4,3,4,5,0,1,1,1,1,0,0,0,3,14,0
6314711,2025-02-23,7,596426,UTSA,15,596711,LIU,0,1,1,1,1,0,0,0,0,513,9000,1,36,15,19,5,0,1,12,5,2,4,0,0,0,0,5,7,10,43,0,21,7,1,0,7,28,5,0,0,1,9,0,0,0,0,0,0,0,0,7,4,0,1,25,0,5,0,0,0,0,1,2,9,0,0,0,0,7,4,7,28,2,18,6,0,0,6,43,19,15,13,5,4,0,0,1,0,0,0,0,0,5,7,0
6314720,2025-02-23,7,596426,UTSA,7,596711,LIU,1,1,1,1,1,0,0,0,0,513,6420,1,23,7,8,1,0,2,7,1,1,3,1,1,3,1,8,4,2,27,0,21,6,0,0,7,28,6,1,1,2,3,0,1,0,0,1,1,0,0,8,9,0,1,26,1,6,0,0,0,1,2,0,3,0,0,0,1,8,9,6,28,3,18,12,0,0,6,27,8,7,5,1,3,0,0,2,3,1,0,1,0,8,4,0
6316367,2025-02-23,9,596600,Miami (FL),8,596652,Princeton,0,1,1,1,1,0,0,0,0,2574,8880,1,33,8,9,0,0,1,7,2,2,6,0,0,1,0,6,10,5,37,0,27,7,2,0,9,32,1,0,0,3,12,0,0,0,0,0,0,0,0,9,7,0,1,28,0,1,0,0,0,0,3,1,12,0,0,0,0,9,7,5,32,2,24,8,0,0,8,37,9,8,5,2,6,0,0,1,1,0,0,0,0,6,10,0
6316413,2025-02-23,7,596721,Tennessee,11,596668,Samford,1,1,1,1,1,0,0,0,0,5142,9000,1,29,11,12,2,0,4,9,5,1,7,1,0,1,0,4,7,7,36,0,21,5,0,0,7,29,5,1,1,3,10,0,1,1,1,1,0,0,0,4,6,0,1,25,1,5,0,0,1,1,3,1,10,0,0,1,1,4,6,7,29,2,18,3,0,0,6,36,12,11,9,5,7,0,0,4,1,0,1,1,0,4,7,0
6316742,2025-02-23,9,596615,Charlotte,6,596642,Old Dominion,7,1,1,1,1,0,0,0,0,705,12960,1,31,6,5,1,0,0,6,9,4,11,0,0,1,1,7,8,11,44,0,27,9,0,0,9,38,8,7,7,3,15,0,0,2,1,0,0,0,0,5,6,0,1,34,7,8,4,0,2,7,3,1,15,0,0,1,0,5,6,4,38,0,27,8,0,1,9,44,5,6,6,9,11,0,2,0,1,1,0,0,0,7,8,0
6316793,2025-02-23,9,596700,Tarleton St.,7,596575,Kansas,11,1,1,1,1,0,0,0,0,221,11880,1,30,7,9,2,0,2,6,6,0,6,2,1,0,1,6,12,5,39,0,27,12,1,0,9,46,13,11,11,6,6,0,1,4,1,0,0,1,0,9,10,0,1,36,11,13,2,2,4,11,6,2,6,1,1,1,0,9,10,8,46,1,27,9,0,0,9,39,9,7,7,6,6,0,0,2,0,1,0,2,0,6,12,0
6317143,2025-02-23,9,596485,Arizona St.,9,596715,Oral Roberts,2,1,1,1,1,0,0,0,0,2465,10440,1,30,9,9,3,0,5,9,10,0,7,1,0,4,0,5,10,8,41,0,27,9,1,0,9,39,8,2,2,3,12,0,0,0,0,0,0,0,0,8,7,0,1,35,2,8,4,0,0,2,3,1,12,0,0,0,0,8,7,10,39,4,24,7,0,0,8,41,9,9,7,10,7,0,1,5,4,0,0,1,0,5,10,0
6317409,2025-02-23,12,596641,Oklahoma,5,596439,Virginia,4,1,1,1,1,0,0,1,0,4302,15480,1,39,5,12,3,0,1,4,5,0,6,0,1,0,0,13,9,5,45,3,36,11,2,0,12,48,6,4,3,4,12,0,2,0,0,0,0,1,0,11,12,1,1,42,4,6,0,0,0,3,4,1,12,1,0,0,0,11,12,8,48,1,33,16,0,0,11,45,12,5,4,5,6,0,0,1,0,0,0,0,0,13,9,0
6317925,2025-02-23,9,596545,Florida St.,5,596716,Penn,3,1,1,1,1,0,0,0,0,4829,10800,1,33,5,9,1,0,1,4,3,4,10,0,0,3,1,3,10,11,40,0,27,12,0,0,9,35,5,3,3,5,12,0,2,0,1,0,0,0,0,11,2,0,1,30,3,5,1,0,0,3,5,0,12,0,0,1,0,11,2,5,35,2,24,5,1,0,8,40,9,5,4,3,10,0,3,1,3,1,0,0,0,3,10,0
6354729,2025-02-23,9,596607,Ole Miss,9,596538,Eastern Ky.,3,1,1,1,1,0,0,0,0,8824,11880,1,32,9,11,0,0,1,8,8,3,5,1,0,5,1,7,10,11,44,0,27,8,1,0,9,40,7,3,3,6,14,0,3,2,0,0,0,0,0,7,6,0,1,34,3,7,1,0,2,3,6,0,14,0,0,0,0,7,6,10,40,1,24,8,1,0,8,44,11,9,9,8,5,0,2,1,5,1,0,1,0,7,10,0
6300916,2025-02-24,9,596566,Indiana,4,596636,Northwestern,3,1,1,1,1,0,0,1,0,97,10080,1,35,4,12,2,0,0,4,5,0,7,0,1,0,0,7,10,11,41,0,27,11,0,0,9,36,6,3,3,3,6,0,0,0,1,1,0,1,0,12,8,0,1,29,3,6,1,1,0,3,3,1,6,1,2,1,1,12,8,6,36,0,24,5,0,0,8,41,12,4,4,5,7,0,2,0,0,0,0,0,0,7,10,0
6301052,2025-02-24,9,596438,Virginia Tech,8,596616,UNC Greensboro,3,1,1,1,1,0,0,0,0,615,10140,1,37,8,16,5,1,1,8,3,0,5,1,0,0,1,9,8,9,41,1,27,8,0,0,9,39,8,3,3,5,14,0,1,0,1,0,0,1,0,6,6,0,1,32,3,8,0,0,0,2,5,0,14,1,1,1,0,6,6,9,39,1,24,12,1,0,8,41,16,8,8,3,5,0,0,1,0,1,0,1,0,9,8,0
6301097,2025-02-24,9,596630,ULM,3,596488,Little Rock,5,1,1,1,1,0,0,0,0,987,10560,1,31,3,6,1,1,0,3,3,3,14,0,0,1,2,3,8,7,37,0,27,12,1,0,9,38,8,5,5,3,9,0,1,0,1,1,1,0,0,11,6,0,1,34,5,8,2,0,0,4,3,1,9,0,0,1,1,11,6,6,38,0,27,7,0,0,9,37,6,3,3,3,14,0,1,0,1,2,1,0,0,3,8,1
6303023,2025-02-24,7,596583,LSU,13,596713,Nicholls,3,1,1,1,1,0,0,0,0,10030,9840,1,28,13,10,1,0,2,11,7,4,5,1,0,3,0,6,7,7,40,1,21,11,1,0,7,32,6,3,2,4,5,0,3,0,0,0,0,1,0,9,6,0,1,26,3,6,1,0,0,2,4,1,5,1,0,0,0,9,6,8,32,2,19,6,0,0,6.1,40,10,13,13,7,5,0,3,2,3,0,0,1,0,6,7,0
6307976,2025-02-24,9,596620,Nevada,7,596505,CSU Bakersfield,4,1,1,1,1,0,0,0,0,534,8760,1,34,7,10,3,0,1,6,1,2,4,1,0,0,0,10,9,7,38,1,27,16,1,0,9,36,8,4,4,2,8,0,0,1,0,0,0,1,0,13,4,0,1,32,4,8,1,0,1,3,2,1,8,1,0,0,0,13,4,5,36,3,24,11,1,0,8,38,10,7,2,1,4,0,0,1,0,0,1,1,0,10,9,0
6309479,2025-02-24,9,596619,UNLV,7,596521,Cincinnati,6,1,1,1,1,0,0,0,0,577,10800,1,35,7,11,2,0,2,5,1,0,6,0,1,3,0,7,10,6,37,3,27,7,0,0,9,42,7,6,3,5,14,0,3,0,0,1,1,1,0,8,5,0,1,35,6,7,1,0,0,4,5,1,14,1,0,0,1,8,5,9,42,2,24,7,0,0,8,37,11,7,6,1,6,0,1,2,3,0,1,0,0,7,10,0
6311881,2025-02-24,9,596688,Stanford,7,596443,Washington,3,1,1,1,1,0,0,0,0,1058,11100,1,34,7,12,2,0,1,7,3,1,3,1,0,0,3,7,11,8,39,0,27,6,0,0,9,37,6,3,3,3,12,0,0,1,0,0,0,0,0,6,8,0,1,32,3,6,4,0,1,3,3,2,12,0,0,0,0,6,8,7,37,2,24,10,1,0,8,39,12,7,4,3,3,0,1,1,0,3,0,1,0,7,11,0
6312936,2025-02-24,9,596553,Georgia Tech,8,596591,Marshall,12,1,1,1,1,0,0,0,0,877,12120,1,33,8,9,2,0,0,7,8,2,8,1,0,3,1,5,11,9,44,0,27,9,1,0,9,50,16,12,12,5,10,0,1,4,2,0,0,2,0,7,10,0,1,41,12,16,3,0,4,12,5,2,10,2,0,2,0,7,10,11,50,3,27,9,0,0,9,44,9,8,6,8,8,0,4,0,3,1,0,1,0,5,11,0
6313044,2025-02-24,9,596471,A&M-Corpus Christi,8,596442,Washington St.,2,1,1,1,1,0,0,0,0,150,10080,1,34,8,12,4,0,0,8,2,1,4,1,1,2,1,7,12,7,39,1,27,14,0,0,9,45,11,2,2,4,3,0,1,0,2,1,1,1,0,10,11,0,1,35,2,11,1,0,0,1,4,5,3,1,0,2,1,10,11,16,45,3,24,7,2,0,8,39,12,8,7,2,4,0,1,0,2,1,0,1,0,7,12,0
6301098,2025-02-25,9,596605,Mississippi St.,5,596429,Troy,6,1,1,1,1,0,0,0,0,9915,12720,1,40,5,13,4,0,1,5,4,2,12,0,0,1,0,5,10,14,46,1,27,2,0,2,9,38,7,6,5,2,20,0,0,3,1,0,0,0,0,4,3,0,1,35,6,7,0,0,3,5,2,1,20,0,0,1,0,4,3,5,38,0,27,4,0,0,9,46,13,5,5,4,12,0,0,1,1,0,0,0,0,5,10,0
6301102,2025-02-25,9,596480,Alabama,20,596571,Jacksonville St.,11,1,1,1,1,0,0,0,0,4007,13380,1,38,20,16,1,0,6,20,7,7,3,1,0,2,0,7,13,9,53,2,27,13,0,0,9,45,13,11,9,4,8,0,0,2,1,1,0,0,0,9,6,0,1,37,11,13,1,0,2,10,4,4,8,0,0,1,1,9,6,7,45,1,24,6,2,0,8,53,16,20,20,7,3,0,4,6,2,0,0,1,0,7,13,0
6301105,2025-02-25,9,596665,Saint Mary's (CA),11,596707,Fresno St.,3,1,1,1,1,0,0,0,0,186,10620,1,33,11,12,2,0,2,8,2,6,7,2,1,1,0,7,10,9,44,1,27,8,1,0,9,39,7,3,2,3,7,0,1,0,1,0,0,0,0,8,12,0,1,35,3,7,1,0,0,3,3,1,7,0,0,1,0,8,12,9,39,1,24,6,0,1,8,44,12,11,8,2,7,0,1,2,1,0,0,2,0,7,10,0
6301108,2025-02-25,7,596487,Arkansas,14,596710,Grambling,3,1,1,1,1,0,0,0,0,9073,9600,1,29,14,14,2,0,2,13,10,3,3,2,0,1,0,8,6,12,44,0,21,11,0,0,7,28,4,3,3,3,7,0,1,0,1,0,0,0,0,9,4,0,1,24,3,4,1,0,0,3,3,1,7,0,0,1,0,9,4,4,28,1,18,10,1,0,6,44,14,14,14,10,3,0,2,2,1,0,2,2,0,8,6,0
6301111,2025-02-25,9,596672,San Jose St.,3,596673,Santa Clara,4,1,1,1,1,0,0,0,0,343,9960,1,32,3,7,1,0,0,3,5,0,7,0,1,0,0,6,12,8,38,1,27,12,2,0,9,41,10,4,4,5,8,0,0,0,0,1,0,0,0,11,7,0,1,34,4,10,3,0,0,4,5,0,8,0,2,0,1,11,7,10,41,1,27,8,0,0,9,38,7,3,3,5,7,0,0,0,0,0,0,0,0,6,12,0
6301116,2025-02-25,7,596523,Clemson,20,596451,Winthrop,7,1,1,1,1,0,0,0,0,4803,10320,1,30,20,14,2,1,4,18,11,2,6,1,1,6,0,9,3,7,45,1,21,10,0,0,7,31,8,7,5,1,6,0,1,2,1,0,0,1,0,10,5,0,1,29,7,8,2,1,2,7,1,0,6,1,0,1,0,10,5,3,31,3,18,9,0,0,6,45,14,20,19,11,6,0,0,4,6,0,0,1,0,9,3,1
6301121,2025-02-25,9,596607,Ole Miss,15,596719,Southern Miss.,8,1,1,1,1,0,0,0,0,10455,12540,1,37,15,12,2,0,4,14,11,5,10,0,0,2,0,5,8,14,53,4,27,11,1,0,9,43,12,8,5,2,9,0,1,4,0,0,0,2,0,11,6,1,1,39,8,12,1,0,4,8,2,0,9,2,0,0,0,11,6,8,43,2,24,5,1,1,8,53,12,15,11,11,10,0,5,4,2,0,0,0,0,5,8,0
6301122,2025-02-25,7,596577,Kentucky,24,596709,Evansville,3,1,1,1,1,0,0,0,0,2880,10500,1,35,24,17,7,0,2,19,9,4,11,3,0,6,0,4,4,9,51,0,21,5,0,0,7,28,4,3,3,1,6,0,0,1,0,0,0,1,0,7,8,0,1,24,3,4,0,0,1,3,1,2,6,1,0,0,0,7,8,4,28,3,18,3,0,1,6,51,17,24,21,9,11,0,4,2,6,0,2,3,0,4,4,0
6301127,2025-02-25,9,596514,UCLA,8,596485,Arizona St.,4,1,1,1,1,0,0,0,0,385,9720,1,31,8,6,0,0,2,8,2,1,10,0,1,3,0,7,7,3,35,1,27,12,0,0,9,36,6,4,4,3,9,0,1,1,1,0,0,0,0,11,6,0,1,33,4,6,2,0,1,4,3,0,9,0,0,1,0,11,6,5,36,2,24,9,0,0,8,35,6,8,4,2,10,0,0,2,3,0,1,0,0,7,7,0
6301134,2025-02-25,9,596519,UCF,3,596543,Fla. Atlantic,4,1,1,1,1,0,0,0,0,1946,11760,1,35,3,12,2,0,1,3,3,1,5,0,1,0,2,10,9,10,40,0,27,8,1,1,9,40,7,4,4,5,13,0,1,1,1,0,0,0,0,8,6,0,1,33,4,7,1,0,1,4,5,1,13,0,1,1,0,8,6,9,40,1,27,13,1,0,9,40,12,3,3,3,5,0,0,1,0,2,0,0,0,10,9,0
6301135,2025-02-25,7,596677,South Carolina,14,596461,Gardner-Webb,4,1,1,1,1,0,0,0,0,7156,10500,1,31,14,15,2,0,5,13,8,5,6,1,0,1,0,3,8,13,45,1,21,10,1,0,7,28,6,4,3,2,6,0,1,1,0,2,0,0,0,6,7,0,1,26,4,6,1,0,1,3,2,0,6,0,0,0,2,6,7,3,28,0,18,3,0,0,6,45,15,14,14,8,6,0,3,5,1,0,0,1,0,3,8,0
6301138,2025-02-25,9,596720,Stetson,1,596546,Florida,6,1,1,1,1,0,0,0,0,2916,11460,1,32,1,6,0,0,0,1,2,0,10,1,0,1,1,8,8,7,35,1,27,8,0,0,9,40,9,6,5,3,12,0,0,2,1,0,0,0,0,10,5,0,1,36,6,9,2,0,2,5,3,1,12,0,0,1,0,10,5,7,40,1,27,10,0,0,9,35,6,1,1,2,10,0,2,0,1,1,0,1,0,8,8,0
6307809,2025-02-25,9,596489,Auburn,15,596668,Samford,8,1,1,1,1,0,0,0,0,5262,12180,1,34,15,13,5,0,4,14,8,3,6,1,0,0,0,9,7,7,46,1,27,15,2,0,9,41,11,8,6,1,11,0,3,0,1,1,1,0,0,14,1,0,1,38,8,11,3,0,0,8,1,2,11,0,0,1,1,14,1,6,41,1,24,9,0,0,8,46,13,15,14,8,6,0,1,4,0,0,0,1,0,9,7,0
6308430,2025-02-25,10,596430,Air Force,10,596632,Northern Colo.,12,1,1,1,1,0,0,0,0,100,12600,1,38,10,14,2,2,2,9,4,4,5,0,0,3,2,13,6,6,46,3,30,10,2,0,10,53,17,12,10,4,12,0,1,2,2,0,0,0,0,9,8,1,1,47,12,17,5,0,2,12,4,2,12,0,0,2,0,9,8,11,53,0,30,20,1,0,10,46,14,10,10,4,5,0,1,2,3,2,0,0,0,13,6,0
6309455,2025-02-25,9,596439,Virginia,6,596437,VMI,4,1,1,1,1,0,0,0,0,3934,10440,1,35,6,11,1,0,1,4,2,1,3,0,1,1,0,10,10,7,39,1,27,12,0,0,9,38,7,4,3,6,10,0,0,0,1,1,0,1,0,8,5,0,1,28,4,7,0,1,0,3,6,2,10,1,1,1,1,8,5,5,38,2,24,8,0,0,8,39,11,6,4,2,3,0,0,1,1,0,0,0,0,10,10,0
6310877,2025-02-25,9,596420,Texas A&M,3,596686,Texas St.,7,1,1,1,1,0,0,0,0,5930,12240,1,33,3,7,1,0,2,3,6,0,12,0,0,1,0,6,9,9,39,0,27,8,1,0,9,47,9,7,7,10,10,0,1,2,1,2,0,0,0,5,10,0,1,33,7,9,3,0,2,7,10,3,10,0,1,1,2,5,10,13,47,0,27,5,0,0,9,39,7,3,3,6,12,0,0,2,1,0,0,0,0,6,9,1
6311831,2025-02-25,9,596650,Portland,8,596465,Seattle U,0,1,1,1,1,0,0,0,0,165,8460,1,38,8,14,3,0,2,7,3,0,7,0,0,2,0,6,10,8,41,0,27,9,0,0,9,27,0,0,0,0,12,0,0,0,0,0,0,0,0,9,6,0,1,27,0,0,0,0,0,0,0,0,12,0,0,0,0,9,6,0,27,3,24,7,0,0,8,41,14,8,6,3,7,0,2,2,2,0,0,0,0,6,10,0
6312957,2025-02-25,7,596641,Oklahoma,15,596422,Texas Southern,4,1,1,1,1,0,0,0,0,2282,8160,1,31,15,14,2,2,2,14,8,1,2,0,0,3,0,6,7,7,40,0,21,12,1,1,7,30,6,4,4,3,6,0,1,0,1,0,0,0,0,10,3,0,1,24,4,6,1,0,0,4,3,2,6,0,1,1,0,10,3,5,30,2,18,10,2,1,6,40,14,15,14,8,2,0,1,2,3,0,0,0,0,6,7,0
6313103,2025-02-25,9,596623,New Mexico,7,596622,New Mexico St.,0,1,1,1,1,0,0,0,0,1005,8580,1,32,7,9,1,1,1,7,2,3,9,1,0,0,0,7,7,7,38,0,27,14,1,0,9,31,2,0,0,3,9,0,0,0,1,0,0,0,0,12,4,0,1,27,0,2,1,0,0,0,3,1,9,0,0,1,0,12,4,4,31,1,24,7,2,0,8,38,9,7,7,2,9,0,2,1,0,0,0,1,0,7,7,0
6313998,2025-02-25,7,596426,UTSA,12,596560,Houston Christian,1,1,1,1,1,0,0,0,0,515,9300,1,33,12,13,2,2,2,12,5,2,10,0,0,2,1,3,6,7,40,0,21,4,0,0,7,28,5,1,1,2,10,0,0,0,0,0,0,0,0,4,7,0,1,26,1,5,1,1,0,1,2,0,10,0,0,0,0,4,7,6,28,2,20,4,0,0,6.2,40,13,12,9,5,10,0,0,2,2,1,0,0,0,3,6,0
6314015,2025-02-25,9,596669,San Diego St.,10,596670,San Diego,4,1,1,1,1,0,0,0,0,651,13800,1,33,10,12,1,0,1,7,8,2,7,1,0,0,1,9,4,10,44,3,27,11,2,0,9,44,8,4,3,6,5,0,1,0,0,0,0,0,0,9,11,0,1,34,4,8,1,0,0,2,6,3,5,0,1,0,0,9,11,12,44,3,24,10,1,0,8,44,12,10,6,8,7,0,1,1,0,1,0,1,0,9,4,0
6314182,2025-02-25,9,596608,Missouri,14,596695,Lindenwood,10,1,1,1,1,0,0,0,0,1116,13680,1,39,14,17,2,1,3,13,4,2,13,2,0,6,0,6,5,9,47,1,27,9,0,0,9,46,12,10,9,7,10,0,1,0,1,2,0,0,0,7,8,0,1,38,10,12,3,0,0,10,7,1,10,0,0,1,2,7,8,8,46,0,24,5,0,0,8,47,17,14,14,4,13,0,2,3,6,0,0,2,0,6,5,0
6316360,2025-02-25,,596576,Kent St.,,596639,Ohio St.,,1,1,0,0,0,0,0,0,,,0,0,0,0,0,0,0,0,0,0,0,0,0,0,0,0,0,0,0,0,0,0,0,0,0,0,0,0,0,0,0,0,0,0,0,0,0,0,0,0,0,0,0,0,0,0,0,0,0,0,0,0,0,0,0,0,0,0,0,0,0,0,0,0,0,0,0,0,0,0,0,0,0,0,0,0,0,0,0,0,0,0,0,0
6316415,2025-02-25,9,596721,Tennessee,7,596475,North Ala.,5,1,1,1,1,0,0,0,0,5129,12960,1,34,7,11,1,0,1,7,8,2,7,0,0,0,0,7,8,12,44,0,27,13,1,0,9,40,9,5,5,4,12,0,3,0,0,0,0,0,0,12,3,0,1,36,5,9,2,0,0,5,4,0,12,0,0,0,0,12,3,8,40,1,24,9,0,0,8,44,11,7,6,8,7,0,0,1,0,0,0,0,0,7,8,0
6317929,2025-02-25,9,596425,Texas,6,596468,UIW,0,1,1,1,1,0,0,0,0,6964,9720,1,34,6,11,2,1,2,6,5,0,4,0,0,3,1,10,9,9,39,0,27,9,0,0,9,31,2,0,0,2,8,0,2,0,0,0,0,0,0,10,8,0,1,28,0,2,0,0,0,0,2,1,8,0,0,0,0,10,8,4,31,0,24,10,1,0,8,39,11,6,6,5,4,0,0,2,3,1,1,0,0,10,9,0
6355368,2025-02-25,7,596434,Vanderbilt,16,596691,Tennessee Tech,3,1,1,1,1,0,0,0,0,3200,10980,1,26,16,9,3,0,0,15,13,3,6,2,0,1,0,8,4,10,44,0,21,5,0,0,7,29,3,3,3,5,10,0,2,0,0,0,1,0,0,5,5,0,1,23,3,3,2,0,0,2,5,1,10,0,0,0,0,5,5,5,29,2,18,7,1,0,6,44,9,16,15,13,6,0,2,0,1,0,0,2,0,8,4,0
6363270,2025-02-25,9,596738,Mount Olive,14,596554,Georgia,3,0,1,0,1,0,0,1,0,47,9000,1,35,14,11,3,0,3,13,6,2,10,0,0,0,1,6,6,5,0,0,27,8,0,0,9,39,8,3,3,5,10,0,2,0,0,1,0,1,0,6,9,0,1,32,3,8,0,0,0,3,5,1,10,1,0,0,1,6,9,9,0,4,24,9,1,0,8,43,11,14,12,6,10,0,0,3,0,1,0,0,0,6,6,0
6300831,2025-02-26,9,596577,Kentucky,8,596610,Morehead St.,2,1,1,1,1,0,0,0,0,2980,9840,1,27,8,8,2,0,0,8,8,4,5,1,0,0,2,5,10,8,40,0,27,8,1,0,9,38,8,2,2,3,12,0,0,0,0,1,0,0,0,6,8,0,1,34,2,8,0,0,0,2,3,1,12,0,0,0,1,6,8,9,38,0,24,9,0,0,8,40,8,8,8,8,5,0,1,0,0,2,0,1,0,5,10,0
6301123,2025-02-26,9,596535,East Carolina,8,596642,Old Dominion,2,1,1,1,1,0,0,0,0,4061,11520,1,30,8,8,0,0,2,6,3,3,6,0,3,1,0,13,4,7,39,0,27,11,1,0,9,37,6,2,2,4,7,0,0,0,0,0,0,0,0,9,9,0,1,31,2,6,1,0,0,2,4,2,7,0,0,0,0,9,9,7,37,3,24,13,1,0,8,39,8,8,7,3,6,0,1,2,1,0,0,0,0,13,4,0
6301139,2025-02-26,9,596546,Florida,7,596467,North Florida,6,1,1,1,1,0,0,0,0,5086,12780,1,38,7,14,3,0,1,4,3,2,10,0,0,0,0,6,6,9,43,0,27,5,2,1,9,44,9,6,6,7,12,0,0,0,1,1,0,1,0,5,9,1,1,33,6,9,1,0,0,6,7,2,12,1,1,1,1,5,9,11,44,3,25,9,0,0,8.1,43,14,7,4,3,10,0,1,1,0,0,0,0,0,6,6,0
6301141,2025-02-26,10,596488,Little Rock,9,596597,Memphis,8,1,1,1,1,0,0,0,0,244,12660,1,38,9,11,0,1,0,8,7,2,6,0,2,2,0,7,15,10,49,2,30,19,0,0,10,45,6,8,8,8,8,0,1,0,4,0,0,0,0,13,5,1,1,33,8,6,1,0,0,6,8,4,8,0,0,4,0,13,5,7,45,3,28,4,3,0,9.1,49,11,9,8,7,6,0,0,0,2,0,0,0,0,7,15,1
6301143,2025-02-26,9,596514,UCLA,0,596485,Arizona St.,2,1,1,1,1,0,0,0,0,392,9360,1,31,0,4,0,0,0,0,2,0,12,0,0,0,0,6,9,6,33,0,27,11,0,0,9,34,5,2,2,4,6,0,1,0,0,1,0,0,0,8,10,0,1,29,2,5,1,0,0,2,4,1,6,0,0,0,1,8,10,5,34,0,27,6,2,0,9,33,4,0,0,2,12,0,0,0,0,0,0,0,0,6,9,0
6301152,2025-02-26,9,596600,Miami (FL),14,596473,FGCU,6,1,1,1,1,0,0,0,0,2536,11640,1,38,14,14,2,0,2,13,2,1,7,1,1,5,0,7,9,5,43,2,27,7,1,1,9,42,10,6,4,3,15,0,0,1,0,0,0,0,0,9,3,0,1,38,6,10,0,0,1,6,3,1,15,0,0,0,0,9,3,9,42,3,24,9,0,0,8,43,14,14,7,2,7,0,2,2,5,0,0,1,0,7,9,0
6301154,2025-02-26,9,596703,DBU,3,596583,LSU,7,1,1,1,1,0,0,1,0,5794,11640,1,30,3,3,1,0,2,3,3,0,13,0,0,0,0,5,8,3,33,3,27,8,1,0,9,49,12,7,6,9,6,0,2,1,0,1,0,1,0,7,12,0,1,37,7,12,4,0,1,7,9,1,6,1,1,0,1,7,12,15,49,1,27,9,0,0,9,33,3,3,2,3,13,0,1,2,0,0,0,0,0,5,8,0
6307824,2025-02-26,9,596552,Georgia St.,3,596554,Georgia,7,1,1,1,1,0,0,0,0,515,11820,1,29,3,4,1,1,0,3,5,1,9,0,1,1,0,6,10,6,36,1,27,10,1,0,9,43,5,7,7,9,9,0,1,2,0,0,0,0,0,9,7,0,1,29,7,5,0,0,2,6,9,3,9,0,2,0,0,9,7,8,43,2,27,7,0,0,9,36,4,3,3,5,9,0,0,0,1,0,0,0,0,6,10,0
6312958,2025-02-26,9,596641,Oklahoma,5,596422,Texas Southern,4,1,1,1,1,0,0,0,0,1962,11160,1,34,5,10,1,1,0,4,5,1,3,0,0,3,1,7,13,11,40,2,27,8,0,0,9,43,13,4,4,3,11,0,0,0,1,0,0,0,0,7,7,1,1,37,4,13,1,0,0,4,3,2,11,0,1,1,0,7,7,12,43,1,24,7,1,0,8,40,10,5,4,5,3,0,2,0,3,1,0,0,0,7,13,0
6315786,2025-02-26,7,596426,UTSA,13,596638,Oakland,3,1,1,1,1,0,0,0,0,567,8520,1,33,13,16,6,0,0,13,3,2,3,2,0,1,0,7,9,6,40,0,21,7,1,0,7,31,7,3,3,3,8,0,1,2,0,0,0,0,0,5,7,0,1,27,3,7,2,0,2,3,3,1,8,0,0,0,0,5,7,7,31,1,20,7,1,0,6.2,40,16,13,13,3,3,0,0,0,1,0,0,2,0,7,9,0
6317345,2025-02-26,9,596553,Georgia Tech,16,596947,West Ga.,7,1,1,1,1,0,0,0,0,1327,11940,1,39,16,17,4,1,3,15,9,1,6,2,0,6,0,8,10,11,51,1,27,11,0,0,9,40,13,7,5,1,8,0,2,1,1,0,0,0,0,10,7,0,1,39,7,13,3,0,1,6,1,0,8,0,0,1,0,10,7,5,40,1,24,5,1,1,8,51,17,16,14,9,6,0,1,3,6,0,0,2,0,8,10,0
6320425,2025-02-26,9,596572,Jacksonville,6,596545,Florida St.,9,1,1,1,1,0,0,0,0,1118,13500,1,39,6,10,2,0,2,6,5,0,11,0,0,2,0,8,8,11,44,6,27,7,0,1,9,51,15,9,7,6,10,0,2,1,2,0,0,0,0,8,7,0,1,44,9,15,3,0,1,8,6,1,10,0,0,2,0,8,7,15,51,2,27,7,1,1,9,44,10,6,6,5,11,0,2,2,2,0,0,0,0,8,8,0
6357551,2025-02-26,9,596438,Virginia Tech,7,596573,James Madison,2,1,1,1,1,0,0,0,0,1089,12660,1,32,7,12,2,0,1,7,6,2,6,1,1,2,1,11,4,11,42,0,27,7,1,0,9,37,5,2,2,5,16,0,2,0,0,1,0,0,0,6,4,0,1,29,2,5,1,0,0,2,5,1,16,0,2,0,1,6,4,7,37,1,24,13,0,0,8,42,12,7,7,6,6,0,2,1,2,1,0,1,0,11,4,1
6301156,2025-02-27,9,596555,Gonzaga,2,596499,BYU,10,1,1,1,1,0,0,0,0,368,10260,1,32,2,5,3,0,0,2,2,0,7,0,0,0,0,15,5,5,34,1,27,6,0,0,9,47,8,10,10,10,15,0,0,4,1,1,0,1,0,6,5,0,1,34,10,8,2,0,4,10,10,2,15,1,0,1,1,6,5,10,47,0,27,13,0,0,9,34,5,2,2,2,7,0,0,0,0,0,0,0,0,15,5,0
6309664,2025-02-27,9,596694,UC San Diego,4,596521,Cincinnati,3,1,1,1,1,0,0,0,0,325,12180,1,29,4,5,2,0,1,4,3,2,8,0,2,0,1,8,8,6,36,1,27,8,0,0,9,39,5,3,2,8,8,0,1,1,1,0,0,0,0,6,11,0,1,30,3,5,1,0,1,2,8,0,8,0,1,1,0,6,11,9,39,2,25,9,2,0,8.1,36,5,4,3,3,8,0,0,1,0,1,0,0,0,8,8,0
6310310,2025-02-27,9,596442,Washington St.,12,596569,Iowa,7,1,1,1,1,0,0,1,0,100,13380,1,29,12,10,2,0,0,10,7,5,9,2,1,5,1,7,7,8,44,1,27,10,1,0,9,48,16,7,7,6,10,0,1,0,1,1,1,0,0,8,7,1,1,41,7,16,3,0,0,7,6,1,10,0,0,1,1,8,7,13,48,0,24,8,1,0,8,44,10,12,12,7,9,0,3,0,5,1,0,2,0,7,7,0
6313315,2025-02-27,9,596575,Kansas,12,596618,Omaha,8,1,1,1,1,0,0,0,0,1504,12840,1,35,12,11,1,0,4,12,6,5,13,0,0,0,0,6,5,10,46,3,27,11,0,0,9,48,12,8,6,6,14,0,3,1,0,0,0,0,0,8,3,1,1,39,8,12,4,0,1,6,6,3,14,0,0,0,0,8,3,13,48,0,24,6,1,0,8,46,11,12,12,6,13,0,2,4,0,0,0,0,0,6,5,0
6301161,2025-02-28,9,596546,Florida,6,596600,Miami (FL),2,1,1,1,1,0,0,0,0,7118,9600,1,30,6,8,0,0,2,6,5,4,8,1,1,3,0,9,7,11,41,0,27,9,0,0,9,34,5,2,2,1,12,0,1,0,2,0,0,0,0,7,8,1,1,32,2,5,1,0,0,1,1,1,12,0,0,2,0,7,8,5,34,0,24,8,0,0,8,41,8,6,6,5,8,0,0,2,3,0,0,1,0,9,7,1
6301167,2025-02-28,9,596470,Belmont,8,596637,Notre Dame,12,1,1,1,1,0,0,0,0,433,12120,1,35,8,9,4,0,3,8,3,3,11,0,0,2,0,9,6,6,41,0,27,8,1,0,9,50,11,12,12,10,11,0,1,3,3,0,0,2,0,8,8,0,1,36,12,11,3,0,3,12,10,2,11,2,0,3,0,8,8,11,50,0,27,11,0,0,9,41,9,8,8,3,11,0,0,3,2,0,0,0,0,9,6,0
6301169,2025-02-28,7,596605,Mississippi St.,14,596657,Rice,3,1,1,1,1,0,0,1,0,0,9840,1,34,14,16,4,1,3,13,3,2,7,0,0,0,0,6,5,7,39,2,21,4,0,0,7,29,5,3,2,2,8,0,0,1,0,0,0,0,0,4,9,0,1,27,3,5,1,1,1,3,2,0,8,0,0,0,0,4,9,5,29,1,18,6,0,0,6,39,16,14,14,3,7,0,0,3,0,0,1,0,0,6,5,0
6301173,2025-02-28,8,596665,Saint Mary's (CA),19,596669,San Diego St.,9,1,1,1,1,0,0,0,0,167,13800,1,37,19,18,3,1,2,17,9,2,3,2,2,6,0,9,9,7,52,0,24,7,1,0,8,45,13,9,9,8,8,0,2,1,1,0,0,2,0,7,8,0,1,33,9,13,2,0,1,9,8,1,8,2,1,1,0,7,8,12,45,3,23,11,0,0,7.2,52,18,19,14,9,3,0,2,2,6,0,0,2,0,9,9,0
6301175,2025-02-28,11,596430,Air Force,9,596702,Army West Point,8,1,1,1,1,0,0,0,0,415,12000,1,43,9,14,4,0,0,9,2,3,5,2,0,1,0,17,8,9,50,3,33,15,0,0,11,46,5,8,7,5,14,0,1,0,1,1,0,2,0,9,7,0,1,35,8,5,2,2,0,8,5,4,14,2,0,1,1,9,7,5,46,1,30,15,0,0,10,50,14,9,6,2,5,0,3,0,1,0,0,2,0,17,8,0
6301178,2025-02-28,10,596574,Kansas St.,5,596583,LSU,8,1,1,1,1,0,0,1,0,7175,13200,1,36,5,10,1,0,2,5,7,3,15,0,0,1,1,4,7,10,46,3,30,11,1,0,10,48,11,8,6,6,7,0,0,1,1,1,0,0,0,9,12,1,1,40,8,11,1,1,1,8,6,1,7,0,1,1,1,9,12,9,48,0,30,11,0,0,10,46,10,5,5,7,15,0,0,2,1,1,0,0,0,4,7,2
6301180,2025-02-28,9,596487,Arkansas,11,596615,Charlotte,10,1,1,1,1,0,0,0,0,9563,11280,1,36,11,11,3,0,2,11,4,2,9,0,0,0,0,9,6,7,42,0,27,9,0,1,9,45,15,10,10,1,12,0,3,2,0,1,0,0,0,9,5,0,1,41,10,15,5,1,2,10,1,3,12,0,0,0,1,9,5,8,45,1,24,7,0,0,8,42,11,11,11,4,9,0,2,2,0,0,0,0,0,9,6,0
6301183,2025-02-28,9,596555,Gonzaga,6,596499,BYU,13,1,1,1,1,0,0,0,0,428,,1,36,6,10,3,0,0,6,7,2,7,0,0,0,1,12,7,11,45,0,27,2,0,1,9,48,16,13,12,4,15,0,1,2,1,0,0,0,0,2,10,0,1,42,13,16,4,1,2,11,4,1,15,0,1,1,0,2,10,8,48,0,27,10,0,0,9,45,10,6,6,7,7,0,1,0,0,1,1,0,0,12,7,0
6301186,2025-02-28,9,596465,Seattle U,10,596645,Pacific,9,1,1,1,1,0,0,0,0,175,10920,1,38,10,15,5,1,1,10,5,1,8,0,0,1,0,8,7,10,44,1,27,4,1,0,9,43,10,9,6,4,10,0,3,1,2,0,0,1,0,4,13,0,1,37,9,10,0,0,1,7,4,1,10,1,0,2,0,4,13,7,43,0,24,7,0,0,8,44,15,10,10,5,8,0,0,1,1,0,0,0,0,8,7,0
6301189,2025-02-28,9,596488,Little Rock,8,596612,Murray St.,9,1,1,1,1,0,0,0,0,234,13140,1,34,8,7,1,0,1,8,12,3,6,0,0,0,0,7,13,14,49,3,27,10,0,0,9,45,12,9,5,5,13,0,1,0,1,1,0,0,0,7,5,0,1,38,9,12,4,0,0,6,5,2,13,0,0,1,1,7,5,9,45,1,27,10,0,0,9,49,7,8,8,12,6,0,1,1,0,0,1,0,0,7,13,1
6301191,2025-02-28,9,596554,Georgia,10,596473,FGCU,9,1,1,1,1,0,0,0,0,1378,14280,1,40,10,15,3,0,2,8,6,1,8,0,0,1,0,9,7,10,47,2,27,7,0,0,9,48,11,9,8,7,15,0,2,2,6,1,0,0,0,7,5,1,1,38,9,11,2,1,2,8,7,2,15,0,1,6,1,7,5,12,48,3,24,7,0,2,8,47,15,10,9,6,8,0,3,2,1,0,0,0,0,9,7,0
6301197,2025-02-28,9,596607,Ole Miss,9,596453,Wright St.,1,1,1,1,1,0,0,0,0,9792,11280,1,33,9,12,4,0,1,9,4,1,12,1,0,0,1,4,6,5,39,1,27,7,0,0,9,42,6,1,0,8,14,0,0,0,0,0,0,0,0,6,6,0,1,33,1,6,3,0,0,0,8,1,14,0,0,0,0,6,6,14,42,0,24,6,1,0,8,39,12,9,9,4,12,0,0,1,0,1,1,1,0,4,6,0
6301198,2025-02-28,9,596577,Kentucky,7,596558,Hofstra,5,1,1,1,1,0,0,0,0,2770,10260,1,27,7,6,4,0,1,5,4,4,6,0,1,5,0,8,8,5,36,2,27,7,1,0,9,42,6,5,4,7,14,0,0,0,0,1,0,0,0,6,6,0,1,34,5,6,1,1,0,5,7,1,14,0,0,0,1,6,6,10,42,1,24,10,0,0,8,36,6,7,7,4,6,0,1,1,5,0,0,0,0,8,8,0
6301200,2025-02-28,9,596708,Duke,14,596636,Northwestern,5,1,1,1,1,0,0,0,0,549,12540,1,37,14,15,4,2,2,13,9,5,9,1,0,0,0,7,6,12,52,0,27,13,1,0,9,38,8,5,5,4,12,0,0,0,0,0,0,0,0,8,5,0,1,33,5,8,2,0,0,5,4,1,12,0,0,0,0,8,5,6,38,1,24,10,0,0,8,52,15,14,14,9,9,0,1,2,0,0,0,1,0,7,6,0
6301203,2025-02-28,9,596653,Purdue,5,596419,Akron,0,1,1,1,1,0,0,1,0,411,9060,1,32,5,10,4,0,0,5,4,2,8,0,1,5,0,8,5,10,39,0,27,7,0,1,9,33,5,0,0,2,14,0,0,0,1,0,0,0,0,5,7,0,1,31,0,5,2,0,0,0,2,0,14,0,0,1,0,5,7,6,33,2,24,10,0,1,8,39,10,5,4,4,8,0,1,0,5,0,0,0,0,8,5,0
6301204,2025-02-28,9,596510,UC Santa Barbara,3,596707,Fresno St.,1,1,1,1,1,0,0,0,0,556,8760,1,29,3,7,2,0,1,2,4,2,6,0,0,0,1,6,10,8,35,1,27,11,1,0,9,31,5,1,1,0,6,0,1,0,2,0,0,0,0,10,9,0,1,31,1,5,1,0,0,1,0,0,6,0,0,2,0,10,9,3,31,0,24,7,2,0,8,35,7,3,3,4,6,0,0,1,0,1,1,0,0,6,10,0
6301208,2025-02-28,9,596686,Texas St.,0,596462,Grand Canyon,4,1,1,1,1,0,0,0,0,1568,10740,1,34,0,7,0,0,0,0,3,0,18,0,0,0,0,5,4,10,37,1,27,8,0,0,9,42,10,4,4,4,11,0,0,0,0,1,0,0,0,6,8,0,1,34,4,10,2,0,0,4,4,3,11,0,1,0,1,6,8,11,42,0,27,6,1,0,9,37,7,0,0,3,18,0,1,0,0,0,0,0,0,5,4,0
6301210,2025-02-28,9,596514,UCLA,3,596434,Vanderbilt,8,1,1,1,1,0,0,0,0,1095,11520,1,29,3,3,1,0,1,3,1,3,13,1,1,0,1,4,10,5,35,0,27,9,0,0,9,43,9,8,8,6,9,0,0,2,4,1,1,0,0,8,9,0,1,34,8,9,1,1,2,8,6,2,9,0,1,4,1,8,9,8,43,1,27,5,0,1,9,35,3,3,3,1,13,0,1,1,0,1,0,1,0,4,10,0
6301216,2025-02-28,7,596679,South Fla.,13,596519,UCF,3,1,1,1,1,0,0,0,0,1453,7560,1,30,13,11,2,0,1,13,9,2,6,1,0,2,0,6,7,6,42,0,21,2,1,0,7,30,5,3,3,3,9,0,0,1,0,0,0,0,0,3,9,0,1,26,3,5,1,0,1,3,3,1,9,0,0,0,0,3,9,6,30,2,20,8,0,0,6.2,42,11,13,9,9,6,0,2,1,2,0,0,1,0,6,7,0
6301218,2025-02-28,9,596523,Clemson,5,596677,South Carolina,3,1,1,1,1,0,0,0,0,6891,9840,1,32,5,8,2,0,1,5,5,2,11,0,1,0,0,7,6,11,40,0,27,7,0,0,9,39,5,3,3,5,14,0,1,0,0,0,0,1,0,6,7,0,1,30,3,5,1,0,0,3,5,2,14,1,1,0,0,6,7,9,39,1,24,7,0,0,8,40,8,5,5,5,11,0,0,1,0,0,0,0,0,7,6,0
6301224,2025-02-28,9,596667,Sam Houston,3,596712,Nebraska,8,1,1,1,1,0,0,1,0,7175,9720,1,29,3,4,3,0,0,3,3,0,11,1,1,0,0,8,8,4,34,1,27,4,0,0,9,42,12,8,7,4,10,0,1,3,0,1,0,0,0,4,12,0,1,38,8,12,1,0,3,8,4,0,10,0,0,0,1,4,12,7,42,0,27,8,0,0,9,34,4,3,3,3,11,0,0,0,0,0,0,1,0,8,8,0
6301231,2025-02-28,9,596426,UTSA,4,596456,Youngstown St.,3,1,1,1,1,0,0,0,0,582,11400,1,36,4,11,0,1,0,3,5,0,8,0,0,3,0,7,8,9,41,0,27,8,1,1,9,36,7,3,2,4,15,0,1,1,3,1,0,0,0,5,5,0,1,31,3,7,0,0,1,2,4,0,15,0,1,3,1,5,5,6,36,3,25,7,2,0,8.1,41,11,4,2,5,8,0,1,0,3,0,0,0,0,7,8,0
6301233,2025-02-28,9,596619,UNLV,4,596452,Milwaukee,3,1,1,1,1,0,0,0,0,380,10680,1,34,4,11,1,0,1,4,5,0,5,0,0,1,2,6,10,11,39,2,27,5,0,1,9,37,3,3,3,6,16,0,2,2,0,1,1,0,0,5,5,0,1,30,3,3,0,0,2,3,6,0,16,0,1,0,1,5,5,7,37,3,24,8,0,0,8,39,11,4,3,5,5,0,0,1,1,2,0,0,0,6,10,0
6307820,2025-02-28,7,596639,Ohio St.,0,596489,Auburn,13,1,1,1,1,0,0,1,0,0,7800,1,23,0,2,0,0,0,0,0,1,10,0,0,0,0,5,6,3,24,1,21,9,0,0,7,40,13,13,12,7,3,0,1,0,2,1,0,1,0,6,8,0,1,30,13,13,4,0,0,11,7,2,3,1,0,2,1,6,8,6,40,0,21,4,2,0,7,24,2,0,0,0,10,0,0,0,0,0,0,0,0,5,6,0
6307979,2025-02-28,10,596620,Nevada,7,596632,Northern Colo.,8,1,1,1,1,0,0,0,0,689,12840,1,42,7,10,2,0,2,6,3,1,11,0,0,1,0,9,9,9,46,2,30,18,1,0,10,50,10,8,7,9,8,0,1,2,2,1,0,1,0,14,5,0,1,38,8,10,2,0,2,8,9,2,8,1,0,2,1,14,5,12,50,3,30,10,2,0,10,46,10,7,5,3,11,0,1,2,1,0,0,0,0,9,9,0
6308053,2025-02-28,9,596420,Texas A&M,2,596706,Arizona,3,1,1,1,1,0,0,1,0,11502,10980,1,31,2,5,0,1,1,2,5,2,13,0,0,0,0,8,5,9,38,0,27,6,0,0,9,38,8,3,3,4,13,0,0,1,0,1,0,0,0,4,9,0,1,34,3,8,1,0,1,3,4,0,13,0,0,0,1,4,9,8,38,1,27,8,0,1,9,38,5,2,2,5,13,0,1,1,0,0,0,0,0,8,5,0
6309282,2025-02-28,9,596480,Alabama,12,596629,North Dakota St.,4,1,1,1,1,0,0,0,0,4180,11040,1,33,12,11,0,1,4,12,7,2,6,0,1,2,0,5,12,6,43,0,27,7,0,0,9,35,7,4,4,3,12,0,1,0,2,1,0,2,0,6,7,0,1,30,4,7,1,0,0,4,3,0,12,2,0,2,1,6,7,4,35,0,24,6,1,0,8,43,11,12,12,7,6,0,1,4,2,0,1,0,0,5,12,0
6309324,2025-02-28,10,596485,Arizona St.,6,596604,Minnesota,7,1,1,1,1,0,0,0,0,4955,13980,1,36,6,12,2,0,0,5,7,2,8,2,0,4,0,7,10,11,47,0,30,10,5,0,10,43,10,7,7,5,8,0,0,2,2,2,0,1,0,5,14,0,1,35,7,10,2,1,2,7,5,1,8,1,1,2,2,5,14,6,43,3,30,13,1,0,10,47,12,6,5,7,8,0,0,0,4,0,0,2,0,7,10,0
6309667,2025-02-28,9,596694,UC San Diego,2,596521,Cincinnati,5,1,1,1,1,0,0,0,0,460,9900,1,33,2,7,2,0,1,2,1,0,12,0,0,0,1,5,9,5,34,2,27,5,1,0,9,44,10,5,3,5,12,0,0,2,2,0,0,0,0,6,8,0,1,38,5,10,3,0,2,5,5,1,12,0,0,2,0,6,8,12,44,0,27,5,0,0,9,34,7,2,2,1,12,0,0,1,0,1,0,0,0,5,9,1
6310319,2025-02-28,9,596569,Iowa,4,596442,Washington St.,7,1,1,1,1,0,0,1,0,100,11040,1,35,4,10,1,0,1,4,7,0,8,0,0,0,1,7,10,11,42,2,27,9,1,0,9,45,13,7,6,4,10,0,0,0,1,1,0,0,0,9,6,0,1,37,7,13,3,0,0,6,4,2,10,0,2,1,1,9,6,11,45,0,27,9,1,0,9,42,10,4,4,7,8,0,0,1,0,1,0,0,0,7,10,0
6310602,2025-02-28,9,596557,Hawaii,11,596631,Northeastern,5,1,1,1,1,0,0,0,0,3509,11580,1,37,11,17,2,0,0,9,9,0,6,0,2,6,1,9,7,13,48,2,27,8,1,0,9,39,7,5,5,4,8,0,0,1,0,0,0,0,0,7,11,0,1,34,5,7,1,0,1,5,4,1,8,0,0,0,0,7,11,7,39,1,24,10,0,1,8,48,17,11,10,9,6,0,1,0,6,1,1,0,0,9,7,0
6310745,2025-02-28,9,596672,San Jose St.,7,596671,San Francisco,2,1,1,1,1,0,0,0,0,371,8460,1,30,7,8,1,0,1,7,2,5,7,1,0,4,1,7,8,7,38,2,27,2,0,0,9,35,7,2,1,0,11,0,2,1,1,0,0,0,0,1,14,0,1,35,2,7,2,0,1,2,0,0,11,0,0,1,0,1,14,6,35,1,24,9,1,0,8,38,8,7,4,2,7,0,1,1,4,1,0,1,0,7,8,0
6311249,2025-02-28,7,596658,Richmond,6,596647,Penn St.,17,1,1,1,1,0,0,0,0,230,9720,1,31,6,11,1,0,1,6,4,1,4,0,0,1,0,9,6,9,36,4,21,7,1,1,7,49,13,17,14,12,4,0,1,3,2,1,0,1,0,7,9,0,1,33,17,13,1,1,3,17,12,3,4,1,0,2,1,7,9,11,49,0,21,10,0,0,7,36,11,6,6,4,4,0,0,1,1,0,0,0,0,9,6,0
6311883,2025-02-28,9,596425,Texas,10,596443,Washington,9,1,1,1,1,0,0,1,0,4777,12960,1,33,10,12,0,1,3,9,4,1,10,0,0,0,0,10,1,4,38,2,27,6,3,0,9,47,12,9,9,5,14,0,1,2,0,0,0,0,0,5,7,0,1,40,9,12,0,0,2,8,5,2,14,0,0,0,0,5,7,11,47,0,24,10,1,0,8,38,12,10,10,4,10,0,0,3,0,0,0,0,0,10,1,0
6312826,2025-02-28,9,596545,Florida St.,7,596550,Georgetown,2,1,1,1,1,0,0,0,0,5346,10200,1,33,7,12,0,0,1,5,6,2,7,1,0,1,0,9,6,10,42,1,27,9,1,0,9,36,5,2,2,4,15,0,0,0,1,1,0,1,0,8,3,0,1,28,2,5,2,0,0,2,4,0,15,1,2,1,1,8,3,7,35,1,24,12,0,0,8,42,12,7,7,6,7,0,2,1,1,0,0,1,0,9,6,0
6313106,2025-02-28,9,596623,New Mexico,13,596656,Rhode Island,14,1,1,1,1,0,0,0,0,506,11940,1,42,13,15,4,1,4,12,6,0,5,0,1,0,0,10,9,9,49,1,27,14,2,0,9,47,14,14,14,4,9,0,0,3,3,0,0,1,0,13,4,0,1,40,14,14,3,3,3,13,4,2,9,1,0,3,0,13,4,6,47,2,27,12,1,0,9,49,15,13,10,6,5,0,1,4,0,0,1,0,0,10,9,0
6313317,2025-02-28,9,596575,Kansas,5,596618,Omaha,9,1,1,1,1,0,0,0,0,2078,11040,1,35,5,8,1,0,3,3,6,0,8,0,0,3,0,6,11,8,41,1,27,5,1,0,9,42,10,9,8,4,13,0,3,1,0,0,0,0,0,5,9,0,1,37,9,10,3,0,1,8,4,0,13,0,1,0,0,5,9,6,42,2,27,8,0,0,9,41,8,5,4,6,8,0,2,3,3,0,0,0,0,6,11,0
6314098,2025-02-28,9,596439,Virginia,11,596530,Dartmouth,3,1,1,1,1,0,0,0,0,3080,10680,1,35,11,11,1,0,2,9,5,1,7,0,0,2,0,8,8,7,41,0,27,6,1,0,9,36,5,3,3,2,16,0,0,1,0,0,0,0,0,5,6,0,1,32,3,5,2,0,1,3,2,2,16,0,0,0,0,5,6,6,36,3,24,9,0,0,8,42,11,11,7,5,7,0,0,2,2,0,0,0,0,8,8,0
6314239,2025-02-28,9,596688,Stanford,10,596454,Xavier,2,1,1,1,1,0,0,0,0,1116,10560,1,33,10,12,2,1,1,9,7,1,3,2,1,1,0,8,12,10,44,1,27,4,1,0,9,38,7,2,2,5,9,0,0,0,0,0,0,0,0,3,13,0,1,33,2,7,1,0,0,2,5,0,9,0,0,0,0,3,13,9,38,1,24,7,1,0,8,44,12,10,10,7,3,0,1,1,1,0,0,2,0,8,12,0
6314984,2025-02-28,9,596721,Tennessee,5,596714,Oklahoma St.,2,1,1,1,1,0,0,1,0,11502,11280,1,34,5,10,1,0,4,5,3,1,11,0,0,0,0,6,7,9,38,1,27,8,0,0,9,35,6,2,2,3,16,0,0,1,0,1,0,0,0,5,4,0,1,32,2,6,3,0,1,2,3,0,16,0,0,0,1,5,4,6,35,1,24,5,0,0,8,38,10,5,5,3,11,0,1,4,0,0,0,0,0,6,7,0
6315567,2025-02-28,9,596553,Georgia Tech,16,596448,Western Mich.,4,1,1,1,1,0,0,0,0,1150,10440,1,38,16,15,3,1,4,16,4,2,5,0,0,1,0,9,9,4,44,1,27,9,0,2,9,39,8,4,4,2,13,0,1,0,2,2,0,1,0,7,6,0,1,33,4,8,3,0,0,4,2,3,13,1,0,2,2,7,6,8,39,0,24,9,0,0,8,44,15,16,16,4,5,0,0,4,1,0,0,0,0,9,9,0
6316434,2025-02-28,9,596641,Oklahoma,9,596508,CSUN,0,1,1,1,1,0,0,0,0,2547,10380,1,31,9,9,2,1,1,7,5,1,7,0,0,4,0,8,7,4,37,0,27,9,1,0,9,35,6,0,0,2,12,0,0,0,1,1,0,0,0,8,6,0,1,32,0,6,1,1,0,0,2,1,12,0,0,1,1,8,6,8,35,0,24,9,0,0,8,37,9,9,9,5,7,0,1,1,4,0,1,0,0,8,7,0
6316743,2025-02-28,9,596662,St. Bonaventure,7,596642,Old Dominion,4,1,1,1,1,0,0,1,0,220,10620,1,29,7,9,0,0,1,7,5,0,11,1,1,2,1,8,3,5,36,2,27,10,1,0,9,43,11,4,4,5,9,0,2,0,3,0,0,2,0,9,8,0,1,34,4,11,1,0,0,3,5,0,9,2,2,3,0,9,8,12,43,1,24,11,1,0,8,36,9,7,7,5,11,0,1,1,2,1,0,1,0,8,3,0
6357548,2025-02-28,9,596565,Indiana St.,2,596438,Virginia Tech,10,1,1,1,1,0,0,1,0,0,12120,1,34,2,8,0,0,0,2,6,0,13,1,0,0,0,5,9,12,41,3,27,10,0,0,9,50,12,10,8,7,4,0,0,0,0,0,0,1,0,9,11,0,1,38,10,12,4,0,0,10,7,4,4,1,0,0,0,9,11,13,50,0,27,5,0,1,9,41,8,2,2,6,13,0,2,0,0,0,0,1,0,5,9,0
6358239,2025-02-28,9,596608,Missouri,6,596709,Evansville,7,1,1,1,1,0,0,0,0,1273,11040,1,34,6,7,1,0,1,5,3,1,9,1,2,2,0,11,7,8,41,2,27,8,0,0,9,44,14,7,6,1,9,0,0,1,2,0,0,1,0,12,6,0,1,41,7,14,1,1,1,7,1,1,9,1,0,2,0,12,6,10,44,4,27,10,0,0,9,41,7,6,4,3,9,0,1,1,2,0,0,1,0,11,7,0
6301237,2025-03-01,9,596546,Florida,6,596600,Miami (FL),3,1,1,1,1,0,0,0,0,9303,9960,1,31,6,9,1,0,3,6,4,1,12,0,1,0,0,6,5,7,37,0,27,9,1,0,9,38,6,3,3,5,10,0,0,1,0,0,0,0,0,9,8,0,1,33,3,6,0,0,1,3,5,0,10,0,0,0,0,9,8,8,38,1,24,6,0,0,8,37,9,6,6,4,12,0,0,3,0,0,0,0,0,6,5,0
6301243,2025-03-01,9,596470,Belmont,1,596637,Notre Dame,2,1,1,1,1,0,0,0,0,532,8760,1,29,1,3,1,1,0,1,4,1,10,1,0,0,1,9,7,7,35,1,27,14,0,0,9,36,5,2,2,5,7,0,0,1,1,1,0,0,0,10,7,0,1,28,2,5,0,0,1,2,5,2,7,0,1,1,1,10,7,6,36,1,27,8,2,0,9,35,3,1,1,4,10,0,0,0,0,1,0,1,0,9,7,0
6301246,2025-03-01,9,596677,South Carolina,1,596523,Clemson,5,1,1,1,1,0,0,1,0,6983,9720,1,33,1,5,2,0,1,1,2,0,7,0,0,0,0,12,6,7,35,1,27,7,2,1,9,38,6,5,4,5,16,0,0,0,1,0,0,1,0,5,5,0,1,30,5,6,3,0,0,4,5,1,16,1,1,1,0,5,5,6,38,3,27,14,1,0,9,35,5,1,1,2,7,0,0,1,0,0,0,0,0,12,6,1
6301252,2025-03-01,9,596555,Gonzaga,8,596499,BYU,17,1,1,1,1,0,0,0,0,738,,1,39,8,14,3,0,1,8,3,1,4,0,0,0,1,10,11,8,43,2,27,7,1,0,9,51,14,17,16,5,9,0,0,4,0,1,0,0,0,6,10,0,1,42,17,14,5,0,4,16,5,4,9,0,0,0,1,6,10,7,51,0,27,10,0,0,9,43,14,8,8,3,4,0,2,1,0,1,0,0,0,10,11,0
6301257,2025-03-01,9,596665,Saint Mary's (CA),5,596669,San Diego St.,2,1,1,1,1,0,0,0,0,386,9300,1,28,5,5,1,0,0,2,8,1,4,0,1,2,0,9,10,10,38,1,27,8,1,0,9,34,5,2,2,0,7,0,0,0,0,0,0,0,0,9,11,0,1,33,2,5,2,0,0,2,0,1,7,0,0,0,0,9,11,5,34,2,24,9,0,0,8,39,5,5,2,8,4,0,3,0,2,0,0,0,0,9,10,0
6301258,2025-03-01,9,596577,Kentucky,6,596558,Hofstra,1,1,1,1,1,0,0,0,0,2389,8940,1,31,6,8,1,0,1,6,4,0,2,2,0,6,0,6,16,7,37,0,27,15,0,0,9,32,3,1,1,2,3,0,1,0,0,0,0,1,0,16,8,0,1,29,1,3,1,0,0,1,2,0,3,1,0,0,0,16,8,4,32,0,24,5,0,0,8,37,8,6,6,4,2,0,1,1,6,0,1,2,0,6,16,0
6301260,2025-03-01,9,596430,Air Force,14,596702,Army West Point,7,1,1,1,1,0,0,0,0,673,10800,1,40,14,17,7,2,1,14,5,1,9,0,0,0,1,6,8,8,46,2,27,11,0,0,9,42,8,7,2,6,7,0,3,0,0,0,0,0,0,12,6,0,1,35,7,8,3,0,0,6,6,1,7,0,0,0,0,12,6,8,42,1,24,6,2,0,8,46,17,14,12,5,9,0,1,1,0,1,0,0,0,6,8,0
6301263,2025-03-01,7,596426,UTSA,13,596456,Youngstown St.,1,1,1,1,1,0,0,0,0,581,9480,1,32,13,12,3,0,0,11,6,3,10,0,0,2,0,3,6,10,41,1,21,6,0,1,7,31,3,1,1,5,12,0,0,0,1,0,0,0,0,5,4,0,1,25,1,3,0,0,0,1,5,1,12,0,0,1,0,5,4,9,31,3,18,3,1,0,6,41,12,13,12,6,10,0,5,0,2,0,0,0,0,3,6,0
6301264,2025-03-01,7,596653,Purdue,13,596419,Akron,3,1,1,1,1,0,0,1,0,0,8220,1,30,13,11,3,0,1,11,4,4,7,2,0,2,0,6,7,6,40,0,21,6,0,0,7,30,7,3,3,2,9,0,0,0,0,1,0,0,0,5,5,0,1,25,3,7,1,0,0,3,2,2,9,0,1,0,1,5,5,6,30,4,20,5,0,1,6.2,40,11,13,11,4,7,0,2,1,2,0,0,2,0,6,7,0
6301265,2025-03-01,9,596686,Texas St.,2,596462,Grand Canyon,9,1,1,1,1,0,0,0,0,1505,13260,1,32,2,7,0,0,0,2,2,0,11,1,0,2,0,10,5,6,35,1,27,9,0,0,9,42,10,9,8,2,7,0,1,0,1,0,0,2,0,8,12,0,1,36,9,10,4,0,0,7,2,2,7,2,0,1,0,8,12,6,42,1,27,10,0,0,9,35,7,2,1,2,11,0,0,0,2,0,0,1,0,10,5,1
6301267,2025-03-01,9,596487,Arkansas,8,596615,Charlotte,5,1,1,1,1,0,0,0,0,10938,10380,1,33,8,10,3,0,2,8,4,1,7,0,1,0,0,12,4,7,39,0,27,6,0,0,9,39,8,5,5,4,15,0,0,1,0,0,0,0,0,6,5,0,1,34,5,8,3,0,1,5,4,1,15,0,0,0,0,6,5,7,39,1,24,12,1,0,8,39,10,8,8,4,7,0,0,2,0,0,0,0,0,12,4,0
6301275,2025-03-01,9,596465,Seattle U,1,596645,Pacific,6,1,1,1,1,0,0,0,0,103,8700,1,36,1,9,1,0,0,1,1,0,6,0,0,1,0,8,13,9,37,2,27,11,0,0,9,42,11,6,6,2,4,0,1,3,0,0,0,1,0,10,11,0,1,37,6,11,1,1,3,6,2,2,4,1,0,0,0,10,11,9,42,0,27,7,2,0,9,37,9,1,1,1,6,0,0,0,1,0,0,0,0,8,13,0
6301279,2025-03-01,9,596514,UCLA,8,596526,UConn,6,1,1,1,1,0,0,0,0,427,10560,1,35,8,11,0,2,1,7,4,1,5,0,0,0,0,10,9,8,40,1,27,10,0,0,9,38,11,6,6,3,6,0,0,2,2,1,0,2,0,7,11,2,1,33,6,11,1,0,2,6,3,0,6,2,0,2,1,7,11,5,38,1,24,9,2,0,8,40,11,8,7,4,5,0,0,1,0,0,0,0,0,10,9,0
6301280,2025-03-01,9,596488,Little Rock,2,596612,Murray St.,21,1,1,1,1,0,0,0,0,310,12540,1,32,2,7,1,0,0,2,2,0,9,0,0,0,0,10,5,4,34,1,27,7,0,0,9,59,19,21,21,10,10,0,0,4,1,0,0,0,0,7,9,0,1,46,21,19,4,0,4,19,10,3,10,0,0,1,0,7,9,11,59,2,27,10,0,0,9,34,7,2,1,2,9,0,0,0,0,0,0,0,0,10,5,0
6301282,2025-03-01,7,596554,Georgia,10,596473,FGCU,0,1,1,1,1,0,0,0,0,2456,7920,1,30,10,13,1,0,4,9,5,2,4,1,0,1,0,7,7,6,38,0,21,11,2,0,7,26,2,0,0,3,6,0,0,0,0,0,0,0,0,12,3,0,1,23,0,2,1,0,0,0,3,0,6,0,0,0,0,12,3,5,26,0,20,7,0,0,6.2,38,13,10,10,5,4,0,0,4,1,0,0,1,0,7,7,0
6301286,2025-03-01,7,596619,UNLV,2,596452,Milwaukee,0,1,1,1,1,0,0,0,0,392,5760,1,21,2,5,0,0,1,2,2,0,1,0,1,0,1,10,6,4,24,0,21,7,0,0,7,26,5,0,0,1,6,0,0,0,0,0,0,0,0,6,8,0,1,25,0,5,1,0,0,0,1,0,6,0,0,0,0,6,8,5,26,0,18,9,0,0,6,24,5,2,2,2,1,0,1,1,0,1,0,0,0,10,6,0
6301287,2025-03-01,7,596679,South Fla.,1,596519,UCF,12,1,1,1,1,0,0,0,0,1381,8640,1,25,1,3,1,0,1,1,1,0,6,0,0,0,0,5,10,4,26,2,21,8,0,1,7,43,13,12,11,5,3,0,0,2,0,0,0,2,0,12,6,0,1,33,12,13,0,1,2,11,5,2,3,2,1,0,0,12,6,10,43,1,21,6,0,0,7,26,3,1,1,1,6,0,0,1,0,0,0,0,0,5,10,0
6301289,2025-03-01,9,596708,Duke,6,596636,Northwestern,5,1,1,1,1,0,0,0,0,1091,9900,1,31,6,8,4,0,1,6,4,1,5,0,1,0,0,7,12,7,37,0,27,17,0,1,9,40,11,5,5,3,7,0,1,2,0,0,0,0,0,16,3,0,1,36,5,11,1,0,2,5,3,0,7,0,1,0,0,16,3,8,40,0,24,7,2,0,8,37,8,6,6,4,5,0,0,1,0,0,0,0,0,7,12,0
6301292,2025-03-01,10,596510,UC Santa Barbara,8,596707,Fresno St.,7,1,1,1,1,0,0,0,0,679,11220,1,39,8,12,4,0,0,7,2,5,6,0,0,0,0,11,11,7,46,1,30,10,0,0,10,46,10,7,7,3,12,0,1,4,1,0,0,0,0,9,8,0,1,39,7,10,1,1,4,7,3,3,12,0,1,1,0,9,8,9,46,1,29,15,1,0,9.2,46,12,8,7,2,6,0,0,0,0,0,0,0,0,11,11,1
6301294,2025-03-01,9,596605,Mississippi St.,5,596706,Arizona,6,1,1,1,1,0,0,1,0,16226,10140,1,35,5,9,3,0,2,5,0,2,12,0,1,2,0,8,6,6,38,1,27,4,1,0,9,40,8,6,5,1,18,0,2,1,0,0,0,0,0,4,5,0,1,36,6,8,1,0,1,6,1,3,18,0,0,0,0,4,5,7,40,1,27,10,0,0,9,38,9,5,5,0,12,0,0,2,2,0,0,0,0,8,6,0
6301298,2025-03-01,9,596607,Ole Miss,8,596453,Wright St.,3,1,1,1,1,0,0,0,0,10099,10200,1,31,8,9,2,0,2,6,4,1,9,0,0,3,2,5,8,4,36,1,27,7,0,0,9,39,5,3,2,8,13,0,1,0,0,0,1,0,0,6,6,0,1,31,3,5,2,0,0,2,8,0,13,0,0,0,0,6,6,9,39,2,24,8,1,0,8,36,9,8,8,4,9,0,1,2,3,2,0,0,0,5,8,0
6301303,2025-03-01,9,596712,Nebraska,6,596583,LSU,11,1,1,1,1,0,0,1,0,11003,11640,1,37,6,11,1,0,0,6,2,0,8,0,0,0,0,9,9,6,39,1,27,8,0,0,9,50,17,11,11,6,7,0,1,0,0,0,0,1,0,7,11,0,1,41,11,17,7,0,0,11,6,2,7,1,0,0,0,7,11,11,50,0,27,12,0,0,9,39,11,6,6,2,8,0,4,0,0,0,0,0,0,9,9,0
6304695,2025-03-01,9,596426,UTSA,16,596456,Youngstown St.,13,1,1,1,1,0,0,0,0,581,11940,1,35,16,14,4,0,3,16,10,3,2,2,1,2,0,9,12,11,51,0,27,12,0,1,9,44,16,13,13,1,8,0,0,3,2,0,0,0,0,9,9,0,1,42,13,16,5,0,3,12,1,1,8,0,0,2,0,9,9,4,44,1,24,9,0,0,8,51,14,16,15,10,2,0,1,3,2,0,0,2,0,9,12,0
6304696,2025-03-01,11,596653,Purdue,9,596419,Akron,10,1,1,1,1,0,0,1,0,688,14400,1,41,9,11,2,0,4,8,10,2,10,0,1,1,0,12,9,12,54,2,33,8,1,3,11,52,12,10,8,5,11,0,0,3,0,0,0,1,0,8,13,0,1,41,10,12,4,1,3,10,5,3,11,1,2,0,0,8,13,9,52,0,33,15,1,0,11,54,11,9,9,10,10,0,2,4,1,0,0,0,0,12,9,0
6304697,2025-03-01,9,596619,UNLV,11,596452,Milwaukee,6,1,1,1,1,0,0,0,0,685,10740,1,31,11,10,2,1,2,10,10,3,4,2,0,0,0,9,10,11,46,3,27,12,1,2,9,43,5,6,2,10,10,0,2,0,0,1,0,0,0,9,6,0,1,32,6,5,0,0,0,5,10,1,10,0,0,0,1,9,6,10,43,0,24,10,0,1,8,46,10,11,11,10,4,0,1,2,0,0,0,2,0,9,10,0
6307822,2025-03-01,9,596489,Auburn,8,596643,Oregon St.,7,1,1,1,1,0,0,1,0,5433,11640,1,30,8,6,1,1,1,6,6,2,9,0,0,2,1,8,7,6,38,0,27,7,0,1,9,40,9,7,6,6,13,0,1,3,0,0,0,0,0,6,5,0,1,32,7,9,1,0,3,5,6,1,13,0,1,0,0,6,5,6,40,0,24,7,3,0,8,38,6,8,8,6,9,0,2,1,2,1,0,0,0,8,7,0
6307981,2025-03-01,7,596620,Nevada,11,596632,Northern Colo.,1,1,1,1,1,0,0,0,0,0,8100,1,36,11,16,3,0,1,10,5,0,3,0,0,0,0,8,8,10,41,1,21,11,0,0,7,24,3,1,1,0,4,0,0,0,0,1,1,0,0,9,6,0,1,23,1,3,0,0,0,1,0,1,4,0,0,0,1,9,6,2,24,2,19,6,1,0,6.1,41,16,11,8,5,3,0,2,1,0,0,0,0,0,8,8,0
6307986,2025-03-01,9,596620,Nevada,7,596632,Northern Colo.,6,1,1,1,1,0,0,0,0,680,10020,1,35,7,13,4,1,2,6,3,4,6,0,0,0,1,12,4,11,42,1,27,13,1,0,9,48,12,6,6,8,7,0,4,0,0,1,0,0,0,11,8,0,1,38,6,12,3,0,0,4,8,2,7,0,0,0,1,11,8,15,48,1,24,13,1,0,8,42,13,7,7,3,6,0,0,2,0,1,0,0,0,12,4,1
6309283,2025-03-01,9,596480,Alabama,9,596629,North Dakota St.,7,1,1,1,1,0,0,0,0,4019,11340,1,33,9,11,4,0,4,9,7,0,7,0,0,1,0,9,6,7,40,1,27,7,2,1,9,45,12,7,6,5,10,0,0,1,0,2,0,0,0,6,9,0,1,37,7,12,2,0,1,7,5,2,10,0,1,0,2,6,9,11,45,0,24,10,0,1,8,40,11,9,9,7,7,0,0,4,1,0,1,0,0,9,6,0
6309326,2025-03-01,9,596485,Arizona St.,4,596604,Minnesota,6,1,1,1,1,0,0,0,0,3123,9600,1,35,4,9,5,0,2,3,0,0,9,0,0,0,0,8,8,4,35,1,27,8,1,1,9,40,9,6,6,3,16,0,0,2,4,0,0,0,0,7,4,0,1,36,6,9,2,0,2,6,3,1,16,0,0,4,0,7,4,7,40,1,27,8,0,0,9,35,9,4,2,0,9,0,0,2,0,0,0,0,0,8,8,0
6309672,2025-03-01,9,596694,UC San Diego,8,596521,Cincinnati,2,1,1,1,1,0,0,0,0,330,10200,1,34,8,10,2,0,3,8,3,3,8,1,1,1,0,8,9,10,42,1,27,7,0,0,9,37,9,2,2,2,14,0,0,0,0,0,0,0,0,5,6,0,1,35,2,9,2,0,0,1,2,0,14,0,0,0,0,5,6,8,37,1,24,7,2,0,8,42,10,8,8,3,8,0,5,3,1,0,0,1,0,8,9,0
6310325,2025-03-01,9,596442,Washington St.,6,596569,Iowa,4,1,1,1,1,0,0,1,0,100,9840,1,29,6,8,3,0,1,5,2,4,8,0,1,2,0,13,1,6,36,0,27,15,2,0,9,42,7,4,4,6,5,0,0,1,0,1,0,0,0,15,6,0,1,32,4,7,1,0,1,4,6,3,5,0,1,0,1,15,6,11,42,0,24,13,0,0,8,36,8,6,6,2,8,0,0,1,2,0,1,0,0,13,1,0
6310604,2025-03-01,9,596557,Hawaii,1,596631,Northeastern,7,1,1,1,1,0,0,0,0,4472,11700,1,30,1,6,0,0,0,1,5,0,10,0,1,4,1,10,5,8,36,2,27,6,0,1,9,44,10,7,7,4,14,0,1,3,6,1,0,0,0,8,4,0,1,38,7,10,2,0,3,6,4,2,14,0,0,6,1,8,4,10,44,0,27,12,0,0,9,36,6,1,1,5,10,0,0,0,4,1,1,0,0,10,5,1
6310747,2025-03-01,9,596672,San Jose St.,5,596671,San Francisco,2,1,1,1,1,0,0,0,0,389,9360,1,32,5,9,0,0,0,5,0,2,4,1,0,0,0,13,6,6,35,1,27,6,1,0,9,41,8,2,1,4,9,0,0,0,1,0,0,1,0,5,13,0,1,33,2,8,0,0,0,2,4,2,9,1,1,1,0,5,13,12,41,2,24,13,0,0,8,35,9,5,5,0,4,0,0,0,0,0,0,1,0,13,6,1
6310878,2025-03-01,9,596420,Texas A&M,0,596714,Oklahoma St.,4,1,1,1,1,0,0,1,0,16226,9060,1,31,0,4,1,0,0,0,1,1,13,0,0,0,0,9,6,6,33,4,27,6,1,0,9,38,8,4,2,0,14,0,0,1,1,0,0,0,0,5,7,0,1,35,4,8,0,1,1,2,0,2,14,0,1,1,0,5,7,7,38,1,27,6,0,0,9,33,4,0,0,1,13,0,1,0,0,0,0,0,0,9,6,0
6311250,2025-03-01,9,596436,VCU,7,596647,Penn St.,16,1,1,1,1,0,0,0,0,611,12000,1,34,7,8,1,0,1,6,4,1,9,1,1,0,0,7,9,7,41,1,27,9,1,0,9,53,14,16,15,5,9,0,3,4,3,0,0,0,0,9,10,0,1,43,16,14,2,0,4,15,5,5,9,0,0,3,0,9,10,10,53,4,27,9,0,0,9,41,8,7,6,4,9,0,1,1,0,0,0,1,0,7,9,0
6311341,2025-03-01,9,596681,Southern California,3,596434,Vanderbilt,1,1,1,1,1,0,0,0,0,3518,12840,1,26,3,5,3,0,0,3,5,1,8,2,0,0,0,7,8,7,34,1,27,10,1,0,9,34,5,1,0,1,14,0,2,0,0,0,0,0,0,9,3,0,1,31,1,5,2,0,0,1,1,1,14,0,1,0,0,9,3,6,34,0,24,8,1,0,8,34,5,3,3,5,8,0,0,0,0,0,0,2,0,7,8,0
6312827,2025-03-01,9,596545,Florida St.,11,596550,Georgetown,2,1,1,1,1,0,0,0,0,5706,10800,1,38,11,15,3,0,2,9,5,2,4,0,0,1,1,7,10,9,45,0,27,8,1,0,9,37,3,2,2,6,14,0,2,1,1,0,0,0,0,9,4,0,1,30,2,3,0,0,1,2,6,1,14,0,0,1,0,9,4,8,37,3,24,10,0,0,8,45,15,11,6,5,4,0,1,2,1,1,0,0,0,7,10,0
6313107,2025-03-01,9,596623,New Mexico,15,596656,Rhode Island,14,1,1,1,1,0,0,0,0,427,11880,1,39,15,17,5,0,1,13,8,1,9,1,0,2,0,6,7,10,49,1,27,13,1,0,9,47,16,14,14,6,4,0,1,4,2,1,0,1,0,11,10,0,1,39,14,16,1,3,4,13,6,0,4,1,1,2,1,11,10,6,47,2,24,8,2,0,8,49,17,15,14,8,9,0,1,1,2,0,0,1,0,6,7,0
6313321,2025-03-01,9,596575,Kansas,8,596618,Omaha,0,1,1,1,1,0,0,1,0,321,9780,1,25,8,5,0,0,2,7,8,1,6,1,0,1,0,7,8,3,35,0,27,4,3,0,9,33,3,0,0,4,9,0,0,0,0,1,0,0,0,2,15,0,1,29,0,3,1,0,0,0,4,0,9,0,0,0,1,2,15,6,33,1,24,8,0,0,8,35,5,8,8,8,6,0,2,2,1,0,1,1,0,7,8,0
6314101,2025-03-01,8,596439,Virginia,11,596530,Dartmouth,1,1,1,1,1,0,0,0,0,4761,10260,1,37,11,18,3,0,1,9,4,1,6,1,1,3,0,8,7,7,44,0,24,5,1,1,8,35,9,1,1,2,14,0,2,0,1,0,0,0,0,4,6,0,1,33,1,9,1,0,0,1,2,0,14,0,0,1,0,4,6,10,35,1,23,8,0,1,7.2,44,18,11,10,4,6,0,0,1,3,0,0,1,0,8,7,0
6314242,2025-03-01,9,596688,Stanford,4,596454,Xavier,5,1,1,1,1,0,0,0,0,1475,10860,1,36,4,9,1,0,2,4,1,2,11,1,0,0,0,3,13,9,40,1,27,9,0,1,9,41,9,5,5,4,10,0,1,0,1,0,0,0,0,7,9,0,1,34,5,9,2,0,0,5,4,2,10,0,1,1,0,7,9,8,41,1,27,3,1,0,9,40,9,4,3,1,11,0,0,2,0,0,0,1,0,3,13,0
6314244,2025-03-01,9,596688,Stanford,8,596454,Xavier,3,1,1,1,1,0,0,0,0,1615,10860,1,35,8,12,3,0,1,7,4,2,7,0,1,0,0,5,10,10,42,1,27,9,1,0,9,38,6,3,2,5,13,0,2,0,1,0,0,1,0,8,5,0,1,32,3,6,0,0,0,2,5,0,13,1,0,1,0,8,5,8,38,3,24,6,1,0,8,42,12,8,5,4,7,0,0,1,0,0,0,0,0,5,10,0
6315569,2025-03-01,7,596553,Georgia Tech,14,596448,Western Mich.,1,1,1,1,1,0,0,0,0,1946,8880,1,34,14,18,4,0,1,14,3,1,6,2,0,3,0,3,8,8,40,1,21,8,0,0,7,30,5,1,0,4,11,0,1,0,0,0,0,0,0,8,1,0,1,24,1,5,0,0,0,1,4,1,11,0,1,0,0,8,1,8,30,1,18,4,1,0,6,40,18,14,13,3,6,0,1,1,3,0,0,2,0,3,8,0
6316390,2025-03-01,9,596438,Virginia Tech,7,596576,Kent St.,2,1,1,1,1,0,0,1,0,5809,11220,1,32,7,9,1,0,2,6,2,0,5,1,1,1,0,14,5,5,36,0,27,9,0,0,9,38,6,2,2,7,10,0,0,0,0,1,1,0,0,7,8,0,1,31,2,6,0,0,0,2,7,0,10,0,0,0,1,7,8,9,38,1,24,13,1,0,8,36,9,7,5,2,5,0,1,2,1,0,1,1,0,14,5,0
6316419,2025-03-01,9,596657,Rice,3,596721,Tennessee,13,1,1,1,1,0,0,1,0,0,11820,1,36,3,8,3,0,0,2,3,0,17,0,0,1,0,7,4,9,39,2,27,7,0,0,9,47,10,13,12,9,6,0,2,3,3,0,0,1,0,7,13,0,1,36,13,10,2,1,3,12,9,1,6,1,0,3,0,7,13,7,47,1,27,6,1,1,9,39,8,3,2,3,17,0,1,0,1,0,0,0,0,7,4,0
6316435,2025-03-01,9,596641,Oklahoma,10,596508,CSUN,2,1,1,1,1,0,0,0,0,3425,11580,1,36,10,15,2,1,0,10,4,0,3,0,1,6,1,10,9,7,41,2,27,8,1,0,9,43,10,2,1,4,9,0,0,0,1,1,0,0,0,7,10,0,1,38,2,10,1,0,0,2,4,1,9,0,0,1,1,7,10,14,43,1,24,11,0,0,8,41,15,10,9,4,3,0,0,0,6,1,1,0,0,10,9,0
6316537,2025-03-01,9,596493,Baylor,8,596639,Ohio St.,6,1,1,1,1,0,0,1,0,5433,10500,1,33,8,9,2,0,2,8,4,1,5,0,0,1,1,8,10,6,38,2,27,6,0,0,9,39,7,6,5,4,7,0,3,2,1,0,0,0,0,6,12,0,1,33,6,7,1,0,2,6,4,1,7,0,1,1,0,6,12,6,39,2,24,7,0,0,8,38,9,8,7,4,5,0,0,2,1,1,0,0,0,8,10,0
6316745,2025-03-01,9,596642,Old Dominion,0,596692,UT Martin,6,1,1,1,1,0,0,1,0,172,9360,1,29,0,4,0,0,0,0,4,1,6,0,1,1,0,13,6,8,35,1,27,14,1,0,9,40,9,6,6,3,9,0,2,0,3,1,0,0,0,12,5,0,1,35,6,9,0,0,0,6,3,1,9,0,1,3,1,12,5,7,40,1,27,15,0,0,9,35,4,0,0,4,6,0,0,0,1,0,0,0,0,13,6,0
6356887,2025-03-01,10,596554,Georgia,9,596473,FGCU,8,1,1,1,1,0,0,0,0,1234,13020,1,38,9,9,1,0,3,7,6,3,11,0,0,2,0,9,8,8,47,0,30,9,1,0,10,43,9,8,8,6,16,0,0,3,1,0,0,0,0,9,3,1,1,37,8,9,2,0,3,8,6,0,16,0,0,1,0,9,3,5,43,3,29,8,1,0,9.2,47,9,9,7,6,11,0,0,3,2,0,0,0,0,9,8,0
6357718,2025-03-01,9,596423,Texas Tech,5,596425,Texas,10,1,1,1,1,0,0,1,0,6021,12780,1,38,5,10,1,0,0,3,3,0,14,0,0,2,0,8,5,10,41,1,27,9,0,0,9,49,11,10,8,8,10,0,2,3,2,0,1,0,0,10,7,0,1,39,10,11,2,0,3,9,8,2,10,0,0,2,0,10,7,12,49,4,27,8,0,1,9,42,10,5,3,3,14,0,1,0,2,0,0,0,0,8,5,0
6358240,2025-03-01,9,596608,Missouri,6,596709,Evansville,2,1,1,1,1,0,0,0,0,0,9720,1,34,6,11,2,0,0,6,2,1,8,2,0,1,0,8,8,9,39,1,27,10,0,0,9,41,9,2,2,6,9,0,0,0,0,0,0,1,0,8,8,0,1,33,2,9,1,0,0,2,6,0,9,1,1,0,0,8,8,11,41,1,24,7,1,0,8,39,11,6,5,2,8,0,2,0,1,0,0,2,0,8,8,0
6358241,2025-03-01,7,596608,Missouri,17,596709,Evansville,7,1,1,1,1,0,0,0,0,1254,9300,1,34,17,16,2,1,1,16,3,5,6,0,1,2,0,6,5,8,43,0,21,6,1,0,7,34,8,7,7,3,7,0,1,0,0,0,0,0,0,7,6,0,1,28,7,8,4,0,0,7,3,3,7,0,0,0,0,7,6,6,34,3,18,8,1,2,6,43,16,17,14,3,6,0,2,1,2,0,0,0,0,6,5,0
6301315,2025-03-02,9,596546,Florida,7,596600,Miami (FL),13,1,1,1,1,0,0,0,0,7316,11340,1,37,7,12,2,0,1,7,2,2,9,1,0,0,0,8,9,8,42,2,27,11,1,0,9,49,14,13,12,6,9,0,0,0,1,0,0,0,0,11,4,0,1,39,13,14,1,0,0,12,6,4,9,0,0,1,0,11,4,9,49,0,27,8,3,0,9,42,12,7,7,2,9,0,0,1,0,0,0,1,0,8,9,0
6301321,2025-03-02,9,596470,Belmont,2,596637,Notre Dame,6,1,1,1,1,0,0,0,0,567,9360,1,33,2,5,1,0,0,1,1,2,12,0,0,2,1,7,7,7,36,2,27,7,0,0,9,41,8,6,4,4,8,0,2,1,0,0,0,0,0,5,12,0,1,34,6,8,1,0,1,6,4,2,8,0,1,0,0,5,12,8,41,2,27,8,1,0,9,36,5,2,1,1,12,0,0,0,2,1,0,0,0,7,7,0
6301323,2025-03-02,9,596434,Vanderbilt,2,596526,UConn,6,1,1,1,1,0,0,1,0,290,10080,1,36,2,10,3,0,0,2,3,0,10,0,0,2,0,10,6,10,39,0,27,7,2,0,9,37,7,6,6,4,12,0,2,3,1,0,1,0,0,7,7,0,1,33,6,7,1,0,3,5,4,0,12,0,0,1,0,7,7,4,37,1,27,9,0,0,9,39,10,2,2,3,10,0,0,0,2,0,0,0,0,10,6,0
6301326,2025-03-02,10,596686,Texas St.,6,596462,Grand Canyon,5,1,1,1,1,0,0,0,0,1387,9900,1,34,6,11,2,0,0,6,5,1,5,1,1,0,0,10,9,6,42,0,30,11,4,0,10,40,8,5,5,3,9,0,1,2,2,0,0,0,0,12,9,0,1,37,5,8,1,0,2,5,3,0,9,0,0,2,0,12,9,5,40,1,28,14,1,0,9.1,42,11,6,3,5,5,0,0,0,0,0,0,1,0,10,9,0
6301327,2025-03-02,9,596465,Seattle U,7,596645,Pacific,2,1,1,1,1,0,0,0,0,93,9060,1,32,7,11,4,0,1,7,7,1,6,1,1,1,0,9,8,11,42,0,27,10,0,0,9,33,6,2,2,1,12,0,0,1,2,1,0,0,0,9,5,1,1,32,2,6,0,0,1,1,1,0,12,0,0,2,1,9,5,4,33,0,24,12,0,0,8,42,11,7,7,7,6,0,1,1,1,0,0,1,0,9,8,0
6301330,2025-03-02,9,596577,Kentucky,9,596558,Hofstra,1,1,1,1,1,0,0,0,0,2310,11100,1,32,9,9,0,0,1,8,7,7,8,0,0,8,1,6,8,13,46,1,27,9,1,0,9,36,6,1,1,2,11,0,0,0,0,0,0,0,0,10,6,0,1,33,1,6,1,0,0,1,2,0,11,0,1,0,0,10,6,8,36,1,24,10,0,0,8,46,9,9,9,7,8,0,0,1,8,1,0,0,0,6,8,0
6301333,2025-03-02,7,596430,Air Force,5,596702,Army West Point,16,1,1,1,1,0,0,0,0,420,10680,1,28,5,8,1,0,1,5,7,1,6,1,0,1,0,9,5,11,37,0,21,4,1,0,7,46,16,16,16,5,10,0,1,2,1,0,1,0,0,4,7,0,1,34,16,16,4,0,2,16,5,5,10,0,2,1,0,4,7,9,46,1,21,10,0,0,7,37,8,5,5,7,6,0,3,1,1,0,0,1,0,9,5,0
6301335,2025-03-02,7,596426,UTSA,13,596456,Youngstown St.,2,1,1,1,1,0,0,0,0,579,7500,1,22,13,6,0,0,0,11,8,6,3,1,2,0,0,9,4,8,39,0,21,3,1,0,7,25,3,2,2,1,10,0,0,2,0,0,0,0,0,5,6,0,1,24,2,3,1,0,2,2,1,0,10,0,0,0,0,5,6,2,25,4,18,10,0,0,6,39,6,13,8,8,3,0,2,0,0,0,0,1,0,9,4,0
6301336,2025-03-02,9,596603,Middle Tenn.,3,596642,Old Dominion,5,1,1,1,1,0,0,0,0,782,10920,1,34,3,9,1,0,1,2,2,0,8,0,0,0,1,7,9,6,36,2,27,3,1,0,9,40,8,5,3,5,16,0,0,0,6,1,0,0,0,4,6,0,1,33,5,8,2,0,0,3,5,1,16,0,1,6,1,4,6,8,40,2,27,9,0,0,9,36,9,3,2,2,8,0,0,1,0,1,0,0,0,7,9,0
6301337,2025-03-02,9,596712,Nebraska,6,596574,Kansas St.,9,1,1,1,1,0,0,1,0,0,10320,1,37,6,9,2,0,2,5,0,2,11,0,0,2,0,7,9,6,39,1,27,10,0,0,9,43,10,9,8,8,10,0,3,3,2,0,0,0,0,10,4,0,1,35,9,10,3,0,3,9,8,0,10,0,0,2,0,10,4,7,43,1,27,7,2,0,9,39,9,6,6,0,11,0,1,2,2,0,0,0,0,7,9,0
6301341,2025-03-02,9,596487,Arkansas,4,596615,Charlotte,3,1,1,1,1,0,0,0,0,9199,11040,1,34,4,13,2,0,0,3,3,0,8,1,1,0,2,7,8,7,39,0,27,6,0,0,9,35,6,3,3,1,12,0,1,1,0,0,0,0,0,6,9,0,1,33,3,6,0,0,1,3,1,1,12,0,0,0,0,6,9,5,35,0,25,9,0,0,8.1,39,13,4,4,3,8,0,2,0,0,2,0,1,0,7,8,0
6301347,2025-03-02,7,596679,South Fla.,2,596519,UCF,12,1,1,1,1,0,0,0,0,1298,9840,1,26,2,8,3,0,0,2,3,2,7,0,0,2,2,4,7,8,31,0,21,8,2,0,7,41,15,12,12,5,5,0,0,3,0,0,0,0,0,6,8,0,1,33,12,15,1,1,3,12,5,2,5,0,1,0,0,6,8,8,41,0,21,7,0,0,7,31,8,2,2,3,7,0,0,0,2,2,0,0,0,4,7,0
6301356,2025-03-02,9,596665,Saint Mary's (CA),7,596669,San Diego St.,3,1,1,1,1,0,0,0,0,247,10080,1,33,7,11,1,0,2,6,4,2,9,0,0,5,1,6,8,8,39,0,27,12,1,0,9,34,7,3,3,1,6,0,1,0,0,0,0,0,0,9,10,0,1,31,3,7,1,0,0,3,1,1,6,0,1,0,0,9,10,4,34,1,24,5,0,0,8,39,11,7,6,4,9,0,2,2,5,1,0,0,0,6,8,0
6301360,2025-03-02,9,596708,Duke,11,596636,Northwestern,2,1,1,1,1,0,0,0,0,528,12300,1,33,11,9,2,0,2,8,12,3,10,0,0,1,0,7,7,13,48,0,27,6,0,0,9,38,7,2,2,5,11,0,0,0,0,0,0,0,0,5,10,0,1,33,2,7,2,0,0,2,5,0,11,0,0,0,0,5,10,9,38,1,24,6,1,0,8,48,9,11,11,12,10,0,1,2,1,0,0,0,0,7,7,0
6301361,2025-03-02,9,596535,East Carolina,6,596438,Virginia Tech,1,1,1,1,1,0,0,0,0,4432,11940,1,31,6,8,1,0,1,5,4,1,13,1,0,3,0,7,4,7,37,1,27,11,0,0,9,38,5,1,1,7,13,0,0,0,1,1,0,0,0,9,3,1,1,30,1,5,1,0,0,1,7,0,13,0,1,1,1,9,3,10,38,1,24,9,1,1,8,37,8,6,6,4,13,0,3,1,3,0,0,1,0,7,4,0
6301364,2025-03-02,9,596488,Little Rock,4,596612,Murray St.,6,1,1,1,1,0,0,0,0,267,10080,1,31,4,5,1,1,0,4,4,2,9,1,0,0,0,7,11,7,38,1,27,7,0,0,9,43,11,6,4,4,7,0,0,2,0,0,0,0,0,6,11,0,1,36,6,11,4,1,2,6,4,3,7,0,0,0,0,6,11,10,43,0,27,7,2,0,9,38,5,4,4,4,9,0,1,0,0,0,0,1,0,7,11,0
6301366,2025-03-02,9,596554,Georgia,4,596473,FGCU,3,1,1,1,1,0,0,0,0,1593,11220,1,33,4,11,1,0,1,4,8,1,5,0,0,1,0,11,6,13,42,1,27,7,3,0,9,36,6,3,2,3,11,0,1,0,0,1,0,0,0,5,10,0,1,32,3,6,0,0,0,2,3,1,11,0,0,0,1,5,10,6,36,0,25,12,0,0,8.1,42,11,4,4,8,5,0,0,1,1,0,0,0,0,11,6,0
6301370,2025-03-02,9,596450,William & Mary,6,596647,Penn St.,7,1,1,1,1,0,0,0,0,530,11520,1,37,6,13,0,0,0,6,7,2,6,0,1,3,1,9,9,14,47,4,27,5,1,0,9,43,11,7,5,2,8,0,1,0,3,1,0,0,0,5,13,1,1,38,7,11,1,0,0,5,2,3,8,0,0,3,1,5,13,9,43,2,27,12,0,0,9,47,13,6,5,7,6,0,1,0,3,1,0,0,0,9,9,0
6301373,2025-03-02,8,596653,Purdue,14,596419,Akron,4,1,1,1,1,0,0,1,0,332,10800,1,33,14,14,2,0,1,12,4,7,5,0,0,3,1,9,5,7,44,0,24,9,1,1,8,35,7,4,4,4,6,0,0,0,2,0,0,0,0,7,9,0,1,29,4,7,3,0,0,4,4,2,6,0,0,2,0,7,9,7,35,1,22,11,1,2,7.1,44,14,14,12,4,5,0,0,1,3,1,0,0,0,9,5,0
6301375,2025-03-02,9,596510,UC Santa Barbara,1,596707,Fresno St.,2,1,1,1,1,0,0,0,0,621,9720,1,29,1,4,1,0,0,0,2,2,9,0,0,0,1,6,10,5,33,1,27,16,2,0,9,33,3,2,1,5,6,0,1,0,0,2,0,1,0,13,4,0,1,24,2,3,0,0,0,2,5,1,6,1,2,0,2,13,4,4,33,1,27,8,2,0,9,33,4,1,1,2,9,0,0,0,0,1,0,0,0,6,10,0
6301377,2025-03-02,9,596607,Ole Miss,7,596453,Wright St.,3,1,1,1,1,0,0,0,0,8819,9540,1,31,7,8,1,0,2,6,7,2,5,0,0,1,0,9,9,9,40,0,27,7,2,0,9,33,5,3,3,2,17,0,0,1,0,0,0,0,0,6,3,0,1,31,3,5,2,0,1,3,2,0,17,0,0,0,0,6,3,3,33,0,24,9,0,1,8,40,8,7,6,7,5,0,3,2,1,0,0,0,0,9,9,0
6301379,2025-03-02,9,596514,UCLA,5,596681,Southern California,1,1,1,1,1,0,0,0,0,1597,10620,1,29,5,7,0,0,2,5,5,1,8,0,0,2,0,6,8,6,35,0,27,8,1,0,9,39,10,1,1,4,8,0,1,0,2,0,0,0,0,5,11,0,1,34,1,10,2,0,0,1,4,1,8,0,0,2,0,5,11,11,39,0,24,9,2,0,8,35,7,5,5,5,8,0,1,2,2,0,0,0,0,6,8,0
6301381,2025-03-02,7,596619,UNLV,14,596452,Milwaukee,4,1,1,1,1,0,0,0,0,540,8640,1,29,14,12,0,0,2,13,7,3,4,1,0,0,0,5,8,8,40,3,21,9,1,0,7,33,5,4,2,6,5,0,1,0,0,0,0,1,0,9,6,0,1,26,4,5,1,0,0,3,6,0,5,1,0,0,0,9,6,8,33,1,18,8,1,2,6,40,12,14,12,7,4,0,4,2,0,0,0,1,0,5,8,0
6301382,2025-03-02,9,596714,Oklahoma St.,9,596605,Mississippi St.,7,1,1,1,1,0,0,1,0,0,10320,1,31,9,9,1,0,1,8,4,1,8,1,1,0,0,10,5,5,38,1,27,8,1,0,9,40,9,7,2,3,8,0,1,3,0,0,0,1,0,9,10,0,1,36,7,9,0,0,3,7,3,0,8,1,0,0,0,9,10,6,40,1,24,11,0,2,8,38,9,9,6,4,8,0,0,1,0,0,0,1,0,10,5,0
6301384,2025-03-02,9,596583,LSU,12,596667,Sam Houston,8,1,1,1,1,0,0,1,0,6876,12900,1,35,12,13,3,0,2,12,8,0,3,1,2,0,0,8,13,10,46,1,27,11,0,1,9,44,9,8,8,10,6,0,1,0,2,1,0,1,0,12,7,0,1,33,8,9,1,0,0,8,10,0,6,1,0,2,1,12,7,9,44,2,24,8,1,0,8,46,13,12,11,8,3,0,4,2,0,0,0,1,0,8,13,0
6301385,2025-03-02,9,596677,South Carolina,2,596523,Clemson,8,1,1,1,1,0,0,0,0,8242,10080,1,31,2,5,0,0,0,1,2,2,15,0,0,1,0,7,4,7,35,0,27,10,0,3,9,42,8,8,8,7,10,0,1,1,2,0,0,0,0,10,6,0,1,34,8,8,0,0,1,7,7,1,10,0,0,2,0,10,6,7,42,1,27,8,1,0,9,35,5,2,1,2,15,0,0,0,1,0,0,0,0,7,4,1
6307826,2025-03-02,9,596493,Baylor,4,596489,Auburn,7,1,1,1,1,0,0,1,0,2258,10920,1,35,4,9,2,0,2,4,3,0,12,1,0,0,0,8,5,8,39,0,27,11,1,0,9,42,11,7,7,6,4,0,0,1,0,0,0,0,0,10,10,0,1,35,7,11,0,0,1,7,6,1,4,0,0,0,0,10,10,8,42,2,27,11,2,0,9,39,9,4,3,3,12,0,0,2,0,0,0,1,0,8,5,0
6307871,2025-03-02,9,596425,Texas,15,596563,Illinois,6,1,1,1,1,0,0,1,0,0,12240,1,42,15,17,7,0,0,14,6,0,7,0,0,2,0,10,7,9,48,1,27,13,0,0,9,36,8,6,3,1,5,0,2,1,0,0,0,1,0,10,9,0,1,32,6,8,1,1,1,4,1,2,5,1,0,0,0,10,9,3,36,1,24,10,2,0,8,48,17,15,15,6,7,0,3,0,2,0,0,0,0,10,7,0
6307988,2025-03-02,8,596620,Nevada,15,596632,Northern Colo.,5,1,1,1,1,0,0,0,0,652,10920,1,32,15,10,5,0,0,13,12,2,4,1,0,1,0,9,8,7,47,0,24,9,1,0,8,36,8,5,5,4,10,0,1,1,1,0,0,0,0,7,4,0,1,29,5,8,2,0,1,4,4,3,10,0,0,1,0,7,4,7,36,3,22,9,3,0,7.1,47,10,15,14,12,4,0,1,0,1,0,0,1,0,9,8,0
6308055,2025-03-02,9,596706,Arizona,1,596721,Tennessee,5,1,1,1,1,0,0,1,0,9439,10200,1,30,1,6,1,1,0,1,4,0,12,0,0,1,1,9,3,4,34,1,27,7,1,0,9,41,12,5,5,3,11,0,1,3,0,1,0,0,0,7,8,0,1,37,5,12,0,0,3,5,3,0,11,0,1,0,1,7,8,9,41,0,27,13,0,0,9,34,6,1,1,4,12,0,0,0,1,1,0,0,0,9,3,0
6309290,2025-03-02,9,596480,Alabama,11,596629,North Dakota St.,3,1,1,1,1,0,0,0,0,3419,10200,1,30,11,11,2,0,2,9,9,0,2,1,0,5,1,3,14,5,40,0,27,13,2,1,9,34,5,3,2,2,11,0,1,1,1,0,0,0,0,8,6,0,1,30,3,5,1,0,1,2,2,2,11,0,0,1,0,8,6,4,34,2,24,10,2,0,8,40,11,11,11,9,2,0,0,2,5,1,0,1,0,3,14,0
6309328,2025-03-02,9,596485,Arizona St.,8,596604,Minnesota,7,1,1,1,1,0,0,0,0,2850,12900,1,32,8,11,3,0,1,7,3,3,7,1,0,5,0,4,11,7,39,0,27,7,1,0,9,43,14,7,7,2,13,0,0,5,2,0,0,0,0,6,7,0,1,40,7,14,1,0,5,7,2,1,13,0,0,2,0,6,7,9,43,1,24,6,1,0,8,39,11,8,8,3,7,0,0,1,5,0,1,1,0,4,11,0
6309673,2025-03-02,9,596694,UC San Diego,5,596521,Cincinnati,0,1,1,1,1,0,0,0,0,404,9300,1,32,5,9,2,0,2,3,0,1,6,0,0,0,0,10,7,4,33,0,27,8,1,0,9,35,5,0,0,2,8,0,0,0,0,0,0,0,0,9,10,0,1,32,0,5,1,0,0,0,2,1,8,0,0,0,0,9,10,8,35,2,24,13,0,0,8,33,9,5,4,0,6,0,2,2,0,0,0,0,0,10,7,0
6310329,2025-03-02,7,596569,Iowa,14,596442,Washington St.,3,1,1,1,1,0,0,1,0,100,9000,1,28,14,12,3,0,2,14,8,3,6,1,0,0,0,6,5,7,40,4,21,8,2,0,7,32,6,3,2,1,5,0,1,1,0,0,0,0,0,9,6,0,1,29,3,6,1,0,1,2,1,2,5,0,0,0,0,9,6,8,32,0,19,7,0,0,6.1,40,12,14,14,8,6,0,0,2,0,0,0,1,0,6,5,0
6310607,2025-03-02,9,596557,Hawaii,11,596631,Northeastern,3,1,1,1,1,0,0,0,0,3485,9780,1,35,11,14,1,0,2,11,3,6,7,2,0,1,0,9,7,11,46,0,27,13,0,0,9,33,4,3,3,2,9,0,0,1,1,0,0,0,0,10,7,0,1,30,3,4,1,0,1,3,2,1,9,0,0,1,0,10,7,3,33,1,24,10,1,0,8,46,14,11,10,3,7,0,0,2,1,0,0,2,0,9,7,0
6310749,2025-03-02,9,596671,San Francisco,7,596672,San Jose St.,3,1,1,1,1,0,0,0,0,187,9720,1,31,7,9,0,0,1,4,6,0,8,0,1,5,2,9,6,7,38,1,27,15,0,0,9,34,6,3,2,3,6,0,0,1,0,1,0,0,0,13,5,0,1,31,3,6,1,0,1,2,3,0,6,0,0,0,1,13,5,4,34,2,24,11,1,0,8,38,9,7,5,6,8,0,0,1,5,2,1,0,0,9,6,0
6310879,2025-03-02,7,596657,Rice,4,596420,Texas A&M,14,1,1,1,1,0,0,1,0,9439,9360,1,26,4,7,2,0,1,4,1,2,12,0,2,0,0,3,6,6,31,1,21,8,0,0,7,40,12,14,14,7,4,0,0,5,1,0,0,0,0,9,8,0,1,33,14,12,0,0,5,13,7,0,4,0,0,1,0,9,8,5,40,0,21,3,0,0,7,31,7,4,4,1,12,0,0,1,0,0,0,0,0,3,6,0
6312828,2025-03-02,9,596545,Florida St.,4,596550,Georgetown,3,1,1,1,1,0,0,0,0,4674,10500,1,33,4,9,2,0,0,4,4,0,4,0,0,1,0,7,11,9,37,1,27,10,1,1,9,37,8,3,3,2,12,0,0,1,1,1,0,0,0,11,3,0,1,33,3,8,2,0,1,3,2,0,12,0,2,1,1,11,3,7,37,2,24,8,0,0,8,37,9,4,3,4,4,0,0,0,1,0,0,0,0,7,11,0
6313111,2025-03-02,7,596623,New Mexico,8,596656,Rhode Island,4,1,1,1,1,0,0,0,0,643,7800,1,27,8,10,3,1,2,6,6,0,2,0,0,1,0,7,8,7,33,0,21,11,1,0,7,31,9,4,4,3,6,0,0,2,0,1,0,0,0,9,4,0,1,28,4,9,0,2,2,4,3,0,6,0,0,0,1,9,4,6,31,0,18,8,1,1,6,33,10,8,8,6,2,0,2,2,1,0,1,0,0,7,8,0
6313114,2025-03-02,9,596623,New Mexico,10,596656,Rhode Island,9,1,1,1,1,0,0,0,0,643,12240,1,29,10,6,0,1,1,9,11,5,6,0,0,3,1,7,8,11,45,2,27,17,2,0,9,45,10,9,8,6,9,0,1,1,0,1,0,0,0,15,1,0,1,37,9,10,4,0,1,9,6,2,9,0,0,0,1,15,1,9,45,1,24,9,1,0,8,45,6,10,9,11,6,0,1,1,3,1,0,0,0,7,8,0
6313324,2025-03-02,9,596575,Kansas,5,596618,Omaha,1,1,1,1,1,0,0,0,0,1381,10200,1,32,5,9,2,0,2,5,5,1,6,0,0,0,0,11,6,9,38,0,27,12,1,1,9,39,9,1,1,4,5,0,0,0,0,0,0,0,0,10,9,0,1,30,1,9,0,0,0,1,4,2,5,0,3,0,0,10,9,11,39,0,24,11,3,0,8,38,9,5,5,5,6,0,1,2,0,0,0,0,0,11,6,0
6313602,2025-03-02,9,596643,Oregon St.,12,596639,Ohio St.,10,1,1,1,1,0,0,1,0,0,13140,1,35,12,13,4,0,1,11,6,1,8,0,0,3,1,5,9,6,42,3,27,11,1,0,9,48,11,10,8,6,9,0,0,2,1,0,0,0,0,13,5,0,1,38,10,11,3,0,2,8,6,3,9,0,1,1,0,13,5,11,48,0,24,6,1,1,8,42,13,12,12,6,8,0,1,1,3,1,0,0,0,5,9,0
6314104,2025-03-02,8,596439,Virginia,13,596530,Dartmouth,3,1,1,1,1,0,0,0,0,3920,10620,1,37,13,15,3,1,1,12,7,0,5,0,0,2,0,3,13,6,44,0,24,7,1,0,8,31,7,3,3,2,10,0,1,0,0,1,0,0,0,6,6,0,1,29,3,7,1,0,0,3,2,0,10,0,0,0,1,6,6,4,31,1,23,4,1,2,7.2,44,15,13,10,7,5,0,1,1,2,0,2,0,0,3,13,0
6314248,2025-03-02,9,596688,Stanford,3,596454,Xavier,11,1,1,1,1,0,0,0,0,1190,11640,1,37,3,10,1,0,2,3,1,0,8,0,0,0,0,13,6,8,38,1,27,10,0,0,9,48,12,11,10,6,11,0,1,0,1,0,0,0,0,10,4,0,1,38,11,12,1,1,0,9,6,4,11,0,0,1,0,10,4,10,48,0,27,12,2,0,9,38,10,3,3,1,8,0,1,2,0,0,0,0,0,13,6,1
6315571,2025-03-02,7,596553,Georgia Tech,13,596448,Western Mich.,3,1,1,1,1,0,0,0,0,1135,9960,1,30,13,14,7,0,1,12,5,4,4,1,0,3,1,3,10,8,40,0,21,8,0,0,7,35,9,3,3,6,10,0,2,0,1,0,0,0,0,6,2,0,1,27,3,9,2,0,0,3,6,2,10,0,0,1,0,6,2,11,35,0,18,3,1,0,6,40,14,13,13,5,4,0,2,1,3,1,0,1,0,3,10,0
6316436,2025-03-02,9,596641,Oklahoma,3,596508,CSUN,2,1,1,1,1,0,0,0,0,2128,10020,1,28,3,6,1,0,0,3,5,0,7,1,0,1,0,6,10,7,34,2,27,14,0,0,9,40,5,2,2,6,7,0,0,0,1,1,0,0,0,14,5,0,1,32,2,5,1,0,0,2,6,1,7,0,1,1,1,14,5,11,40,0,24,6,0,0,8,34,6,3,3,5,7,0,0,0,1,0,0,1,0,6,10,0
6358242,2025-03-02,9,596608,Missouri,5,596709,Evansville,9,1,1,1,1,0,0,0,0,1123,11160,1,38,5,15,1,0,1,4,0,1,9,0,1,1,1,7,8,8,40,1,27,10,2,0,9,49,9,9,9,8,7,0,2,1,2,0,0,0,0,12,8,0,1,35,9,9,2,0,1,9,8,5,7,0,1,2,0,12,8,13,49,0,27,11,0,0,9,40,15,5,5,0,9,0,2,1,1,1,0,0,0,7,8,0
6310610,2025-03-03,12,596557,Hawaii,3,596631,Northeastern,2,1,1,1,1,0,0,0,0,3031,11700,1,43,3,6,2,0,0,3,2,1,9,0,0,1,1,18,7,6,46,0,36,13,0,1,12,45,7,2,2,3,15,0,0,0,2,0,0,0,0,11,9,2,1,42,2,7,3,0,0,2,3,0,15,0,0,2,0,11,9,7,45,3,35,18,1,1,11.2,46,6,3,2,2,9,0,0,0,1,1,0,0,0,18,7,0
6364186,2025-03-03,9,596569,Iowa,11,597318,Loras,3,1,0,1,1,0,0,0,0,489,9360,1,38,11,15,1,1,1,11,4,1,7,0,0,0,0,6,10,8,43,0,27,5,1,0,9,33,4,3,3,1,14,0,0,1,0,0,0,0,0,5,8,0,1,31,3,4,1,1,1,3,1,1,14,0,0,0,0,5,8,3,33,0,24,5,0,0,8,43,15,11,11,4,7,0,2,1,0,0,1,0,0,6,10,0
6301389,2025-03-04,,596605,Mississippi St.,,596719,Southern Miss.,,1,1,0,0,0,0,0,0,,,0,0,0,0,0,0,0,0,0,0,0,0,0,0,0,0,0,0,0,0,0,0,0,0,0,0,0,0,0,0,0,0,0,0,0,0,0,0,0,0,0,0,0,0,0,0,0,0,0,0,0,0,0,0,0,0,0,0,0,0,0,0,0,0,0,0,0,0,0,0,0,0,0,0,0,0,0,0,0,0,0,0,0,0
6301390,2025-03-04,9,596554,Georgia,8,596705,High Point,4,1,1,1,1,0,0,0,0,844,11880,1,34,8,14,5,0,2,8,5,0,5,1,1,0,0,9,8,9,41,0,27,7,1,0,9,43,8,4,4,5,13,0,4,1,1,0,0,3,0,6,8,0,1,32,4,8,0,0,1,4,5,3,13,3,0,1,0,6,8,12,43,0,24,11,1,0,8,41,14,8,8,5,5,0,0,2,0,0,0,1,0,9,8,0
6301392,2025-03-04,9,596571,Jacksonville St.,1,596480,Alabama,11,1,1,1,1,0,0,0,0,834,12660,1,30,1,4,2,0,0,1,6,1,7,0,0,0,0,8,11,9,37,2,27,10,1,0,9,48,15,11,9,5,4,0,1,0,4,0,0,1,0,7,12,0,1,39,11,15,2,1,0,11,5,3,4,1,0,4,0,7,12,9,48,0,27,9,3,0,9,37,4,1,1,6,7,0,1,0,0,0,0,0,0,8,11,0
6301395,2025-03-04,9,596553,Georgia Tech,11,596463,Kennesaw St.,4,1,1,1,1,0,0,0,0,1133,12000,1,34,11,13,1,0,2,10,6,1,11,2,0,0,0,6,6,8,43,2,27,6,1,0,9,41,10,4,3,3,12,0,2,0,0,0,0,0,0,6,9,1,1,38,4,10,2,1,0,3,3,0,12,0,0,0,0,6,9,10,41,0,24,8,0,0,8,43,13,11,11,6,11,0,1,2,0,0,1,2,0,6,6,0
6301401,2025-03-04,7,596487,Arkansas,14,596630,ULM,1,1,1,1,1,0,0,0,0,8768,8100,1,33,14,15,2,0,4,12,4,2,6,1,0,0,0,6,6,7,40,0,21,5,1,0,7,27,6,1,1,2,12,0,2,0,1,0,0,0,0,3,4,1,1,25,1,6,1,0,0,1,2,0,12,0,0,1,0,3,4,5,27,2,19,6,1,0,6.1,40,15,14,13,4,6,0,1,4,0,0,1,1,0,6,6,0
6301407,2025-03-04,7,596439,Virginia,15,596450,William & Mary,4,1,1,1,1,0,0,0,0,3502,10320,1,30,15,14,5,0,1,14,8,1,0,1,0,1,1,5,12,6,40,2,21,8,0,3,7,32,7,4,1,4,7,0,0,0,0,1,0,1,0,7,5,0,1,27,4,7,0,1,0,4,4,0,7,1,0,0,1,7,5,7,32,0,18,6,1,0,6,40,14,15,15,8,0,0,3,1,1,1,0,1,0,5,12,0
6301415,2025-03-04,7,596514,UCLA,22,596602,Michigan,5,1,1,1,1,0,0,0,0,453,10680,1,34,22,16,6,0,1,20,9,4,4,1,0,0,0,8,6,8,48,0,21,8,0,0,7,29,8,5,5,1,9,0,1,1,0,1,0,0,0,8,3,0,1,28,5,8,1,0,1,5,1,0,9,0,0,0,1,8,3,3,29,2,18,6,0,0,6,48,16,22,20,9,4,0,1,1,0,0,1,1,0,8,6,0
6301417,2025-03-04,9,596707,Fresno St.,3,596504,Cal Poly,7,1,1,1,1,0,0,0,0,1138,9300,1,35,3,11,1,0,1,2,1,1,6,0,1,0,0,9,9,8,38,2,27,15,3,0,9,46,14,7,6,4,2,0,1,0,0,0,0,0,0,14,10,0,1,40,7,14,5,0,0,5,4,1,2,0,1,0,0,14,10,12,46,1,27,11,1,0,9,38,11,3,3,1,6,0,0,1,0,0,0,0,0,9,9,0
6301422,2025-03-04,9,596462,Grand Canyon,13,596648,Pepperdine,3,1,1,1,1,0,0,0,0,924,10200,1,36,13,14,2,1,2,11,10,1,3,1,0,2,0,10,9,11,48,0,27,5,2,0,9,39,11,3,3,1,11,0,2,0,2,1,0,0,0,3,12,0,1,37,3,11,1,0,0,3,1,1,11,0,0,2,1,3,12,9,39,1,24,13,0,0,8,48,14,13,12,10,3,0,2,2,2,0,0,1,0,10,9,0
6301427,2025-03-04,9,596506,Cal St. Fullerton,7,596669,San Diego St.,1,1,1,1,1,0,0,0,0,907,11580,1,33,7,13,3,0,0,7,5,1,6,0,3,0,1,8,9,11,42,1,27,10,0,0,9,37,8,1,1,1,10,0,0,0,0,0,0,0,0,7,8,0,1,34,1,8,0,0,0,1,1,2,10,0,0,0,0,7,8,9,37,0,24,10,2,0,8,42,13,7,7,5,6,0,0,0,0,1,0,0,0,8,9,0
6301428,2025-03-04,7,596538,Eastern Ky.,0,596577,Kentucky,16,1,1,1,1,0,0,0,0,1187,9600,1,24,0,2,0,0,0,0,1,0,12,0,0,0,0,6,3,4,25,1,21,5,0,0,7,41,11,16,16,4,5,0,0,3,1,0,0,0,0,4,11,0,1,33,16,11,4,1,3,16,4,4,5,0,0,1,0,4,11,4,41,1,21,5,0,0,7,25,2,0,0,1,12,0,0,0,0,0,0,0,0,6,3,0
6301429,2025-03-04,7,596421,TCU,17,596430,Air Force,6,1,1,1,1,0,0,0,0,3680,11220,1,30,17,10,1,1,2,14,11,1,7,1,0,3,0,5,5,8,43,2,21,6,0,0,7,38,4,6,2,8,12,0,2,0,1,0,0,1,0,6,3,0,1,26,6,4,0,0,0,3,8,3,12,1,0,1,0,6,3,11,38,7,18,7,0,0,6,43,10,17,11,11,7,0,1,2,3,0,0,1,0,5,5,0
6301431,2025-03-04,9,596545,Florida St.,10,596467,North Florida,1,1,1,1,1,0,0,0,0,5066,10440,1,35,10,14,4,0,2,8,7,1,9,2,0,2,1,5,9,11,45,0,27,12,0,0,9,32,4,1,1,2,6,0,0,0,0,1,0,0,0,12,7,0,1,29,1,4,2,0,0,1,2,1,6,0,0,0,1,12,7,4,32,2,24,5,1,0,8,45,14,10,8,7,9,0,2,2,2,1,0,2,0,5,9,0
6301433,2025-03-04,9,596519,UCF,13,596546,Florida,3,1,1,1,1,0,0,0,0,4204,10980,1,35,13,13,1,1,2,12,4,3,8,0,0,0,2,6,6,5,42,1,27,13,1,0,9,35,7,3,3,3,10,0,0,1,1,0,0,0,0,8,6,0,1,32,3,7,1,0,1,3,3,0,10,0,0,1,0,8,6,4,35,2,24,8,2,0,8,42,13,13,11,4,8,0,1,2,0,2,0,0,0,6,6,0
6301434,2025-03-04,9,596677,South Carolina,7,596531,Davidson,3,1,1,1,1,0,0,0,0,6612,11340,1,32,7,9,1,0,1,7,6,4,5,1,1,1,1,9,9,13,44,3,27,9,0,1,9,38,2,3,2,5,13,0,2,1,0,0,0,0,0,6,7,0,1,31,3,2,0,0,1,3,5,2,13,0,0,0,0,6,7,8,38,2,24,8,1,1,8,44,9,7,5,6,5,0,0,1,1,1,0,1,0,9,9,0
6301435,2025-03-04,9,596583,LSU,11,596629,North Dakota St.,9,1,1,1,1,0,0,0,0,9892,13200,1,34,11,10,3,0,2,9,9,0,8,0,0,0,0,7,8,8,43,3,27,9,1,1,9,43,6,9,8,6,12,0,4,0,2,0,1,0,0,8,7,0,1,32,9,6,1,1,0,5,6,4,12,0,1,2,0,8,7,7,43,1,24,8,0,2,8,43,10,11,7,9,8,0,1,2,0,0,0,0,0,7,8,0
6302729,2025-03-04,9,596647,Penn St.,7,596541,FDU,6,1,1,1,1,0,0,0,0,4049,11400,1,31,7,7,2,0,0,6,6,4,5,2,0,7,0,5,14,12,43,1,27,14,0,0,9,39,8,6,6,2,10,0,1,0,4,3,1,0,0,10,4,0,1,33,6,8,1,0,0,6,2,4,10,0,0,4,3,10,4,6,39,3,24,5,0,1,8,43,7,7,3,6,5,0,0,0,7,0,0,2,0,5,14,0
6309057,2025-03-04,9,596544,FIU,3,596600,Miami (FL),7,1,1,1,1,0,0,1,0,692,9180,1,30,3,6,2,0,0,3,1,1,9,1,1,0,0,5,12,3,34,0,27,13,0,0,9,41,8,7,7,6,8,0,0,1,2,1,0,0,0,12,5,0,1,34,7,8,0,0,1,7,6,1,8,0,0,2,1,12,5,7,41,0,27,6,1,0,9,34,6,3,3,1,9,0,0,0,0,0,0,1,0,5,12,0
6309676,2025-03-04,9,596521,Cincinnati,7,596427,Toledo,5,1,1,1,1,0,0,0,0,1057,10860,1,35,7,13,4,0,2,5,4,0,3,1,0,5,0,8,11,10,40,0,27,15,1,0,9,40,9,5,5,3,7,0,0,2,0,0,0,1,0,14,6,0,1,35,5,9,3,0,2,5,3,1,7,1,0,0,0,14,6,8,40,0,24,9,0,0,8,40,13,7,7,4,3,0,1,2,5,0,0,1,0,8,11,0
6310129,2025-03-04,7,596703,DBU,11,596641,Oklahoma,0,1,1,1,1,0,0,0,0,1178,7500,1,29,11,11,1,0,4,11,5,1,11,0,0,2,0,4,3,6,35,0,21,6,0,0,7,24,2,0,0,2,12,0,0,0,0,0,0,0,0,5,3,1,1,22,0,2,0,0,0,0,2,0,12,0,0,0,0,5,3,3,24,0,18,4,1,0,6,35,11,11,11,5,11,0,0,4,2,0,0,0,0,4,3,0
6310630,2025-03-04,8,596565,Indiana St.,4,596653,Purdue,14,1,1,1,1,0,0,0,0,1056,9840,1,31,4,6,4,1,0,4,4,1,8,0,0,0,0,11,5,8,36,0,24,14,0,0,8,45,13,14,14,4,6,0,0,2,1,0,0,0,0,13,5,0,1,36,14,13,3,0,2,14,4,4,6,0,1,1,0,13,5,7,45,1,24,12,0,0,8,36,6,4,3,4,8,0,0,0,0,0,0,0,0,11,5,0
6310751,2025-03-04,9,596665,Saint Mary's (CA),5,596672,San Jose St.,4,1,1,1,1,0,0,0,0,217,11220,1,27,5,8,1,0,2,5,6,0,1,1,2,1,1,6,15,7,36,1,27,8,1,0,9,41,8,4,3,6,11,0,0,0,1,0,1,0,0,7,8,0,1,35,4,8,1,0,0,3,6,0,11,0,0,1,0,7,8,10,41,0,24,8,1,0,8,36,8,5,5,6,1,0,0,2,1,1,0,1,0,6,15,0
6310880,2025-03-04,9,596420,Texas A&M,4,596426,UTSA,7,1,1,1,1,0,0,0,0,4922,12300,1,35,4,8,0,0,1,4,4,1,4,0,0,0,0,8,14,8,40,5,27,9,0,0,9,44,6,7,5,4,8,0,1,0,0,0,0,1,0,9,9,0,1,34,7,6,1,0,0,6,4,4,8,1,1,0,0,9,9,10,44,2,27,7,1,0,9,40,8,4,2,4,4,0,0,1,0,0,0,0,0,8,14,0
6311385,2025-03-04,,596618,Omaha,,596712,Nebraska,,1,1,0,0,0,0,0,0,,,0,0,0,0,0,0,0,0,0,0,0,0,0,0,0,0,0,0,0,0,0,0,0,0,0,0,0,0,0,0,0,0,0,0,0,0,0,0,0,0,0,0,0,0,0,0,0,0,0,0,0,0,0,0,0,0,0,0,0,0,0,0,0,0,0,0,0,0,0,0,0,0,0,0,0,0,0,0,0,0,0,0,0,0
6311976,2025-03-04,7,596438,Virginia Tech,13,596626,Norfolk St.,0,1,1,1,1,0,0,0,0,961,9660,1,24,13,9,0,1,2,10,11,3,6,1,0,2,0,4,6,8,39,0,21,2,1,0,7,32,6,0,0,5,13,0,1,0,0,0,0,0,0,2,6,0,1,27,0,6,0,0,0,0,5,0,13,0,0,0,0,2,6,11,32,1,18,5,0,1,6,39,9,13,12,11,6,0,3,2,2,0,0,1,0,4,6,0
6312178,2025-03-04,9,596639,Ohio St.,12,596717,St. John's (NY),10,1,1,1,1,0,0,0,0,506,14280,1,35,12,12,4,0,1,10,2,3,5,0,1,3,2,10,7,5,41,1,27,7,0,0,9,46,12,10,9,6,8,0,2,2,1,0,0,1,0,8,11,0,1,38,10,12,3,0,2,9,6,1,8,1,0,1,0,8,11,9,46,2,24,11,0,0,8,41,12,12,11,2,5,0,3,1,3,2,1,0,0,10,7,0
6313260,2025-03-04,9,596469,USC Upstate,0,596523,Clemson,7,1,1,1,1,0,0,1,0,2010,9600,1,34,0,9,1,0,0,0,2,0,12,0,0,0,1,5,7,9,36,0,27,12,1,0,9,39,8,7,7,9,7,0,0,4,0,2,0,0,0,8,7,0,1,29,7,8,1,1,4,7,9,0,7,0,1,0,2,8,7,5,39,1,27,7,2,0,9,36,9,0,0,2,12,0,0,0,0,1,0,0,0,5,7,0
6313438,2025-03-04,7,596721,Tennessee,22,596655,Radford,9,1,1,1,1,0,0,0,0,5070,13380,1,33,22,16,3,1,5,22,13,2,8,0,0,3,2,1,8,6,48,4,21,7,0,0,7,34,8,9,5,2,10,0,0,0,5,0,0,0,0,7,3,0,1,30,9,8,2,0,0,5,2,1,10,0,1,5,0,7,3,4,34,0,20,6,2,1,6.2,48,16,22,22,13,8,0,2,5,3,2,0,0,0,1,8,0
6314932,2025-03-04,,596608,Missouri,,596718,Southeast Mo. St.,,1,1,0,0,0,0,0,0,,,0,0,0,0,0,0,0,0,0,0,0,0,0,0,0,0,0,0,0,0,0,0,0,0,0,0,0,0,0,0,0,0,0,0,0,0,0,0,0,0,0,0,0,0,0,0,0,0,0,0,0,0,0,0,0,0,0,0,0,0,0,0,0,0,0,0,0,0,0,0,0,0,0,0,0,0,0,0,0,0,0,0,0,0
6315167,2025-03-04,9,596485,Arizona St.,7,596619,UNLV,0,1,1,1,1,0,0,0,0,2403,9900,1,33,7,14,3,0,3,6,3,1,3,2,0,2,0,8,10,7,39,0,27,7,2,0,9,37,5,0,0,5,13,0,3,0,0,0,0,0,0,7,7,0,1,31,0,5,1,0,0,0,5,0,13,0,1,0,0,7,7,10,37,1,24,11,0,0,8,39,14,7,6,3,3,0,1,3,2,0,0,2,0,8,10,0
6317939,2025-03-04,,596607,Ole Miss,,596680,Southeastern La.,,1,1,0,0,1,0,0,0,,,0,0,0,0,0,0,0,0,0,0,0,0,0,0,0,0,0,0,0,0,0,0,0,0,0,0,0,0,0,0,0,0,0,0,0,0,0,0,0,0,0,0,0,0,0,0,0,0,0,0,0,0,0,0,0,0,0,0,0,0,0,0,0,0,0,0,0,0,0,0,0,0,0,0,0,0,0,0,0,0,0,0,0,0
6355482,2025-03-04,,596434,Vanderbilt,,596709,Evansville,,1,1,0,0,1,0,0,0,,,0,0,0,0,0,0,0,0,0,0,0,0,0,0,0,0,0,0,0,0,0,0,0,0,0,0,0,0,0,0,0,0,0,0,0,0,0,0,0,0,0,0,0,0,0,0,0,0,0,0,0,0,0,0,0,0,0,0,0,0,0,0,0,0,0,0,0,0,0,0,0,0,0,0,0,0,0,0,0,0,0,0,0,0
6357741,2025-03-04,8,596425,Texas,15,596471,A&M-Corpus Christi,5,1,1,1,1,0,0,0,0,6938,12360,1,36,15,15,4,0,5,14,7,1,3,0,0,3,2,10,7,3,44,2,24,7,0,0,8,36,3,5,0,6,9,0,0,0,0,1,0,0,0,7,7,0,1,27,5,3,0,0,0,4,6,3,9,0,0,0,1,7,7,7,36,2,23,14,0,0,7.2,44,15,15,15,7,3,0,0,5,3,2,0,0,0,10,7,0
6301424,2025-03-05,9,596481,UAB,6,596489,Auburn,5,1,1,1,1,0,0,0,0,2752,12300,1,36,6,11,2,0,0,6,5,1,10,0,0,1,0,10,5,7,42,1,27,6,0,1,9,43,9,5,5,7,8,0,0,3,1,1,0,0,0,6,12,0,1,35,5,9,2,0,3,5,7,1,8,0,0,1,1,6,12,11,43,1,26,9,0,0,8.2,42,11,6,6,5,10,0,2,0,1,0,0,0,0,10,5,0
6301426,2025-03-05,7,596605,Mississippi St.,18,596719,Southern Miss.,3,1,1,1,1,0,0,0,0,8295,9240,1,38,18,21,2,0,5,16,6,0,4,0,0,1,0,8,5,8,44,1,21,11,1,0,7,28,5,3,2,3,3,0,0,0,2,0,0,1,0,8,8,0,1,24,3,5,1,0,0,3,3,0,3,1,0,2,0,8,8,4,28,3,18,7,1,0,6,44,21,18,18,6,4,0,2,5,1,0,0,0,0,8,5,0
6301438,2025-03-05,9,596546,Florida,4,596543,Fla. Atlantic,2,1,1,1,1,0,0,0,0,4808,,1,28,4,7,1,0,2,4,2,2,7,1,0,0,0,10,5,5,33,2,27,5,2,0,9,35,5,2,0,3,13,0,1,0,1,0,0,0,0,6,6,0,1,32,2,5,1,0,0,1,3,0,13,0,0,1,0,6,6,6,35,0,24,10,2,0,8,33,7,4,4,2,7,0,1,2,0,0,0,1,0,10,5,0
6301441,2025-03-05,7,596421,TCU,11,596430,Air Force,1,1,1,1,1,0,0,0,0,3717,9000,1,30,11,13,4,0,0,9,5,3,6,1,0,1,1,7,5,7,39,0,21,11,1,0,7,25,3,1,1,1,6,0,0,0,0,0,0,0,0,11,4,0,1,24,1,3,0,0,0,1,1,0,6,0,0,0,0,11,4,3,25,2,19,8,0,0,6.1,39,13,11,9,5,6,0,1,0,1,1,0,1,0,7,5,0
6301442,2025-03-05,,596712,Nebraska,,596678,South Dakota St.,,1,1,0,0,1,0,0,0,,,0,0,0,0,0,0,0,0,0,0,0,0,0,0,0,0,0,0,0,0,0,0,0,0,0,0,0,0,0,0,0,0,0,0,0,0,0,0,0,0,0,0,0,0,0,0,0,0,0,0,0,0,0,0,0,0,0,0,0,0,0,0,0,0,0,0,0,0,0,0,0,0,0,0,0,0,0,0,0,0,0,0,0,0
6301444,2025-03-05,7,596487,Arkansas,15,596630,ULM,3,1,1,1,1,0,0,0,0,8624,8700,1,28,15,9,2,0,4,14,13,2,2,0,0,1,0,8,8,8,43,0,21,6,2,0,7,27,5,3,3,1,6,0,0,1,3,0,0,0,0,6,9,0,1,26,3,5,0,0,1,3,1,0,6,0,0,3,0,6,9,3,27,2,20,8,0,0,6.2,43,9,15,14,13,2,0,2,4,1,0,1,0,0,8,8,0
6301445,2025-03-05,9,596555,Gonzaga,8,596465,Seattle U,10,1,1,1,1,0,0,0,0,263,12000,1,33,8,9,3,0,1,7,13,1,4,1,0,0,0,8,13,13,48,0,27,9,1,0,9,43,10,10,10,4,11,0,1,3,0,0,0,0,0,10,5,1,1,35,10,10,0,1,3,10,4,3,11,0,1,0,0,10,5,6,43,0,27,9,1,1,9,48,9,8,7,13,4,0,0,1,0,0,0,1,0,8,13,0
6301451,2025-03-05,,596577,Kentucky,,596538,Eastern Ky.,,1,1,0,0,1,0,0,0,,,0,0,0,0,0,0,0,0,0,0,0,0,0,0,0,0,0,0,0,0,0,0,0,0,0,0,0,0,0,0,0,0,0,0,0,0,0,0,0,0,0,0,0,0,0,0,0,0,0,0,0,0,0,0,0,0,0,0,0,0,0,0,0,0,0,0,0,0,0,0,0,0,0,0,0,0,0,0,0,0,0,0,0,0
6301453,2025-03-05,9,596545,Florida St.,9,596494,Bethune-Cookman,7,1,1,1,1,0,0,0,0,4148,10920,1,33,9,10,3,0,1,9,6,2,8,1,0,2,0,4,12,9,42,2,27,7,0,0,9,44,12,7,7,3,13,0,2,3,2,0,0,0,0,5,8,0,1,40,7,12,1,0,3,7,3,1,13,0,0,2,0,5,8,10,44,0,24,4,1,0,8,42,10,9,9,6,8,0,3,1,2,0,0,1,0,4,12,0
6301455,2025-03-05,9,596499,BYU,5,596720,Stetson,6,1,1,1,1,0,0,0,0,1215,12900,1,37,5,10,3,0,0,5,5,1,12,0,0,1,0,7,8,11,43,2,27,11,0,0,9,41,9,6,5,4,6,0,0,1,0,1,0,0,0,9,10,0,1,35,6,9,2,2,1,5,4,1,6,0,1,0,1,9,10,8,41,1,27,7,1,0,9,43,10,5,5,5,12,0,1,0,1,0,0,0,0,7,8,0
6301458,2025-03-05,9,596480,Alabama,3,596429,Troy,1,1,1,1,1,0,0,0,0,2990,12780,1,30,3,6,1,0,1,3,2,1,2,0,0,0,0,14,8,6,33,0,27,14,0,0,9,35,7,1,1,1,8,0,1,0,0,0,0,0,0,13,5,0,1,32,1,7,1,0,0,1,1,1,8,0,1,0,0,13,5,7,35,0,24,12,1,0,8,33,6,3,3,2,2,0,0,1,0,0,0,0,0,14,8,0
6301463,2025-03-05,7,596583,LSU,13,596629,North Dakota St.,3,1,1,1,1,0,0,0,0,10446,9540,1,26,13,10,0,0,2,13,6,3,5,1,0,3,1,4,8,5,36,0,21,4,0,0,7,36,4,3,3,7,10,0,3,0,0,0,0,0,0,5,6,0,1,25,3,4,0,0,0,2,7,4,10,0,0,0,0,5,6,12,36,0,18,6,0,0,6,36,10,13,13,6,5,0,0,2,3,1,0,1,0,4,8,0
6301465,2025-03-05,9,596522,The Citadel,1,596677,South Carolina,9,1,1,1,1,0,0,0,0,4937,10320,1,28,1,5,0,1,0,1,4,0,8,1,0,2,1,7,9,5,33,2,27,11,2,1,9,45,13,9,8,3,8,0,1,2,2,0,0,0,0,12,7,0,1,40,9,13,5,1,2,9,3,0,8,0,2,2,0,12,7,9,45,0,27,10,0,0,9,33,5,1,1,4,8,0,0,0,2,1,0,1,0,7,9,0
6310337,2025-03-05,,596569,Iowa,,596417,St. Thomas (MN),,1,1,0,0,1,0,0,0,,,0,0,0,0,0,0,0,0,0,0,0,0,0,0,0,0,0,0,0,0,0,0,0,0,0,0,0,0,0,0,0,0,0,0,0,0,0,0,0,0,0,0,0,0,0,0,0,0,0,0,0,0,0,0,0,0,0,0,0,0,0,0,0,0,0,0,0,0,0,0,0,0,0,0,0,0,0,0,0,0,0,0,0,0
6310881,2025-03-05,9,596420,Texas A&M,6,596422,Texas Southern,2,1,1,1,1,0,0,0,0,4792,10920,1,29,6,7,2,0,0,6,8,1,2,1,0,3,0,8,13,9,39,0,27,11,1,0,9,37,6,2,2,2,7,0,0,2,0,0,0,0,0,11,9,0,1,31,2,6,0,0,2,2,2,2,7,0,2,0,0,11,9,8,37,1,24,8,0,0,8,39,7,6,5,8,2,0,1,0,3,0,0,1,0,8,13,0
6311975,2025-03-05,7,596438,Virginia Tech,15,596626,Norfolk St.,5,1,1,1,1,0,0,0,0,1002,8880,1,24,15,10,3,0,2,12,13,0,1,2,0,8,0,6,9,6,39,0,21,4,2,1,7,31,7,5,5,2,8,0,1,0,1,0,0,0,0,7,6,0,1,28,5,7,3,0,0,4,2,1,8,0,0,1,0,7,6,5,31,1,18,5,0,1,6,39,10,15,13,13,1,0,2,2,8,0,1,2,0,6,9,0
6313130,2025-03-05,8,596600,Miami (FL),12,596435,Villanova,2,1,1,1,1,0,0,0,0,2538,10140,1,37,12,15,5,0,5,12,3,0,4,1,0,0,0,8,10,6,41,1,24,9,1,0,8,32,6,2,1,2,11,0,0,0,2,0,2,0,0,9,3,0,1,29,2,6,0,0,0,2,2,1,11,0,0,2,0,9,3,6,32,2,23,8,0,1,7.2,41,15,12,10,3,4,0,0,5,0,0,0,1,0,8,10,0
6313243,2025-03-05,9,596523,Clemson,11,596464,Presbyterian,2,1,1,1,1,0,0,0,0,4129,10560,1,35,11,12,2,1,0,10,6,4,5,1,0,0,1,8,9,11,46,0,27,13,1,1,9,35,7,2,2,2,5,0,1,1,0,0,0,0,0,11,10,0,1,33,2,7,1,0,1,2,2,0,5,0,0,0,0,11,10,6,35,2,24,10,1,0,8,46,12,11,9,6,5,0,0,0,0,1,1,1,0,8,9,0
6315596,2025-03-05,9,596721,Tennessee,13,596454,Xavier,1,1,1,1,1,0,0,0,0,4726,10980,1,37,13,13,3,0,2,13,7,0,11,1,0,0,0,4,9,8,45,0,27,8,0,0,9,40,7,1,1,3,13,0,1,1,0,0,0,0,0,4,9,0,1,33,1,7,3,0,1,1,3,4,13,0,0,0,0,4,9,12,40,2,24,3,0,0,8,45,13,13,11,7,11,0,2,2,0,0,1,1,0,4,9,0
6354731,2025-03-05,10,596607,Ole Miss,8,596612,Murray St.,7,1,1,1,1,0,0,0,0,8504,13080,1,39,8,12,3,0,2,8,7,0,7,0,0,1,0,9,11,7,46,1,30,9,0,0,10,51,13,7,2,7,13,0,0,0,0,1,0,0,0,7,9,0,1,43,7,13,3,0,0,6,7,1,13,0,0,0,1,7,9,13,51,0,28,11,0,0,9.1,46,12,8,8,7,7,0,1,2,1,0,0,0,0,9,11,0
6355483,2025-03-05,7,596434,Vanderbilt,14,596662,St. Bonaventure,1,1,1,1,1,0,0,0,0,3064,10800,1,27,14,11,1,0,0,13,9,3,10,1,0,4,1,3,3,7,40,0,21,7,0,0,7,29,5,1,1,4,13,0,0,1,1,1,0,0,0,2,3,0,1,23,1,5,0,0,1,1,4,2,13,0,0,1,1,2,3,7,29,1,18,8,0,0,6,40,11,14,14,9,10,0,4,0,4,1,0,1,0,3,3,0
6356888,2025-03-05,9,596554,Georgia,16,596552,Georgia St.,10,1,1,1,1,0,0,0,0,910,14340,1,42,16,18,3,0,5,16,6,6,11,0,0,1,0,8,5,14,54,3,27,10,0,0,9,50,14,10,9,8,12,0,1,2,1,1,0,0,0,8,6,0,1,42,10,14,4,0,2,10,8,0,12,0,0,1,1,8,6,13,50,1,24,6,1,2,8,54,18,16,16,6,11,0,2,5,1,0,2,0,0,8,5,0
6364656,2025-03-05,8,596597,Memphis,13,596488,Little Rock,3,1,1,1,1,0,0,0,0,453,10020,1,31,13,11,3,1,3,12,9,0,7,0,0,4,1,8,5,5,40,0,24,10,1,0,8,33,6,3,3,3,7,0,2,0,1,0,0,0,0,9,7,0,1,28,3,6,2,0,0,3,3,1,7,0,1,1,0,9,7,6,33,1,22,9,1,0,7.1,40,11,13,12,9,7,0,1,3,4,1,0,0,0,8,5,0
6301466,2025-03-06,9,596575,Kansas,4,596452,Milwaukee,3,1,1,1,1,0,0,0,0,786,9060,1,35,4,9,1,0,1,3,4,4,7,0,1,0,0,9,8,12,44,1,27,12,2,0,9,34,4,3,2,2,10,0,1,0,0,0,0,0,0,11,6,1,1,31,3,4,2,0,0,2,2,1,10,0,0,0,0,11,6,4,34,5,26,11,0,1,8.2,44,9,4,3,4,7,0,1,1,0,0,0,0,0,9,8,0
6301467,2025-03-06,9,596499,BYU,10,596720,Stetson,2,1,1,1,1,0,0,0,0,1149,10920,1,32,10,13,5,0,1,10,8,0,7,1,0,1,2,5,8,7,41,2,27,12,1,0,9,36,4,2,1,4,12,0,0,0,1,0,0,0,0,12,1,0,1,31,2,4,1,0,0,1,4,1,12,0,0,1,0,12,1,7,36,0,24,9,2,0,8,41,13,10,10,8,7,0,1,1,1,2,0,1,0,5,8,0
6301468,2025-03-06,,596669,San Diego St.,,596631,Northeastern,,1,1,0,0,0,0,0,0,,,0,0,0,0,0,0,0,0,0,0,0,0,0,0,0,0,0,0,0,0,0,0,0,0,0,0,0,0,0,0,0,0,0,0,0,0,0,0,0,0,0,0,0,0,0,0,0,0,0,0,0,0,0,0,0,0,0,0,0,0,0,0,0,0,0,0,0,0,0,0,0,0,0,0,0,0,0,0,0,0,0,0,0,0
6301469,2025-03-07,9,596605,Mississippi St.,9,596696,Queens (NC),3,1,1,1,1,0,0,0,0,10388,10500,1,33,9,10,3,0,2,9,5,5,5,0,1,0,0,9,9,11,44,1,27,6,0,0,9,35,6,3,3,2,16,0,0,0,1,0,1,1,0,5,6,0,1,31,3,6,1,0,0,2,2,0,16,1,1,1,0,5,6,5,35,2,24,8,1,0,8,44,10,9,9,5,5,0,0,2,0,0,0,0,0,9,9,0
6301470,2025-03-07,9,596600,Miami (FL),2,596526,UConn,7,1,1,1,1,0,0,0,0,2965,12120,1,32,2,7,0,0,0,2,6,0,7,0,0,2,0,10,8,9,38,2,27,10,2,0,9,43,7,7,7,6,10,0,1,1,1,0,0,0,0,9,7,0,1,35,7,7,1,0,1,7,6,2,10,0,0,1,0,9,7,9,43,0,27,10,0,0,9,38,7,2,2,6,7,0,0,0,2,0,0,0,0,10,8,0
6301476,2025-03-07,7,596546,Florida,12,596556,Harvard,0,1,1,1,1,0,0,0,0,7365,7680,1,29,12,12,4,1,0,12,3,2,5,1,1,1,0,6,7,6,36,0,21,6,0,0,7,26,4,0,0,2,12,0,1,0,1,0,0,0,0,5,3,0,1,24,0,4,0,0,0,0,2,0,12,0,0,1,0,5,3,5,26,0,18,5,1,0,6,36,12,12,12,3,5,0,0,0,1,0,0,1,0,6,7,0
6301489,2025-03-07,10,596593,Maryland,6,596514,UCLA,12,1,1,1,1,0,0,0,1,1086,13740,1,38,6,9,2,0,3,5,6,1,11,0,1,0,0,7,11,10,46,0,30,9,0,0,10,49,12,12,12,8,13,0,0,2,2,0,0,0,0,8,8,0,1,41,12,12,2,0,2,12,8,0,13,0,0,2,0,8,8,7,49,1,30,7,0,1,10,46,9,6,6,6,11,0,1,3,0,0,0,0,0,7,11,0
6301496,2025-03-07,7,596487,Arkansas,20,596650,Portland,3,1,1,1,1,0,0,0,0,9982,7680,1,31,20,13,2,1,5,19,6,3,7,0,0,2,0,8,3,2,40,0,21,8,0,0,7,32,6,3,3,3,8,0,1,0,0,0,0,0,0,6,7,0,1,27,3,6,0,1,0,3,3,2,8,0,0,0,0,6,7,8,32,2,18,9,0,0,6,40,13,20,19,6,7,0,0,5,2,0,0,0,0,8,3,0
6301498,2025-03-07,9,596575,Kansas,21,596452,Milwaukee,3,1,1,1,1,0,0,0,0,912,12420,1,48,21,25,3,2,5,21,7,3,7,1,0,0,0,5,12,14,59,1,27,6,0,0,9,42,7,3,3,8,14,0,0,2,0,0,0,0,0,6,6,0,1,34,3,7,2,0,2,3,8,0,14,0,0,0,0,6,6,12,42,0,24,5,1,0,8,59,25,21,21,7,7,0,4,5,0,0,0,1,0,5,12,0
6301501,2025-03-07,9,596554,Georgia,14,596525,Columbia,5,1,1,1,1,0,0,0,0,1154,11520,1,37,14,13,3,0,5,14,8,2,6,0,0,3,0,9,8,8,47,0,27,16,0,0,9,37,7,5,5,4,8,0,0,2,0,0,0,0,0,15,3,0,1,33,5,7,0,0,2,5,4,0,8,0,0,0,0,15,3,5,37,2,24,11,1,1,8,47,13,14,14,8,6,0,1,5,3,0,0,0,0,9,8,0
6301503,2025-03-07,9,596488,Little Rock,3,596470,Belmont,6,1,1,1,1,0,0,0,0,227,10380,1,32,3,8,1,1,2,3,1,1,11,0,0,0,2,7,4,3,34,1,27,8,2,0,9,40,11,6,6,2,9,0,1,0,4,0,1,0,0,7,9,0,1,36,6,11,3,0,0,6,2,1,9,0,1,4,0,7,9,7,40,2,27,12,2,0,9,34,8,3,3,1,11,0,0,2,0,2,0,0,0,7,4,0
6301510,2025-03-07,9,596421,TCU,9,596707,Fresno St.,4,1,1,1,1,0,0,0,0,4437,9420,1,38,9,16,4,0,1,9,1,1,5,1,0,1,0,10,7,7,41,1,27,12,0,0,9,38,8,4,2,2,5,0,0,1,1,0,0,0,0,13,8,0,1,35,4,8,2,0,1,4,2,1,5,0,0,1,0,13,8,7,38,2,24,13,1,0,8,41,16,9,8,1,5,0,1,1,1,0,0,1,0,10,7,0
6301511,2025-03-07,7,596577,Kentucky,12,596704,Wofford,2,1,1,1,1,0,0,0,0,2456,8700,1,26,12,11,2,0,2,10,3,2,4,1,1,2,0,6,6,3,33,0,21,4,1,0,7,30,6,2,1,4,5,0,0,0,0,1,0,0,0,3,12,0,1,26,2,6,0,0,0,2,4,0,5,0,0,0,1,3,12,7,30,1,18,8,0,0,6,33,11,12,11,3,4,0,3,2,2,0,0,1,0,6,6,0
6301517,2025-03-07,9,596523,Clemson,7,596531,Davidson,4,1,1,1,1,0,0,0,0,4931,11160,1,31,7,9,0,0,1,7,6,3,3,2,0,0,0,7,13,10,42,2,27,7,0,0,9,42,9,4,4,3,14,0,2,0,2,0,0,0,0,7,6,0,1,38,4,9,1,0,0,4,3,1,14,0,0,2,0,7,6,11,42,2,24,9,0,0,8,42,9,7,6,6,3,0,2,1,0,0,0,2,0,7,13,0
6301518,2025-03-07,7,596441,Wake Forest,19,596637,Notre Dame,5,1,1,1,1,0,0,0,1,1611,9720,1,32,19,16,5,0,1,18,6,3,6,2,0,2,0,4,8,6,43,0,21,4,0,0,7,29,3,5,5,5,17,0,1,3,0,0,0,0,0,3,1,0,1,24,5,3,0,0,3,5,5,0,17,0,0,0,0,3,1,3,29,0,18,2,1,1,6,43,16,19,19,6,6,0,2,1,2,0,0,2,0,4,8,0
6301523,2025-03-07,9,596522,The Citadel,4,596636,Northwestern,2,1,1,1,1,0,0,0,0,507,9960,1,32,4,9,0,0,1,3,4,3,4,0,1,3,1,10,8,12,40,1,27,10,1,0,9,34,6,2,1,3,8,0,1,0,0,1,0,1,0,9,8,0,1,30,2,6,0,1,0,1,3,0,8,1,0,0,1,9,8,4,34,3,24,13,0,0,8,40,9,4,4,4,4,0,0,1,3,1,0,0,0,10,8,0
6301524,2025-03-07,9,596462,Grand Canyon,12,596423,Texas Tech,5,1,1,1,1,0,0,0,0,479,11400,1,36,12,12,3,1,0,11,5,2,9,0,1,0,0,7,8,8,44,2,27,8,1,0,9,39,10,5,5,1,8,0,0,0,2,0,0,0,0,12,7,0,1,38,5,10,1,1,0,5,1,0,8,0,0,2,0,12,7,7,39,1,24,9,0,0,8,44,12,12,11,5,9,0,2,0,0,0,0,0,0,7,8,0
6301525,2025-03-07,9,596476,California Baptist,10,596430,Air Force,3,1,1,1,1,0,0,0,0,367,10200,1,33,10,13,4,1,1,9,7,2,7,1,0,4,2,3,11,8,43,2,27,4,0,1,9,40,8,3,1,5,15,0,0,0,5,0,0,1,0,5,8,0,1,34,3,8,0,0,0,2,5,0,15,1,0,5,0,5,8,10,40,1,24,7,0,2,8,43,13,10,8,7,7,0,0,1,4,2,0,1,0,3,11,0
6301528,2025-03-07,9,596669,San Diego St.,4,596631,Northeastern,10,1,1,1,1,0,0,0,0,908,12480,1,34,4,7,3,1,0,3,8,1,10,0,0,1,0,11,5,12,43,0,27,8,1,0,9,48,12,10,10,5,13,0,2,2,11,0,0,0,0,8,6,0,1,39,10,12,1,1,2,10,5,4,13,0,0,11,0,8,6,11,48,1,27,11,0,0,9,43,7,4,3,8,10,0,0,0,1,0,0,0,0,11,5,0
6301529,2025-03-07,9,596521,Cincinnati,13,596517,Canisius,5,1,1,1,1,0,0,0,0,354,12180,1,32,13,15,5,1,0,12,9,2,8,4,0,3,1,5,9,8,47,1,27,11,1,0,9,40,8,5,5,6,9,0,0,1,3,1,0,0,0,9,7,0,1,34,5,8,3,0,1,5,6,0,9,0,0,3,1,9,7,8,40,1,24,5,1,0,8,47,15,13,12,9,8,0,0,0,3,1,0,4,0,5,9,0
6301531,2025-03-07,9,596647,Penn St.,15,596566,Indiana,9,1,1,1,1,0,0,0,1,0,11880,1,37,15,13,2,0,4,15,6,1,9,0,0,1,0,3,11,5,44,0,27,5,1,0,9,47,11,9,9,8,14,0,2,3,2,0,0,0,0,4,8,0,1,37,9,11,4,0,3,9,8,2,14,0,0,2,0,4,8,11,47,1,24,4,1,0,8,44,13,15,15,6,9,0,0,4,1,0,1,0,0,3,11,0
6301534,2025-03-07,9,596519,UCF,17,596609,Monmouth,1,1,1,1,1,0,0,0,0,1820,10380,1,44,17,21,2,0,3,16,3,3,5,2,0,5,0,5,13,11,52,0,27,10,1,0,9,34,8,1,1,1,10,0,0,0,0,0,0,0,0,8,7,0,1,33,1,8,2,0,0,1,1,0,10,0,0,0,0,8,7,6,34,2,24,4,2,0,8,52,21,17,14,3,5,0,1,3,5,0,0,2,0,5,13,0
6301536,2025-03-07,9,596485,Arizona St.,11,596555,Gonzaga,1,1,1,1,1,0,0,0,0,3016,10200,1,34,11,11,5,0,1,10,12,3,10,0,0,2,1,4,9,14,49,0,27,7,0,0,9,32,3,1,1,1,9,0,0,0,1,0,0,0,0,9,9,0,1,30,1,3,1,0,0,1,1,1,9,0,0,1,0,9,9,4,32,0,24,4,0,2,8,49,11,11,11,12,10,0,0,1,2,1,0,0,0,4,9,0
6301538,2025-03-07,9,596425,Texas,4,596673,Santa Clara,2,1,1,1,1,0,0,0,0,7292,11520,1,29,4,7,4,0,1,4,8,1,8,0,0,3,1,4,10,11,38,0,27,13,2,0,9,36,5,2,2,3,12,0,1,0,0,0,0,0,0,15,0,0,1,32,2,5,1,0,0,2,3,1,12,0,0,0,0,15,0,7,36,1,24,6,0,0,8,39,7,4,4,8,8,0,0,1,3,1,0,0,0,4,10,0
6301539,2025-03-07,9,596607,Ole Miss,7,596571,Jacksonville St.,4,1,1,1,1,0,0,0,0,8827,10560,1,33,7,10,2,0,4,7,3,1,9,0,0,0,0,7,7,6,37,0,27,10,0,0,9,40,6,4,4,6,13,0,0,1,1,0,0,0,0,7,5,0,1,30,4,6,2,0,1,4,6,3,13,0,1,1,0,7,5,9,40,0,24,8,1,0,8,37,10,7,7,3,9,0,1,4,0,0,1,0,0,7,7,0
6301540,2025-03-07,7,596583,LSU,13,596475,North Ala.,2,1,1,1,1,0,0,0,0,10747,9000,1,32,13,13,2,0,6,13,6,0,3,0,0,1,0,5,10,7,38,0,21,3,0,0,7,27,5,2,2,1,11,0,1,1,1,0,0,1,0,4,6,0,1,25,2,5,0,0,1,2,1,0,11,1,0,1,0,4,6,4,27,3,18,5,0,0,6,38,13,13,12,6,3,0,1,6,1,0,0,0,0,5,10,0
6301542,2025-03-07,9,596641,Oklahoma,6,596667,Sam Houston,5,1,1,1,1,0,0,0,0,2236,11100,1,35,6,12,6,0,1,6,0,1,5,0,0,1,0,6,11,5,36,1,27,8,0,0,9,37,5,5,4,5,15,0,0,0,2,0,0,1,0,7,3,0,1,29,5,5,2,1,0,5,5,1,15,1,1,2,0,7,3,5,37,1,24,5,1,0,8,36,12,6,4,0,5,0,0,1,1,0,0,0,0,6,11,0
6301543,2025-03-07,,596546,Florida,,596556,Harvard,,1,1,0,0,0,0,0,0,,,0,0,0,0,0,0,0,0,0,0,0,0,0,0,0,0,0,0,0,0,0,0,0,0,0,0,0,0,0,0,0,0,0,0,0,0,0,0,0,0,0,0,0,0,0,0,0,0,0,0,0,0,0,0,0,0,0,0,0,0,0,0,0,0,0,0,0,0,0,0,0,0,0,0,0,0,0,0,0,0,0,0,0,0
6301546,2025-03-07,9,596677,South Carolina,11,596610,Morehead St.,7,1,1,1,1,0,0,0,0,6522,9960,1,37,11,13,5,0,1,10,4,0,6,0,0,2,0,8,9,6,41,2,27,7,0,0,9,44,12,7,6,4,13,0,0,0,1,0,0,0,0,7,5,0,1,39,7,12,1,1,0,7,4,1,13,0,0,1,0,7,5,10,44,1,24,8,2,0,8,41,13,11,11,4,6,0,3,1,2,0,0,0,0,8,9,0
6301581,2025-03-07,9,596521,Cincinnati,7,596517,Canisius,0,1,1,1,1,0,0,0,0,500,10140,1,35,7,12,3,1,0,7,5,1,12,1,0,5,0,3,9,11,42,0,27,10,0,0,9,37,8,0,0,4,13,0,0,0,0,1,0,0,0,7,4,0,1,32,0,8,0,0,0,0,4,1,13,0,0,0,1,7,4,10,37,1,24,3,2,0,8,42,12,7,7,5,12,0,1,0,5,0,0,1,0,3,9,0
6301607,2025-03-07,8,596647,Penn St.,6,596566,Indiana,17,1,1,1,1,0,0,0,1,680,11340,1,31,6,6,2,0,0,5,2,1,8,1,0,0,0,9,7,5,35,0,24,11,0,1,8,55,22,17,17,7,5,0,1,2,0,0,0,1,0,10,8,0,1,44,17,22,7,0,2,17,7,3,5,1,0,0,0,10,8,14,55,2,24,8,1,0,8,35,6,6,3,2,8,0,1,0,0,0,0,1,0,9,7,0
6307827,2025-03-07,9,596489,Auburn,10,596642,Old Dominion,4,1,1,1,1,0,0,0,0,4956,12420,1,35,10,12,2,0,1,10,9,3,9,0,0,3,0,9,5,13,47,0,27,12,1,0,9,39,11,4,4,3,9,0,0,1,0,0,0,0,0,13,4,0,1,36,4,11,2,0,1,4,3,0,9,0,0,0,0,13,4,8,39,1,24,10,2,0,8,47,12,10,10,9,9,0,1,1,3,0,0,0,0,9,5,0
6307991,2025-03-07,9,596671,San Francisco,6,596620,Nevada,7,1,1,1,1,0,0,0,0,291,9960,1,29,6,4,2,0,1,5,3,2,7,0,1,0,0,8,9,3,35,0,27,16,1,0,9,41,13,7,7,4,6,0,0,1,0,1,0,0,0,7,9,0,1,35,7,13,2,0,1,7,4,2,6,0,0,0,1,7,9,6,41,2,27,10,1,0,9,35,4,6,4,3,7,0,0,1,0,0,0,0,0,8,9,0
6308763,2025-03-07,9,596604,Minnesota,3,596653,Purdue,6,1,1,1,1,0,0,0,1,0,,1,32,3,7,0,0,0,3,8,0,5,0,0,1,0,7,13,10,40,1,27,13,2,0,9,38,10,6,6,1,6,0,1,1,3,1,0,1,0,12,6,0,1,32,6,10,3,0,1,5,1,3,6,1,1,3,1,12,6,5,38,1,27,8,1,0,9,40,7,3,2,8,5,0,1,0,1,0,0,0,0,7,13,0
6309296,2025-03-07,7,596480,Alabama,10,596464,Presbyterian,0,1,1,1,1,0,0,0,0,3367,8520,1,31,10,11,3,0,0,9,5,2,5,1,1,0,0,4,11,7,40,0,21,7,0,0,7,27,5,0,0,1,11,0,0,0,0,0,0,0,0,6,4,0,1,26,0,5,1,0,0,0,1,0,11,0,0,0,0,6,4,6,27,3,20,4,0,0,6.2,40,11,10,7,5,5,0,1,0,0,0,0,1,0,4,11,0
6310342,2025-03-07,9,596660,Rutgers,5,596569,Iowa,4,1,1,1,1,0,0,0,1,325,9600,1,28,5,7,1,0,1,3,3,2,2,0,2,0,1,17,3,6,35,0,27,8,1,0,9,40,4,4,4,6,9,0,1,1,0,0,0,0,0,8,10,0,1,30,4,4,0,0,1,4,6,3,9,0,1,0,0,8,10,9,40,2,24,19,0,0,8,35,7,5,4,3,2,0,0,1,0,1,0,0,0,17,3,0
6310429,2025-03-07,9,596545,Florida St.,10,596472,Lipscomb,1,1,1,1,1,0,0,0,0,4435,9060,1,34,10,10,3,0,2,9,7,1,13,0,0,1,0,5,6,8,42,1,27,9,0,0,9,34,7,1,1,1,15,0,1,1,2,2,0,0,0,3,5,0,1,31,1,7,1,0,1,1,1,2,15,0,0,2,2,3,5,5,34,0,24,4,3,2,8,42,10,10,9,7,13,0,0,2,1,0,0,0,0,5,6,0
6310614,2025-03-07,9,596515,UC Riverside,5,596557,Hawaii,17,1,1,1,1,0,0,0,1,202,13800,1,36,5,13,2,0,0,3,6,0,9,0,0,2,2,7,6,9,42,1,27,8,2,0,9,53,15,17,16,12,9,0,5,1,4,1,0,1,0,6,9,0,1,39,17,15,2,1,1,14,12,1,9,1,0,4,1,6,9,9,53,2,27,12,1,0,9,42,13,5,4,6,9,0,1,0,2,2,0,0,0,7,6,0
6310752,2025-03-07,9,596672,San Jose St.,2,596432,Utah,1,1,1,1,1,0,0,0,0,367,8160,1,28,2,6,1,1,0,2,1,0,8,1,0,0,0,6,9,4,30,0,27,11,0,0,9,34,4,1,1,2,6,0,0,1,1,0,0,0,0,14,7,0,1,30,1,4,0,0,1,1,2,1,6,0,1,1,0,14,7,6,34,0,24,7,0,0,8,30,6,2,2,1,8,0,1,0,0,0,0,1,0,6,9,0
6310882,2025-03-07,7,596420,Texas A&M,19,596622,New Mexico St.,0,1,1,1,1,0,0,0,0,5677,8700,1,35,19,18,5,0,3,18,7,1,4,1,0,1,0,6,7,7,44,0,21,9,1,0,7,26,3,0,0,2,7,0,0,0,0,0,0,0,0,7,6,0,1,23,0,3,0,0,0,0,2,1,7,0,0,0,0,7,6,5,26,2,18,7,1,0,6,44,18,19,16,7,4,0,1,3,1,0,0,1,0,6,7,0
6310914,2025-03-07,7,596665,Saint Mary's (CA),1,596619,UNLV,11,1,1,1,1,0,0,1,0,0,8460,1,23,1,3,0,0,0,1,3,2,5,0,0,0,1,6,9,6,28,3,21,10,0,1,7,40,17,11,9,3,7,0,1,0,1,1,0,0,0,6,5,0,1,37,11,17,3,0,0,9,3,0,7,0,0,1,1,6,5,7,40,1,21,5,1,0,7,28,3,1,0,3,5,0,0,0,0,1,0,0,0,6,9,0
6311484,2025-03-07,13,596608,Missouri,7,596495,Binghamton,8,1,1,1,1,0,0,0,0,1348,15840,1,46,7,14,3,1,0,5,6,3,9,1,2,0,2,13,13,13,58,1,39,15,0,0,13,58,13,8,8,4,13,0,1,0,0,0,0,0,0,16,9,1,1,52,8,13,1,1,0,8,4,2,13,0,0,0,0,16,9,11,58,2,39,18,1,1,13,59,14,7,7,6,9,0,2,0,0,2,1,1,0,13,13,0
6311838,2025-03-07,9,596442,Washington St.,6,596465,Seattle U,4,1,1,1,1,0,0,0,0,893,10380,1,31,6,10,2,0,0,5,4,2,5,1,1,1,0,9,8,9,39,2,27,11,1,0,9,39,8,4,2,3,7,0,0,0,0,1,0,0,0,11,8,0,1,36,4,8,2,0,0,4,3,0,7,0,0,0,1,11,8,8,39,2,24,11,0,0,8,39,10,6,5,4,5,0,3,0,1,0,0,1,0,9,8,0
6312961,2025-03-07,7,596426,UTSA,12,596422,Texas Southern,2,1,1,1,1,0,0,0,0,537,7980,1,33,12,14,1,0,3,10,3,3,0,0,0,2,0,6,11,9,39,1,21,6,0,0,7,26,6,2,1,1,12,0,0,0,1,1,0,0,0,2,5,0,1,25,2,6,0,0,0,1,1,0,12,0,0,1,1,2,5,3,26,2,18,7,0,0,6,39,14,12,10,3,0,0,2,3,2,0,0,0,0,6,11,0
6313118,2025-03-07,9,596700,Tarleton St.,10,596623,New Mexico,4,1,1,1,1,0,0,0,0,410,10020,1,33,10,10,0,3,1,10,4,1,7,2,0,4,1,5,10,5,40,0,27,13,0,0,9,40,10,4,4,1,11,0,0,2,1,0,0,0,0,14,2,0,1,36,4,10,4,0,2,4,1,2,11,0,1,1,0,14,2,9,40,3,24,8,0,0,8,40,10,10,9,4,7,0,0,1,4,1,1,2,0,5,10,0
6314249,2025-03-07,9,596614,North Carolina,9,596688,Stanford,13,1,1,1,1,0,0,0,1,3075,13500,1,39,9,12,2,0,0,9,6,1,9,0,0,1,0,8,10,10,46,1,27,6,0,0,9,45,10,13,8,5,11,0,0,2,0,0,0,1,0,5,11,0,1,36,13,10,4,0,2,13,5,2,11,1,1,0,0,5,11,5,45,1,27,9,0,0,9,46,12,9,8,6,9,0,1,0,1,0,0,0,0,8,10,0
6315599,2025-03-07,7,596434,Vanderbilt,15,596454,Xavier,3,1,1,1,1,0,0,0,0,3254,8880,1,32,15,12,3,0,3,15,4,2,4,1,0,2,0,8,8,4,39,0,21,2,0,0,7,26,4,3,3,1,12,0,0,2,1,0,0,0,0,3,6,0,1,25,3,4,0,0,2,3,1,0,12,0,0,1,0,3,6,2,26,1,20,6,0,0,6.2,39,12,15,12,4,4,0,0,3,2,0,1,1,0,8,8,0
6316474,2025-03-07,9,596721,Tennessee,12,596662,St. Bonaventure,0,1,1,1,1,0,0,0,0,5468,10980,1,32,12,11,3,0,4,12,7,1,5,1,0,1,0,7,10,5,41,0,27,7,1,0,9,31,0,0,0,4,16,0,0,0,1,0,0,0,0,6,5,0,1,27,0,0,0,0,0,0,4,0,16,0,0,1,0,6,5,4,31,2,24,8,0,0,8,41,11,12,11,7,5,0,0,4,1,0,0,1,0,7,10,0
6316542,2025-03-07,9,596639,Ohio St.,7,596433,Valparaiso,10,1,1,1,1,0,0,0,0,453,12480,1,35,7,9,4,0,1,7,3,1,6,0,0,0,1,10,10,5,39,2,27,10,0,0,9,50,13,10,8,9,9,0,2,0,0,0,0,0,0,8,7,0,1,37,10,13,1,0,0,8,9,3,9,0,1,0,0,8,7,13,50,1,27,10,2,0,9,39,9,7,7,3,6,0,0,1,0,1,0,0,0,10,10,0
6317348,2025-03-07,9,596438,Virginia Tech,3,596553,Georgia Tech,4,1,1,1,1,0,0,0,1,479,12840,1,32,3,4,2,0,1,3,3,1,9,0,0,2,1,6,11,5,36,1,27,10,0,0,9,42,9,4,3,7,9,0,1,0,6,1,0,0,0,7,10,0,1,35,4,9,0,0,0,4,7,0,9,0,0,6,1,7,10,11,42,2,27,7,0,0,9,36,4,3,2,3,9,0,0,1,2,1,0,0,0,6,11,0
6317414,2025-03-07,9,596439,Virginia,4,596496,Boston College,7,1,1,1,1,0,0,0,1,4595,11580,1,36,4,9,1,1,1,4,3,1,5,0,0,0,0,11,10,9,40,1,27,10,0,0,9,39,9,7,6,5,11,0,1,1,2,1,0,1,0,6,7,0,1,32,7,9,2,0,1,7,5,0,11,1,0,2,1,6,7,5,38,1,27,12,2,0,9,40,9,4,4,3,5,0,0,1,0,0,0,0,0,11,10,1
6301521,2025-03-08,9,596499,BYU,5,596720,Stetson,4,1,1,1,1,0,0,0,0,1209,10800,1,34,5,10,2,0,0,5,4,0,9,1,1,2,0,8,8,8,40,1,27,9,0,0,9,40,8,4,3,4,10,0,0,0,2,1,0,1,0,9,6,0,1,32,4,8,2,0,0,3,4,2,10,1,1,2,1,9,6,8,40,1,25,8,1,0,8.1,40,10,5,5,4,9,0,1,0,2,0,0,1,0,8,8,0
6301548,2025-03-08,9,596605,Mississippi St.,10,596696,Queens (NC),2,1,1,1,1,0,0,0,0,10456,8700,1,38,10,14,4,0,3,9,1,2,4,0,0,4,0,7,13,7,41,0,27,11,0,0,9,32,3,2,2,3,7,0,0,0,0,0,0,0,0,13,6,0,1,29,2,3,0,1,0,1,3,0,7,0,0,0,0,13,6,4,32,1,24,7,1,0,8,41,14,10,9,1,4,0,1,3,4,0,2,0,0,7,13,0
6301549,2025-03-08,9,596600,Miami (FL),8,596526,UConn,12,1,1,1,1,0,0,0,0,2865,11580,1,36,8,11,1,0,3,8,3,0,7,0,1,1,0,10,9,5,40,2,27,13,1,0,9,43,11,12,11,6,9,0,0,0,3,2,0,0,0,10,6,0,1,36,12,11,3,0,0,9,6,1,9,0,0,3,2,10,6,4,43,0,27,11,0,0,9,40,11,8,8,3,7,0,0,3,1,0,0,0,0,10,9,0
6301567,2025-03-08,7,596593,Maryland,13,596514,UCLA,3,1,1,1,1,0,0,0,1,1241,8820,1,29,13,12,6,0,4,13,7,1,3,0,1,1,0,9,6,7,38,0,21,7,0,0,7,32,10,3,3,1,5,0,0,0,0,0,0,0,0,8,8,0,1,31,3,10,0,0,0,3,1,0,5,0,0,0,0,8,8,8,32,0,18,8,0,0,6,38,12,13,13,7,3,0,1,4,1,0,0,0,0,9,6,0
6301569,2025-03-08,9,596421,TCU,5,596707,Fresno St.,4,1,1,1,1,0,0,0,0,3711,10020,1,29,5,7,0,0,1,3,5,2,6,0,0,1,1,6,10,7,36,0,27,11,0,0,9,38,11,4,4,0,10,0,0,1,2,0,0,0,0,11,5,0,1,37,4,11,2,0,1,3,0,1,10,0,0,2,0,11,5,7,38,0,24,8,1,0,8,36,7,5,5,5,6,0,1,1,1,1,1,0,0,6,10,0
6301574,2025-03-08,9,596577,Kentucky,5,596704,Wofford,12,1,1,1,1,0,0,0,0,2535,12900,1,34,5,10,0,0,1,5,3,3,6,1,1,7,0,12,7,10,42,4,27,13,0,0,9,48,10,12,5,8,9,0,0,0,6,0,0,0,0,12,4,0,1,38,12,10,2,0,0,10,8,1,9,0,1,6,0,12,4,9,48,1,27,11,1,0,9,42,10,5,4,3,6,0,0,1,7,0,0,1,0,12,7,0
6301580,2025-03-08,7,596522,The Citadel,5,596636,Northwestern,4,1,1,1,1,0,0,0,0,609,7320,1,25,5,8,0,1,0,4,1,2,4,0,1,0,0,6,8,6,29,0,21,5,1,0,7,29,5,4,4,4,6,0,0,1,0,1,0,0,0,5,9,0,1,25,4,5,4,0,1,4,4,0,6,0,0,0,1,5,9,4,29,0,18,7,0,0,6,29,8,5,5,1,4,0,2,0,0,0,0,0,0,6,8,0
6301582,2025-03-08,9,596607,Ole Miss,12,596571,Jacksonville St.,4,1,1,1,1,0,0,0,0,8972,12600,1,33,12,9,2,0,2,12,11,4,8,0,0,0,1,8,7,12,48,0,27,9,0,0,9,41,9,4,4,4,10,0,1,0,1,0,0,2,0,9,8,0,1,34,4,9,2,0,0,3,4,1,10,2,0,1,0,9,8,10,41,1,24,9,0,0,8,48,9,12,12,11,8,0,0,2,0,1,0,0,0,8,7,0
6301583,2025-03-08,7,596487,Arkansas,10,596650,Portland,0,1,1,1,1,0,0,0,0,10536,6480,1,29,10,10,2,0,4,10,2,1,4,0,1,2,1,8,7,3,33,0,21,5,0,0,7,26,4,0,0,1,11,0,0,0,0,0,0,0,0,5,5,0,1,25,0,4,1,0,0,0,1,0,11,0,0,0,0,5,5,5,26,1,20,8,0,0,6.2,33,10,10,9,2,4,0,0,4,2,1,0,0,0,8,7,0
6301587,2025-03-08,9,596575,Kansas,9,596452,Milwaukee,5,1,1,1,1,0,0,1,0,211,11400,1,30,9,7,2,0,0,8,10,1,8,1,1,0,0,7,9,10,43,3,27,3,0,0,9,43,4,5,4,9,8,0,1,2,3,0,0,1,0,3,17,0,1,33,5,4,0,0,2,4,9,0,8,1,0,3,0,3,17,11,43,1,24,6,0,1,8,43,7,9,8,10,8,0,0,0,0,0,1,1,0,7,9,0
6301589,2025-03-08,9,596476,California Baptist,13,596430,Air Force,5,1,1,1,1,0,0,0,0,382,11100,1,33,13,13,1,1,4,12,5,6,6,2,2,1,0,5,12,11,48,1,27,11,1,0,9,38,10,5,2,2,10,0,0,1,2,1,0,0,0,11,4,0,1,35,5,10,1,1,1,5,2,0,10,0,1,2,1,11,4,6,38,2,24,5,1,0,8,48,13,13,10,5,6,0,0,4,1,0,0,2,0,5,12,0
6301591,2025-03-08,9,596425,Texas,8,596673,Santa Clara,3,1,1,1,1,0,0,0,0,7323,12300,1,33,8,10,5,0,0,8,7,3,6,0,0,1,2,8,8,11,43,0,27,13,0,0,9,37,5,3,3,6,8,0,0,1,0,0,0,0,0,12,5,0,1,30,3,5,2,0,1,3,6,1,8,0,0,0,0,12,5,7,37,1,24,8,2,0,8,43,10,8,8,7,6,0,0,0,1,2,1,0,0,8,8,0
6301601,2025-03-08,7,596554,Georgia,16,596525,Columbia,6,1,1,1,1,0,0,0,0,2824,9660,1,30,16,11,1,0,3,13,3,5,7,0,0,3,0,4,7,4,38,2,21,9,0,0,7,34,7,6,5,4,11,0,1,1,0,0,0,0,0,8,2,0,1,30,6,7,1,1,1,6,4,0,11,0,0,0,0,8,2,7,34,4,18,4,0,1,6,38,11,16,15,3,7,0,1,3,3,0,0,0,0,4,7,0
6301603,2025-03-08,9,596488,Little Rock,2,596470,Belmont,3,1,1,1,1,0,0,0,0,218,10800,1,28,2,5,0,0,0,1,5,0,7,0,2,0,2,10,7,6,35,1,27,9,1,0,9,40,7,3,2,5,9,0,1,0,0,1,1,0,0,7,9,0,1,33,3,7,3,0,0,2,5,2,9,0,0,0,1,7,9,9,40,1,27,13,0,0,9,35,5,2,1,5,7,0,0,0,0,2,0,0,0,10,7,1
6301610,2025-03-08,9,596441,Wake Forest,6,596637,Notre Dame,5,1,1,1,1,0,0,0,1,2074,10980,1,32,6,8,0,0,3,6,3,0,6,0,1,0,0,11,7,6,36,1,27,8,0,1,9,43,10,5,5,4,13,0,1,0,0,0,0,0,0,10,5,0,1,37,5,10,1,0,0,3,4,2,13,0,0,0,0,10,5,11,43,1,24,8,0,0,8,36,8,6,3,3,6,0,1,3,0,0,0,0,0,11,7,0
6301612,2025-03-08,7,596523,Clemson,14,596531,Davidson,4,1,1,1,1,0,0,0,0,5287,8760,1,33,14,17,3,0,2,14,5,3,5,2,0,0,1,6,7,8,43,1,21,7,0,0,7,30,4,4,4,4,9,0,0,2,0,0,0,0,0,7,5,0,1,26,4,4,0,1,2,4,4,0,9,0,0,0,0,7,5,5,30,0,19,6,0,0,6.1,43,17,14,14,5,5,0,0,2,0,1,0,2,0,6,7,0
6301613,2025-03-08,9,596499,BYU,7,596720,Stetson,5,1,1,1,1,0,0,0,0,1506,10500,1,34,7,10,1,0,0,6,5,0,5,1,0,2,0,5,14,9,40,1,27,10,0,0,9,42,7,5,5,6,15,0,0,1,1,0,0,0,0,11,1,0,1,33,5,7,0,0,1,5,6,1,15,0,2,1,0,11,1,10,42,1,24,4,0,0,8,40,10,7,3,5,5,0,1,0,2,0,0,1,0,5,14,0
6301615,2025-03-08,9,596677,South Carolina,16,596610,Morehead St.,11,1,1,1,1,0,0,0,0,6753,11700,1,35,16,12,3,0,2,14,9,3,6,0,1,0,0,6,10,8,48,2,27,10,1,0,9,44,12,11,9,3,12,0,1,2,1,1,0,0,0,8,6,0,1,39,11,12,1,0,2,9,3,1,12,0,1,1,1,8,6,6,44,3,24,6,0,0,8,48,12,16,6,9,6,0,3,2,0,0,0,0,0,6,10,0
6301617,2025-03-08,12,596669,San Diego St.,9,596631,Northeastern,12,1,1,1,1,0,0,0,0,900,15420,1,45,9,12,3,0,0,9,3,0,13,0,2,1,0,7,15,8,50,2,36,14,1,0,12,58,15,12,6,5,14,0,2,1,5,2,0,2,0,12,8,0,1,49,12,15,2,0,1,10,5,2,14,2,0,5,2,12,8,13,58,1,36,6,0,1,12,50,12,9,7,3,13,0,1,0,1,0,0,0,0,7,15,1
6301618,2025-03-08,,596546,Florida,,596556,Harvard,,1,1,0,0,0,0,0,0,,,0,0,0,0,0,0,0,0,0,0,0,0,0,0,0,0,0,0,0,0,0,0,0,0,0,0,0,0,0,0,0,0,0,0,0,0,0,0,0,0,0,0,0,0,0,0,0,0,0,0,0,0,0,0,0,0,0,0,0,0,0,0,0,0,0,0,0,0,0,0,0,0,0,0,0,0,0,0,0,0,0,0,0,0
6301621,2025-03-08,9,596462,Grand Canyon,7,596423,Texas Tech,6,1,1,1,1,0,0,0,0,982,11220,1,32,7,7,1,0,1,6,5,0,9,0,1,3,0,12,3,7,38,1,27,7,0,0,9,46,11,6,6,5,10,0,1,0,4,0,0,0,0,7,10,0,1,37,6,11,2,0,0,5,5,3,10,0,1,4,0,7,10,13,46,4,24,10,0,0,8,38,7,7,7,5,9,0,1,1,3,0,0,0,0,12,3,0
6301623,2025-03-08,9,596583,LSU,6,596475,North Ala.,2,1,1,1,1,0,0,0,0,10226,8820,1,33,6,10,4,0,1,5,4,0,7,0,0,0,0,4,12,7,37,0,27,2,0,0,9,32,2,2,2,3,20,0,0,0,0,0,0,0,0,3,4,0,1,29,2,2,1,0,0,2,3,0,20,0,0,0,0,3,4,3,32,1,24,5,0,0,8,37,10,6,5,4,7,0,0,1,0,0,0,0,0,4,12,0
6301624,2025-03-08,9,596519,UCF,18,596609,Monmouth,3,1,1,1,1,0,0,0,0,2211,11640,1,40,18,17,3,0,1,13,6,6,5,1,1,2,0,10,8,12,54,1,27,7,1,1,9,36,7,3,1,1,10,0,0,1,1,0,0,0,0,8,8,0,1,33,3,7,0,0,1,2,1,1,10,0,1,1,0,8,8,6,36,2,24,10,0,1,8,54,17,18,14,6,5,0,3,1,2,0,1,1,0,10,8,0
6301625,2025-03-08,9,596485,Arizona St.,3,596555,Gonzaga,1,1,1,1,1,0,0,0,0,4209,9480,1,28,3,5,1,0,0,3,4,2,6,0,0,1,1,7,9,7,34,0,27,7,1,0,9,33,2,1,1,4,14,0,0,0,1,0,0,0,0,8,5,0,1,29,1,2,0,0,0,1,4,0,14,0,0,1,0,8,5,5,33,1,24,9,0,0,8,34,5,3,1,4,6,0,1,0,1,1,0,0,0,7,9,0
6304702,2025-03-08,9,596522,The Citadel,1,596636,Northwestern,4,1,1,1,1,0,0,0,0,651,9300,1,33,1,8,1,0,0,1,0,1,5,0,0,0,0,11,8,6,34,2,27,7,2,0,9,37,9,4,3,0,7,0,1,0,1,1,0,1,0,7,12,0,1,35,4,9,4,0,0,4,0,1,7,1,0,1,1,7,12,6,37,1,27,14,0,0,9,34,8,1,1,0,5,0,1,0,0,0,0,0,0,11,8,0
6304703,2025-03-08,9,596521,Cincinnati,10,596517,Canisius,1,1,1,1,1,0,0,0,0,576,8760,1,41,10,15,1,1,1,8,5,0,5,0,0,5,0,9,10,12,46,1,27,8,0,0,9,31,3,1,1,2,13,0,0,1,0,0,0,0,0,9,3,0,1,29,1,3,0,0,1,1,2,0,13,0,0,0,0,9,3,3,31,2,24,7,2,0,8,46,15,10,8,5,5,0,1,1,5,0,0,0,0,9,10,0
6307829,2025-03-08,9,596489,Auburn,9,596642,Old Dominion,11,1,1,1,1,0,0,0,0,4779,13200,1,37,9,10,3,0,1,9,7,2,8,0,0,0,0,6,12,10,46,0,27,6,1,1,9,45,12,11,11,6,16,0,1,1,0,0,1,0,0,6,4,0,1,38,11,12,2,0,1,10,6,1,16,0,0,0,0,6,4,7,45,2,27,5,1,0,9,46,10,9,9,7,8,0,1,1,0,0,0,0,0,6,12,0
6307996,2025-03-08,9,596671,San Francisco,7,596620,Nevada,6,1,1,1,1,0,0,0,0,324,12000,1,33,7,9,0,0,4,7,2,3,7,0,0,3,0,8,9,7,38,0,27,12,0,1,9,50,12,6,6,7,8,0,0,2,0,0,0,0,0,13,6,0,1,38,6,12,3,0,2,6,7,4,8,0,1,0,0,13,6,17,50,1,24,7,0,0,8,38,9,7,7,2,7,0,0,4,3,0,0,0,0,8,9,0
6308765,2025-03-08,9,596604,Minnesota,6,596653,Purdue,11,1,1,1,1,0,0,0,1,0,,1,31,6,8,1,0,1,6,4,1,11,0,0,1,1,5,7,3,36,3,27,7,1,0,9,44,9,11,8,5,8,0,0,3,2,0,0,2,0,6,12,0,1,36,11,9,0,0,3,11,5,1,8,2,0,2,0,6,12,5,44,0,27,9,0,0,9,36,8,6,6,4,11,0,0,1,1,1,0,0,0,5,7,0
6309300,2025-03-08,7,596480,Alabama,15,596464,Presbyterian,1,1,1,1,1,0,0,0,0,3368,8280,1,30,15,13,1,0,2,14,5,2,4,1,0,0,0,6,7,5,38,0,21,11,0,0,7,24,2,1,1,2,5,0,0,1,0,0,0,0,0,10,4,0,1,21,1,2,0,0,1,1,2,1,5,0,0,0,0,10,4,2,24,1,18,4,2,1,6,38,13,15,14,5,4,0,1,2,0,0,0,1,0,6,7,0
6310344,2025-03-08,7,596660,Rutgers,0,596569,Iowa,16,1,1,1,1,0,0,0,1,410,9060,1,23,0,3,0,0,0,0,2,1,10,0,0,1,1,6,4,5,26,0,21,6,0,0,7,43,17,16,16,6,9,0,3,6,0,0,0,0,0,6,5,0,1,36,16,17,1,0,6,15,6,0,9,0,1,0,0,6,5,6,43,0,21,7,0,0,7,26,3,0,0,2,10,0,0,0,1,1,0,0,0,6,4,0
6310430,2025-03-08,9,596545,Florida St.,11,596472,Lipscomb,5,1,1,1,1,0,0,0,0,4157,10740,1,39,11,17,6,0,2,11,4,1,7,1,0,1,1,8,9,10,45,0,27,3,0,0,9,40,7,5,5,4,15,0,2,0,1,0,0,1,0,3,9,0,1,33,5,7,1,0,0,4,4,2,15,1,0,1,0,3,9,8,40,1,24,7,0,0,8,45,17,11,11,4,7,0,0,2,1,1,0,1,0,8,9,0
6310617,2025-03-08,13,596515,UC Riverside,4,596557,Hawaii,3,1,1,1,1,0,0,0,1,275,13320,1,47,4,11,4,0,0,2,5,1,14,0,2,4,0,9,14,13,55,1,39,14,0,0,13,50,9,3,3,3,6,0,1,0,0,2,1,0,0,12,19,3,1,46,3,9,2,0,0,3,3,1,6,0,0,0,2,12,19,8,50,2,37,13,0,0,12.1,55,11,4,3,5,14,0,3,0,4,0,0,0,0,9,14,0
6310755,2025-03-08,9,596672,San Jose St.,3,596432,Utah,5,1,1,1,1,0,0,0,0,489,9960,1,33,3,8,0,1,0,3,2,0,7,0,1,1,0,11,8,6,36,3,27,16,1,0,9,40,7,5,3,3,4,0,1,0,2,1,1,0,0,14,6,0,1,34,5,7,0,0,0,3,3,1,4,0,2,2,1,14,6,7,40,0,27,10,1,0,9,36,8,3,3,2,7,0,0,0,1,0,0,0,0,11,8,0
6310883,2025-03-08,9,596420,Texas A&M,7,596622,New Mexico St.,1,1,1,1,1,0,0,0,0,6055,10560,1,33,7,10,4,1,0,6,3,1,10,1,0,1,1,4,8,7,38,0,27,2,1,0,9,41,11,1,1,0,12,0,0,0,0,0,0,0,0,4,11,0,1,38,1,11,1,0,0,1,0,3,12,0,0,0,0,4,11,13,41,2,24,6,0,1,8,38,10,7,7,3,10,0,1,0,1,1,0,1,0,4,8,0
6310951,2025-03-08,9,596418,Utah Tech,6,596619,UNLV,10,1,1,1,1,0,0,0,0,232,10440,1,36,6,10,0,0,1,5,3,0,7,0,0,0,1,12,6,6,39,3,27,9,1,0,9,48,12,10,9,6,4,0,1,2,3,0,0,1,0,8,14,0,1,39,10,12,1,0,2,10,6,1,4,1,1,3,0,8,14,10,48,1,27,13,0,0,9,39,10,6,1,3,7,0,1,1,0,1,0,0,0,12,6,0
6311387,2025-03-08,9,596712,Nebraska,5,596443,Washington,11,1,1,1,1,0,0,0,1,0,9960,1,36,5,10,1,0,1,5,1,2,9,1,0,0,0,5,12,8,40,0,27,10,1,0,9,42,15,11,11,2,9,0,2,1,0,1,0,0,0,7,8,0,1,39,11,15,8,0,1,11,2,1,9,0,0,0,1,7,8,3,42,2,27,6,1,0,9,40,10,5,5,1,9,0,0,1,0,0,0,1,0,5,12,0
6311389,2025-03-08,9,596712,Nebraska,3,596443,Washington,6,1,1,1,1,0,0,0,1,5469,8880,1,31,3,6,1,0,1,3,4,1,9,0,0,2,1,7,8,6,36,3,27,13,2,0,9,36,7,6,3,1,10,0,0,2,1,1,0,0,0,8,7,0,1,34,6,7,2,0,2,4,1,1,10,0,0,1,1,8,7,2,36,1,27,13,1,0,9,36,6,3,3,4,9,0,0,1,2,1,0,0,0,7,8,0
6311487,2025-03-08,7,596608,Missouri,16,596495,Binghamton,6,1,1,1,1,0,0,0,0,0,10200,1,33,16,15,2,0,3,16,6,6,6,0,2,2,0,4,7,8,47,1,21,2,0,0,7,36,8,6,5,5,10,0,0,0,2,0,0,0,0,4,7,0,1,28,6,8,3,0,0,5,5,2,10,0,1,2,0,4,7,9,36,3,18,5,0,0,6,47,15,16,15,6,6,0,0,3,2,0,0,0,0,4,7,0
6311491,2025-03-08,9,596608,Missouri,4,596495,Binghamton,2,1,1,1,1,0,0,0,0,1157,8820,1,29,4,8,2,0,0,3,3,4,4,0,2,2,0,15,4,10,38,1,27,11,1,0,9,37,8,2,2,3,9,0,1,0,0,1,0,0,0,9,7,0,1,33,2,8,3,0,0,1,3,0,9,0,1,0,1,9,7,8,37,0,24,15,1,0,8,38,8,4,4,3,4,0,2,0,2,0,0,0,0,15,4,0
6311842,2025-03-08,9,596442,Washington St.,9,596465,Seattle U,4,1,1,1,1,0,0,0,0,892,12180,1,34,9,12,2,0,0,9,6,5,9,0,0,0,1,6,6,12,45,1,27,15,1,0,9,44,10,4,4,4,6,0,0,0,0,0,1,1,0,14,7,0,1,36,4,10,3,0,0,3,4,3,6,1,0,0,0,14,7,13,44,2,24,9,0,0,8,45,12,9,7,6,9,0,3,0,0,1,0,0,0,6,6,0
6312963,2025-03-08,9,596426,UTSA,14,596422,Texas Southern,5,1,1,1,1,0,0,0,0,700,12600,1,35,14,15,3,0,0,14,14,1,3,2,0,2,0,6,13,14,52,1,27,10,0,0,9,41,8,5,3,4,12,0,1,0,0,0,0,0,0,11,3,0,1,33,5,8,0,0,0,4,4,2,12,0,2,0,0,11,3,9,41,1,24,9,1,1,8,52,15,14,14,14,3,0,3,0,2,0,0,2,0,6,13,0
6313120,2025-03-08,7,596700,Tarleton St.,4,596623,New Mexico,0,1,1,1,1,0,0,0,0,337,7200,1,25,4,8,1,2,0,4,1,2,4,0,0,1,0,10,3,6,28,1,21,8,1,0,7,28,3,0,0,4,6,0,1,0,0,0,0,0,0,7,7,0,1,24,0,3,0,0,0,0,4,0,6,0,0,0,0,7,7,7,28,0,18,11,1,0,6,28,8,4,4,1,4,0,0,0,1,0,0,0,0,10,3,0
6313124,2025-03-08,9,596700,Tarleton St.,9,596623,New Mexico,6,1,1,1,1,0,0,0,0,298,11100,1,32,9,8,4,0,0,7,5,1,11,1,0,5,1,10,3,6,39,1,27,14,0,1,9,42,13,6,6,3,4,0,1,1,0,1,0,1,0,12,9,0,1,38,6,13,2,0,1,6,3,0,4,1,0,0,1,12,9,9,42,1,24,10,0,3,8,39,8,9,6,5,11,0,2,0,5,1,0,1,0,10,3,0
6314251,2025-03-08,7,596614,North Carolina,11,596688,Stanford,1,1,1,1,1,0,0,0,1,3393,9180,1,28,11,12,1,0,4,11,8,1,3,1,1,3,0,11,4,6,39,0,21,4,2,0,7,26,4,1,1,1,7,0,0,1,0,0,0,0,0,4,9,0,1,24,1,4,0,0,1,1,1,1,7,0,0,0,0,4,9,4,26,0,20,12,1,0,6.2,39,12,11,11,8,3,0,0,4,3,0,0,1,0,11,4,0
6315603,2025-03-08,9,596434,Vanderbilt,6,596454,Xavier,1,1,1,1,1,0,0,0,0,3373,10320,1,31,6,6,0,0,1,5,3,1,10,0,1,1,0,7,7,7,36,0,27,7,0,0,9,34,3,1,1,4,13,0,0,0,3,0,0,0,0,6,6,0,1,29,1,3,0,0,0,1,4,1,13,0,0,3,0,6,6,6,34,2,24,5,1,0,8,37,6,6,5,3,10,0,1,1,1,0,0,0,0,7,7,0
6316477,2025-03-08,7,596721,Tennessee,11,596662,St. Bonaventure,1,1,1,1,1,0,0,0,0,6007,8220,1,26,11,8,4,0,2,11,5,2,5,2,0,2,0,7,6,6,35,1,21,11,0,0,7,25,3,1,1,0,5,0,0,1,0,0,0,0,0,11,5,0,1,25,1,3,2,0,1,1,0,0,5,0,0,0,0,11,5,3,25,2,18,6,0,1,6,35,8,11,11,5,5,0,0,2,2,0,0,2,0,7,6,0
6317351,2025-03-08,9,596438,Virginia Tech,8,596553,Georgia Tech,5,1,1,1,1,0,0,0,1,578,11760,1,30,8,9,3,0,3,7,4,2,7,0,1,0,1,11,4,5,37,0,27,7,1,0,9,39,9,5,5,3,9,0,0,2,0,0,0,0,0,8,10,0,1,35,5,9,3,1,2,5,3,0,9,0,1,0,0,8,10,7,39,0,24,14,0,0,8,37,9,8,8,4,7,0,1,3,0,1,0,0,0,11,4,0
6317417,2025-03-08,9,596439,Virginia,22,596496,Boston College,16,1,1,1,1,0,0,0,1,5787,16200,1,43,22,20,6,1,2,22,7,3,8,1,0,1,0,7,8,8,54,5,27,11,1,0,9,53,15,16,11,12,8,0,1,0,1,1,0,0,0,9,5,0,1,38,16,15,3,1,0,13,12,2,8,0,1,1,1,9,5,10,53,2,24,7,3,0,8,54,20,22,21,7,8,0,1,2,1,0,0,1,0,7,8,0
6364962,2025-03-08,9,596669,San Diego St.,6,596631,Northeastern,9,1,1,1,1,0,0,0,0,328,10020,1,34,6,9,3,0,0,5,1,2,5,0,2,3,0,12,10,6,39,1,27,8,0,0,9,42,12,9,9,6,12,0,2,5,3,3,0,0,0,5,6,0,1,35,9,12,1,0,5,9,6,1,12,0,0,3,3,5,6,6,42,1,27,11,1,0,9,39,9,6,5,1,5,0,0,0,3,0,0,0,0,12,10,0
6365147,2025-03-08,7,596546,Florida,7,596556,Harvard,0,1,1,1,1,0,0,0,0,6523,6960,1,25,7,9,2,0,2,7,5,2,3,0,0,0,0,5,8,7,32,0,21,5,1,0,7,24,2,0,0,1,10,0,0,0,1,0,0,0,0,5,6,0,1,23,0,2,0,0,0,0,1,0,10,0,0,1,0,5,6,3,24,0,18,7,0,0,6,32,9,7,7,5,3,0,0,2,0,0,2,0,0,5,8,0
6365211,2025-03-08,7,596546,Florida,22,596556,Harvard,6,1,1,1,1,0,0,0,0,7019,10080,1,34,22,16,5,1,2,19,9,3,2,0,0,0,0,6,9,6,46,0,21,1,1,0,7,34,9,6,6,3,12,0,1,1,1,0,0,1,0,1,7,0,1,28,6,9,1,1,1,6,3,2,12,1,0,1,0,1,7,7,34,2,18,5,0,0,6,46,16,22,19,9,2,0,3,2,0,0,0,0,0,6,9,0
6365354,2025-03-08,8,596639,Ohio St.,14,596433,Valparaiso,4,1,1,1,1,0,0,0,0,570,10500,1,32,14,12,4,1,1,11,9,1,6,3,1,3,0,6,11,6,46,0,24,5,0,0,8,40,5,4,4,10,5,0,1,2,0,0,0,0,0,5,14,0,1,29,4,5,0,0,2,4,10,1,5,0,0,0,0,5,14,12,40,1,23,5,0,0,7.2,46,12,14,13,9,6,0,5,1,3,0,0,3,0,6,11,0
6301599,2025-03-09,9,596641,Oklahoma,7,596667,Sam Houston,3,1,1,1,1,0,0,0,0,0,10920,1,31,7,9,4,0,2,6,5,0,5,1,0,3,0,10,8,6,37,1,27,7,1,0,9,39,8,3,3,5,13,0,2,0,3,2,0,0,0,6,6,0,1,33,3,8,0,0,0,3,5,1,13,0,0,3,2,6,6,9,39,2,24,9,0,1,8,37,9,7,6,5,5,0,0,2,3,0,0,1,0,10,8,0
6301627,2025-03-09,9,596605,Mississippi St.,9,596696,Queens (NC),3,1,1,1,1,0,0,0,0,9245,8760,1,35,9,14,2,0,2,9,5,1,5,0,0,3,2,8,7,6,41,0,27,8,1,2,9,37,6,3,1,4,14,0,2,0,1,0,0,0,0,8,6,0,1,33,3,6,0,1,0,1,4,0,14,0,0,1,0,8,6,7,37,2,24,11,0,0,8,41,14,9,8,5,5,0,0,2,3,2,1,0,0,8,7,0
6301628,2025-03-09,9,596600,Miami (FL),15,596526,UConn,11,1,1,1,1,0,0,0,0,2812,12660,1,35,15,13,5,0,2,14,10,3,6,1,1,0,0,8,9,11,50,2,27,10,1,0,9,44,11,11,11,5,9,0,2,3,4,1,0,2,0,9,8,2,1,36,11,11,1,0,3,10,5,1,9,2,0,4,1,9,8,5,44,1,24,8,0,0,8,50,13,15,14,10,6,0,2,2,0,0,0,1,0,8,9,0
6301646,2025-03-09,9,596593,Maryland,5,596514,UCLA,11,1,1,1,1,0,0,0,1,1215,11580,1,37,5,11,4,0,0,5,5,3,7,0,0,1,0,8,11,13,45,1,27,10,1,0,9,45,11,11,7,5,5,0,0,1,1,0,0,0,0,10,12,0,1,39,11,11,2,0,1,11,5,1,5,0,0,1,0,10,12,7,45,0,27,8,0,0,9,45,11,5,5,5,7,0,1,0,1,0,0,0,0,8,11,0
6301650,2025-03-09,9,596462,Grand Canyon,4,596423,Texas Tech,2,1,1,1,1,0,0,0,0,649,8820,1,32,4,8,1,0,1,2,3,0,5,0,0,5,0,4,15,7,35,0,27,10,0,0,9,34,7,2,2,1,8,0,1,0,2,0,0,0,0,8,9,0,1,31,2,7,2,0,0,1,1,1,8,0,1,2,0,8,9,5,34,2,24,4,1,0,8,35,8,4,3,3,5,0,0,1,5,0,0,0,0,4,15,0
6301651,2025-03-09,9,596476,California Baptist,4,596430,Air Force,2,1,1,1,1,0,0,0,0,335,9600,1,25,4,6,1,0,0,4,7,1,8,0,0,0,2,8,3,5,33,0,27,13,2,0,9,34,5,2,2,4,6,0,1,0,0,2,0,0,0,10,9,0,1,28,2,5,0,1,0,2,4,0,6,0,2,0,2,10,9,3,34,1,24,12,0,1,8,33,6,4,4,7,8,0,0,0,0,2,0,0,0,8,3,0
6301653,2025-03-09,9,596669,San Diego St.,5,596631,Northeastern,8,1,1,1,1,0,0,0,0,676,10620,1,33,5,9,1,0,0,5,2,0,6,0,1,0,0,11,8,4,36,5,27,7,2,0,9,44,10,8,6,5,9,0,0,1,3,1,0,1,0,3,11,0,1,35,8,10,2,0,1,8,5,3,9,1,0,3,1,3,11,8,44,0,27,12,2,0,9,36,9,5,5,2,6,0,0,0,0,0,1,0,0,11,8,0
6301656,2025-03-09,9,596487,Arkansas,5,596650,Portland,3,1,1,1,1,0,0,0,0,9416,9300,1,31,5,7,0,0,2,5,3,0,8,0,0,1,0,3,12,5,34,0,27,10,0,0,9,38,10,3,3,0,8,0,2,1,0,0,0,0,0,9,10,0,1,37,3,10,2,0,1,3,0,1,8,0,0,0,0,9,10,8,38,1,24,5,1,0,8,34,7,5,5,3,8,0,0,2,1,0,0,0,0,3,12,0
6301659,2025-03-09,9,596519,UCF,8,596609,Monmouth,0,1,1,1,1,0,0,0,0,1651,8880,1,28,8,10,2,0,1,8,7,3,2,3,1,1,1,10,10,10,42,0,27,10,1,0,9,33,5,0,0,0,9,0,0,0,1,0,0,0,0,11,7,0,1,31,0,5,0,0,0,0,0,1,9,0,1,1,0,11,7,6,33,1,24,10,0,1,8,42,10,8,8,7,2,0,1,1,1,1,0,3,0,10,10,0
6301663,2025-03-09,9,596485,Arizona St.,11,596555,Gonzaga,4,1,1,1,1,0,0,0,0,3264,10440,1,34,11,13,4,0,1,10,4,1,7,1,0,3,0,7,8,5,40,0,27,9,1,1,9,36,6,4,4,4,11,0,0,1,0,0,0,0,0,7,7,0,1,31,4,6,0,0,1,4,4,1,11,0,0,0,0,7,7,5,36,1,24,8,2,1,8,40,13,11,11,4,7,0,0,1,3,0,0,1,0,7,8,0
6301664,2025-03-09,10,596575,Kansas,10,596452,Milwaukee,9,1,1,1,1,0,0,0,0,1828,14700,1,42,10,14,4,0,2,8,9,0,5,0,0,1,0,9,14,11,51,2,30,13,1,0,10,48,8,9,6,6,8,0,3,2,2,0,0,0,0,12,9,0,1,38,9,8,3,0,2,7,6,3,8,0,1,2,0,12,9,9,48,0,29,8,1,0,9.2,51,14,10,10,9,5,0,2,2,1,0,1,0,0,9,14,0
6301669,2025-03-09,9,596425,Texas,6,596673,Santa Clara,1,1,1,1,1,0,0,0,0,7197,9780,1,31,6,8,1,0,1,5,7,0,11,0,0,1,0,9,3,8,38,0,27,12,2,0,9,32,5,1,1,3,5,0,0,0,0,1,0,0,0,11,7,0,1,28,1,5,1,0,0,1,3,1,5,0,0,0,1,11,7,4,32,1,24,8,3,0,8,38,8,6,5,7,11,0,4,1,1,0,0,0,0,9,3,0
6301670,2025-03-09,9,596522,The Citadel,7,596636,Northwestern,10,1,1,1,1,0,0,0,0,417,12300,1,29,7,5,1,0,1,7,8,4,3,1,0,1,0,8,13,8,42,1,27,10,3,0,9,47,16,10,7,4,4,0,1,2,1,0,0,0,0,6,14,0,1,41,10,16,5,1,2,9,4,2,4,0,0,1,0,6,14,10,47,1,27,8,2,1,9,42,5,7,7,8,3,0,0,1,1,0,0,1,0,8,13,0
6301674,2025-03-09,9,596577,Kentucky,2,596704,Wofford,1,1,1,1,1,0,0,0,0,2689,9060,1,26,2,6,1,0,0,2,2,1,2,1,1,1,1,6,14,5,31,1,27,11,1,1,9,33,5,1,0,2,8,0,0,0,3,1,0,0,0,10,7,0,1,29,1,5,1,0,0,0,2,1,8,0,1,3,1,10,7,5,33,0,24,8,1,0,8,31,6,2,2,2,2,0,0,0,1,1,0,1,0,6,14,0
6301676,2025-03-09,7,596521,Cincinnati,12,596517,Canisius,1,1,1,1,1,0,0,0,0,786,8160,1,35,12,16,1,0,3,11,4,2,8,0,0,5,0,5,6,9,41,0,21,9,0,0,7,25,2,1,1,1,8,0,0,0,0,0,0,0,0,7,5,0,1,21,1,2,0,0,0,1,1,2,8,0,1,0,0,7,5,3,25,1,20,9,1,0,6.2,41,16,12,11,4,8,0,0,3,5,0,0,0,0,5,6,0
6301679,2025-03-09,9,596583,LSU,11,596475,North Ala.,5,1,1,1,1,0,0,0,0,10817,12240,1,33,11,10,0,0,3,10,5,2,9,0,1,0,1,5,9,6,41,2,27,4,0,0,9,45,11,5,2,6,12,0,1,0,0,0,0,1,0,1,13,0,1,38,5,11,2,0,0,4,6,0,12,1,0,0,0,1,13,13,45,1,24,6,1,0,8,41,10,11,9,5,9,0,0,3,0,1,1,0,0,5,9,0
6301681,2025-03-09,8,596441,Wake Forest,11,596637,Notre Dame,1,1,1,1,1,0,0,0,1,1633,8880,1,34,11,11,3,0,2,11,4,1,6,0,0,2,0,6,11,5,39,1,24,6,0,0,8,30,3,1,1,2,12,0,0,0,0,0,1,0,0,7,5,0,1,28,1,3,1,0,0,1,2,0,12,0,0,0,0,7,5,5,30,0,23,5,0,0,7.2,39,11,11,11,4,6,0,2,2,2,0,0,0,0,6,11,0
6301682,2025-03-09,,596546,Florida,,596556,Harvard,,1,1,0,0,0,0,0,0,,,0,0,0,0,0,0,0,0,0,0,0,0,0,0,0,0,0,0,0,0,0,0,0,0,0,0,0,0,0,0,0,0,0,0,0,0,0,0,0,0,0,0,0,0,0,0,0,0,0,0,0,0,0,0,0,0,0,0,0,0,0,0,0,0,0,0,0,0,0,0,0,0,0,0,0,0,0,0,0,0,0,0,0,0
6301685,2025-03-09,9,596554,Georgia,9,596525,Columbia,7,1,1,1,1,0,0,0,0,1776,11220,1,31,9,9,2,0,3,9,7,2,5,0,0,1,1,6,11,7,40,1,27,6,1,0,9,41,9,7,7,3,9,0,0,2,0,0,0,0,0,6,12,0,1,37,7,9,3,0,2,7,3,1,9,0,0,0,0,6,12,7,41,0,24,7,0,0,8,40,9,9,9,7,5,0,1,3,1,1,0,0,0,6,11,0
6301688,2025-03-09,9,596488,Little Rock,6,596470,Belmont,3,1,1,1,1,0,0,0,0,205,10440,1,32,6,12,2,0,0,6,3,1,7,1,2,1,0,7,9,9,39,1,27,8,1,1,9,40,9,3,3,4,10,0,1,0,2,0,0,0,0,6,10,0,1,35,3,9,2,0,0,2,4,0,10,0,1,2,0,6,10,9,40,0,24,8,1,0,8,39,12,6,6,3,7,0,0,0,1,0,0,1,0,7,9,0
6301691,2025-03-09,9,596647,Penn St.,10,596566,Indiana,6,1,1,1,1,0,0,0,1,638,11820,1,29,10,7,2,0,0,8,8,1,4,3,0,1,0,5,14,7,41,0,27,7,0,0,9,41,11,6,6,5,5,0,1,0,0,1,0,0,0,6,14,0,1,36,6,11,2,0,0,6,5,0,5,0,0,0,1,6,14,6,41,3,24,6,0,0,8,41,7,10,7,8,4,0,1,0,1,0,0,3,0,5,14,0
6301696,2025-03-09,9,596677,South Carolina,1,596610,Morehead St.,0,1,1,1,1,0,0,0,0,6267,9060,1,26,1,5,0,0,0,1,4,1,2,0,1,2,2,11,9,7,32,0,27,8,0,0,9,37,4,0,0,7,9,0,0,0,3,0,0,0,0,6,10,0,1,28,0,4,0,0,0,0,7,1,9,0,1,3,0,6,10,10,37,0,24,12,2,0,8,32,5,1,1,4,2,0,0,0,2,2,0,0,0,11,9,1
6301697,2025-03-09,8,596607,Ole Miss,13,596571,Jacksonville St.,2,1,1,1,1,0,0,0,0,8596,10560,1,32,13,11,1,0,3,12,5,2,2,0,1,1,1,9,11,4,40,2,24,6,0,0,8,33,2,2,2,5,8,0,2,0,0,0,1,0,0,5,11,0,1,27,2,2,0,0,0,1,5,0,8,0,1,0,0,5,11,7,33,0,23,6,0,0,7.2,40,11,13,13,5,2,0,1,3,1,1,0,0,0,9,11,0
6301699,2025-03-09,7,596641,Oklahoma,9,596667,Sam Houston,7,1,1,1,1,0,0,0,0,2092,9060,1,26,9,9,1,0,1,9,4,0,3,1,0,4,0,9,6,4,31,1,21,6,0,0,7,36,11,7,7,4,8,0,1,1,3,1,0,2,0,4,7,0,1,28,7,11,0,0,1,5,4,2,8,2,0,3,1,4,7,8,36,0,18,7,1,0,6,31,9,9,9,4,3,0,1,1,4,0,0,1,0,9,6,0
6301701,2025-03-09,9,596523,Clemson,11,596531,Davidson,4,1,1,1,1,0,0,0,0,4562,12060,1,29,11,8,1,0,1,11,10,3,8,2,0,3,0,6,8,9,44,0,27,3,2,0,9,37,5,4,4,2,14,0,0,1,1,0,0,0,0,3,10,0,1,32,4,5,0,0,1,4,2,3,14,0,0,1,0,3,10,6,37,1,24,8,0,2,8,44,8,11,10,10,8,0,1,1,3,0,0,2,0,6,8,0
6301704,2025-03-09,9,596421,TCU,12,596707,Fresno St.,6,1,1,1,1,0,0,0,0,3784,9660,1,39,12,16,6,2,0,12,4,2,7,1,0,0,0,7,10,10,46,1,27,11,0,0,9,38,7,6,6,2,11,0,2,1,0,0,0,0,0,11,5,0,1,33,6,7,2,0,1,6,2,2,11,0,1,0,0,11,5,5,38,0,24,6,0,0,8,46,16,12,12,4,7,0,3,0,0,0,0,1,0,7,10,0
6307833,2025-03-09,9,596489,Auburn,7,596642,Old Dominion,3,1,1,1,1,0,0,0,0,4320,10020,1,37,7,13,1,0,2,7,4,0,5,0,0,1,1,5,13,10,41,1,27,9,0,0,9,35,6,3,2,2,10,0,1,1,1,0,0,1,0,9,8,0,1,32,3,6,1,0,1,3,2,0,10,1,0,1,0,9,8,5,35,1,24,6,0,0,8,41,13,7,6,4,5,0,0,2,1,1,0,0,0,5,13,0
6307997,2025-03-09,9,596671,San Francisco,1,596620,Nevada,5,1,1,1,1,0,0,0,0,288,10560,1,28,1,4,1,0,0,1,6,2,10,1,0,0,1,4,10,9,37,1,27,17,0,0,9,40,10,5,5,3,5,0,0,2,0,0,0,0,0,13,4,0,1,35,5,10,1,0,2,5,3,2,5,0,0,0,0,13,4,8,40,0,27,6,2,0,9,37,4,1,1,6,10,0,0,0,0,1,0,1,0,4,10,0
6308766,2025-03-09,9,596604,Minnesota,10,596653,Purdue,8,1,1,1,1,0,0,0,1,765,12300,1,36,10,15,4,1,1,10,6,1,11,0,1,0,1,7,4,10,44,2,27,11,1,0,9,47,11,8,4,4,9,0,1,1,0,0,0,1,0,10,8,1,1,37,8,11,3,0,1,8,4,3,9,1,2,0,0,10,8,12,47,0,24,7,0,0,8,44,15,10,10,6,11,0,1,1,0,1,1,0,0,7,4,0
6309302,2025-03-09,9,596480,Alabama,8,596464,Presbyterian,11,1,1,1,1,0,0,0,0,3021,12180,1,32,8,7,2,0,3,7,9,2,3,2,0,2,0,8,15,10,45,3,27,9,1,0,9,45,11,11,8,5,11,0,3,0,1,0,0,2,0,9,7,1,1,38,11,11,4,0,0,11,5,0,11,2,0,1,0,9,7,7,45,1,27,7,0,1,9,45,7,8,7,9,3,0,0,3,2,0,0,2,0,8,15,1
6310345,2025-03-09,9,596660,Rutgers,6,596569,Iowa,12,1,1,1,1,0,0,0,1,421,10800,1,33,6,9,0,0,0,6,2,3,5,0,2,0,0,15,5,5,40,0,27,7,1,1,9,47,9,12,11,8,9,0,2,3,4,0,0,0,0,7,10,0,1,34,12,9,1,0,3,10,8,4,9,0,1,4,0,7,10,8,47,0,27,14,1,0,9,40,9,6,6,2,5,0,0,0,0,0,0,0,0,15,5,0
6310431,2025-03-09,,596545,Florida St.,,596472,Lipscomb,,1,1,0,0,1,0,0,0,,,0,0,0,0,0,0,0,0,0,0,0,0,0,0,0,0,0,0,0,0,0,0,0,0,0,0,0,0,0,0,0,0,0,0,0,0,0,0,0,0,0,0,0,0,0,0,0,0,0,0,0,0,0,0,0,0,0,0,0,0,0,0,0,0,0,0,0,0,0,0,0,0,0,0,0,0,0,0,0,0,0,0,0,0
6310619,2025-03-09,9,596515,UC Riverside,7,596557,Hawaii,4,1,1,1,1,0,0,0,1,264,11880,1,30,7,9,1,0,2,7,9,0,10,0,2,0,1,4,9,10,41,1,27,12,1,0,9,39,9,4,3,1,7,0,1,0,2,0,0,0,0,10,8,0,1,35,4,9,2,0,0,2,1,3,7,0,0,2,0,10,8,8,39,0,24,6,1,0,8,41,9,7,7,9,10,0,1,2,0,1,0,0,0,4,9,0
6310756,2025-03-09,9,596672,San Jose St.,8,596432,Utah,5,1,1,1,1,0,0,0,0,382,11100,1,31,8,10,2,0,1,8,7,1,9,1,2,1,0,6,7,10,42,3,27,10,0,0,9,38,9,5,3,3,10,0,1,0,3,0,0,0,0,6,8,0,1,33,5,9,2,0,0,4,3,1,10,0,1,3,0,6,8,6,38,1,24,5,2,0,8,42,10,8,8,7,9,0,0,1,1,0,0,1,0,6,7,0
6310884,2025-03-09,9,596420,Texas A&M,1,596622,New Mexico St.,4,1,1,1,1,0,0,0,0,5519,9420,1,31,1,4,1,0,1,1,1,0,4,0,0,0,0,11,12,4,32,0,27,7,0,0,9,34,4,4,4,2,8,0,0,1,2,0,0,1,0,8,11,0,1,30,4,4,1,0,1,4,2,1,8,1,0,2,0,8,11,3,34,0,27,8,0,0,9,32,4,1,1,1,4,0,0,1,0,0,0,0,0,11,12,1
6311391,2025-03-09,9,596712,Nebraska,6,596443,Washington,2,1,1,1,1,0,0,0,1,5155,10680,1,36,6,11,1,0,2,6,3,1,4,0,0,0,2,7,11,10,40,2,27,7,0,0,9,43,10,2,2,3,11,0,0,0,1,0,0,1,0,6,10,0,1,38,2,10,0,0,0,2,3,1,11,1,0,1,0,6,10,14,43,3,24,7,0,0,8,40,11,6,4,3,4,0,0,2,0,2,0,0,0,7,11,0
6311494,2025-03-09,7,596608,Missouri,2,596495,Binghamton,5,1,1,1,1,0,0,0,0,1179,8100,1,24,2,4,1,0,1,2,5,1,5,0,0,1,1,8,7,7,30,1,21,10,0,1,7,33,9,5,2,2,7,0,2,0,2,1,0,0,0,9,3,0,1,28,5,9,2,0,0,3,2,2,7,0,1,2,1,9,3,7,33,0,21,8,1,0,7,30,4,2,2,5,5,0,0,1,1,1,0,0,0,8,7,0
6311848,2025-03-09,9,596442,Washington St.,10,596465,Seattle U,12,1,1,1,1,0,0,0,0,363,12300,1,38,10,13,4,0,0,10,5,1,8,1,0,0,0,12,6,8,45,1,27,13,1,0,9,50,14,12,11,7,9,0,4,1,0,0,0,0,0,12,6,0,1,40,12,14,7,2,1,10,7,2,9,0,1,0,0,12,6,11,50,0,27,13,0,0,9,45,13,10,10,5,8,0,1,0,0,0,0,1,0,12,6,0
6312965,2025-03-09,9,596426,UTSA,7,596422,Texas Southern,4,1,1,1,1,0,0,0,0,605,9600,1,31,7,8,1,1,0,5,8,1,7,1,0,6,0,10,7,10,41,0,27,8,0,0,9,36,8,4,4,1,9,0,0,0,1,0,0,0,0,8,10,1,1,33,4,8,3,0,0,4,1,0,9,0,2,1,0,8,10,5,36,2,24,9,0,0,8,41,8,7,6,8,7,0,1,0,6,0,0,1,0,10,7,0
6313125,2025-03-09,9,596700,Tarleton St.,4,596623,New Mexico,3,1,1,1,1,0,0,0,0,355,9720,1,31,4,7,3,1,0,4,7,1,4,0,0,0,1,8,11,7,39,0,27,9,1,0,9,36,7,3,3,3,11,0,0,0,1,1,0,0,0,6,8,0,1,32,3,7,3,0,0,3,3,1,11,0,0,1,1,6,8,6,36,1,25,9,0,0,8.1,39,7,4,4,7,4,0,0,0,0,1,0,0,0,8,11,0
6314253,2025-03-09,9,596614,North Carolina,0,596688,Stanford,7,1,1,1,1,0,0,0,1,2906,10800,1,32,0,6,0,1,0,0,3,0,14,0,0,1,0,10,2,8,35,1,27,10,1,0,9,36,7,7,6,2,10,0,1,2,0,1,0,0,0,7,8,0,1,32,7,7,1,0,2,6,2,1,10,0,1,0,1,7,8,2,36,0,27,11,1,0,9,35,6,0,0,3,14,0,0,0,1,0,0,0,0,10,2,0
6315605,2025-03-09,9,596434,Vanderbilt,4,596454,Xavier,0,1,1,1,1,0,0,0,0,3323,8040,1,26,4,4,0,0,0,3,5,0,4,0,0,1,1,10,8,3,31,0,27,4,1,0,9,32,1,0,0,2,17,0,0,0,0,0,0,0,0,4,6,0,1,28,0,1,0,0,0,0,2,2,17,0,0,0,0,4,6,5,32,0,24,11,0,0,8,31,4,4,4,5,4,0,0,0,1,1,0,0,0,10,8,0
6316478,2025-03-09,7,596721,Tennessee,13,596662,St. Bonaventure,2,1,1,1,1,0,0,0,0,5701,9960,1,26,13,9,0,0,5,12,7,1,3,1,0,3,0,6,9,4,35,1,21,5,0,0,7,34,7,2,1,7,13,0,1,0,2,2,0,0,0,2,4,0,1,26,2,7,0,0,0,2,7,1,13,0,0,2,2,2,4,11,34,0,18,6,0,0,6,35,9,13,13,7,3,0,1,5,3,0,0,1,0,6,9,0
6316547,2025-03-09,9,596639,Ohio St.,8,596433,Valparaiso,3,1,1,1,1,0,0,0,0,689,11040,1,32,8,13,5,0,2,7,9,2,4,1,0,6,1,4,13,12,44,0,27,5,1,0,9,40,8,3,3,6,14,0,1,0,0,0,0,0,0,5,6,0,1,33,3,8,3,0,0,3,6,1,14,0,0,0,0,5,6,10,40,1,24,9,2,3,8,44,13,8,8,9,4,0,1,2,6,1,0,1,0,4,13,0
6317353,2025-03-09,9,596438,Virginia Tech,6,596553,Georgia Tech,8,1,1,1,1,0,0,0,1,679,15600,1,32,6,7,1,0,1,6,7,3,9,0,1,2,1,9,8,10,43,1,27,8,0,0,9,46,11,8,8,7,10,0,1,0,2,1,0,1,0,6,10,1,1,35,8,11,3,1,0,7,7,2,10,1,1,2,1,6,10,11,46,1,27,10,0,0,9,43,7,6,5,7,9,0,0,1,2,1,0,0,0,9,8,1
6317419,2025-03-09,9,596439,Virginia,3,596496,Boston College,6,1,1,1,1,0,0,0,1,5919,10800,1,29,3,7,2,0,0,3,3,3,5,2,1,0,1,6,14,8,38,1,27,8,1,1,9,37,8,6,4,1,6,0,0,1,1,0,0,0,0,9,11,0,1,35,6,8,0,0,1,5,1,1,6,0,0,1,0,9,11,4,37,0,27,8,0,0,9,38,7,3,3,3,5,0,1,0,0,1,0,2,0,6,14,0
6301706,2025-03-10,9,596509,Sacramento St.,5,596620,Nevada,8,1,1,1,1,0,0,0,0,473,10020,1,35,5,7,2,0,1,5,2,1,12,0,0,0,0,3,13,6,38,3,27,6,0,0,9,43,13,8,7,1,9,0,1,2,1,0,0,0,0,4,12,0,1,39,8,13,3,0,2,7,1,2,9,0,1,1,0,4,12,8,43,1,27,2,1,1,9,38,7,5,5,2,12,0,1,1,0,0,1,0,0,3,13,0
6301112,2025-03-11,9,596573,James Madison,4,596438,Virginia Tech,5,1,1,1,1,0,0,0,0,875,12000,1,29,4,6,3,0,0,3,4,3,10,1,2,3,1,8,8,9,39,1,27,11,1,0,9,38,6,5,5,5,8,0,1,1,2,0,0,1,0,9,9,0,1,30,5,6,3,0,1,5,5,1,8,1,1,2,0,9,9,6,38,0,27,9,1,1,9,39,6,4,4,4,10,0,0,0,3,1,0,1,0,8,8,0
6301707,2025-03-11,9,596639,Ohio St.,13,596539,Eastern Mich.,7,1,1,1,1,0,0,0,0,621,12660,1,35,13,16,2,0,1,11,12,1,7,2,0,8,2,7,5,13,50,0,27,12,1,0,9,44,9,7,7,8,7,0,3,0,0,1,0,0,0,11,6,0,1,33,7,9,2,0,0,6,8,3,7,0,0,0,1,11,6,10,44,1,24,12,2,0,8,50,16,13,13,12,7,0,2,1,8,2,0,2,0,7,5,0
6301711,2025-03-11,9,596545,Florida St.,2,596546,Florida,7,1,1,1,1,0,0,0,0,6700,11640,1,32,2,6,0,0,2,2,2,0,10,0,0,0,1,6,10,5,34,1,27,9,0,0,9,44,8,7,6,6,11,0,3,1,0,0,0,1,0,8,7,0,1,33,7,8,2,0,1,7,6,4,11,1,0,0,0,8,7,10,44,0,27,6,1,0,9,34,6,2,2,2,10,0,0,2,0,1,0,0,0,6,10,1
6301715,2025-03-11,9,596466,Ark.-Pine Bluff,7,596488,Little Rock,4,1,1,1,1,0,0,0,0,75,9900,1,32,7,10,0,0,1,7,3,1,5,1,1,1,0,7,11,7,38,1,27,12,0,0,9,42,6,4,4,8,4,0,2,1,1,1,0,1,0,11,10,1,1,31,4,6,1,0,1,4,8,2,4,1,0,1,1,11,10,11,42,1,24,7,0,0,8,38,10,7,6,3,5,0,1,1,1,0,0,1,0,7,11,0
6301716,2025-03-11,9,596605,Mississippi St.,9,596642,Old Dominion,4,1,1,1,1,0,0,1,0,4403,11880,1,30,9,10,6,0,0,8,6,4,4,1,1,1,1,8,11,8,42,1,27,7,0,0,9,39,7,4,4,4,16,0,2,1,2,0,0,1,0,9,4,0,1,33,4,7,0,0,1,3,4,1,16,1,0,2,0,9,4,8,39,1,24,9,1,0,8,42,10,9,9,6,4,0,1,0,1,1,0,1,0,8,11,0
6301731,2025-03-11,,596636,Northwestern,,596562,Illinois St.,,1,1,0,0,1,0,0,0,,,0,0,0,0,0,0,0,0,0,0,0,0,0,0,0,0,0,0,0,0,0,0,0,0,0,0,0,0,0,0,0,0,0,0,0,0,0,0,0,0,0,0,0,0,0,0,0,0,0,0,0,0,0,0,0,0,0,0,0,0,0,0,0,0,0,0,0,0,0,0,0,0,0,0,0,0,0,0,0,0,0,0,0,0
6301735,2025-03-11,9,596569,Iowa,16,597218,Augustana (IL),1,1,0,1,1,0,0,0,0,812,11580,1,40,16,17,6,0,0,14,6,1,5,2,0,1,0,7,12,9,49,2,27,14,0,0,9,42,12,1,1,4,10,0,1,0,1,0,0,0,0,10,4,1,1,35,1,12,1,0,0,1,4,1,10,0,2,1,0,10,4,14,42,3,24,6,1,0,8,49,17,16,13,6,5,0,5,0,1,0,0,2,0,7,12,0
6301738,2025-03-11,9,596644,Oregon,2,596462,Grand Canyon,4,1,1,1,1,0,0,0,0,1881,9900,1,34,2,9,2,0,1,2,4,2,8,0,0,1,0,6,11,11,40,1,27,10,1,1,9,39,9,4,3,4,8,0,0,1,3,0,0,0,0,9,8,0,1,32,4,9,2,0,1,3,4,1,8,0,2,3,0,9,8,8,39,1,27,7,1,0,9,40,9,2,2,4,8,0,0,1,1,0,1,0,0,6,11,0
6301740,2025-03-11,9,596487,Arkansas,9,596457,Central Ark.,2,1,1,1,1,0,0,0,0,10742,9240,1,31,9,6,0,0,3,9,7,2,9,0,0,1,0,6,8,7,40,0,27,7,1,0,9,39,7,2,2,3,13,0,0,0,0,0,1,0,0,6,7,0,1,33,2,7,1,0,0,2,3,3,13,0,0,0,0,6,7,10,39,2,24,7,1,1,8,40,6,9,7,7,9,0,0,3,1,0,0,0,0,6,8,0
6301742,2025-03-11,9,596451,Winthrop,3,596637,Notre Dame,6,1,1,1,1,0,0,0,0,1694,11100,1,32,3,5,1,0,0,3,3,2,10,0,0,0,1,6,9,7,37,1,27,14,0,0,9,41,6,6,4,6,6,0,2,1,1,1,0,0,0,12,6,0,1,29,6,6,1,2,1,4,6,4,6,0,2,1,1,12,6,8,41,4,27,9,2,0,9,37,5,3,0,3,10,0,0,0,0,1,0,0,0,6,9,1
6301746,2025-03-11,9,596481,UAB,3,596480,Alabama,6,1,1,1,1,0,0,0,0,2528,12600,1,32,3,5,1,0,0,2,5,0,7,0,0,1,0,8,12,7,37,0,27,8,0,0,9,46,15,6,6,5,7,0,0,3,2,0,0,0,0,6,12,0,1,39,6,15,0,1,3,6,5,1,7,0,1,2,0,6,12,13,46,1,27,11,2,1,9,37,5,3,3,5,7,0,4,0,1,0,0,0,0,8,12,0
6301750,2025-03-11,9,596514,UCLA,11,596513,UC Irvine,4,1,1,1,1,0,0,0,0,317,12660,1,34,11,12,0,0,2,11,8,4,6,0,0,3,0,9,7,11,46,0,27,9,2,0,9,44,7,4,4,7,11,0,0,0,0,0,0,0,0,9,6,0,1,33,4,7,1,0,0,4,7,4,11,0,0,0,0,9,6,13,44,2,24,10,1,1,8,46,12,11,10,8,6,0,1,2,3,0,1,0,0,9,7,0
6301756,2025-03-11,9,596707,Fresno St.,3,596509,Sacramento St.,2,1,1,1,1,0,0,0,0,1097,9120,1,31,3,9,0,0,0,3,1,2,8,1,0,0,0,9,6,8,35,1,27,6,1,0,9,37,7,2,2,3,10,0,0,0,0,0,0,0,0,10,6,0,1,34,2,7,1,0,0,2,3,0,10,0,0,0,0,10,6,8,37,0,24,10,1,1,8,35,9,3,3,1,8,0,0,0,0,0,0,1,0,9,6,0
6301757,2025-03-11,9,596519,UCF,14,596600,Miami (FL),4,1,1,1,1,0,0,0,0,3015,13200,1,40,14,18,3,1,1,14,7,1,10,1,1,3,0,6,7,12,50,2,27,10,0,1,9,38,7,4,2,2,9,0,1,1,0,1,0,0,0,9,7,0,1,34,4,7,0,0,1,3,2,2,9,0,0,0,1,9,7,7,38,1,24,5,1,1,8,50,18,14,13,7,10,0,0,1,3,0,0,1,0,6,7,0
6301759,2025-03-11,7,596583,LSU,18,596454,Xavier,4,1,1,1,1,0,0,0,0,10266,9960,1,32,18,18,4,0,3,17,5,2,10,1,0,0,1,4,1,4,40,1,21,2,2,1,7,36,6,4,3,7,13,0,2,0,0,0,0,0,0,3,5,0,1,28,4,6,3,0,0,3,7,1,13,0,0,0,0,3,5,11,36,1,18,8,0,0,6,40,18,18,18,5,10,0,1,3,0,1,0,1,0,4,1,0
6307839,2025-03-11,9,596489,Auburn,6,596692,UT Martin,1,1,1,1,1,0,0,1,0,5207,8700,1,33,6,11,2,0,1,6,2,4,4,1,0,2,0,8,11,10,40,0,27,9,1,0,9,29,3,1,1,1,10,0,1,0,0,1,0,1,0,9,8,0,1,27,1,3,0,0,0,1,1,0,10,1,0,0,1,9,8,1,29,0,24,8,1,1,8,40,11,6,6,2,4,0,0,1,2,0,0,1,0,8,11,0
6307841,2025-03-11,9,596553,Georgia Tech,4,596552,Georgia St.,2,1,1,1,1,0,0,0,0,1445,10740,1,29,4,7,1,0,1,4,8,0,6,1,0,3,0,7,9,10,38,0,27,13,1,0,9,37,3,2,2,6,2,0,0,0,0,0,0,0,0,14,10,0,1,29,2,3,1,0,0,2,6,2,2,0,0,0,0,14,10,8,37,1,24,7,1,0,8,38,7,4,4,8,6,0,1,1,3,0,0,1,0,7,9,0
6308062,2025-03-11,9,596706,Arizona,3,596485,Arizona St.,2,1,1,1,1,0,0,0,0,4799,9120,1,31,3,8,5,0,0,3,5,0,9,0,1,0,0,9,6,10,37,0,27,12,0,0,9,35,9,2,2,2,6,0,0,0,2,0,0,0,0,11,7,0,1,33,2,9,2,0,0,2,2,0,6,0,0,2,0,11,7,6,35,0,24,10,3,0,8,37,8,3,3,5,9,0,3,0,0,0,0,0,0,9,6,0
6309329,2025-03-11,9,596604,Minnesota,10,596575,Kansas,6,1,1,1,1,0,0,0,0,0,,1,29,10,10,4,1,0,10,8,4,4,1,1,1,1,9,8,9,43,2,27,9,2,0,9,45,10,6,5,9,6,0,0,0,0,0,0,0,0,6,13,0,1,36,6,10,2,0,0,5,9,0,6,0,0,0,0,6,13,12,45,0,24,11,0,0,8,43,10,10,10,8,4,0,1,0,1,1,0,1,0,9,8,0
6309679,2025-03-11,9,596521,Cincinnati,12,596599,Miami (OH),3,1,1,1,1,0,0,0,0,2188,12000,1,36,12,13,0,1,3,12,7,2,9,0,0,1,0,8,6,8,45,1,27,4,0,0,9,36,5,3,3,4,16,0,2,1,0,0,0,0,0,3,7,0,1,32,3,5,1,0,1,3,4,0,16,0,0,0,0,3,7,6,36,0,24,7,1,0,8,45,13,12,12,7,9,0,0,3,1,0,0,0,0,8,6,0
6310620,2025-03-11,9,596557,Hawaii,9,596976,Chaminade,4,1,0,1,1,0,0,0,0,3144,10080,1,31,9,11,0,1,1,8,5,1,4,2,0,3,1,4,13,6,39,0,27,10,0,0,9,36,4,4,4,5,8,0,1,0,0,0,0,0,0,10,9,0,1,30,4,4,1,0,0,4,5,0,8,0,1,0,0,10,9,5,36,1,24,9,0,1,8,39,11,9,9,5,4,0,1,1,3,1,0,2,0,4,13,1
6310757,2025-03-11,9,596672,San Jose St.,4,596504,Cal Poly,18,1,1,1,1,0,0,0,0,343,11160,1,36,4,11,2,0,1,4,3,1,15,0,0,0,0,4,6,9,40,1,27,9,2,0,9,51,15,18,16,7,6,0,6,4,1,0,0,1,0,9,10,0,1,40,18,15,4,0,4,14,7,3,6,1,0,1,0,9,10,6,51,0,27,5,2,0,9,40,11,4,4,3,15,0,0,1,0,0,0,0,0,4,6,0
6310886,2025-03-11,7,596420,Texas A&M,14,596651,Prairie View,0,1,1,1,1,0,0,0,0,5055,9060,1,25,14,10,1,0,1,13,9,3,3,3,0,3,0,5,9,8,40,0,21,7,1,0,7,25,4,0,0,2,6,0,0,0,0,0,0,0,0,8,6,0,1,23,0,4,0,0,0,0,2,0,6,0,0,0,0,8,6,4,25,3,18,6,2,0,6,40,10,14,12,9,3,0,5,1,3,0,1,3,0,5,9,0
6311251,2025-03-11,9,596550,Georgetown,14,596647,Penn St.,10,1,1,1,1,0,0,0,0,248,11400,1,37,14,15,1,1,1,12,5,4,10,1,0,4,1,6,7,9,47,2,27,5,0,1,9,44,8,10,8,5,12,0,0,3,2,0,0,0,0,7,8,0,1,36,10,8,1,0,3,8,5,3,12,0,0,2,0,7,8,7,44,0,24,7,0,1,8,47,15,14,14,5,10,0,2,1,4,1,0,1,0,6,7,0
6311394,2025-03-11,9,596712,Nebraska,10,596449,Wichita St.,1,1,1,1,1,0,0,0,0,4893,12840,1,32,10,8,2,0,0,8,5,5,9,1,0,2,1,9,5,9,43,1,27,9,0,0,9,35,4,1,1,2,14,0,0,1,3,0,0,0,0,9,4,0,1,32,1,4,1,0,1,1,2,1,14,0,0,3,0,9,4,7,35,3,24,10,0,0,8,43,8,10,6,5,9,0,4,0,2,1,0,1,0,9,5,0
6311759,2025-03-11,9,596439,Virginia,7,596593,Maryland,6,1,1,1,1,0,0,1,0,4000,12720,1,31,7,8,1,0,1,5,7,0,4,0,3,2,1,11,10,7,41,1,27,11,0,1,9,42,8,6,5,8,10,0,0,0,0,0,0,1,0,7,7,0,1,32,6,8,2,1,0,5,8,1,10,1,0,0,0,7,7,9,42,2,26,13,3,0,8.2,41,8,7,4,7,4,0,1,1,2,1,0,0,0,11,10,0
6311852,2025-03-11,9,596465,Seattle U,20,596747,Saint Martin's,10,1,0,1,1,0,0,0,0,85,11880,1,40,20,18,1,0,4,20,6,4,4,0,1,5,0,12,7,7,51,3,27,14,1,0,9,48,9,10,8,8,5,0,2,0,0,0,0,0,0,13,6,0,1,34,10,9,3,0,0,9,8,6,5,0,0,0,0,13,6,11,48,0,24,11,3,0,8,51,18,20,20,6,4,0,4,4,5,0,1,0,0,12,7,0
6311915,2025-03-11,9,596619,UNLV,10,596515,UC Riverside,4,1,1,1,1,0,0,0,0,468,10740,1,40,10,14,3,0,0,10,5,0,3,0,0,1,0,8,12,11,45,5,27,9,0,0,9,40,8,4,1,3,9,0,2,1,1,0,0,0,0,5,11,0,1,36,4,8,0,0,1,2,3,1,9,0,0,1,0,5,11,9,40,4,24,8,0,0,8,45,14,10,9,5,3,0,4,0,1,0,0,0,0,8,12,0
6313048,2025-03-11,9,596643,Oregon St.,15,596442,Washington St.,1,1,1,1,1,0,0,0,0,3323,11040,1,31,15,10,3,1,1,14,14,1,5,2,0,2,0,5,13,9,48,0,27,12,0,0,9,33,5,1,1,1,8,0,0,0,1,0,0,1,0,9,8,0,1,29,1,5,0,0,0,1,1,2,8,1,0,1,0,9,8,5,33,0,24,5,2,0,8,48,10,15,15,14,5,0,4,1,2,0,0,2,0,5,13,0
6313265,2025-03-11,9,596523,Clemson,6,596581,Liberty,4,1,1,1,1,0,0,0,0,4323,10380,1,30,6,6,1,0,2,5,6,0,9,0,0,1,0,8,7,6,36,1,27,15,1,0,9,40,6,4,3,5,7,0,1,1,0,0,0,0,0,13,6,0,1,33,4,6,1,1,1,4,5,2,7,0,0,0,0,13,6,9,40,3,24,7,1,0,8,36,6,6,5,6,9,0,1,2,1,0,1,0,0,8,7,0
6314705,2025-03-11,9,596554,Georgia,8,596536,ETSU,6,1,1,1,1,0,0,0,0,1242,12780,1,28,8,5,0,0,1,6,9,4,5,1,0,0,0,6,12,10,42,1,27,11,1,0,9,39,10,6,6,2,4,0,1,2,0,0,0,0,0,13,10,0,1,37,6,10,0,0,2,5,2,0,4,0,0,0,0,13,10,6,39,1,24,7,0,1,8,42,5,8,7,9,5,0,1,1,0,0,1,1,0,6,12,0
6314723,2025-03-11,9,596425,Texas,7,596424,UT Arlington,4,1,1,1,1,0,0,0,0,7294,11940,1,36,7,11,4,1,0,7,6,0,6,1,0,1,0,12,6,12,43,0,27,7,0,0,9,38,7,4,4,3,5,0,0,0,0,0,1,0,0,8,14,0,1,34,4,7,1,0,0,4,3,1,5,0,0,0,0,8,14,7,38,2,24,12,0,0,8,43,11,7,7,6,6,0,1,0,1,0,0,1,0,12,6,0
6314991,2025-03-11,9,596676,South Alabama,14,596607,Ole Miss,5,1,1,1,1,0,0,0,0,2893,11400,1,36,14,14,4,1,0,14,8,2,5,2,1,1,0,6,9,11,49,3,27,12,1,0,9,38,6,5,4,3,6,0,1,1,0,0,0,1,0,12,8,0,1,34,5,6,3,0,1,4,3,0,6,1,0,0,0,12,8,6,38,4,24,11,1,0,8,49,14,14,9,8,5,0,1,0,1,0,0,2,0,6,9,0
6315813,2025-03-11,9,596426,UTSA,5,596468,UIW,8,1,1,1,1,0,0,0,0,873,10860,1,31,5,6,0,0,0,5,5,5,4,0,0,1,1,11,9,9,41,2,27,9,2,0,9,45,14,8,6,2,11,0,1,3,0,0,0,0,0,7,8,0,1,42,8,14,1,0,3,8,2,1,11,0,0,0,0,7,8,10,45,1,27,14,0,0,9,41,6,5,4,5,4,0,0,0,1,1,0,0,0,11,9,0
6316481,2025-03-11,9,596721,Tennessee,4,596947,West Ga.,2,1,1,1,1,0,0,0,0,5461,10500,1,27,4,5,0,0,1,4,9,2,4,1,0,0,0,8,11,11,39,2,27,14,1,0,9,33,5,2,1,1,6,0,1,0,0,1,0,0,0,10,9,0,1,30,2,5,2,0,0,2,1,1,6,0,1,0,1,10,9,3,33,0,24,8,0,0,8,39,5,4,4,9,4,0,0,1,0,0,0,1,0,8,11,0
6355484,2025-03-11,7,596434,Vanderbilt,12,596433,Valparaiso,0,1,1,1,1,0,0,0,0,3358,8340,1,28,12,11,2,0,0,10,5,0,5,3,1,4,0,8,5,7,37,1,21,7,0,0,7,28,3,0,0,3,11,0,0,0,0,0,0,0,0,6,3,0,1,24,0,3,0,0,0,0,3,1,11,0,0,0,0,6,3,7,28,5,18,7,1,0,6,37,11,12,9,5,5,0,2,0,4,0,1,3,0,8,5,0
6364843,2025-03-11,9,596577,Kentucky,9,596633,NIU,2,1,1,1,1,0,0,0,0,3912,10380,1,33,9,10,1,0,0,8,9,4,6,0,0,3,0,5,11,13,46,0,27,7,2,1,9,36,4,2,2,4,10,0,1,1,0,0,0,0,0,5,12,0,1,31,2,4,0,0,1,2,4,1,10,0,0,0,0,5,12,7,36,1,24,5,0,0,8,46,10,9,9,9,6,0,2,0,3,0,0,0,0,5,11,0
6365863,2025-03-11,9,596478,Alabama A&M,3,596480,Alabama,6,1,1,0,1,0,0,0,0,2528,12600,1,32,3,5,1,0,0,2,5,0,7,0,0,1,0,8,12,7,0,0,27,8,0,0,9,46,15,6,6,5,7,0,0,3,2,0,0,0,0,6,12,0,1,39,6,15,0,1,3,6,5,1,7,0,1,2,0,6,12,13,0,1,27,11,2,1,9,37,5,3,3,5,7,0,4,0,1,0,0,0,0,8,12,0
6301768,2025-03-12,9,596605,Mississippi St.,2,596713,Nicholls,1,1,1,1,1,0,0,1,0,4001,9300,1,25,2,4,0,1,0,1,7,0,5,0,1,2,0,10,7,7,33,0,27,9,2,1,9,34,4,1,1,3,9,0,0,0,1,0,0,0,0,9,9,0,1,29,1,4,0,0,0,1,3,2,9,0,0,1,0,9,9,6,34,1,24,10,1,0,8,33,4,2,1,7,5,0,1,0,2,0,0,0,0,10,7,0
6301770,2025-03-12,7,596430,Air Force,15,596678,South Dakota St.,2,1,1,1,1,0,0,0,0,200,9480,1,31,15,13,3,1,2,14,7,3,5,0,0,3,0,8,5,8,41,1,21,6,0,0,7,29,6,2,1,1,9,0,1,0,1,0,0,1,0,7,5,0,1,26,2,6,0,0,0,1,1,1,9,1,0,1,0,7,5,6,29,0,18,7,0,0,6,41,13,15,15,7,5,0,5,2,3,0,0,0,0,8,5,0
6301777,2025-03-12,9,596488,Little Rock,7,596466,Ark.-Pine Bluff,5,1,1,1,1,0,0,0,0,197,12720,1,30,7,10,4,0,1,7,6,5,6,0,2,2,2,11,4,12,43,0,27,12,1,1,9,43,7,5,4,6,8,0,1,0,4,0,1,0,0,12,7,0,1,33,5,7,2,0,0,4,6,2,8,0,2,4,0,12,7,11,43,0,24,15,0,0,8,43,10,7,7,6,6,0,1,1,2,2,1,0,0,11,4,0
6301781,2025-03-12,9,596451,Winthrop,3,596637,Notre Dame,12,1,1,1,1,0,0,0,0,946,10860,1,33,3,7,0,0,0,2,3,2,7,0,0,0,0,10,9,8,38,4,27,9,0,0,9,49,12,12,11,5,8,0,1,2,1,0,0,2,0,5,13,0,1,38,12,12,3,1,2,11,5,3,8,2,1,1,0,5,13,10,49,0,27,11,0,2,9,38,7,3,2,3,7,0,3,0,0,0,0,0,0,10,9,0
6301782,2025-03-12,,596673,Santa Clara,,596672,San Jose St.,,1,1,0,0,1,0,0,0,,,0,0,0,0,0,0,0,0,0,0,0,0,0,0,0,0,0,0,0,0,0,0,0,0,0,0,0,0,0,0,0,0,0,0,0,0,0,0,0,0,0,0,0,0,0,0,0,0,0,0,0,0,0,0,0,0,0,0,0,0,0,0,0,0,0,0,0,0,0,0,0,0,0,0,0,0,0,0,0,0,0,0,0,0
6301787,2025-03-12,8,596644,Oregon,16,596462,Grand Canyon,6,1,1,1,1,0,0,0,0,1732,11700,1,38,16,16,4,0,1,16,6,2,4,5,0,3,0,4,15,9,51,1,24,10,0,0,8,40,9,6,6,9,7,0,1,0,0,1,0,2,0,6,8,0,1,28,6,9,3,0,0,5,9,1,7,2,0,0,1,6,8,10,40,5,23,4,3,0,7.2,51,16,16,12,6,4,0,1,1,3,0,1,5,0,4,15,0
6301795,2025-03-12,9,596677,South Carolina,7,596552,Georgia St.,1,1,1,1,1,0,0,0,0,6435,11340,1,30,7,8,2,0,0,7,7,2,5,1,1,0,1,8,8,9,41,0,27,11,1,0,9,35,5,1,1,4,10,0,2,1,0,0,1,0,0,8,7,0,1,30,1,5,0,0,1,1,4,1,10,0,0,0,0,8,7,7,35,4,24,11,2,0,8,41,8,7,6,7,5,0,1,0,0,1,1,1,0,8,8,0
6309330,2025-03-12,7,596604,Minnesota,1,596575,Kansas,29,1,1,1,1,0,0,0,0,75,,1,26,1,4,2,0,0,1,4,0,7,0,0,1,0,7,7,8,30,1,21,7,0,0,7,59,21,29,29,14,6,0,1,7,0,0,0,0,0,6,8,0,1,41,29,21,3,1,7,29,14,4,6,0,0,0,0,6,8,9,59,1,21,6,1,0,7,30,4,1,1,4,7,0,0,0,1,0,0,0,0,7,7,0
6310086,2025-03-12,9,596653,Purdue,10,596503,Butler,1,1,1,1,1,0,0,0,0,1889,9720,1,29,10,10,0,1,1,10,8,1,6,2,0,2,2,7,8,6,40,0,27,12,0,0,9,38,7,1,1,4,8,0,1,1,0,1,0,0,0,10,7,0,1,32,1,7,0,0,1,1,4,2,8,0,0,0,1,10,7,10,38,1,24,11,1,0,8,40,10,10,10,8,6,0,0,1,2,2,0,2,0,7,8,0
6311252,2025-03-12,9,596550,Georgetown,6,596647,Penn St.,11,1,1,1,1,0,0,0,0,213,11700,1,30,6,3,0,0,1,2,6,4,6,0,0,2,0,11,9,7,40,0,27,6,1,0,9,49,15,11,11,8,10,0,1,2,8,1,0,1,0,7,8,0,1,39,11,15,4,0,2,11,8,1,10,1,0,8,1,7,8,11,49,3,27,12,0,0,9,40,3,6,1,6,6,0,1,1,2,0,0,0,0,11,9,0
6311396,2025-03-12,9,596712,Nebraska,5,596449,Wichita St.,4,1,1,1,1,0,0,0,0,5406,10800,1,30,5,5,1,0,1,5,4,0,7,0,0,0,0,7,10,5,34,0,27,9,0,0,9,42,9,4,4,5,11,0,5,0,2,0,0,2,0,9,7,0,1,32,4,9,0,0,0,4,5,1,11,2,2,2,0,9,7,11,42,0,24,7,0,1,8,34,5,5,5,4,7,0,2,1,0,0,0,0,0,7,10,0
6313050,2025-03-12,9,596643,Oregon St.,4,596442,Washington St.,3,1,1,1,1,0,0,0,0,3266,10920,1,26,4,3,1,0,1,4,9,2,7,1,0,0,0,10,7,10,38,1,27,13,0,1,9,37,9,3,0,2,9,0,0,0,0,0,0,1,0,12,4,0,1,33,3,9,1,0,0,1,2,1,9,1,0,0,0,12,4,7,37,0,24,7,2,0,8,38,3,4,4,9,7,0,2,1,0,0,0,1,0,10,7,0
6313266,2025-03-12,9,596523,Clemson,8,596581,Liberty,2,1,1,1,1,0,0,0,0,4491,11040,1,27,8,7,2,0,2,8,10,3,8,1,0,1,0,8,5,9,41,1,27,5,2,1,9,37,5,2,2,5,11,0,0,1,1,0,0,0,0,7,8,0,1,31,2,5,0,0,1,1,5,1,11,0,0,1,0,7,8,8,37,0,24,7,1,1,8,41,7,8,7,10,8,0,0,2,1,0,0,1,0,8,5,0
6316788,2025-03-12,9,596641,Oklahoma,9,596584,Louisiana Tech,5,1,1,1,1,0,0,0,0,2141,11520,1,29,9,7,0,0,1,9,7,1,8,1,0,5,0,6,8,3,38,1,27,8,0,0,9,40,7,5,3,4,11,0,2,0,2,0,0,0,0,9,7,0,1,35,5,7,3,0,0,5,4,1,11,0,0,2,0,9,7,8,40,0,24,11,0,2,8,38,7,9,8,7,8,0,0,1,5,0,0,1,0,6,8,0
6365948,2025-03-12,9,596564,UIC,5,596636,Northwestern,2,1,1,1,1,0,0,0,0,103,10080,1,29,5,8,0,0,2,5,2,2,5,0,1,1,0,13,4,5,34,0,27,10,2,0,9,33,4,2,2,3,6,0,0,1,0,0,0,0,0,10,10,0,1,30,2,4,0,0,1,2,3,0,6,0,0,0,0,10,10,4,33,0,24,15,1,0,8,34,8,5,5,2,5,0,0,2,1,0,0,0,0,13,4,0
6301799,2025-03-13,9,596499,BYU,8,596519,UCF,9,1,1,1,1,0,0,0,1,1359,12240,1,32,8,9,2,2,1,7,5,1,11,2,0,0,1,4,10,5,40,1,27,14,1,0,9,48,15,9,7,7,3,0,2,2,1,1,0,0,0,13,8,0,1,39,9,15,3,1,2,8,7,2,3,0,0,1,1,13,8,12,48,0,27,5,1,0,9,40,9,8,8,5,11,0,1,1,0,1,0,2,0,4,10,0
6301800,2025-03-14,9,596605,Mississippi St.,7,596425,Texas,8,1,1,1,1,0,0,0,1,11238,11160,1,36,7,9,2,0,2,7,4,0,11,0,0,0,0,8,8,6,40,1,27,7,0,0,9,37,9,8,7,1,11,0,0,2,0,1,0,0,0,6,10,0,1,35,8,9,0,1,2,7,1,1,11,0,0,0,1,6,10,2,37,0,27,5,0,0,9,40,9,7,7,4,11,0,1,2,0,0,0,0,0,8,8,0
6301801,2025-03-14,9,596607,Ole Miss,10,596487,Arkansas,6,1,1,1,1,0,0,0,1,9090,10980,1,35,10,14,6,0,2,10,5,2,8,1,2,0,0,5,10,11,45,1,27,8,0,0,9,40,10,6,6,2,14,0,1,2,0,0,0,1,0,8,4,0,1,36,6,10,1,0,2,6,2,1,14,1,0,0,0,8,4,7,40,1,24,5,1,0,8,45,14,10,10,5,8,0,0,2,0,0,0,1,0,5,10,0
6301808,2025-03-14,9,596677,South Carolina,5,596641,Oklahoma,8,1,1,1,1,0,0,0,1,7264,11100,1,36,5,12,0,1,0,5,3,2,8,0,0,1,0,9,7,9,41,1,27,7,3,0,9,43,11,8,8,4,10,0,1,3,0,1,0,1,0,7,9,0,1,36,8,11,2,0,3,8,4,2,10,1,0,0,1,7,9,8,43,0,27,13,0,0,9,41,12,5,5,3,8,0,1,0,1,0,0,0,0,9,7,0
6301809,2025-03-14,9,596721,Tennessee,5,596546,Florida,3,1,1,1,1,0,0,0,1,6298,11040,1,29,5,7,2,1,0,4,6,0,11,1,0,0,0,7,5,7,36,0,27,4,1,1,9,38,9,3,3,3,10,0,1,1,0,0,0,0,0,5,10,1,1,34,3,9,0,0,1,3,3,1,10,0,0,0,0,5,10,8,38,0,24,7,2,0,8,36,7,5,5,6,11,0,1,0,0,0,0,1,0,7,5,0
6301814,2025-03-14,9,596554,Georgia,12,596577,Kentucky,6,1,1,1,1,0,0,0,1,3633,13980,1,32,12,10,2,0,3,10,11,4,8,0,0,1,0,9,5,11,47,0,27,15,2,0,9,42,5,6,6,7,8,0,2,1,1,1,0,0,0,11,7,0,1,31,6,5,1,0,1,6,7,4,8,0,0,1,1,11,7,9,42,3,24,11,0,1,8,47,10,12,12,11,8,0,2,3,1,0,1,0,0,9,5,0
6301816,2025-03-14,9,596653,Purdue,7,596564,UIC,1,1,1,1,1,0,0,0,0,1396,10020,1,29,7,7,1,0,1,6,4,4,5,0,1,2,0,7,11,7,38,1,27,5,0,0,9,35,6,1,0,2,9,0,0,0,0,0,0,0,0,5,13,0,1,33,1,6,1,0,0,1,2,0,9,0,0,0,0,5,13,7,35,2,24,7,0,0,8,38,7,7,5,4,5,0,0,1,2,0,0,0,0,7,11,0
6301817,2025-03-14,9,596583,LSU,12,596608,Missouri,5,1,1,1,1,0,0,0,1,11741,10740,1,33,12,9,2,1,2,12,3,5,5,1,0,0,0,6,13,6,42,0,27,6,0,0,9,36,6,5,5,3,15,0,0,3,0,0,0,1,0,6,6,0,1,32,5,6,1,0,3,5,3,0,15,1,0,0,0,6,6,4,36,1,24,5,0,0,8,42,9,12,12,3,5,0,0,2,0,0,0,1,0,6,13,0
6301823,2025-03-14,9,596430,Air Force,15,596442,Washington St.,14,1,1,1,1,0,0,0,1,171,12300,1,40,15,16,3,0,5,15,4,1,7,0,0,2,0,7,8,6,45,2,27,8,2,0,9,54,18,14,13,6,10,0,1,0,1,0,0,2,0,9,9,0,1,43,14,18,3,2,0,14,6,1,10,2,2,1,0,9,9,13,54,2,24,11,0,0,8,45,16,15,14,4,7,0,0,5,2,0,0,0,0,7,8,0
6301838,2025-03-14,9,596523,Clemson,2,596637,Notre Dame,1,1,1,1,1,0,0,0,1,4734,9660,1,28,2,5,0,0,0,2,1,3,9,0,0,0,1,7,7,6,32,0,27,6,0,0,9,33,5,1,1,1,17,0,0,0,0,0,0,0,0,7,3,0,1,32,1,5,0,0,0,1,1,0,17,0,0,0,0,7,3,5,33,0,24,5,0,1,8,32,5,2,1,1,9,0,0,0,0,1,0,0,0,7,7,0
6301842,2025-03-14,9,596643,Oregon St.,6,596462,Grand Canyon,4,1,1,1,1,0,0,0,0,3406,9900,1,33,6,10,2,0,1,6,2,1,9,1,0,0,0,8,7,7,37,2,27,9,0,0,9,39,9,4,2,3,7,0,0,0,0,0,0,0,0,8,10,0,1,35,4,9,1,0,0,3,3,0,7,0,1,0,0,8,10,8,39,1,24,8,2,1,8,37,10,6,6,2,9,0,1,1,0,0,0,1,0,8,7,0
6301853,2025-03-14,9,596719,Southern Miss.,11,596642,Old Dominion,2,1,1,1,1,0,0,0,1,5406,8820,1,36,11,12,3,0,2,10,2,3,3,1,0,1,0,9,12,7,42,0,27,9,0,0,9,34,7,2,2,1,11,0,0,1,0,0,0,0,0,9,6,0,1,33,2,7,1,0,1,2,1,0,11,0,0,0,0,9,6,5,34,2,24,9,1,0,8,42,12,11,8,2,3,0,0,2,1,0,0,1,0,9,12,0
6301858,2025-03-14,9,596514,UCLA,5,596712,Nebraska,2,1,1,1,1,0,0,0,1,370,10080,1,28,5,7,1,0,1,4,4,1,7,1,1,1,1,6,10,6,35,0,27,9,0,1,9,36,8,2,2,3,11,0,2,1,1,1,0,0,0,7,7,0,1,33,2,8,3,0,1,2,3,0,11,0,0,1,1,7,7,6,36,2,24,9,1,0,8,35,7,5,5,4,7,0,1,1,1,1,0,1,0,6,10,0
6301861,2025-03-14,9,596424,UT Arlington,8,596488,Little Rock,2,1,1,1,1,0,0,0,0,404,8880,1,29,8,8,0,0,1,8,6,0,6,0,1,1,1,6,10,4,36,0,27,12,1,1,9,36,6,2,2,2,5,0,0,0,0,1,0,0,0,12,9,0,1,33,2,6,2,0,0,2,2,0,5,0,1,0,1,12,9,7,36,1,24,10,0,1,8,36,8,8,8,6,6,0,0,1,1,1,0,0,0,6,10,0
6301862,2025-03-14,8,596566,Indiana,12,596639,Ohio St.,2,1,1,1,1,0,0,0,1,1037,8700,1,35,12,14,2,1,4,12,1,1,6,1,1,0,0,6,11,4,39,0,24,7,0,0,8,31,6,2,2,4,6,0,0,1,1,1,0,0,0,6,9,0,1,26,2,6,2,0,1,2,4,0,6,0,1,1,1,6,9,5,31,1,23,6,1,0,7.2,39,14,12,12,1,6,0,1,4,0,0,0,1,0,6,11,0
6301873,2025-03-14,10,596499,BYU,8,596519,UCF,7,1,1,1,1,0,0,0,1,1443,14700,1,37,8,11,3,0,2,8,5,4,10,0,2,0,0,9,8,10,48,1,30,14,1,0,10,46,10,7,6,7,8,0,1,0,0,0,0,0,0,17,3,0,1,39,7,10,2,0,0,6,7,0,8,0,0,0,0,17,3,9,46,1,29,11,2,0,9.2,48,11,8,8,5,10,0,0,2,0,0,0,0,0,9,8,0
6301874,2025-03-14,9,596688,Stanford,5,596708,Duke,1,1,1,1,1,0,0,0,1,1521,10440,1,31,5,8,0,0,1,5,4,3,5,0,1,0,0,8,10,10,39,0,27,4,1,0,9,31,4,1,1,1,12,0,1,0,0,1,0,0,0,3,11,0,1,30,1,4,2,1,0,1,1,0,12,0,0,0,1,3,11,3,31,1,24,6,0,0,8,39,8,5,5,4,5,0,0,1,0,0,0,0,0,8,10,0
6301927,2025-03-14,10,596566,Indiana,8,596639,Ohio St.,7,1,1,1,1,0,0,0,1,1573,12360,1,38,8,9,2,1,1,8,3,4,6,0,0,0,0,14,6,9,45,0,30,5,1,1,10,45,11,7,7,4,14,0,0,2,1,0,0,0,0,5,11,0,1,41,7,11,2,1,2,7,4,0,14,0,0,1,0,5,11,7,45,2,27,14,0,0,9,45,9,8,6,3,6,0,0,1,0,0,0,0,0,14,6,0
6307847,2025-03-14,9,596489,Auburn,6,596434,Vanderbilt,2,1,1,1,1,0,0,0,1,4780,8760,1,32,6,8,1,0,0,5,2,1,3,1,0,1,0,12,8,6,36,2,27,11,1,0,9,34,6,2,2,2,11,0,0,1,1,0,0,0,0,11,3,0,1,32,2,6,0,0,1,2,2,0,11,0,0,1,0,11,3,4,34,1,24,11,1,0,8,36,8,6,6,2,3,0,3,0,1,0,0,1,0,12,8,0
6308063,2025-03-14,9,596706,Arizona,8,596521,Cincinnati,3,1,1,1,1,0,0,0,1,2061,11100,1,32,8,10,2,0,1,7,8,0,5,0,0,1,0,6,11,6,40,1,27,6,0,1,9,42,6,3,1,6,11,0,0,0,0,1,0,0,0,1,13,0,1,32,3,6,2,0,0,2,6,4,11,0,0,0,1,1,13,12,42,1,24,5,1,0,8,40,10,8,8,8,5,0,1,1,1,0,0,0,0,6,11,0
6309319,2025-03-14,9,596420,Texas A&M,4,596480,Alabama,6,1,1,1,1,0,0,0,1,6917,11160,1,37,4,11,2,0,1,4,3,1,8,0,0,0,0,7,11,10,41,0,27,10,1,0,9,36,8,6,6,3,6,0,0,4,0,0,0,0,0,7,11,0,1,32,6,8,2,0,4,6,3,1,6,0,0,0,0,7,11,2,36,1,27,7,1,1,9,41,11,4,2,3,8,0,0,1,0,0,0,0,0,7,11,0
6310150,2025-03-14,7,596703,DBU,14,596426,UTSA,3,1,1,1,1,0,0,0,0,841,7980,1,29,14,14,1,0,5,13,8,0,2,0,0,2,1,9,4,5,37,1,21,6,2,0,7,29,6,3,2,2,8,0,0,1,0,0,0,0,0,5,6,0,1,25,3,6,2,0,1,2,2,2,8,0,0,0,0,5,6,5,29,0,18,11,2,0,6,37,14,14,14,8,2,0,1,5,2,1,0,0,0,9,4,0
6310346,2025-03-14,11,596569,Iowa,8,596601,Michigan St.,12,1,1,1,1,0,0,0,1,1057,13500,1,47,8,12,3,0,3,8,2,0,13,0,0,0,0,8,12,8,49,0,33,11,0,0,11,51,18,12,12,1,10,0,0,6,0,0,0,0,0,10,11,0,1,48,12,18,1,3,6,12,1,1,10,0,1,0,0,10,11,6,51,2,33,9,0,0,11,49,12,8,7,2,13,0,0,3,0,0,0,0,0,8,12,0
6310347,2025-03-14,9,596569,Iowa,7,596601,Michigan St.,3,1,1,1,1,0,0,0,1,1057,12120,1,30,7,8,2,0,1,7,9,2,3,1,0,0,0,6,14,11,42,1,27,9,1,0,9,38,9,3,3,2,5,0,0,1,0,0,0,0,0,9,12,0,1,36,3,9,3,0,1,3,2,0,5,0,0,0,0,9,12,8,38,0,24,6,1,0,8,42,8,7,6,9,3,0,0,1,0,0,0,1,0,6,14,1
6310622,2025-03-14,9,596557,Hawaii,1,596510,UC Santa Barbara,2,1,1,1,1,0,0,0,1,3948,9660,1,27,1,4,0,0,1,1,6,0,10,0,0,1,1,7,6,5,33,0,27,10,2,0,9,34,7,2,2,0,9,0,0,0,1,0,1,1,0,10,7,0,1,31,2,7,3,0,0,2,0,1,9,1,1,1,0,10,7,5,34,0,27,12,1,1,9,33,4,1,1,6,10,0,0,1,1,1,0,0,0,7,6,0
6311138,2025-03-14,9,596636,Northwestern,2,596647,Penn St.,11,1,1,1,1,0,0,0,1,330,11280,1,34,2,7,1,0,0,2,0,1,11,0,0,0,0,10,5,6,35,0,27,10,1,0,9,49,16,11,11,4,5,0,1,3,4,0,0,0,0,8,12,0,1,41,11,16,2,1,3,11,4,3,5,0,1,4,0,8,12,10,49,1,27,11,1,0,9,35,7,2,1,0,11,0,0,0,0,0,0,0,0,10,5,0
6311857,2025-03-14,8,596465,Seattle U,11,596527,Coppin St.,1,1,1,1,1,0,0,0,0,125,8520,1,30,11,11,3,0,0,10,7,2,3,0,1,3,1,8,8,5,40,0,24,10,0,0,8,31,5,1,1,2,4,0,2,0,0,0,0,0,0,11,9,0,1,29,1,5,2,0,0,1,2,0,4,0,0,0,0,11,9,6,31,3,21,11,0,1,7,40,11,11,8,7,3,0,4,0,3,1,0,0,0,8,8,0
6311868,2025-03-14,9,596465,Seattle U,7,596527,Coppin St.,3,1,1,1,1,0,0,0,0,120,9000,1,30,7,8,1,1,0,5,2,1,8,0,1,2,0,5,9,3,34,0,27,8,1,0,9,36,6,3,3,2,8,0,1,0,1,0,0,2,0,7,11,0,1,29,3,6,0,0,0,3,2,2,8,2,1,1,0,7,11,6,36,3,24,6,1,0,8,34,8,7,6,2,8,0,2,0,2,0,1,0,0,5,9,0
6313000,2025-03-14,9,596623,New Mexico,12,596619,UNLV,6,1,1,1,1,0,0,0,1,237,9300,1,40,12,16,3,1,2,12,3,0,5,0,0,0,1,12,6,7,43,0,27,12,0,0,9,41,11,6,6,5,7,0,2,2,1,1,0,1,0,9,9,0,1,35,6,11,5,0,2,6,5,0,7,1,0,1,1,9,9,7,41,1,24,12,1,0,8,43,16,12,11,3,5,0,0,2,0,1,0,0,0,12,6,0
6314040,2025-03-14,9,596421,TCU,3,596485,Arizona St.,2,1,1,1,1,0,0,0,1,4457,9000,1,32,3,10,2,0,1,3,4,0,7,0,0,2,1,5,10,9,36,2,27,17,1,0,9,33,6,2,1,2,7,0,1,0,0,2,0,0,0,11,5,0,1,30,2,6,0,1,0,1,2,1,7,0,0,0,2,11,5,4,33,0,24,8,1,0,8,36,10,3,3,4,7,0,0,1,2,1,0,0,0,5,10,0
6316548,2025-03-14,9,596575,Kansas,9,596493,Baylor,1,1,1,1,1,0,0,0,1,1628,9600,1,33,9,9,6,1,1,9,7,2,5,0,0,0,0,8,10,9,42,1,27,12,1,0,9,33,5,1,0,2,6,0,0,0,0,0,0,0,0,13,7,0,1,31,1,5,2,0,0,0,2,0,6,0,0,0,0,13,7,5,33,1,24,10,1,0,8,42,9,9,9,7,5,0,0,1,0,0,0,0,0,8,10,0
6317269,2025-03-14,9,596553,Georgia Tech,10,596649,Pittsburgh,1,1,1,1,1,0,0,0,1,1528,10200,1,33,10,10,2,0,1,9,7,1,3,0,1,1,0,11,10,8,42,0,27,9,0,0,9,37,3,1,1,5,10,0,1,0,0,0,1,1,0,9,8,0,1,29,1,3,1,0,0,1,5,2,10,1,0,0,0,9,8,9,37,0,24,11,0,0,8,42,10,10,10,7,3,0,1,1,1,0,0,0,0,11,10,0
6317420,2025-03-14,9,596511,California,6,596439,Virginia,1,1,1,1,1,0,0,0,1,421,10260,1,32,6,8,1,0,1,5,3,0,8,1,0,1,0,0,16,6,36,0,27,8,0,0,9,38,4,1,1,4,10,0,1,0,0,0,0,1,0,8,8,0,1,29,1,4,0,0,0,1,4,4,10,1,0,0,0,8,8,10,38,2,24,0,1,0,8,36,8,6,5,3,8,0,0,1,1,0,0,1,0,0,16,0
6317710,2025-03-14,9,596441,Wake Forest,8,596600,Miami (FL),0,1,1,1,1,0,0,0,1,1715,8760,1,34,8,10,2,0,3,8,3,1,8,0,0,1,0,7,8,5,38,1,27,11,0,0,9,32,3,0,0,2,11,0,1,0,0,0,0,0,0,7,7,0,1,29,0,3,0,0,0,0,2,1,11,0,0,0,0,7,7,4,32,2,24,8,1,0,8,38,10,8,6,3,8,0,0,3,1,0,0,0,0,7,8,0
6317827,2025-03-14,7,596628,NC State,11,596438,Virginia Tech,1,1,1,1,1,0,0,0,1,2524,10140,1,33,11,15,2,0,2,10,3,1,4,0,2,1,1,4,11,7,39,0,21,3,0,0,7,25,2,1,1,2,8,0,0,0,0,0,0,0,0,3,10,0,1,23,1,2,0,0,0,1,2,0,8,0,0,0,0,3,10,3,25,1,19,3,0,0,6.1,39,15,11,10,3,4,0,1,2,1,1,0,0,0,4,11,0
6320414,2025-03-14,9,596545,Florida St.,8,596496,Boston College,2,1,1,1,1,0,0,0,1,4452,11640,1,37,8,14,4,0,4,7,6,3,12,0,0,1,0,2,9,14,46,1,27,13,0,0,9,36,6,2,1,4,13,0,2,0,1,0,0,0,0,8,3,0,1,30,2,6,1,0,0,1,4,2,13,0,0,1,0,8,3,7,36,0,24,5,2,0,8,46,14,8,8,6,12,0,1,4,1,0,0,0,0,2,9,0
6301864,2025-03-15,9,596707,Fresno St.,15,596620,Nevada,12,1,1,1,1,0,0,0,1,0,11400,1,42,15,19,9,1,1,14,2,2,3,0,0,2,0,9,10,7,46,1,27,7,1,0,9,48,16,12,11,3,10,0,0,5,0,0,0,1,0,6,10,0,1,42,12,16,6,0,5,12,3,2,10,1,0,0,0,6,10,9,48,1,24,10,1,0,8,46,19,15,12,2,3,0,1,1,2,0,0,0,0,9,10,0
6301877,2025-03-15,9,596607,Ole Miss,3,596487,Arkansas,12,1,1,1,1,0,0,0,1,9304,11940,1,32,3,4,1,0,1,2,3,1,18,0,0,0,0,7,2,6,36,1,27,7,1,0,9,47,15,12,11,2,13,0,1,5,0,0,0,2,0,7,7,0,1,40,12,15,1,0,5,11,2,2,13,2,1,0,0,7,7,8,47,1,27,8,0,0,9,36,4,3,3,3,18,0,2,1,0,0,0,0,0,7,2,0
6301884,2025-03-15,9,596677,South Carolina,11,596641,Oklahoma,5,1,1,1,1,0,0,0,1,7140,12120,1,35,11,14,3,0,2,10,5,1,9,1,1,0,0,9,5,8,43,0,27,8,1,1,9,42,9,5,4,8,12,0,1,1,1,1,0,1,0,6,7,0,1,33,5,9,0,0,1,4,8,0,12,1,0,1,1,6,7,9,42,3,24,9,0,0,8,43,14,11,10,5,9,0,0,2,0,0,0,1,0,9,5,0
6301885,2025-03-15,7,596721,Tennessee,10,596546,Florida,0,1,1,1,1,0,0,0,1,5575,8580,1,27,10,11,3,0,1,10,3,1,7,0,2,2,0,6,5,4,33,0,21,8,0,0,7,24,5,0,0,1,7,0,0,0,2,2,0,0,0,5,6,0,1,23,0,5,0,0,0,0,1,0,7,0,0,2,2,5,6,2,24,1,19,9,0,0,6.1,33,11,10,10,3,7,0,2,1,2,0,0,0,0,6,5,0
6301890,2025-03-15,9,596554,Georgia,7,596577,Kentucky,10,1,1,1,1,0,0,0,1,3633,13620,1,36,7,10,2,0,4,7,3,4,12,0,0,0,0,6,8,9,43,0,27,12,1,0,9,51,13,10,10,7,9,0,1,1,3,0,0,2,0,13,5,0,1,37,10,13,3,0,1,9,7,4,9,2,1,3,0,13,5,14,51,1,27,5,0,0,9,43,10,7,6,3,12,0,0,4,0,0,0,0,0,6,8,0
6301892,2025-03-15,,596653,Purdue,,596564,UIC,,1,1,0,0,1,0,0,0,,,0,0,0,0,0,0,0,0,0,0,0,0,0,0,0,0,0,0,0,0,0,0,0,0,0,0,0,0,0,0,0,0,0,0,0,0,0,0,0,0,0,0,0,0,0,0,0,0,0,0,0,0,0,0,0,0,0,0,0,0,0,0,0,0,0,0,0,0,0,0,0,0,0,0,0,0,0,0,0,0,0,0,0,0
6301893,2025-03-15,9,596583,LSU,7,596608,Missouri,6,1,1,1,1,0,0,0,1,11675,11460,1,32,7,8,1,1,1,7,3,2,3,0,1,0,0,9,12,7,38,0,27,8,0,0,9,43,10,6,6,7,12,0,1,2,1,0,0,1,0,6,6,0,1,32,6,10,1,0,2,5,7,2,12,1,1,1,0,6,6,9,43,1,24,8,2,0,8,38,8,7,6,3,3,0,0,1,0,0,0,0,0,9,12,0
6301899,2025-03-15,9,596673,Santa Clara,8,596462,Grand Canyon,3,1,1,1,1,0,0,1,0,137,9600,1,36,8,13,1,0,3,8,5,0,10,0,0,3,0,6,7,9,41,1,27,9,0,0,9,41,8,3,2,3,8,0,0,1,0,0,0,1,0,11,9,0,1,34,3,8,0,1,1,3,3,2,8,1,0,0,0,11,9,11,40,1,24,5,0,0,8,41,13,8,8,5,10,0,1,3,3,0,0,0,0,6,7,0
6301903,2025-03-15,9,596430,Air Force,4,596442,Washington St.,10,1,1,1,1,0,0,0,1,120,9900,1,35,4,9,1,0,1,3,1,0,8,0,0,1,1,12,7,5,36,4,27,10,0,0,9,45,14,10,8,1,12,0,1,1,1,1,0,0,0,8,6,0,1,41,10,14,3,1,1,9,1,3,12,0,0,1,1,8,6,8,45,1,27,12,0,0,9,36,9,4,4,1,8,0,1,1,1,1,1,0,0,12,7,0
6301916,2025-03-15,9,596719,Southern Miss.,11,596642,Old Dominion,4,1,1,1,1,0,0,0,1,5357,11460,1,38,11,14,4,0,2,11,4,0,12,1,1,0,1,7,4,9,44,2,27,14,1,1,9,37,6,4,3,3,10,0,0,2,1,0,0,0,0,12,5,0,1,33,4,6,0,0,2,3,3,0,10,0,1,1,0,12,5,6,37,3,24,7,1,0,8,44,14,11,11,4,12,0,3,2,0,1,0,1,0,7,4,0
6301923,2025-03-15,9,596514,UCLA,11,596712,Nebraska,3,1,1,1,1,0,0,0,1,629,11760,1,36,11,13,1,0,3,11,5,2,8,0,0,0,2,7,7,8,43,1,27,10,0,0,9,42,8,3,3,5,10,0,1,0,0,0,0,1,0,9,7,0,1,33,3,8,1,0,0,3,5,3,10,1,0,0,0,9,7,12,42,1,24,7,1,0,8,43,13,11,8,5,8,0,0,3,0,2,1,0,0,7,7,0
6301924,2025-03-15,9,596424,UT Arlington,12,596488,Little Rock,7,1,1,1,1,0,0,0,0,473,11580,1,38,12,11,5,0,2,10,8,0,8,1,0,3,0,6,10,11,47,4,27,12,0,0,9,41,12,7,5,3,8,0,3,0,1,0,0,0,0,11,5,1,1,37,7,12,1,0,0,7,3,0,8,0,1,1,0,11,5,7,41,5,24,7,2,0,8,47,11,12,5,8,8,0,3,2,3,0,1,1,0,6,10,0
6301932,2025-03-15,9,596499,BYU,6,596519,UCF,7,1,1,1,1,0,0,0,1,1791,13020,1,37,6,13,0,2,0,6,5,0,11,1,0,1,0,6,7,10,43,0,27,6,3,0,9,42,12,7,7,3,10,0,0,2,1,0,0,0,0,6,10,0,1,37,7,12,1,1,2,7,3,1,10,0,1,1,0,6,10,8,42,1,27,8,1,0,9,43,13,6,6,5,11,0,0,0,1,0,0,1,0,6,7,0
6301936,2025-03-15,9,596523,Clemson,11,596637,Notre Dame,7,1,1,1,1,0,0,0,1,4812,12420,1,35,11,12,1,2,2,11,8,3,2,0,1,1,0,5,17,12,47,1,27,8,0,1,9,42,5,7,5,6,10,0,1,0,0,0,0,0,0,7,10,0,1,33,7,5,1,0,0,5,6,3,10,0,0,0,0,7,10,8,42,2,24,4,0,0,8,47,12,11,11,8,2,0,1,2,1,0,0,0,0,5,17,0
6301939,2025-03-15,9,596707,Fresno St.,3,596620,Nevada,9,1,1,1,1,0,0,0,1,2208,9180,1,33,3,9,2,0,0,3,2,1,10,1,0,0,0,7,8,7,37,3,27,6,2,0,9,45,13,9,5,1,9,0,1,2,0,0,0,2,0,7,11,0,1,40,9,13,2,1,2,8,1,1,9,2,1,0,0,7,11,9,45,0,27,7,0,0,9,37,9,3,3,2,10,0,0,0,0,0,0,1,0,7,8,0
6301945,2025-03-15,9,596669,San Diego St.,6,596672,San Jose St.,4,1,1,1,1,0,0,0,1,1084,9480,1,27,6,7,2,0,1,5,4,2,5,1,2,0,0,10,7,6,36,1,27,7,2,0,9,38,8,4,4,2,10,0,1,0,2,0,0,1,0,6,11,0,1,35,4,8,3,1,0,4,2,0,10,1,0,2,0,6,11,7,38,1,24,12,0,0,8,36,7,6,6,4,5,0,2,1,0,0,0,1,0,10,7,0
6301948,2025-03-15,8,596688,Stanford,11,596708,Duke,1,1,1,1,1,0,0,0,1,1776,9300,1,33,11,12,0,0,5,10,1,4,6,0,1,1,1,8,8,5,39,0,24,7,0,0,8,33,5,1,1,3,4,0,1,0,0,0,0,1,0,6,13,0,1,27,1,5,1,0,0,1,3,2,4,1,0,0,0,6,13,8,33,1,23,7,1,0,7.2,39,12,11,10,1,6,0,0,5,1,1,0,0,0,8,8,0
6307849,2025-03-15,9,596489,Auburn,6,596434,Vanderbilt,8,1,1,1,1,0,0,0,1,4669,12300,1,33,6,9,3,0,1,6,7,1,7,2,0,1,0,7,12,10,43,2,27,4,0,1,9,42,7,8,6,6,10,0,1,0,0,0,0,0,0,5,11,0,1,34,8,7,4,0,0,8,6,1,10,0,0,0,0,5,11,7,41,0,27,8,1,0,9,43,9,6,6,7,7,0,0,1,1,0,0,2,0,7,12,0
6308064,2025-03-15,9,596706,Arizona,14,596521,Cincinnati,2,1,1,1,1,0,0,0,1,2660,11160,1,36,14,12,4,2,0,12,6,3,8,1,0,0,0,7,8,8,46,1,27,5,0,0,9,41,9,2,1,5,13,0,1,0,1,0,0,1,0,4,9,0,1,34,2,9,1,0,0,2,5,1,13,1,0,1,0,4,9,12,41,3,24,10,1,1,8,46,12,14,9,6,8,0,0,0,0,0,0,1,0,7,8,0
6309320,2025-03-15,9,596420,Texas A&M,2,596480,Alabama,6,1,1,1,1,0,0,0,1,6929,12120,1,28,2,4,0,0,0,2,6,1,7,0,0,1,1,10,7,6,35,3,27,8,2,0,9,42,8,6,2,6,10,0,0,2,0,1,0,0,0,7,9,0,1,35,6,8,2,0,2,6,6,0,10,0,1,0,1,7,9,9,42,0,27,11,1,0,9,35,4,2,2,6,7,0,1,0,1,1,0,0,0,10,7,0
6310151,2025-03-15,9,596703,DBU,11,596426,UTSA,15,1,1,1,1,0,0,0,0,923,11340,1,35,11,9,1,1,4,10,5,2,10,0,0,0,0,9,7,4,42,1,27,13,1,2,9,52,17,15,13,5,9,0,1,3,4,0,0,0,0,13,5,0,1,41,15,17,3,0,3,14,5,3,9,0,3,4,0,13,5,10,52,0,27,10,1,1,9,42,9,11,11,5,10,0,1,4,0,0,0,0,0,9,7,0
6310348,2025-03-15,7,596569,Iowa,10,596601,Michigan St.,0,1,1,1,1,0,0,0,1,878,8220,1,28,10,10,2,1,0,10,2,1,2,0,0,1,0,9,7,3,31,1,21,5,0,0,7,31,4,0,0,6,11,0,0,0,0,0,0,0,0,5,4,0,1,25,0,4,0,0,0,0,6,0,11,0,0,0,0,5,4,10,31,0,18,10,1,0,6,31,10,10,10,2,2,0,0,0,1,0,0,0,0,9,7,0
6310624,2025-03-15,9,596557,Hawaii,15,596510,UC Santa Barbara,7,1,1,1,1,0,0,0,1,4421,11580,1,40,15,16,2,0,1,13,3,3,10,0,2,1,0,8,6,9,48,4,27,8,0,1,9,42,7,7,5,3,12,0,1,0,1,0,0,0,0,8,7,0,1,37,7,7,2,0,0,5,3,2,12,0,0,1,0,8,7,8,42,3,24,7,1,2,8,48,16,15,11,3,10,0,0,1,1,0,0,0,0,8,6,0
6311140,2025-03-15,9,596636,Northwestern,7,596647,Penn St.,10,1,1,1,1,0,0,0,1,230,11520,1,36,7,10,5,0,1,7,8,2,8,0,0,0,0,11,7,12,46,0,27,9,1,0,9,49,12,10,10,7,6,0,0,3,5,0,0,0,0,11,10,0,1,39,10,12,3,0,3,9,7,3,6,0,0,5,0,11,10,12,49,0,27,10,0,0,9,46,10,7,7,8,8,0,0,1,0,0,0,0,0,11,7,0
6311142,2025-03-15,9,596636,Northwestern,13,596647,Penn St.,5,1,1,1,1,0,0,0,1,230,10080,1,35,13,13,1,2,4,13,3,5,5,1,1,0,0,9,9,8,45,3,27,9,1,0,9,40,12,5,5,1,4,0,0,2,0,1,0,0,0,8,14,0,1,39,5,12,3,0,2,5,1,0,4,0,0,0,1,8,14,8,40,1,24,8,0,0,8,45,13,13,13,3,5,0,3,4,0,0,0,1,0,9,9,0
6313002,2025-03-15,8,596623,New Mexico,13,596619,UNLV,3,1,1,1,1,0,0,0,1,400,9000,1,33,13,14,3,0,1,13,9,2,3,1,0,0,1,7,10,8,45,2,24,15,2,0,8,31,8,3,3,0,8,0,1,0,0,1,0,1,0,11,3,0,1,30,3,8,3,0,0,3,0,0,8,1,0,0,1,11,3,3,31,0,23,8,0,1,7.2,45,14,13,13,9,3,0,1,1,0,1,0,1,0,7,10,0
6314041,2025-03-15,9,596421,TCU,9,596485,Arizona St.,26,1,1,1,1,0,0,0,1,4760,13200,1,38,9,10,4,0,0,7,8,0,12,1,0,0,0,4,11,11,47,4,27,13,0,0,9,61,28,26,18,5,6,0,0,5,3,0,0,0,0,11,8,0,1,54,26,28,6,0,5,25,5,2,6,0,0,3,0,11,8,8,61,3,27,4,2,0,9,47,10,9,8,8,12,0,2,0,0,0,0,1,0,4,11,0
6316550,2025-03-15,9,596575,Kansas,14,596493,Baylor,7,1,1,1,1,0,0,0,1,1166,11400,1,39,14,16,3,0,6,14,8,0,4,1,0,1,0,8,11,10,48,0,27,4,1,0,9,45,12,7,7,5,11,0,2,3,0,0,0,0,0,4,12,0,1,39,7,12,1,0,3,7,5,1,11,0,0,0,0,4,12,11,45,1,24,8,0,0,8,48,16,14,14,8,4,0,0,6,1,0,0,1,0,8,11,0
6317271,2025-03-15,7,596553,Georgia Tech,11,596649,Pittsburgh,1,1,1,1,1,0,0,0,1,1458,10620,1,32,11,12,6,0,0,8,10,0,4,2,0,5,0,8,8,10,44,1,21,7,0,0,7,32,8,1,1,4,7,0,0,0,0,0,0,0,0,7,5,0,1,28,1,8,2,0,0,1,4,0,7,0,0,0,0,7,5,10,32,2,20,8,2,2,6.2,44,12,11,9,10,4,0,1,0,5,0,0,2,0,8,8,0
6317421,2025-03-15,9,596511,California,8,596439,Virginia,10,1,1,1,1,0,0,0,1,610,13320,1,44,8,17,5,0,0,6,3,0,9,0,0,1,0,8,7,12,47,0,27,13,2,0,9,45,11,10,10,5,3,0,0,1,0,1,0,0,0,12,11,0,1,36,10,11,3,0,1,10,5,3,3,0,1,0,1,12,11,8,45,3,27,11,0,0,9,47,17,8,6,3,9,0,2,0,1,0,0,0,0,8,7,0
6317828,2025-03-15,,596628,NC State,,596438,Virginia Tech,,1,1,0,0,0,0,0,1,,,0,0,0,0,0,0,0,0,0,0,0,0,0,0,0,0,0,0,0,0,0,0,0,0,0,0,0,0,0,0,0,0,0,0,0,0,0,0,0,0,0,0,0,0,0,0,0,0,0,0,0,0,0,0,0,0,0,0,0,0,0,0,0,0,0,0,0,0,0,0,0,0,0,0,0,0,0,0,0,0,0,0,0,0
6320415,2025-03-15,7,596545,Florida St.,14,596496,Boston College,0,1,1,1,1,0,0,0,1,5044,7380,1,34,14,16,3,0,2,12,4,0,8,0,1,1,0,3,7,7,39,0,21,9,0,0,7,24,2,0,0,2,11,0,0,0,3,0,0,0,0,5,3,0,1,21,0,2,1,0,0,0,2,1,11,0,0,3,0,5,3,3,24,1,18,2,2,1,6,39,16,14,10,4,8,0,2,2,1,0,0,0,0,3,7,0
6320416,2025-03-15,9,596545,Florida St.,6,596496,Boston College,2,1,1,1,1,0,0,0,1,5044,8760,1,32,6,10,2,1,3,6,2,0,5,1,0,0,0,11,7,5,35,1,27,12,1,0,9,32,5,2,1,0,11,0,2,0,0,1,1,0,0,10,4,0,1,30,2,5,1,0,0,0,0,2,11,0,0,0,1,10,4,2,32,1,24,10,2,0,8,35,10,6,6,2,5,0,0,3,0,0,0,1,0,11,7,0
6366175,2025-03-15,7,596669,San Diego St.,16,596672,San Jose St.,1,1,1,1,1,0,0,0,1,777,10980,1,28,16,12,0,0,1,15,13,2,4,1,1,2,0,5,8,11,45,1,21,3,0,0,7,29,5,1,1,3,8,0,0,0,0,0,0,0,0,3,10,0,1,26,1,5,0,1,0,1,3,0,8,0,0,0,0,3,10,7,29,1,18,4,0,0,6,45,12,16,16,13,4,0,1,1,2,0,0,1,0,5,8,0
6366420,2025-03-15,9,596628,NC State,6,596438,Virginia Tech,3,1,1,1,1,0,0,0,1,2705,10140,1,27,6,6,0,0,2,6,3,1,3,1,2,1,0,8,12,4,34,0,27,9,1,0,9,34,7,3,3,0,9,0,0,2,0,0,0,0,0,10,8,0,1,34,3,7,1,0,2,3,0,0,9,0,0,0,0,10,8,4,34,2,24,8,0,0,8,34,6,6,6,3,3,0,0,2,1,0,0,1,0,8,12,0
6366454,2025-03-15,9,596653,Purdue,9,596564,UIC,3,1,1,1,1,0,0,0,0,1253,10080,1,31,9,8,1,0,1,7,5,2,3,1,0,3,1,9,11,6,39,0,27,14,0,0,9,38,12,3,3,4,7,0,0,2,0,0,0,0,0,10,5,0,1,34,3,12,1,0,2,3,4,0,7,0,0,0,0,10,5,5,38,1,24,10,1,0,8,39,8,9,9,5,3,0,1,1,3,1,0,1,0,9,11,1
6366534,2025-03-15,7,596628,NC State,8,596438,Virginia Tech,20,1,1,1,1,0,0,0,1,2772,14100,1,31,8,8,1,1,0,8,7,0,6,0,0,0,0,6,9,9,38,1,21,9,0,0,7,48,16,20,18,12,8,0,4,3,1,0,1,0,0,6,5,0,1,34,20,16,2,0,3,15,12,1,8,0,1,1,0,6,5,7,48,2,21,5,1,0,7,38,8,8,8,7,6,0,1,0,0,0,0,0,0,6,9,0
6366551,2025-03-15,10,596441,Wake Forest,5,596600,Miami (FL),4,1,1,1,1,0,0,0,1,2518,12180,1,37,5,10,1,0,2,5,5,1,9,0,1,1,0,12,7,9,44,4,30,9,0,0,10,41,8,4,4,2,10,0,0,1,2,0,0,1,0,8,11,1,1,38,4,8,2,0,1,4,2,0,10,1,0,2,0,8,11,7,41,0,28,11,0,0,9.1,44,10,5,5,5,9,0,1,2,1,0,0,0,0,12,7,0
6366569,2025-03-15,9,596441,Wake Forest,12,596600,Miami (FL),10,1,1,1,1,0,0,0,1,2518,12420,1,40,12,17,5,0,1,12,4,1,9,0,0,3,0,8,4,9,45,1,27,9,2,1,9,43,14,10,7,1,9,0,0,2,1,0,0,1,0,8,9,0,1,40,10,14,2,0,2,10,1,1,9,1,0,1,0,8,9,6,43,1,24,9,1,0,8,45,17,12,12,4,9,0,1,1,3,0,0,0,0,8,4,0
6301876,2025-03-16,7,596605,Mississippi St.,3,596425,Texas,5,1,1,1,1,0,0,0,1,11961,8940,1,26,3,6,1,0,0,3,5,1,6,0,0,0,0,4,10,8,32,0,21,3,1,0,7,32,5,5,5,5,12,0,0,1,0,0,0,0,0,4,6,0,1,26,5,5,2,0,1,5,5,1,12,0,0,0,0,4,6,6,32,1,21,5,0,0,7,32,6,3,3,5,6,0,0,0,0,0,0,0,0,4,10,0
6301955,2025-03-16,7,596605,Mississippi St.,1,596425,Texas,4,1,1,1,1,0,0,0,1,11961,9240,1,21,1,4,0,0,0,1,4,2,4,0,1,1,0,12,3,6,28,0,21,7,2,0,7,31,7,4,4,3,9,0,1,1,0,0,0,0,0,6,5,0,1,27,4,7,2,0,1,4,3,1,9,0,0,0,0,6,5,6,31,1,21,12,1,0,7,28,4,1,1,4,4,0,0,0,1,0,0,0,0,12,3,0
6301956,2025-03-16,9,596607,Ole Miss,9,596487,Arkansas,12,1,1,1,1,0,0,0,1,9164,13740,1,37,9,10,2,0,4,9,8,2,10,0,1,1,0,7,10,12,48,2,27,8,0,0,9,48,16,12,6,4,9,0,1,2,1,0,0,0,0,7,10,0,1,44,12,16,2,0,2,12,4,0,9,0,0,1,0,7,10,9,48,1,27,6,1,0,9,48,10,9,9,8,10,0,0,4,1,0,0,0,0,7,10,1
6301963,2025-03-16,10,596677,South Carolina,5,596641,Oklahoma,6,1,1,1,1,0,0,0,1,7245,14100,1,39,5,11,0,1,0,4,4,4,6,1,0,0,1,7,14,13,48,1,30,12,0,0,10,49,6,6,4,10,9,0,0,1,1,1,0,1,0,11,9,1,1,34,6,6,1,0,1,5,10,2,9,1,2,1,1,11,9,13,49,2,30,10,0,0,10,48,11,5,3,4,6,0,4,0,0,1,0,1,0,7,14,1
6301964,2025-03-16,9,596721,Tennessee,7,596546,Florida,4,1,1,1,1,0,0,0,1,5579,9840,1,30,7,6,2,0,2,7,6,1,6,0,0,0,0,11,5,6,37,1,27,9,2,0,9,36,5,4,1,2,11,0,0,0,2,2,0,0,0,7,7,0,1,31,4,5,1,0,0,3,2,3,11,0,0,2,2,7,7,5,36,2,24,11,0,0,8,37,6,7,7,6,6,0,0,2,0,0,0,0,0,11,5,0
6301969,2025-03-16,9,596554,Georgia,17,596577,Kentucky,10,1,1,1,1,0,0,0,1,3282,14520,1,38,17,15,1,0,4,16,9,3,8,0,0,1,0,5,9,9,50,0,27,8,2,0,9,45,9,10,10,6,10,0,5,3,1,0,0,1,0,9,7,0,1,34,10,9,3,0,3,7,6,4,10,1,0,1,0,9,7,8,45,1,24,8,2,0,8,50,15,17,14,9,8,0,0,4,1,0,0,0,0,5,9,0
6301972,2025-03-16,9,596583,LSU,10,596608,Missouri,5,1,1,1,1,0,0,0,1,10803,13380,1,33,10,14,5,0,1,8,5,4,6,1,1,2,0,11,4,10,44,1,27,8,2,0,9,40,7,5,5,6,12,0,1,0,1,0,1,1,0,7,6,0,1,31,5,7,0,0,0,5,6,2,12,1,0,1,0,7,6,8,40,0,24,15,2,0,8,44,14,10,10,5,6,0,1,1,2,0,0,1,0,11,4,0
6301978,2025-03-16,9,596669,San Diego St.,2,596672,San Jose St.,10,1,1,1,1,0,0,0,1,1048,11220,1,33,2,7,1,1,0,2,2,1,14,0,0,0,0,7,6,7,36,3,27,10,1,0,9,44,12,10,7,5,10,0,0,0,2,0,0,1,0,6,7,0,1,34,10,12,1,4,0,8,5,3,10,1,1,2,0,6,7,6,44,0,27,9,2,1,9,36,7,2,2,2,14,0,0,0,0,0,0,0,0,7,6,0
6301979,2025-03-16,9,596430,Air Force,14,596442,Washington St.,9,1,1,1,1,0,0,0,1,200,13740,1,32,14,13,3,0,2,13,7,2,3,0,3,3,1,11,6,5,44,1,27,10,1,0,9,47,14,9,8,6,6,0,0,1,1,0,0,0,0,14,6,0,1,41,9,14,4,1,1,8,6,0,6,0,0,1,0,14,6,11,47,1,24,14,1,0,8,44,13,14,12,7,3,0,3,2,3,1,0,0,0,11,6,0
6301988,2025-03-16,9,596643,Oregon St.,3,596462,Grand Canyon,1,1,1,1,1,0,0,0,0,3468,9960,1,33,3,9,2,0,0,3,5,1,8,0,0,1,0,6,9,12,39,0,27,2,1,0,9,32,3,1,1,1,15,0,0,0,2,0,0,0,0,1,11,0,1,30,1,3,0,0,0,1,1,1,15,0,0,2,0,1,11,4,32,1,24,5,0,0,8,39,9,3,2,5,8,0,1,0,1,0,0,0,0,6,9,0
6301998,2025-03-16,9,596719,Southern Miss.,1,596642,Old Dominion,4,1,1,1,1,0,0,0,1,5346,9900,1,34,1,7,0,0,1,1,2,0,8,0,0,0,0,10,9,8,36,0,27,10,0,0,9,39,11,4,4,2,11,0,1,1,0,0,0,1,0,9,4,0,1,34,4,11,1,1,1,4,2,2,11,1,0,0,0,9,4,8,39,0,27,10,3,0,9,36,7,1,1,2,8,0,1,1,0,0,0,0,0,10,9,0
6302005,2025-03-16,9,596523,Clemson,3,596637,Notre Dame,7,1,1,1,1,0,0,0,1,4356,12600,1,32,3,9,1,0,0,3,5,2,12,1,0,0,0,7,5,10,40,4,27,9,3,0,9,45,7,7,5,8,10,0,1,2,2,1,0,0,0,10,6,0,1,34,7,7,0,0,2,6,8,2,10,0,1,2,1,10,6,11,45,0,27,8,0,1,9,40,9,3,3,5,12,0,1,0,0,0,0,1,0,7,5,0
6302010,2025-03-16,9,596514,UCLA,5,596712,Nebraska,3,1,1,1,1,0,0,0,1,623,10080,1,32,5,10,1,0,2,5,2,1,6,0,0,0,0,12,4,6,35,0,27,8,2,0,9,36,7,3,3,3,11,0,2,0,1,0,0,1,0,7,8,0,1,32,3,7,1,0,0,3,3,0,11,1,0,1,0,7,8,6,36,1,24,14,1,0,8,35,10,5,5,2,6,0,0,2,0,0,0,0,0,12,4,0
6302015,2025-03-16,9,596424,UT Arlington,6,596488,Little Rock,10,1,1,1,1,0,0,0,0,454,9720,1,35,6,9,3,0,1,6,6,0,10,0,0,0,1,3,13,8,41,4,27,11,0,0,9,42,7,10,6,5,4,0,3,1,0,1,0,1,0,11,11,0,1,34,10,7,0,0,1,8,5,1,4,1,0,0,1,11,11,2,41,0,27,5,0,1,9,41,9,6,6,6,10,0,1,1,0,1,0,0,0,3,13,0
6302019,2025-03-16,7,596566,Indiana,14,596639,Ohio St.,3,1,1,1,1,0,0,0,1,1079,9720,1,30,14,10,2,0,2,12,7,2,8,0,0,3,0,2,8,7,39,0,21,4,0,0,7,32,7,3,3,3,12,0,2,1,0,0,0,0,0,4,5,0,1,28,3,7,1,0,1,3,3,1,12,0,0,0,0,4,5,8,32,4,18,2,0,2,6,39,10,14,11,7,8,0,5,2,3,0,1,0,0,2,8,0
6302024,2025-03-16,7,596707,Fresno St.,13,596620,Nevada,0,1,1,1,1,0,0,0,1,1736,8460,1,34,13,16,3,0,1,9,3,2,4,0,0,3,1,7,5,8,39,0,21,3,1,0,7,27,5,0,0,1,10,0,1,0,0,0,0,0,0,3,8,0,1,26,0,5,0,0,0,0,1,0,10,0,0,0,0,3,8,6,27,3,18,9,0,0,6,39,16,13,12,3,4,0,5,1,3,1,0,0,0,7,5,0
6302030,2025-03-16,9,596688,Stanford,10,596708,Duke,5,1,1,1,1,0,0,0,1,2041,11460,1,35,10,12,2,1,3,10,3,2,9,0,0,1,0,6,8,6,40,1,27,12,1,0,9,39,10,5,5,2,6,0,0,0,0,0,0,0,0,12,9,0,1,36,5,10,5,1,0,5,2,0,6,0,1,0,0,12,9,7,39,0,24,7,0,0,8,40,12,10,10,3,9,0,0,3,1,0,0,0,0,6,8,0
6307852,2025-03-16,9,596489,Auburn,7,596434,Vanderbilt,6,1,1,1,1,0,0,0,1,4799,10260,1,33,7,8,2,0,2,6,2,1,5,0,0,0,0,7,11,5,36,0,27,7,1,0,9,40,10,6,6,2,6,0,0,3,0,0,0,1,0,9,13,0,1,36,6,10,1,1,3,6,2,1,6,1,0,0,0,9,13,7,40,2,24,8,0,0,8,36,8,7,6,2,5,0,0,2,0,0,0,0,0,7,11,0
6308065,2025-03-16,7,596706,Arizona,11,596521,Cincinnati,1,1,1,1,1,0,0,0,1,2428,7620,1,28,11,12,1,2,0,9,4,0,1,0,0,0,0,5,10,3,32,2,21,7,2,0,7,28,3,1,1,5,8,0,1,1,1,1,0,0,0,5,7,0,1,23,1,3,0,0,1,1,5,0,8,0,0,1,1,5,7,6,28,1,18,6,0,1,6,32,12,11,11,4,1,0,1,0,0,0,0,0,0,5,10,0
6309321,2025-03-16,9,596420,Texas A&M,0,596480,Alabama,2,1,1,1,1,0,0,0,1,6864,9720,1,30,0,4,0,0,0,0,2,0,10,0,0,0,0,9,7,5,32,1,27,8,1,0,9,39,9,2,2,2,10,0,1,1,0,0,0,0,0,8,9,0,1,36,2,9,3,0,1,2,2,1,10,0,0,0,0,8,9,10,39,1,27,9,1,0,9,32,4,0,0,2,10,0,0,0,0,0,0,0,0,9,7,0
6310154,2025-03-16,7,596703,DBU,14,596426,UTSA,4,1,1,1,1,0,0,0,0,767,9000,1,30,14,11,2,0,2,13,6,2,6,0,0,5,0,6,5,5,38,0,21,7,0,0,7,32,8,4,4,4,6,0,0,0,0,0,0,0,0,9,5,0,1,28,4,8,1,0,0,4,4,0,6,0,0,0,0,9,5,7,32,2,18,8,1,1,6,38,11,14,12,6,6,0,1,2,5,0,0,0,0,6,5,0
6310628,2025-03-16,9,596557,Hawaii,1,596510,UC Santa Barbara,0,1,1,1,1,0,0,0,1,3914,8580,1,29,1,6,1,0,0,1,3,1,11,0,0,0,0,5,7,8,33,1,27,9,1,0,9,33,4,0,0,2,4,0,0,0,1,1,0,0,0,7,14,0,1,29,0,4,0,0,0,0,2,1,4,0,1,1,1,7,14,6,33,0,24,5,1,0,8,33,6,1,1,3,11,0,0,0,0,0,0,0,0,5,7,0
6311866,2025-03-16,9,596465,Seattle U,3,596527,Coppin St.,2,1,1,1,1,0,0,0,0,58,9720,1,32,3,6,2,0,0,3,3,1,4,0,0,3,0,7,13,9,36,0,27,11,0,1,9,39,6,2,1,5,12,0,3,0,0,0,0,0,0,11,5,0,1,32,2,6,1,0,0,0,5,1,12,0,1,0,0,11,5,10,39,3,24,6,2,0,8,36,6,3,2,3,4,0,2,0,3,0,0,0,0,7,13,0
6313005,2025-03-16,9,596623,New Mexico,11,596619,UNLV,8,1,1,1,1,0,0,0,1,420,10500,1,37,11,13,2,0,3,11,6,2,6,1,0,0,0,8,11,10,46,3,27,6,0,0,9,48,18,8,5,1,7,0,0,0,0,0,0,1,0,5,14,0,1,46,8,18,3,0,0,5,1,0,7,1,0,0,0,5,14,13,48,1,25,9,1,0,8.1,46,13,11,11,6,6,0,2,3,0,0,0,1,0,8,11,0
6314043,2025-03-16,9,596421,TCU,11,596485,Arizona St.,12,1,1,1,1,0,0,0,1,4365,13200,1,36,11,10,3,2,1,11,6,3,14,1,0,3,0,4,9,8,46,2,27,5,0,0,9,47,12,12,12,7,8,0,3,2,0,0,0,1,0,6,13,0,1,39,12,12,0,0,2,10,7,0,8,1,0,0,0,6,13,8,47,0,27,4,0,0,9,46,10,11,11,6,14,0,1,1,3,0,1,1,0,4,9,1
6316551,2025-03-16,9,596575,Kansas,7,596493,Baylor,9,1,1,1,1,0,0,0,1,1426,10920,1,31,7,6,1,0,2,7,5,1,10,0,0,0,1,9,6,3,37,0,27,9,1,0,9,49,12,9,8,8,13,0,1,0,4,0,0,0,0,9,5,0,1,39,9,12,4,0,0,9,8,2,13,0,0,4,0,9,5,13,49,0,27,10,0,0,9,37,6,7,7,5,10,0,1,2,0,1,0,0,0,9,6,0
6317272,2025-03-16,9,596553,Georgia Tech,10,596649,Pittsburgh,12,1,1,1,1,0,0,0,1,1313,12360,1,37,10,12,4,0,4,10,3,3,11,1,0,1,0,4,11,7,44,0,27,12,1,0,9,47,13,12,12,7,9,0,1,1,0,1,0,1,0,12,5,0,1,38,12,13,4,0,1,12,7,1,9,1,0,0,1,12,5,8,47,1,27,6,0,0,9,44,12,10,9,3,11,0,0,4,1,0,0,1,0,4,11,0
6317423,2025-03-16,9,596511,California,5,596439,Virginia,11,1,1,1,1,0,0,0,1,553,10260,1,35,5,9,2,0,0,4,2,0,7,0,0,0,0,12,6,5,37,1,27,8,1,0,9,42,11,11,6,4,0,0,3,3,0,1,0,0,0,9,17,0,1,37,11,11,1,0,3,9,4,0,0,0,1,0,1,9,17,4,42,1,27,15,0,0,9,37,9,5,4,2,7,0,2,0,0,0,0,0,0,12,6,0
6317712,2025-03-16,,596441,Wake Forest,,596600,Miami (FL),,1,1,0,0,0,0,0,1,,,0,0,0,0,0,0,0,0,0,0,0,0,0,0,0,0,0,0,0,0,0,0,0,0,0,0,0,0,0,0,0,0,0,0,0,0,0,0,0,0,0,0,0,0,0,0,0,0,0,0,0,0,0,0,0,0,0,0,0,0,0,0,0,0,0,0,0,0,0,0,0,0,0,0,0,0,0,0,0,0,0,0,0,0
6317829,2025-03-16,,596628,NC State,,596438,Virginia Tech,,1,1,0,0,0,0,0,1,,,0,0,0,0,0,0,0,0,0,0,0,0,0,0,0,0,0,0,0,0,0,0,0,0,0,0,0,0,0,0,0,0,0,0,0,0,0,0,0,0,0,0,0,0,0,0,0,0,0,0,0,0,0,0,0,0,0,0,0,0,0,0,0,0,0,0,0,0,0,0,0,0,0,0,0,0,0,0,0,0,0,0,0,0
6302033,2025-03-17,9,596465,Seattle U,3,596555,Gonzaga,10,1,1,1,1,0,0,0,0,35,9300,1,30,3,5,2,0,2,3,2,1,7,0,0,0,0,10,8,3,33,2,27,10,1,1,9,44,10,10,8,7,9,0,0,0,3,0,0,1,0,10,7,0,1,34,10,10,2,0,0,8,7,1,9,1,1,3,0,10,7,6,44,0,27,11,0,0,9,33,5,3,3,2,7,0,0,2,0,0,0,0,0,10,8,1
6302035,2025-03-17,9,596673,Santa Clara,4,596620,Nevada,13,1,1,1,1,0,0,0,0,383,9420,1,35,4,8,2,0,0,4,3,1,7,0,0,0,0,13,7,8,39,1,27,9,0,0,9,48,13,13,12,8,8,0,1,3,0,1,0,0,0,8,9,0,1,38,13,13,2,0,3,12,8,2,8,0,0,0,1,8,9,8,48,1,27,11,1,0,9,39,8,4,3,3,7,0,0,0,0,0,0,0,0,13,7,0
6310952,2025-03-17,9,596499,BYU,3,596418,Utah Tech,10,1,1,1,1,0,0,0,0,1590,11400,1,33,3,7,1,0,0,3,3,2,13,0,0,0,0,9,4,8,38,1,27,10,1,0,9,51,12,10,7,9,11,0,0,1,2,0,0,0,0,12,3,0,1,38,10,12,1,0,1,10,9,3,11,0,1,2,0,12,3,14,51,0,27,9,1,0,9,38,7,3,3,3,13,0,1,0,0,0,0,0,0,9,4,0
6302036,2025-03-18,7,596605,Mississippi St.,16,596570,Jackson St.,3,1,1,1,1,0,0,0,0,9485,10560,1,30,16,13,2,0,2,14,12,2,6,0,0,1,0,5,6,10,44,0,21,4,0,0,7,28,6,3,3,1,15,0,3,0,0,0,0,0,0,4,2,0,1,27,3,6,2,0,0,3,1,0,15,0,0,0,0,4,2,4,28,1,18,5,0,2,6,44,13,16,15,12,6,0,2,2,1,0,0,0,0,5,6,0
6302039,2025-03-18,7,596546,Florida,16,596572,Jacksonville,4,1,1,1,1,0,0,0,0,5280,10320,1,32,16,14,2,0,3,15,7,3,6,0,0,3,0,8,4,8,42,0,21,5,0,0,7,31,7,4,4,2,7,0,1,1,0,1,0,0,0,3,10,0,1,27,4,7,2,0,1,4,2,2,7,0,0,0,1,3,10,6,31,1,18,7,0,0,6,42,14,16,16,7,6,0,1,3,3,0,0,0,0,8,4,0
6302040,2025-03-18,9,596523,Clemson,6,596522,The Citadel,4,1,1,1,1,0,0,0,0,4478,10020,1,34,6,10,1,0,1,5,5,0,5,1,0,1,0,9,10,10,40,1,27,9,0,0,9,35,8,4,4,1,11,0,0,0,2,0,0,0,0,6,7,0,1,32,4,8,2,0,0,3,1,1,11,0,1,2,0,6,7,3,35,2,24,11,1,0,8,40,10,6,5,5,5,0,2,1,1,0,0,1,0,9,10,0
6302042,2025-03-18,9,596569,Iowa,4,596564,UIC,1,1,1,1,1,0,0,0,0,1006,11460,1,28,4,5,2,0,1,3,3,4,4,0,0,3,0,8,11,6,35,2,27,10,0,0,9,41,6,1,0,8,12,0,1,0,0,1,0,0,0,5,6,0,1,29,1,6,0,0,0,1,8,2,12,0,1,0,1,5,6,13,40,0,24,9,0,0,8,35,5,4,4,3,4,0,2,1,3,0,0,0,0,8,11,0
6302048,2025-03-18,9,596653,Purdue,12,596452,Milwaukee,8,1,1,1,1,0,0,0,0,1236,12480,1,35,12,11,1,0,1,10,6,7,4,1,0,6,1,14,4,13,49,2,27,13,2,0,9,47,12,8,7,7,11,0,4,0,0,0,0,1,0,11,4,0,1,38,8,12,4,0,0,7,7,1,11,1,0,0,0,11,4,12,47,3,24,14,2,0,8,49,11,12,9,6,4,0,1,1,6,1,0,1,0,14,4,0
6302064,2025-03-18,7,596637,Notre Dame,18,596503,Butler,4,1,1,1,1,0,0,0,0,560,10080,1,36,18,17,2,2,4,16,5,5,10,0,0,3,0,2,6,10,46,3,21,8,0,0,7,32,9,4,2,1,9,0,0,1,0,0,0,1,0,7,4,0,1,30,4,9,0,0,1,4,1,0,9,1,0,0,0,7,4,7,32,1,18,2,1,3,6,46,17,18,17,5,10,0,2,4,3,0,0,0,0,2,6,0
6302070,2025-03-18,9,596487,Arkansas,4,596715,Oral Roberts,1,1,1,1,1,0,0,0,0,9922,9960,1,28,4,8,0,0,0,3,7,3,2,1,0,1,0,10,9,12,39,0,27,7,3,0,9,36,7,1,1,2,8,0,1,0,0,0,0,0,0,8,11,0,1,34,1,7,0,0,0,1,2,0,8,0,0,0,0,8,11,8,36,1,24,11,0,0,8,40,8,4,3,7,2,0,1,0,1,0,0,1,0,10,9,0
6302073,2025-03-18,9,596476,California Baptist,13,596669,San Diego St.,3,1,1,1,1,0,0,0,0,481,10500,1,34,13,12,3,0,5,13,6,3,8,2,0,2,0,9,7,8,45,2,27,12,0,1,9,37,6,3,2,3,8,0,0,0,1,0,0,0,0,14,4,0,1,33,3,6,3,0,0,2,3,1,8,0,0,1,0,14,4,7,37,0,24,9,2,0,8,45,12,13,13,6,8,0,0,5,2,0,0,2,0,9,7,0
6302077,2025-03-18,9,596489,Auburn,13,596479,Alabama St.,9,1,1,1,1,0,0,0,0,4694,10920,1,35,13,13,5,0,2,12,9,1,4,0,1,1,1,10,12,9,46,0,27,9,0,1,9,41,11,9,8,3,5,0,0,1,0,0,0,2,0,8,14,0,1,36,9,11,3,0,1,9,3,0,5,2,0,0,0,8,14,5,41,0,24,7,0,1,8,46,13,13,13,9,4,0,2,2,1,1,0,0,0,10,12,0
6302081,2025-03-18,9,596545,Florida St.,3,596598,Mercer,9,1,1,1,1,0,0,0,0,5546,11820,1,31,3,3,0,0,1,3,4,0,14,0,0,1,0,11,2,5,35,1,27,9,0,0,9,47,10,9,8,8,10,0,2,2,0,0,0,0,0,9,8,0,1,33,9,10,2,0,2,7,8,2,10,0,4,0,0,9,8,11,47,1,27,10,0,0,9,35,3,3,3,4,14,0,1,1,1,0,0,0,0,11,2,0
6302083,2025-03-18,9,596719,Southern Miss.,6,596607,Ole Miss,2,1,1,1,1,0,0,1,0,3498,9540,1,31,6,7,2,1,1,6,3,0,14,0,0,0,0,5,5,5,34,0,27,8,0,0,9,38,8,2,2,3,7,0,0,0,0,0,0,0,0,6,12,0,1,33,2,8,1,2,0,2,3,2,7,0,0,0,0,6,12,9,38,1,24,3,1,0,8,35,7,6,6,3,14,0,0,1,0,0,0,0,0,5,5,0
6302084,2025-03-18,9,596505,CSU Bakersfield,8,596707,Fresno St.,17,1,1,1,1,0,0,0,0,422,12600,1,33,8,8,1,0,0,6,8,4,10,1,0,2,1,8,8,11,46,6,27,13,0,0,9,54,17,17,7,4,3,0,1,4,0,0,1,1,0,13,10,0,1,44,17,17,5,0,4,15,4,4,3,1,1,0,0,13,10,10,54,0,27,6,1,1,9,46,8,8,8,8,10,0,4,0,2,1,0,1,0,8,8,0
6302086,2025-03-18,9,596577,Kentucky,4,596612,Murray St.,5,1,1,1,1,0,0,0,0,2529,12180,1,31,4,9,3,1,0,4,4,2,9,0,1,0,0,7,7,7,38,0,27,14,0,0,9,41,9,5,5,6,3,0,1,1,0,0,0,2,0,11,10,0,1,32,5,9,0,0,1,5,6,0,3,2,1,0,0,11,10,9,41,0,27,13,1,0,9,38,9,4,4,4,9,0,0,0,0,0,0,0,0,7,7,0
6302088,2025-03-18,7,596583,LSU,11,596624,New Orleans,1,1,1,1,1,0,0,0,0,10424,9060,1,31,11,13,4,0,4,11,7,2,4,0,0,2,1,4,9,11,40,0,21,7,0,0,7,27,6,1,1,2,10,0,0,0,0,1,0,0,0,5,4,0,1,25,1,6,1,0,0,1,2,0,10,0,0,0,1,5,4,5,27,3,18,5,1,1,6,40,13,11,11,7,4,0,0,4,2,1,0,0,0,4,9,0
6302089,2025-03-18,9,596720,Stetson,0,596519,UCF,3,1,1,1,1,0,0,0,0,2150,10800,1,29,0,4,0,0,0,0,2,1,7,0,0,0,0,13,5,5,32,0,27,9,1,0,9,38,9,3,3,3,5,0,1,0,0,1,0,0,0,9,11,0,1,34,3,9,3,0,0,3,3,1,5,0,0,0,1,9,11,8,38,0,27,14,1,0,9,32,4,0,0,2,7,0,0,0,0,0,0,0,0,13,5,0
6302090,2025-03-18,9,596677,South Carolina,4,596459,Col. of Charleston,3,1,1,1,1,0,0,1,0,2610,10260,1,32,4,7,1,0,0,3,5,0,5,0,0,1,0,9,9,9,37,2,27,11,1,0,9,38,10,3,3,4,12,0,0,0,1,1,0,0,0,5,6,0,1,34,3,10,4,0,0,3,4,0,12,0,0,1,1,5,6,7,38,2,24,10,1,0,8,37,7,4,4,5,5,0,0,0,1,0,1,0,0,9,9,1
6308066,2025-03-18,9,596706,Arizona,5,596575,Kansas,0,1,1,1,1,0,0,0,0,2915,9300,1,28,5,6,1,1,0,4,6,1,8,2,0,3,0,7,9,8,37,0,27,4,0,0,9,33,4,0,0,2,13,0,0,0,0,0,0,0,0,5,8,0,1,30,0,4,0,0,0,0,2,1,13,0,0,0,0,5,8,6,33,0,24,5,1,1,8,37,6,5,4,6,8,0,2,0,3,0,0,2,0,7,9,0
6308649,2025-03-18,9,596543,Fla. Atlantic,5,596600,Miami (FL),6,1,1,1,1,0,0,0,0,970,10980,1,32,5,8,1,0,2,4,4,0,9,1,1,1,1,11,7,6,38,2,27,6,0,0,9,40,10,6,6,2,6,0,0,2,2,1,0,1,0,5,15,0,1,33,6,10,2,0,2,6,2,1,6,1,2,2,1,5,15,7,39,1,27,11,0,0,9,38,8,5,4,4,9,0,0,2,1,1,0,1,0,11,7,0
6309322,2025-03-18,10,596480,Alabama,6,596676,South Alabama,5,1,1,1,1,0,0,0,0,3899,11820,1,36,6,8,1,0,2,6,4,3,4,0,0,1,0,11,13,9,43,0,30,7,0,1,10,45,12,5,5,3,11,0,1,1,2,0,0,0,0,8,10,0,1,40,5,12,1,0,1,5,3,1,11,0,1,2,0,8,10,10,45,0,28,10,0,0,9.1,43,8,6,6,4,4,0,0,2,1,0,0,0,0,11,13,0
6310887,2025-03-18,7,596420,Texas A&M,17,596471,A&M-Corpus Christi,7,1,1,1,1,0,0,0,0,5226,9540,1,32,17,13,3,0,2,17,9,3,7,4,0,2,0,6,9,10,48,2,21,8,0,0,7,31,8,7,3,1,3,0,0,1,0,0,0,0,0,7,10,0,1,30,7,8,1,0,1,4,1,0,3,0,0,0,0,7,10,3,31,3,20,4,1,0,6.2,48,13,17,12,9,7,0,0,2,2,0,0,4,0,6,9,0
6311253,2025-03-18,9,596647,Penn St.,10,596662,St. Bonaventure,5,1,1,1,1,0,0,0,0,3754,10620,1,35,10,10,2,1,0,8,6,4,9,1,0,6,0,3,11,12,46,1,27,3,0,0,9,40,4,5,4,6,16,0,2,1,2,0,0,1,0,4,7,0,1,30,5,4,0,0,1,3,6,2,16,1,1,2,0,4,7,8,40,3,24,4,0,1,8,46,10,10,8,6,9,0,1,0,6,0,0,1,0,3,11,0
6311347,2025-03-18,9,596485,Arizona St.,3,596681,Southern California,6,1,1,1,1,0,0,0,0,4562,9120,1,35,3,9,3,0,0,3,1,1,6,0,0,0,1,6,13,7,37,0,27,11,1,0,9,35,9,6,6,2,8,0,0,3,0,2,0,0,0,10,6,0,1,33,6,9,0,1,3,6,2,0,8,0,0,0,2,10,6,2,35,1,27,9,1,0,9,37,9,3,3,1,6,0,0,0,0,1,0,0,0,6,13,0
6311399,2025-03-18,9,596648,Pepperdine,6,596712,Nebraska,9,1,1,1,1,0,0,0,0,224,10980,1,33,6,7,2,0,1,6,5,2,11,0,0,3,0,6,9,7,40,0,27,13,1,0,9,40,12,9,9,5,2,0,0,0,2,0,0,2,0,9,11,0,1,31,9,12,1,0,0,9,5,1,2,2,1,2,0,9,11,2,40,0,27,7,1,0,9,40,7,6,6,5,11,0,1,1,3,0,0,0,0,6,9,0
6313007,2025-03-18,9,596506,Cal St. Fullerton,4,596619,UNLV,0,1,1,1,1,0,0,0,0,899,10500,1,27,4,4,1,0,0,1,6,1,12,0,1,2,0,9,2,7,35,0,27,10,1,0,9,38,4,0,0,4,12,0,1,0,2,0,0,0,0,11,4,0,1,31,0,4,0,0,0,0,4,3,12,0,0,2,0,11,4,11,38,1,24,7,0,1,8,35,4,4,1,6,12,0,4,0,2,0,0,0,0,9,2,0
6313625,2025-03-18,7,596434,Vanderbilt,13,596470,Belmont,2,1,1,1,1,0,0,0,0,3802,7500,1,28,13,9,1,0,3,12,6,1,7,0,0,4,0,7,4,4,35,0,21,7,0,0,7,25,2,2,2,2,7,0,0,1,0,0,1,0,0,7,7,0,1,23,2,2,0,0,1,1,2,0,7,0,0,0,0,7,7,2,25,2,18,6,0,0,6,35,9,13,12,6,7,0,0,3,4,0,0,0,0,7,4,0
6314708,2025-03-18,10,596721,Tennessee,6,596536,ETSU,7,1,1,1,1,0,0,0,0,6331,14520,1,40,6,7,3,0,1,4,7,3,9,0,0,1,0,8,13,14,50,1,30,11,0,0,10,43,10,7,6,4,11,0,0,4,3,0,0,0,0,8,9,0,1,38,7,10,0,0,4,7,4,1,11,0,0,3,0,8,9,6,43,2,30,6,2,0,10,50,7,6,4,7,9,0,0,1,1,0,0,0,0,8,13,0
6314732,2025-03-18,9,596641,Oklahoma,7,596424,UT Arlington,6,1,1,1,1,0,0,0,0,3072,10440,1,37,7,14,2,2,3,7,2,0,5,0,0,2,0,11,7,4,39,0,27,10,2,1,9,37,7,6,6,5,12,0,1,2,2,1,0,0,0,7,5,0,1,31,6,7,0,0,2,5,5,1,12,0,0,2,1,7,5,4,37,0,26,12,2,0,8.2,39,14,7,7,2,5,0,0,3,2,0,0,0,0,11,7,0
6315274,2025-03-18,9,596639,Ohio St.,14,596599,Miami (OH),7,1,1,1,1,0,0,0,0,847,11400,1,33,14,11,2,0,2,13,6,2,5,0,1,1,0,8,9,4,42,1,27,8,1,0,9,45,10,7,7,7,9,0,0,2,0,0,0,1,0,8,9,0,1,36,7,10,2,0,2,7,7,1,9,1,0,0,0,8,9,11,45,1,24,8,0,1,8,42,11,14,13,6,5,0,1,2,1,0,0,0,0,8,9,0
6315819,2025-03-18,12,596425,Texas,7,596426,UTSA,8,1,1,1,1,0,0,0,0,7378,17160,1,47,7,12,2,0,3,6,4,1,10,0,0,2,1,17,7,8,52,2,36,10,0,0,12,55,10,8,7,7,13,0,2,3,0,1,0,2,0,8,14,0,1,45,8,10,3,0,3,7,7,1,13,2,0,0,1,8,14,11,55,1,36,19,0,0,12,52,12,7,6,4,10,0,1,3,2,1,0,0,0,17,7,0
6317355,2025-03-18,9,596553,Georgia Tech,14,596461,Gardner-Webb,6,1,1,1,1,0,0,0,0,952,11580,1,36,14,13,3,0,0,11,8,0,8,1,0,2,0,5,9,6,45,2,27,6,1,3,9,37,7,6,3,3,12,0,2,1,0,1,0,0,0,5,8,0,1,33,6,7,1,0,1,5,3,1,12,0,0,0,1,5,8,4,37,3,24,8,1,1,8,45,13,14,10,8,8,0,3,0,2,0,0,1,0,5,9,0
6356394,2025-03-18,7,596438,Virginia Tech,13,596436,VCU,2,1,1,1,1,0,0,0,0,1018,10080,1,29,13,14,3,0,1,13,9,0,3,1,0,2,0,8,5,8,39,0,21,2,2,0,7,29,6,2,2,1,8,0,0,1,2,0,0,0,0,3,10,0,1,27,2,6,0,0,1,2,1,1,8,0,0,2,0,3,10,6,29,0,18,10,0,0,6,39,14,13,13,9,3,0,0,1,2,0,0,1,0,8,5,0
6367161,2025-03-18,7,596488,Little Rock,23,596457,Central Ark.,9,1,1,1,1,0,0,0,0,286,11280,1,39,23,21,4,0,4,23,7,1,8,0,0,1,0,4,6,6,47,0,21,7,0,0,7,38,9,9,9,5,7,0,2,2,1,0,0,1,0,8,6,0,1,29,9,9,3,0,2,8,5,3,7,1,0,1,0,8,6,8,38,1,18,4,0,0,6,47,21,23,23,7,8,0,4,4,1,0,0,0,0,4,6,0
6300853,2025-03-19,7,596546,Florida,14,596542,Florida A&M,4,1,1,1,1,0,0,0,0,6467,8400,1,28,14,12,5,0,1,13,7,3,4,2,0,0,0,7,7,5,40,0,21,4,1,0,7,30,6,4,4,4,13,0,0,1,0,0,0,0,0,3,4,0,1,26,4,6,0,1,1,4,4,0,13,0,0,0,0,3,4,5,30,0,19,7,0,0,6.1,40,12,14,14,7,4,0,2,1,0,0,0,2,0,7,7,0
6302080,2025-03-19,9,596450,William & Mary,10,596642,Old Dominion,8,1,1,1,1,0,0,0,0,242,11940,1,32,10,11,3,0,0,10,2,1,8,0,2,3,1,6,9,3,37,1,27,6,0,0,9,47,8,8,5,10,9,0,1,1,2,0,0,0,0,4,13,0,1,35,8,8,3,0,1,7,10,2,9,0,0,2,0,4,13,12,47,1,24,6,0,0,8,37,11,10,10,2,8,0,1,0,3,1,0,0,0,6,9,0
6302096,2025-03-19,7,596523,Clemson,11,596522,The Citadel,1,1,1,1,1,0,0,0,0,4415,8640,1,27,11,11,2,0,2,11,6,1,4,1,1,0,1,6,7,4,36,1,21,13,1,0,7,29,4,1,1,3,8,0,0,0,0,1,0,0,0,10,1,0,1,24,1,4,0,0,0,1,3,2,8,0,0,0,1,10,1,7,29,1,19,8,1,0,6.1,36,11,11,11,6,4,0,0,2,0,1,0,1,0,6,7,0
6302101,2025-03-19,7,596487,Arkansas,16,596715,Oral Roberts,0,1,1,1,1,0,0,0,0,9121,8700,1,32,16,14,2,1,2,15,8,2,3,0,0,2,2,7,6,8,42,1,21,7,0,0,7,25,1,0,0,1,7,0,1,0,0,0,0,0,0,6,7,0,1,22,0,1,0,0,0,0,1,2,7,0,0,0,0,6,7,4,25,2,18,7,1,0,6,42,14,16,10,8,3,0,1,2,2,2,0,0,0,7,6,0
6310768,2025-03-19,9,596672,San Jose St.,9,596650,Portland,4,1,1,1,1,0,0,0,0,260,9960,1,35,9,11,2,0,1,9,4,1,9,0,0,0,0,7,8,7,40,1,27,11,0,1,9,39,7,4,3,6,5,0,3,1,2,0,0,0,0,7,10,0,1,31,4,7,1,0,1,2,6,2,5,0,0,2,0,7,10,8,39,1,24,7,3,0,8,40,11,9,9,4,9,0,4,1,0,0,0,0,0,7,8,0
6311254,2025-03-19,9,596647,Penn St.,3,596578,Lafayette,5,1,1,1,1,0,0,0,0,870,9000,1,33,3,7,1,0,1,3,1,1,5,0,0,3,0,8,13,5,35,3,27,13,0,0,9,40,7,5,2,3,6,0,1,0,0,1,0,0,0,11,8,0,1,33,5,7,2,0,0,3,3,2,6,0,2,0,1,11,8,8,40,0,27,9,1,0,9,35,7,3,3,1,5,0,0,1,3,0,0,0,0,8,13,0
6311401,2025-03-19,9,596648,Pepperdine,4,596712,Nebraska,11,1,1,1,1,0,0,0,0,324,12240,1,34,4,9,3,0,1,4,4,2,8,0,0,0,0,6,11,9,40,2,27,15,0,0,9,46,11,11,10,7,0,0,0,3,1,1,0,1,0,15,10,0,1,35,11,11,1,0,3,10,7,2,0,1,1,1,1,15,10,8,46,0,27,10,1,1,9,40,9,4,4,4,8,0,4,1,0,0,0,0,0,6,11,0
6312375,2025-03-19,9,596439,Virginia,2,596658,Richmond,6,1,1,1,1,0,0,0,0,3912,11880,1,34,2,8,0,0,1,2,5,0,9,0,0,0,0,8,9,10,39,2,27,10,1,0,9,41,9,6,2,6,8,0,1,1,0,1,0,0,0,7,10,0,1,35,6,9,3,0,1,6,6,0,8,0,0,0,1,7,10,8,41,0,27,6,0,0,9,39,8,2,2,5,9,0,0,1,0,0,0,0,0,8,9,0
6309327,2025-03-20,9,596480,Alabama,6,596721,Tennessee,5,1,1,1,1,0,0,0,1,4341,10020,1,31,6,6,2,0,0,6,4,2,11,0,0,0,0,5,8,7,37,2,27,7,0,0,9,39,9,5,4,2,7,0,1,1,0,1,0,1,0,6,12,0,1,35,5,9,0,0,1,4,2,1,7,1,0,0,1,6,12,7,39,1,24,3,1,0,8,37,6,6,5,4,11,0,0,0,0,0,0,0,0,5,8,0
6310888,2025-03-20,9,596434,Vanderbilt,5,596420,Texas A&M,3,1,1,1,1,0,0,0,1,3802,9600,1,30,5,10,1,0,1,5,3,0,6,0,1,0,0,4,11,5,34,1,27,7,2,0,9,36,5,3,2,3,16,0,0,1,0,0,0,0,0,5,5,0,1,32,3,5,2,0,1,2,3,1,16,0,0,0,0,5,5,6,36,1,24,8,0,0,8,34,10,5,4,3,6,0,0,1,0,0,0,0,0,4,11,0
6316368,2025-03-20,7,596600,Miami (FL),1,596545,Florida St.,14,1,1,1,1,0,0,0,1,3070,7800,1,21,1,2,0,0,1,1,1,1,9,0,0,1,0,6,5,1,23,1,21,6,2,0,7,39,14,14,13,2,11,0,0,6,1,0,0,0,0,6,4,0,1,35,14,14,1,0,6,13,2,1,11,0,1,1,0,6,4,4,39,0,21,5,0,0,7,23,2,1,1,1,9,0,0,1,1,0,0,0,0,6,5,0
6302112,2025-03-21,9,596641,Oklahoma,1,596605,Mississippi St.,2,1,1,1,1,0,0,0,1,3539,10440,1,31,1,4,1,0,0,1,3,2,14,0,0,0,0,3,9,8,36,1,27,5,1,0,9,36,7,2,1,1,13,0,0,0,2,0,0,1,0,5,8,0,1,33,2,7,1,0,0,2,1,1,13,1,0,2,0,5,8,7,36,2,27,5,1,0,9,36,4,1,0,3,14,0,2,0,0,0,0,0,0,3,9,0
6302114,2025-03-21,9,596546,Florida,7,596554,Georgia,8,1,1,1,1,0,0,0,1,7848,12360,1,34,7,7,0,1,3,7,7,1,11,1,0,1,0,7,9,9,43,1,27,7,0,0,9,41,9,8,8,5,8,0,0,1,1,0,0,1,0,6,12,0,1,34,8,9,2,0,1,7,5,1,8,1,0,1,0,6,12,6,41,1,27,5,1,0,9,43,7,7,7,7,11,0,1,3,1,0,0,1,0,7,9,0
6302119,2025-03-21,9,596577,Kentucky,7,596489,Auburn,8,1,1,1,1,0,0,0,1,3226,11940,1,38,7,13,2,0,1,7,0,2,8,1,0,4,0,11,7,7,41,1,27,9,0,0,9,42,8,8,7,3,9,0,1,1,2,0,0,2,0,7,9,0,1,32,8,8,3,0,1,7,3,5,9,2,0,2,0,7,9,7,42,0,27,10,1,0,9,41,13,7,7,0,8,0,2,1,4,0,1,1,0,11,7,0
6302122,2025-03-21,9,596425,Texas,2,596583,LSU,8,1,1,1,1,0,0,0,1,6838,11700,1,36,2,8,0,0,1,2,0,0,11,0,0,0,0,10,6,7,36,0,27,6,0,0,9,48,13,8,8,6,11,0,2,1,0,0,0,1,0,6,10,0,1,37,8,13,2,0,1,8,6,2,11,1,2,0,0,6,10,13,48,1,27,9,0,0,9,36,8,2,2,0,11,0,0,1,0,0,0,0,0,10,6,0
6302139,2025-03-21,7,596653,Purdue,3,596602,Michigan,13,1,1,1,1,0,0,0,1,1241,8760,1,22,3,3,0,0,2,2,5,1,3,0,0,1,0,6,10,4,28,1,21,11,2,0,7,40,14,13,13,5,1,0,0,3,1,1,0,2,0,11,8,0,1,32,13,14,3,0,3,13,5,1,1,2,0,1,1,11,8,6,40,0,21,8,0,1,7,28,3,3,2,5,3,0,0,2,1,0,0,0,0,6,10,2
6302140,2025-03-21,7,596442,Washington St.,13,596669,San Diego St.,3,1,1,1,1,0,0,0,1,832,8460,1,31,13,15,2,0,2,10,5,2,5,1,0,1,0,5,7,8,39,3,21,9,0,0,7,29,6,3,0,0,6,0,1,0,0,0,0,0,0,10,5,0,1,29,3,6,4,0,0,2,0,0,6,0,0,0,0,10,5,4,29,1,18,6,0,0,6,39,15,13,12,5,5,0,5,2,1,0,0,1,0,5,7,0
6302141,2025-03-21,8,596637,Notre Dame,7,596553,Georgia Tech,18,1,1,1,1,0,0,0,1,517,13080,1,34,7,10,0,1,3,7,1,3,12,0,0,0,0,8,3,7,38,3,24,9,1,0,8,54,17,18,15,12,6,0,0,4,1,0,0,1,0,10,7,0,1,41,18,17,3,1,4,18,12,0,6,1,0,1,0,10,7,12,54,1,24,9,1,0,8,38,10,7,7,1,12,0,0,3,0,0,0,0,0,8,3,0
6302160,2025-03-21,9,596477,Abilene Christian,2,596462,Grand Canyon,3,1,1,1,1,0,0,0,1,512,9720,1,34,2,9,1,1,1,2,6,1,6,0,1,3,1,10,10,13,42,0,27,16,0,0,9,36,9,3,3,2,6,0,0,1,1,1,0,0,0,15,4,0,1,33,3,9,1,0,1,3,2,0,6,0,1,1,1,15,4,6,36,0,27,11,1,0,9,42,9,2,2,6,6,0,0,1,3,1,0,0,0,10,10,0
6302164,2025-03-21,7,596672,San Jose St.,14,596430,Air Force,1,1,1,1,1,0,0,0,1,371,6780,1,35,14,14,4,0,0,12,3,1,4,0,0,0,0,6,8,7,39,1,21,7,0,0,7,24,3,1,1,1,7,0,0,0,0,0,0,0,0,5,7,0,1,23,1,3,0,0,0,1,1,0,7,0,0,0,0,5,7,2,24,5,18,4,2,0,6,39,14,14,10,3,4,0,1,0,0,0,0,0,0,6,8,0
6302167,2025-03-21,9,596514,UCLA,1,596566,Indiana,5,1,1,1,1,0,0,0,1,517,9120,1,31,1,4,1,0,1,1,2,0,8,0,0,0,1,9,8,5,33,1,27,9,1,0,9,37,7,5,4,2,10,0,0,3,0,0,0,0,0,11,6,0,1,33,5,7,1,1,3,5,2,0,10,0,2,0,0,11,6,5,37,2,27,10,0,0,9,33,4,1,1,2,8,0,0,1,0,1,0,0,0,9,8,0
6302168,2025-03-21,9,596439,Virginia,5,596708,Duke,9,1,1,1,1,0,0,0,1,4453,12720,1,32,5,6,3,0,1,5,4,4,7,0,0,3,1,14,5,8,40,0,27,6,0,0,9,45,9,9,9,7,16,0,0,1,2,0,0,0,0,6,5,0,1,36,9,9,1,2,1,9,7,2,16,0,0,2,0,6,5,9,45,0,27,15,0,1,9,40,6,5,5,4,7,0,1,1,3,1,0,0,0,14,5,0
6302171,2025-03-21,9,596488,Little Rock,2,596691,Tennessee Tech,5,1,1,1,1,0,0,0,1,273,9480,1,33,2,7,1,0,0,1,1,0,11,0,0,0,1,12,2,5,34,0,27,12,1,0,9,39,8,5,5,7,8,0,1,0,0,1,1,0,0,9,7,0,1,31,5,8,3,0,0,4,7,0,8,0,1,0,1,9,7,6,39,1,27,14,1,0,9,34,7,2,2,1,11,0,0,0,0,1,0,0,0,12,2,1
6302174,2025-03-21,9,596619,UNLV,9,596707,Fresno St.,0,1,1,1,1,0,0,0,1,715,10200,1,38,9,16,4,0,1,9,3,1,5,1,1,1,0,10,9,11,44,1,27,8,0,0,9,30,0,0,0,4,10,0,0,0,1,0,0,0,0,8,7,0,1,26,0,0,0,0,0,0,4,0,10,0,0,1,0,8,7,3,30,0,24,10,2,1,8,44,16,9,9,3,5,0,0,1,1,0,0,1,0,10,9,0
6302175,2025-03-21,7,596487,Arkansas,12,596677,South Carolina,2,1,1,1,1,0,0,0,1,10023,8160,1,33,12,15,4,0,2,10,4,1,9,0,0,0,0,2,6,5,38,0,21,6,0,0,7,27,6,2,2,1,7,0,1,0,0,0,0,0,0,5,8,0,1,26,2,6,3,0,0,1,1,0,7,0,0,0,0,5,8,4,27,1,19,5,0,0,6.1,38,15,12,10,4,9,0,0,2,0,0,0,0,0,2,6,0
6302177,2025-03-21,9,596519,UCF,5,596561,Houston,7,1,1,1,1,0,0,0,1,2230,11520,1,34,5,9,1,1,0,3,3,0,12,1,1,2,0,8,6,7,39,1,27,9,2,0,9,38,10,7,7,1,7,0,0,1,2,1,0,0,0,9,10,0,1,36,7,10,3,1,1,7,1,1,7,0,0,2,1,9,10,4,38,2,27,12,0,0,9,39,9,5,5,3,12,0,1,0,2,0,1,1,0,8,6,0
6302190,2025-03-21,7,596465,Seattle U,4,596474,Utah Valley,14,1,1,1,1,0,0,0,1,110,8700,1,26,4,3,2,0,0,4,4,1,8,0,0,0,0,8,5,6,31,2,21,5,0,0,7,39,14,14,13,3,8,0,2,3,2,0,0,0,0,4,9,0,1,36,14,14,1,0,3,12,3,0,8,0,0,2,0,4,9,4,39,2,21,6,0,0,7,31,3,4,4,4,8,0,0,0,0,0,0,0,0,8,5,0
6307864,2025-03-21,9,596642,Old Dominion,12,596552,Georgia St.,4,1,1,1,1,0,0,0,1,453,10560,1,37,12,16,3,0,3,12,3,3,8,0,2,2,0,9,5,9,45,0,27,9,2,0,9,35,7,4,4,2,9,0,0,2,0,0,1,0,0,8,9,0,1,32,4,7,3,0,2,4,2,0,9,0,1,0,0,8,9,4,35,1,24,9,1,0,8,45,16,12,12,3,8,0,1,3,2,0,0,0,0,9,5,0
6307895,2025-03-21,9,596636,Northwestern,5,596563,Illinois,4,1,1,1,1,0,0,0,1,0,10260,1,32,5,6,1,0,0,5,6,2,6,0,0,0,0,8,12,8,40,0,27,9,0,0,9,41,8,4,4,2,9,0,0,2,1,0,0,0,0,10,8,0,1,33,4,8,1,1,2,4,2,4,9,0,2,1,0,10,8,10,41,1,26,9,0,0,8.2,40,6,5,5,6,6,0,1,0,0,0,0,0,0,8,12,1
6307899,2025-03-21,9,596636,Northwestern,6,596563,Illinois,11,1,1,1,1,0,0,0,1,267,11220,1,35,6,10,2,0,5,6,2,0,9,0,0,0,0,8,8,4,37,1,27,10,1,0,9,51,14,11,9,11,4,0,1,5,1,0,0,0,0,9,10,0,1,38,11,14,2,0,5,11,11,2,4,0,0,1,0,9,10,13,51,1,27,10,3,0,9,37,10,6,6,2,9,0,0,5,0,0,0,0,0,8,8,0
6307998,2025-03-21,12,596620,Nevada,4,596623,New Mexico,6,1,1,1,1,0,0,0,1,639,14880,1,44,4,9,3,1,0,2,6,1,17,0,0,0,0,9,9,11,51,1,36,5,1,1,12,61,13,6,6,9,22,0,3,1,0,0,0,1,0,6,8,0,1,46,6,13,2,1,1,5,9,3,22,1,2,0,0,6,8,19,61,0,36,10,0,1,12,51,9,4,4,6,17,0,0,0,0,0,0,0,0,9,9,1
6309323,2025-03-21,9,596480,Alabama,7,596721,Tennessee,10,1,1,1,1,0,0,0,1,5800,12960,1,37,7,12,0,0,1,6,4,3,7,0,0,4,1,9,8,9,44,1,27,4,1,0,9,47,11,10,10,9,14,0,0,1,4,1,0,0,0,4,8,0,1,37,10,11,1,0,1,10,9,1,14,0,0,4,1,4,8,10,47,2,27,12,0,0,9,44,12,7,6,4,7,0,1,1,4,1,0,0,0,9,8,0
6309685,2025-03-21,9,596521,Cincinnati,5,596499,BYU,7,1,1,1,1,0,0,0,1,250,11580,1,33,5,9,1,0,0,4,4,4,7,0,1,2,0,7,11,8,42,2,27,9,0,0,9,39,10,7,6,2,8,0,2,3,0,1,0,0,0,6,11,0,1,35,7,10,1,1,3,6,2,1,8,0,1,0,1,6,11,5,39,0,27,9,1,0,9,42,9,5,5,4,7,0,3,0,2,0,0,0,0,7,11,0
6309689,2025-03-21,9,596521,Cincinnati,5,596499,BYU,4,1,1,1,1,0,0,0,1,765,10860,1,31,5,7,3,0,1,5,8,0,7,0,0,1,1,7,9,11,39,0,27,11,0,0,9,38,10,4,4,3,9,0,1,1,1,1,0,0,0,5,10,0,1,33,4,10,2,0,1,4,3,1,9,0,1,1,1,5,10,7,38,1,24,6,1,0,8,39,7,5,4,8,7,0,1,1,1,1,0,0,0,7,9,0
6310351,2025-03-21,7,596569,Iowa,12,596639,Ohio St.,0,1,1,1,1,0,0,0,1,786,8400,1,30,12,10,3,0,4,11,5,1,5,0,0,0,0,4,9,6,36,0,21,4,0,0,7,26,3,0,0,2,12,0,2,0,0,0,0,0,0,5,4,0,1,24,0,3,0,0,0,0,2,0,12,0,0,0,0,5,4,5,26,2,18,3,0,0,6,36,10,12,10,5,5,0,1,4,0,0,0,0,0,4,9,0
6310889,2025-03-21,9,596434,Vanderbilt,3,596420,Texas A&M,1,1,1,1,1,0,0,0,1,3802,8040,1,28,3,5,3,0,0,3,1,0,3,0,0,0,0,11,9,2,29,1,27,6,1,0,9,34,6,1,1,1,16,0,0,1,0,0,0,0,0,7,3,0,1,33,1,6,0,0,1,1,1,0,16,0,0,0,0,7,3,5,34,0,24,10,0,0,8,29,5,3,3,1,3,0,0,0,0,0,0,0,0,11,9,0
6311222,2025-03-21,9,596647,Penn St.,0,596601,Michigan St.,4,1,1,1,1,0,0,0,1,1650,11220,1,31,0,3,1,0,0,0,4,0,10,0,0,0,0,8,10,8,35,1,27,7,0,0,9,44,10,4,3,5,9,0,0,0,1,0,0,1,0,5,10,0,1,33,4,10,4,0,0,3,5,4,9,1,1,1,0,5,10,13,44,1,27,7,1,0,9,35,3,0,0,4,10,0,1,0,0,0,1,0,0,8,10,0
6311349,2025-03-21,9,596681,Southern California,5,596712,Nebraska,3,1,1,1,1,0,0,0,1,1081,8400,1,33,5,9,1,1,1,5,0,0,8,0,0,0,0,5,11,4,33,0,27,13,0,1,9,33,5,3,3,2,10,0,1,0,0,0,0,0,0,10,5,0,1,30,3,5,2,0,0,3,2,1,10,0,0,0,0,10,5,3,33,0,24,5,0,0,8,33,9,5,5,0,8,0,0,1,0,0,0,0,0,5,11,0
6313275,2025-03-21,9,596523,Clemson,5,596441,Wake Forest,1,1,1,1,1,0,0,0,1,4622,9000,1,26,5,5,3,0,0,5,6,0,9,2,1,0,0,9,6,6,35,0,27,6,0,0,9,35,4,1,1,3,15,0,0,1,2,0,0,0,0,3,8,0,1,30,1,4,0,0,1,1,3,2,15,0,0,2,0,3,8,6,35,0,24,8,0,0,8,35,5,5,5,6,9,0,1,0,0,0,0,2,0,9,6,0
6314255,2025-03-21,7,596688,Stanford,3,596511,California,13,1,1,1,1,0,0,0,1,1667,9660,1,29,3,9,0,0,0,3,1,0,6,0,0,0,1,5,9,6,30,1,21,4,0,0,7,41,16,13,12,3,6,0,1,3,0,0,0,1,0,3,11,0,1,36,13,16,6,1,3,12,3,1,6,1,0,0,0,3,11,7,41,0,21,4,1,0,7,30,9,3,3,1,6,0,0,0,0,1,0,0,0,5,9,0
6315823,2025-03-21,9,596615,Charlotte,3,596426,UTSA,2,1,1,1,1,0,0,0,1,618,7860,1,29,3,6,1,0,1,2,1,0,10,1,0,0,0,8,6,4,31,0,27,7,0,0,9,32,5,2,2,0,13,0,0,2,0,0,0,0,0,7,7,0,1,32,2,5,1,0,2,2,0,0,13,0,0,0,0,7,7,3,32,1,24,9,0,0,8,31,6,3,2,1,10,0,0,1,0,0,0,1,0,8,6,0
6316369,2025-03-21,9,596600,Miami (FL),9,596545,Florida St.,6,1,1,1,1,0,0,0,1,3483,11640,1,31,9,9,3,0,2,9,5,1,6,2,1,4,0,8,10,7,40,1,27,10,0,0,9,46,12,6,5,4,8,0,1,1,0,0,0,0,0,12,7,0,1,39,6,12,2,0,1,5,4,3,8,0,0,0,0,12,7,13,46,2,24,7,0,0,8,40,9,9,7,5,6,0,1,2,4,0,0,2,0,8,10,0
6317056,2025-03-21,9,596438,Virginia Tech,5,596585,Louisville,4,1,1,1,1,0,0,0,1,723,11460,1,28,5,7,2,0,2,5,4,1,8,0,1,0,0,7,7,5,34,1,27,9,2,0,9,43,12,4,3,4,6,0,0,0,2,0,0,0,0,8,13,0,1,39,4,12,3,0,0,4,4,0,6,0,0,2,0,8,13,12,43,0,24,9,0,0,8,34,7,5,5,4,8,0,2,2,0,0,0,0,0,7,7,0
6354734,2025-03-21,9,596608,Missouri,6,596607,Ole Miss,9,1,1,1,1,0,0,0,1,1178,12960,1,35,6,8,0,0,3,6,5,1,16,0,1,2,0,6,3,9,42,1,27,8,0,0,9,48,12,9,8,7,11,0,0,1,3,1,0,0,0,5,8,0,1,36,9,12,2,1,1,8,7,5,11,0,0,3,1,5,8,12,48,3,27,8,2,0,9,42,8,6,6,5,16,0,0,3,2,0,0,0,0,6,3,0
6356741,2025-03-21,9,596485,Arizona St.,9,596575,Kansas,2,1,1,1,1,0,0,0,1,5834,11760,1,35,9,12,0,0,2,9,6,1,5,1,1,1,0,10,9,11,44,1,27,5,0,0,9,40,4,2,1,8,16,0,0,0,0,0,0,0,0,6,5,0,1,32,2,4,1,0,0,1,8,0,16,0,0,0,0,6,5,11,40,1,24,9,0,0,8,44,12,9,7,6,5,0,0,2,1,0,0,1,0,10,9,0
6302186,2025-03-22,9,596641,Oklahoma,13,596605,Mississippi St.,11,1,1,1,1,0,0,0,1,4161,14520,1,40,13,14,2,0,2,13,5,0,7,1,0,8,0,7,9,9,46,0,27,9,1,0,9,47,17,11,11,5,10,0,1,3,0,1,0,0,0,7,8,0,1,41,11,17,6,0,3,10,5,0,10,0,1,0,1,7,8,9,47,5,24,7,1,0,8,46,14,13,8,5,7,0,1,2,8,0,0,1,0,7,9,0
6302188,2025-03-22,9,596546,Florida,2,596554,Georgia,17,1,1,1,1,0,0,0,1,8160,,1,33,2,7,1,0,1,2,2,0,7,0,0,0,0,11,8,6,35,0,27,7,1,0,9,53,16,17,17,8,13,0,0,6,1,0,0,0,0,7,7,0,1,43,17,16,5,0,6,17,8,2,13,0,0,1,0,7,7,9,53,0,27,11,0,0,9,35,7,2,2,2,7,0,1,1,0,0,0,0,0,11,8,0
6302193,2025-03-22,11,596577,Kentucky,7,596489,Auburn,8,1,1,1,1,0,0,0,1,3416,15180,1,40,7,10,3,0,1,6,3,5,7,0,2,1,1,14,11,11,50,3,33,11,0,0,11,52,14,8,7,4,8,0,1,2,1,1,0,1,0,9,13,0,1,46,8,14,2,1,2,8,4,1,8,1,0,1,1,9,13,11,52,1,33,13,1,0,11,51,10,7,7,3,7,0,4,1,1,1,0,0,0,14,11,0
6302196,2025-03-22,9,596425,Texas,11,596583,LSU,7,1,1,1,1,0,0,0,1,7100,12960,1,37,11,13,1,0,2,10,7,0,7,0,0,1,0,11,6,9,44,1,27,12,0,1,9,40,9,7,4,2,8,0,0,1,0,1,0,1,0,12,6,0,1,35,7,9,3,0,1,7,2,2,8,1,0,0,1,12,6,6,40,1,24,11,0,1,8,44,13,11,11,7,7,0,0,2,1,0,0,0,0,11,6,0
6302215,2025-03-22,9,596487,Arkansas,12,596677,South Carolina,3,1,1,1,1,0,0,0,1,9759,10500,1,36,12,13,2,0,2,11,4,4,9,1,0,0,0,7,7,9,45,0,27,10,0,0,9,37,7,3,3,3,5,0,1,0,0,0,0,0,0,7,12,0,1,32,3,7,0,0,0,2,3,2,5,0,0,0,0,7,12,7,37,2,24,12,3,1,8,45,13,12,8,4,9,0,1,2,0,0,0,1,0,7,7,0
6302233,2025-03-22,9,596637,Notre Dame,5,596553,Georgia Tech,9,1,1,1,1,0,0,0,1,482,9000,1,35,5,8,0,0,1,4,2,1,12,0,0,0,0,5,9,7,38,0,27,11,0,0,9,41,13,9,7,2,4,0,0,2,1,0,0,1,0,10,12,0,1,38,9,13,3,1,2,9,2,0,4,1,0,1,0,10,12,5,41,2,27,7,1,0,9,38,8,5,3,2,12,0,0,1,0,0,0,0,0,5,9,0
6302235,2025-03-22,9,596514,UCLA,7,596566,Indiana,4,1,1,1,1,0,0,0,1,573,10860,1,33,7,12,4,0,1,7,3,3,4,0,0,2,0,10,6,8,39,2,27,12,3,0,9,39,9,4,2,2,10,0,2,1,0,0,1,0,0,10,6,0,1,36,4,9,1,0,1,3,2,1,10,0,0,0,0,10,6,7,39,1,24,14,1,0,8,39,12,7,6,3,4,0,0,1,2,0,1,0,0,10,6,0
6302240,2025-03-22,8,596442,Washington St.,13,596669,San Diego St.,3,1,1,1,1,0,0,0,1,949,9420,1,29,13,10,0,0,4,11,7,3,3,1,1,0,2,10,8,5,41,0,24,14,1,0,8,32,5,3,3,5,5,0,0,0,0,0,0,1,0,12,5,0,1,24,3,5,4,0,0,3,5,0,5,1,2,0,0,12,5,5,32,1,23,12,1,0,7.2,41,10,13,11,7,3,0,0,4,0,2,0,1,0,10,8,0
6302245,2025-03-22,9,596477,Abilene Christian,3,596462,Grand Canyon,1,1,1,1,1,0,0,0,1,646,7260,1,27,3,3,0,0,1,3,3,1,8,0,1,2,0,9,8,4,32,2,27,14,0,0,9,31,2,1,0,0,7,0,0,0,0,0,0,0,0,14,5,0,1,28,1,2,0,0,0,0,0,2,7,0,1,0,0,14,5,3,31,1,25,9,1,0,8.1,32,3,3,2,3,8,0,0,1,2,0,0,0,0,9,8,0
6302253,2025-03-22,7,596439,Virginia,2,596708,Duke,13,1,1,1,1,0,0,0,1,5227,9360,1,25,2,4,1,0,0,2,2,1,7,0,0,0,0,9,5,5,28,1,21,7,0,1,7,42,13,13,10,6,7,0,1,2,0,0,0,1,0,7,7,0,1,33,13,13,3,0,2,12,6,1,7,1,1,0,0,7,7,8,42,0,21,8,0,0,7,28,4,2,2,2,7,0,1,0,0,0,0,0,0,9,5,0
6302255,2025-03-22,9,596488,Little Rock,9,596691,Tennessee Tech,14,1,1,1,1,0,0,0,1,343,12240,1,38,9,12,1,0,1,7,7,1,4,0,0,0,0,13,6,10,46,3,27,8,4,0,9,47,18,14,10,4,7,0,3,2,1,0,0,1,0,7,10,0,1,42,14,18,1,0,2,12,4,0,7,1,0,1,0,7,10,6,47,4,27,14,1,1,9,46,12,9,7,7,4,0,0,1,0,0,0,0,0,13,6,0
6302258,2025-03-22,7,596672,San Jose St.,14,596430,Air Force,3,1,1,1,1,0,0,0,1,409,8940,1,33,14,15,5,0,1,11,2,1,4,1,0,2,0,4,9,5,37,0,21,10,1,0,7,31,7,3,3,5,4,0,1,0,1,1,0,0,0,7,7,0,1,25,3,7,3,0,0,3,5,1,4,0,0,1,1,7,7,7,31,2,18,6,2,1,6,37,15,14,7,2,4,0,2,1,2,0,0,1,0,4,9,0
6302260,2025-03-22,9,596619,UNLV,4,596707,Fresno St.,1,1,1,1,1,0,0,0,1,662,10200,1,29,4,6,2,0,1,2,4,2,15,0,0,1,0,4,5,7,35,0,27,12,1,0,9,39,7,1,1,6,10,0,0,0,0,1,0,0,0,11,5,0,1,33,1,7,2,0,0,1,6,0,10,0,0,0,1,11,5,11,39,0,24,4,0,0,8,35,6,4,4,4,15,0,4,1,1,0,0,0,0,4,5,0
6302261,2025-03-22,9,596519,UCF,7,596561,Houston,1,1,1,1,1,0,0,0,1,2285,11280,1,32,7,8,1,0,0,7,4,2,7,0,1,2,0,9,8,8,39,0,27,13,0,0,9,33,5,1,1,5,9,0,0,0,0,1,0,0,0,7,7,0,1,27,1,5,2,0,0,1,5,0,9,0,1,0,1,7,7,5,33,2,24,9,1,0,8,39,8,7,2,4,7,0,0,0,2,0,0,0,0,9,8,0
6302269,2025-03-22,9,596465,Seattle U,14,596474,Utah Valley,10,1,1,1,1,0,0,0,1,115,12480,1,41,14,19,7,0,0,13,4,2,7,0,1,0,0,5,8,10,48,1,27,8,0,0,9,46,14,10,8,3,8,0,1,2,0,0,0,0,0,7,10,0,1,40,10,14,4,0,2,9,3,3,8,0,0,0,0,7,10,9,46,5,24,7,2,0,8,48,19,14,13,4,7,0,1,0,0,0,1,0,0,5,8,0
6307869,2025-03-22,9,596642,Old Dominion,8,596552,Georgia St.,5,1,1,1,1,0,0,0,1,427,10680,1,34,8,12,3,1,1,8,5,1,12,0,0,1,0,4,6,8,40,1,27,12,1,0,9,39,10,5,4,2,12,0,0,3,1,0,0,0,0,10,4,0,1,36,5,10,0,0,3,5,2,0,12,0,1,1,0,10,4,7,39,0,24,6,1,0,8,40,12,8,8,5,12,0,0,1,1,0,0,0,0,4,6,0
6307898,2025-03-22,7,596636,Northwestern,14,596563,Illinois,4,1,1,1,1,0,0,0,1,334,8580,1,33,14,13,4,0,2,13,4,3,6,0,1,0,0,4,10,5,41,0,21,9,0,0,7,30,5,4,4,5,3,0,0,1,0,0,0,1,0,10,7,0,1,24,4,5,1,0,1,4,5,0,3,1,0,0,0,10,7,5,30,1,20,4,1,0,6.2,41,13,14,11,4,6,0,2,2,0,0,0,0,0,4,10,0
6307999,2025-03-22,7,596620,Nevada,20,596623,New Mexico,4,1,1,1,1,0,0,0,1,972,7740,1,37,20,21,9,1,2,19,4,2,4,1,0,0,0,5,8,6,44,0,21,10,1,0,7,28,8,4,4,0,3,0,0,2,0,0,0,0,0,9,8,0,1,28,4,8,2,0,2,4,0,0,3,0,0,0,0,9,8,3,28,1,18,6,1,0,6,44,21,20,20,4,4,0,1,2,0,0,0,1,0,5,8,0
6309325,2025-03-22,9,596480,Alabama,2,596721,Tennessee,9,1,1,1,1,0,0,0,1,5800,12540,1,33,2,6,1,0,0,2,3,0,12,0,0,0,0,10,5,7,36,0,27,5,0,0,9,48,15,9,9,6,10,0,3,3,0,0,0,1,0,7,9,0,1,40,9,15,3,1,3,8,6,1,10,1,0,0,0,7,9,12,48,1,27,10,1,0,9,36,6,2,1,3,12,0,0,0,0,0,0,0,0,10,5,0
6309692,2025-03-22,9,596521,Cincinnati,2,596499,BYU,4,1,1,1,1,0,0,0,1,793,9660,1,32,2,6,0,0,1,1,1,1,10,0,1,0,1,7,9,6,35,1,27,13,0,0,9,36,8,4,4,2,8,0,0,0,0,1,0,0,0,10,7,0,1,34,4,8,2,0,0,4,2,0,8,0,0,0,1,10,7,5,36,2,27,7,2,0,9,35,6,2,1,1,10,0,0,1,0,1,0,0,0,7,9,0
6310352,2025-03-22,9,596569,Iowa,12,596639,Ohio St.,5,1,1,1,1,0,0,0,1,1166,12120,1,33,12,9,0,0,1,11,13,2,8,0,0,3,0,7,9,12,48,2,27,8,0,0,9,41,5,5,5,3,14,0,1,2,2,0,0,0,0,7,5,0,1,32,5,5,0,0,2,5,3,6,14,0,0,2,0,7,5,9,41,1,24,5,0,0,8,48,9,12,9,13,8,0,2,1,3,0,0,0,0,7,9,0
6310629,2025-03-22,9,596557,Hawaii,7,596512,UC Davis,2,1,1,1,1,0,0,0,1,4589,9720,1,27,7,9,2,1,0,7,7,1,5,1,0,1,1,7,7,5,36,0,27,7,3,0,9,33,4,2,2,1,11,0,0,1,1,0,0,0,0,5,10,0,1,30,2,4,0,0,1,2,1,2,11,0,0,1,0,5,10,4,33,1,24,11,1,0,8,36,9,7,7,7,5,0,2,0,1,1,0,1,0,7,7,0
6310890,2025-03-22,9,596434,Vanderbilt,8,596420,Texas A&M,5,1,1,1,1,0,0,0,1,3802,11820,1,31,8,10,0,0,2,8,4,2,9,0,1,0,0,6,7,6,38,1,27,3,2,0,9,43,11,5,3,4,17,0,0,1,0,0,0,0,0,4,6,0,1,39,5,11,5,0,1,5,4,0,17,0,0,0,0,4,6,11,43,0,24,7,0,0,8,38,10,8,8,4,9,0,0,2,0,0,0,0,0,6,7,1
6311224,2025-03-22,9,596647,Penn St.,11,596601,Michigan St.,5,1,1,1,1,0,0,0,1,1309,9120,1,30,11,8,0,2,2,9,4,1,3,2,0,1,0,15,5,2,37,2,27,15,1,0,9,38,7,5,4,5,2,0,0,0,0,0,0,1,0,15,8,0,1,31,5,7,1,0,0,3,5,0,2,1,1,0,0,15,8,6,38,2,24,14,2,0,8,37,8,11,8,4,3,0,0,2,1,0,1,2,0,15,5,0
6311350,2025-03-22,9,596681,Southern California,5,596712,Nebraska,6,1,1,1,1,0,0,0,1,1209,10800,1,34,5,9,0,0,0,5,4,1,7,0,1,1,0,6,13,8,40,1,27,12,0,0,9,39,7,6,6,2,5,0,1,0,2,0,0,0,0,13,8,0,1,34,6,7,2,0,0,6,2,3,5,0,0,2,0,13,8,6,39,1,27,8,1,0,9,40,9,5,5,4,7,0,1,0,1,0,0,0,0,6,13,0
6313276,2025-03-22,9,596523,Clemson,10,596441,Wake Forest,12,1,1,1,1,0,0,0,1,5233,13980,1,37,10,9,2,0,0,8,8,3,9,1,0,0,0,8,10,12,49,2,27,11,0,0,9,50,15,12,8,6,6,0,0,3,2,0,0,0,0,12,8,0,1,40,12,15,1,0,3,12,6,1,6,0,3,2,0,12,8,11,50,3,27,7,1,1,9,49,9,10,6,8,9,0,3,0,0,0,0,1,0,8,10,0
6314258,2025-03-22,9,596688,Stanford,4,596511,California,13,1,1,1,1,0,0,0,1,2147,10500,1,35,4,8,0,0,3,4,2,1,11,0,0,0,0,8,8,7,38,3,27,8,0,0,9,45,14,13,12,1,6,0,0,2,0,0,0,1,0,7,12,0,1,39,13,14,3,3,2,12,1,3,6,1,1,0,0,7,12,5,45,0,27,9,2,0,9,38,8,4,4,2,11,0,0,3,0,0,0,0,0,8,8,0
6315826,2025-03-22,9,596615,Charlotte,3,596426,UTSA,10,1,1,1,1,0,0,0,1,741,11340,1,34,3,9,0,0,1,3,1,1,7,0,0,0,1,8,10,6,36,1,27,11,1,0,9,48,14,10,6,5,7,0,0,2,2,0,0,0,0,11,9,0,1,42,10,14,3,0,2,10,5,1,7,0,0,2,0,11,9,11,48,0,27,10,0,0,9,36,9,3,3,1,7,0,4,1,0,1,0,0,0,8,10,0
6316370,2025-03-22,9,596600,Miami (FL),6,596545,Florida St.,10,1,1,1,1,0,0,0,1,3555,11880,1,34,6,8,3,0,1,6,7,3,14,0,0,3,1,8,4,11,44,3,27,9,0,0,9,44,13,10,9,3,10,0,0,1,1,0,0,0,0,8,7,0,1,39,10,13,1,0,1,9,3,1,10,0,1,1,0,8,7,7,44,0,27,7,2,0,9,44,8,6,6,7,14,0,4,1,3,1,0,0,0,8,4,0
6317057,2025-03-22,9,596438,Virginia Tech,8,596585,Louisville,12,1,1,1,1,0,0,0,1,1087,16920,1,37,8,11,3,0,3,8,8,1,10,0,0,1,0,11,4,11,46,2,27,7,2,2,9,53,18,12,12,6,13,0,1,2,8,0,0,0,0,7,7,0,1,45,12,18,2,0,2,11,6,2,13,0,0,8,0,7,7,14,53,1,27,10,0,0,9,46,11,8,6,8,10,0,2,3,1,0,0,0,0,11,4,0
6354735,2025-03-22,9,596608,Missouri,10,596607,Ole Miss,17,1,1,1,1,0,0,0,1,1532,12660,1,37,10,11,1,2,1,9,2,4,13,0,1,1,0,9,5,7,44,2,27,15,0,0,9,52,16,17,16,7,11,0,2,6,0,2,0,1,0,8,6,0,1,41,17,16,2,0,6,16,7,3,11,1,0,0,2,8,6,8,52,0,27,9,0,0,9,44,11,10,10,2,13,0,1,1,1,0,0,0,0,9,5,0
6356742,2025-03-22,9,596485,Arizona St.,3,596575,Kansas,7,1,1,1,1,0,0,0,1,4305,9420,1,33,3,8,1,0,1,3,1,1,7,1,0,0,0,7,12,6,36,1,27,7,1,0,9,40,10,7,7,3,10,0,0,2,2,0,0,1,0,9,8,0,1,35,7,10,3,0,2,7,3,0,10,1,1,2,0,9,8,6,40,0,27,7,0,0,9,36,8,3,3,1,7,0,0,1,0,0,0,1,0,7,12,1
6367597,2025-03-22,9,596653,Purdue,9,596602,Michigan,6,1,1,1,1,0,0,0,1,0,12660,1,32,9,10,2,0,1,7,8,3,8,2,0,7,0,8,7,12,45,2,27,9,1,0,9,43,7,6,5,6,6,0,1,2,0,0,0,0,0,10,10,0,1,34,6,7,0,1,2,6,6,2,6,0,1,0,0,10,10,10,43,2,24,8,0,0,8,45,10,9,9,8,8,0,1,1,7,0,0,2,0,8,7,1
6367698,2025-03-22,9,596653,Purdue,9,596602,Michigan,12,1,1,1,1,0,0,0,1,1387,12900,1,35,9,11,3,0,2,8,4,0,13,1,1,1,0,4,9,5,41,1,27,8,0,1,9,54,11,12,12,11,3,0,1,1,2,0,0,2,0,8,16,0,1,37,12,11,1,1,1,11,11,3,3,2,1,2,0,8,16,15,54,1,27,6,0,0,9,41,11,9,8,4,13,0,0,2,1,0,0,1,0,4,9,0
6302116,2025-03-23,9,596465,Seattle U,9,596474,Utah Valley,10,1,1,1,1,0,0,0,1,101,11520,1,40,9,14,3,0,4,8,4,0,16,0,0,0,0,8,1,8,44,0,27,6,1,0,9,48,11,10,10,5,12,0,2,1,0,0,0,0,0,6,10,0,1,39,10,11,1,2,1,10,5,4,12,0,0,0,0,6,10,11,48,1,27,9,0,0,9,44,14,9,9,4,16,0,1,4,0,0,0,0,0,8,1,0
6302264,2025-03-23,9,596641,Oklahoma,7,596605,Mississippi St.,3,1,1,1,1,0,0,0,1,3194,10920,1,29,7,7,2,0,1,7,5,1,8,0,1,6,1,9,6,5,36,1,27,10,0,0,9,39,8,3,1,2,8,0,0,0,0,0,0,0,0,9,9,0,1,34,3,8,1,0,0,3,2,2,8,0,1,0,0,9,9,9,39,2,24,12,1,0,8,36,7,7,7,5,8,0,0,1,6,1,0,0,0,9,6,0
6302267,2025-03-23,7,596546,Florida,4,596554,Georgia,15,1,1,1,1,0,0,0,1,7579,9480,1,26,4,5,0,0,1,4,2,2,6,0,0,0,0,8,7,5,30,0,21,4,0,0,7,41,13,15,15,5,9,0,1,6,2,0,0,0,0,3,9,0,1,34,15,13,2,0,6,15,5,2,9,0,0,2,0,3,9,5,41,0,21,8,0,0,7,30,5,4,4,2,6,0,0,1,0,0,0,0,0,8,7,0
6302272,2025-03-23,9,596577,Kentucky,6,596489,Auburn,0,1,1,1,1,0,0,0,1,2700,11100,1,26,6,6,1,0,0,6,4,3,7,2,0,1,1,4,11,5,35,0,27,13,0,0,9,33,2,0,0,4,6,0,0,0,0,0,0,0,0,13,8,0,1,29,0,2,0,0,0,0,4,0,6,0,0,0,0,13,8,6,33,0,24,6,0,0,8,35,6,6,6,4,7,0,2,0,1,1,0,2,0,4,11,0
6302275,2025-03-23,9,596425,Texas,6,596583,LSU,2,1,1,1,1,0,0,0,1,7211,10980,1,35,6,11,2,1,1,6,2,0,8,0,0,2,1,9,6,6,37,1,27,12,0,0,9,35,7,2,2,2,11,0,0,0,0,1,0,0,0,8,6,0,1,32,2,7,1,0,0,1,2,1,11,0,0,0,1,8,6,6,35,1,24,10,1,0,8,37,11,6,6,2,8,0,0,1,2,1,0,0,0,9,6,0
6302283,2025-03-23,9,596477,Abilene Christian,4,596462,Grand Canyon,7,1,1,1,1,0,0,0,1,486,10260,1,38,4,12,0,0,1,4,3,1,10,0,0,2,0,5,11,11,42,0,27,13,0,0,9,37,8,7,7,2,4,0,0,3,0,0,0,0,0,12,10,0,1,34,7,8,2,0,3,7,2,1,4,0,0,0,0,12,10,3,37,0,27,4,1,1,9,42,12,4,4,3,10,0,1,1,2,0,0,0,0,5,11,0
6302290,2025-03-23,9,596442,Washington St.,12,596669,San Diego St.,5,1,1,1,1,0,0,0,1,676,13800,1,31,12,11,1,0,2,10,12,3,5,1,1,2,1,8,8,13,48,3,27,9,1,1,9,42,12,5,3,4,8,0,0,0,1,0,0,1,0,8,8,0,1,35,5,12,2,1,0,4,4,0,8,1,2,1,0,8,8,10,42,1,24,12,1,0,8,48,11,12,11,12,5,0,3,2,2,1,1,1,0,8,8,0
6302296,2025-03-23,9,596519,UCF,4,596561,Houston,7,1,1,1,1,0,0,0,1,2208,12300,1,34,4,7,2,1,0,3,6,1,5,0,0,0,0,14,7,10,41,0,27,11,1,0,9,41,10,7,7,3,5,0,0,2,2,0,0,1,0,11,10,0,1,33,7,10,2,0,2,7,3,2,5,1,2,2,0,11,10,7,41,1,27,14,1,1,9,41,7,4,4,6,5,0,1,0,0,0,0,0,0,14,7,0
6302317,2025-03-23,9,596672,San Jose St.,2,596430,Air Force,0,1,1,1,1,0,0,0,1,493,8940,1,28,2,5,0,0,0,2,3,1,10,0,1,1,0,7,7,7,33,0,27,5,0,0,9,30,2,0,0,1,14,0,0,0,0,0,0,0,0,3,10,0,1,29,0,2,1,0,0,0,1,0,14,0,0,0,0,3,10,3,30,0,24,7,0,0,8,33,5,2,2,3,10,0,2,0,1,0,0,0,0,7,7,0
6302320,2025-03-23,9,596637,Notre Dame,2,596553,Georgia Tech,10,1,1,1,1,0,0,0,1,210,12000,1,33,2,6,2,0,1,2,3,1,14,0,2,0,0,9,5,10,39,0,27,6,0,2,9,44,9,10,8,7,14,0,4,0,3,0,0,0,0,7,7,0,1,36,10,9,1,0,0,6,7,0,14,0,1,3,0,7,7,7,44,2,27,7,0,0,9,39,6,2,1,3,14,0,0,1,0,0,0,0,0,9,5,0
6302323,2025-03-23,9,596514,UCLA,6,596566,Indiana,3,1,1,1,1,0,0,0,1,747,11940,1,31,6,10,1,1,0,6,7,2,1,2,0,2,0,7,14,12,42,1,27,10,2,0,9,36,6,3,3,3,5,0,0,1,0,0,0,0,0,8,12,1,1,32,3,6,2,0,1,3,3,1,5,0,0,0,0,8,12,6,36,2,24,7,2,1,8,42,10,6,4,7,1,0,1,0,2,0,0,2,0,7,14,0
6302324,2025-03-23,9,596439,Virginia,6,596708,Duke,13,1,1,1,1,0,0,0,1,5048,13620,1,38,6,14,2,0,0,6,3,3,4,2,0,2,0,12,9,13,46,2,27,7,1,0,9,52,12,13,10,10,9,0,1,1,2,0,0,2,0,5,12,0,1,37,13,12,5,0,1,13,10,2,9,2,1,2,0,5,12,12,52,1,27,12,0,1,9,46,14,6,4,3,4,0,0,0,2,0,0,2,0,12,9,1
6302329,2025-03-23,9,596488,Little Rock,7,596691,Tennessee Tech,9,1,1,1,1,0,0,0,1,248,10440,1,36,7,11,3,0,1,7,4,1,2,0,0,1,0,15,8,7,41,0,27,9,2,1,9,40,8,9,7,5,7,0,1,4,0,0,0,0,0,13,7,0,1,35,9,8,1,0,4,8,5,0,7,0,0,0,0,13,7,4,40,0,27,15,0,0,9,41,11,7,5,4,2,0,0,1,1,0,0,0,0,15,8,0
6302338,2025-03-23,9,596619,UNLV,7,596707,Fresno St.,8,1,1,1,1,0,0,0,1,623,10200,1,39,7,16,1,0,1,7,3,1,4,1,1,2,0,10,11,11,45,2,27,10,0,1,9,42,9,8,4,3,7,0,0,1,0,0,0,0,0,9,10,0,1,36,8,9,1,1,1,6,3,3,7,0,0,0,0,9,10,7,42,0,27,10,1,1,9,45,16,7,6,3,4,0,0,1,2,0,0,1,0,10,11,0
6302340,2025-03-23,9,596487,Arkansas,11,596677,South Carolina,4,1,1,1,1,0,0,0,1,9367,11460,1,33,11,13,0,0,5,11,7,1,5,1,2,0,0,10,8,10,44,0,27,14,0,0,9,39,10,4,4,3,6,0,0,2,0,1,0,0,0,11,7,2,1,33,4,10,2,0,2,4,3,2,6,0,1,0,1,11,7,8,39,1,24,8,2,0,8,45,13,11,10,7,5,0,0,5,0,0,0,1,0,10,8,0
6307872,2025-03-23,9,596642,Old Dominion,1,596552,Georgia St.,3,1,1,1,1,0,0,0,1,389,10080,1,32,1,5,1,0,0,1,3,0,9,0,0,0,0,7,10,7,35,0,27,6,1,0,9,39,6,3,3,4,12,0,0,1,2,0,0,0,0,6,9,0,1,32,3,6,3,0,1,3,4,2,12,0,1,2,0,6,9,9,39,1,27,8,0,0,9,35,5,1,1,3,9,0,1,0,0,0,0,0,0,7,10,0
6308000,2025-03-23,9,596620,Nevada,7,596623,New Mexico,5,1,1,1,1,0,0,0,1,748,9180,1,32,7,8,1,0,2,7,8,0,9,0,0,0,0,10,5,9,40,2,27,11,0,0,9,42,12,5,3,1,10,0,0,2,0,0,0,0,0,9,8,0,1,39,5,12,3,0,2,4,1,1,10,0,1,0,0,9,8,10,42,0,24,11,0,0,8,40,8,7,7,8,9,0,0,2,0,0,0,0,0,10,5,0
6310353,2025-03-23,7,596569,Iowa,18,596639,Ohio St.,2,1,1,1,1,0,0,0,1,645,12300,1,32,18,15,3,0,2,18,8,4,8,0,0,0,1,7,3,8,44,1,21,6,1,0,7,29,2,2,2,6,11,0,1,1,1,0,0,0,0,5,4,0,1,23,2,2,0,0,1,2,6,0,11,0,0,1,0,5,4,6,29,3,18,7,1,0,6,44,15,18,17,8,8,0,2,2,0,1,0,0,0,7,3,0
6310636,2025-03-23,9,596557,Hawaii,16,596512,UC Davis,0,1,1,1,1,0,0,0,1,3981,11220,1,36,16,16,4,0,0,15,11,0,6,3,1,3,1,8,9,11,51,0,27,10,0,0,9,36,8,0,0,4,5,0,0,0,0,0,0,0,0,8,10,0,1,31,0,8,0,0,0,0,4,1,5,0,0,0,0,8,10,9,36,0,24,4,4,1,8,51,16,16,16,11,6,0,2,0,3,1,1,3,0,8,9,0
6311226,2025-03-23,9,596647,Penn St.,5,596601,Michigan St.,10,1,1,1,1,0,0,0,1,1091,11880,1,40,5,12,3,0,0,4,3,0,7,0,0,3,0,8,12,11,43,0,27,6,0,0,9,47,10,10,10,10,8,0,0,0,0,1,0,1,0,5,13,0,1,33,10,10,2,0,0,10,10,1,8,1,2,0,1,5,13,10,47,1,27,8,0,0,9,43,12,5,4,3,7,0,0,0,3,0,0,0,0,8,12,0
6311351,2025-03-23,9,596681,Southern California,7,596712,Nebraska,1,1,1,1,1,0,0,0,1,1304,9540,1,35,7,11,2,0,3,7,2,0,2,0,0,2,0,9,12,6,37,0,27,5,1,0,9,36,7,1,1,0,9,0,1,0,0,0,1,1,0,5,13,0,1,33,1,7,1,0,0,1,0,2,9,1,0,0,0,5,13,8,36,2,24,9,0,0,8,37,11,7,5,2,2,0,0,3,2,0,0,0,0,9,12,0
6313277,2025-03-23,9,596523,Clemson,7,596441,Wake Forest,6,1,1,1,1,0,0,0,1,4905,14520,1,32,7,7,1,0,0,5,10,2,10,0,0,4,0,9,6,12,44,0,27,10,0,1,9,44,8,6,6,9,10,0,0,1,1,1,0,2,0,7,8,0,1,30,6,8,0,0,1,6,9,2,10,2,1,1,1,7,8,11,44,1,25,10,1,0,8.1,44,7,7,7,10,10,0,2,0,4,0,0,0,0,9,6,0
6314260,2025-03-23,10,596688,Stanford,5,596511,California,6,1,1,1,1,0,0,0,1,2726,13080,1,40,5,12,1,0,0,5,6,1,5,1,0,0,1,13,10,13,48,0,30,12,1,0,10,46,11,6,6,4,9,0,0,1,2,0,0,0,0,13,8,1,1,41,6,11,1,0,1,6,4,1,9,0,0,2,0,13,8,10,46,1,30,14,0,1,10,48,12,5,5,6,5,0,1,0,0,1,0,1,0,13,10,0
6315827,2025-03-23,9,596615,Charlotte,5,596426,UTSA,6,1,1,1,1,0,0,0,1,713,10200,1,30,5,5,0,0,2,4,6,0,6,0,1,0,0,5,15,5,37,0,27,7,1,0,9,41,11,6,6,2,11,0,2,1,1,0,0,0,0,9,7,1,1,36,6,11,1,0,1,6,2,1,11,0,2,1,0,9,7,8,41,0,27,5,0,1,9,37,5,5,4,6,6,0,0,2,0,0,0,0,0,5,15,0
6317058,2025-03-23,9,596438,Virginia Tech,11,596585,Louisville,4,1,1,1,1,0,0,0,1,1161,13740,1,31,11,11,2,0,1,9,12,3,2,1,2,3,0,14,6,14,49,1,27,14,1,0,9,38,6,4,4,5,5,0,2,1,3,0,0,0,0,13,9,3,1,32,4,6,1,0,1,3,5,1,5,0,0,3,0,13,9,7,38,1,24,17,2,1,8,49,11,11,10,12,2,0,4,1,3,0,0,1,0,14,6,0
6354739,2025-03-23,9,596608,Missouri,6,596607,Ole Miss,14,1,1,1,1,0,0,0,1,1237,12360,1,36,6,10,2,0,2,6,0,2,11,0,0,0,0,6,9,5,38,1,27,9,0,0,9,51,14,14,13,8,14,0,0,3,1,0,0,0,0,8,5,0,1,40,14,14,4,1,3,13,8,1,14,0,2,1,0,8,5,10,51,0,27,6,0,0,9,38,10,6,6,0,11,0,0,2,0,0,1,0,0,6,9,0
6356743,2025-03-23,9,596485,Arizona St.,7,596575,Kansas,6,1,1,1,1,0,0,0,1,3827,12600,1,33,7,11,3,0,2,6,6,0,4,0,0,1,1,12,6,8,39,0,27,11,1,0,9,44,11,6,6,7,10,0,3,1,0,0,0,1,0,11,5,0,1,36,6,11,2,0,1,5,7,0,10,1,0,0,0,11,5,11,44,0,24,12,1,1,8,39,11,7,6,6,4,0,0,2,1,1,1,0,0,12,6,0
6367090,2025-03-23,,596521,Cincinnati,,596503,Butler,,1,1,0,0,1,0,0,0,,,0,0,0,0,0,0,0,0,0,0,0,0,0,0,0,0,0,0,0,0,0,0,0,0,0,0,0,0,0,0,0,0,0,0,0,0,0,0,0,0,0,0,0,0,0,0,0,0,0,0,0,0,0,0,0,0,0,0,0,0,0,0,0,0,0,0,0,0,0,0,0,0,0,0,0,0,0,0,0,0,0,0,0,0
6310639,2025-03-24,13,596557,Hawaii,2,596512,UC Davis,1,1,1,1,1,0,0,0,1,3255,13980,1,47,2,13,2,0,0,1,5,0,13,0,1,2,2,8,14,11,53,1,39,10,1,0,13,48,10,1,1,0,11,0,0,0,0,0,0,0,0,12,14,2,1,48,1,10,0,0,0,1,0,0,11,0,0,0,0,12,14,8,48,0,38,11,2,0,12.2,53,13,2,2,5,13,0,0,0,2,2,1,0,0,8,14,0
6356431,2025-03-24,9,596688,Stanford,5,596672,San Jose St.,1,1,1,1,1,0,0,0,0,1004,8880,1,29,5,7,2,0,0,5,6,1,5,1,0,0,1,3,15,8,37,0,27,8,0,0,9,35,6,1,1,1,11,0,0,0,1,0,0,0,0,7,9,0,1,33,1,6,2,1,0,1,1,1,11,0,0,1,0,7,9,7,35,1,24,3,0,0,8,37,7,5,5,6,5,0,0,0,0,1,0,1,0,3,15,0
6302343,2025-03-25,9,596605,Mississippi St.,6,596668,Samford,1,1,1,1,1,0,0,0,0,9996,10860,1,29,6,8,2,0,0,5,5,1,3,1,0,0,0,11,7,7,36,2,27,4,3,0,9,36,5,1,0,2,14,0,0,0,1,1,0,0,0,5,7,0,1,31,1,5,0,0,0,1,2,3,14,0,0,1,1,5,7,8,36,3,24,12,1,0,8,37,8,6,5,5,3,0,3,0,0,0,0,1,0,11,7,0
6302349,2025-03-25,7,596425,Texas,13,596667,Sam Houston,3,1,1,1,1,0,0,0,0,6671,9000,1,32,13,16,6,0,3,13,3,0,6,1,0,0,1,7,4,2,36,1,21,5,1,0,7,27,8,3,2,0,8,0,1,0,2,1,0,0,0,6,4,0,1,26,3,8,1,0,0,3,0,1,8,0,0,2,1,6,4,3,27,0,20,9,1,1,6.2,36,16,13,12,3,6,0,2,3,0,1,0,1,0,7,4,0
6302350,2025-03-25,7,596463,Kennesaw St.,4,596553,Georgia Tech,15,1,1,1,1,0,0,0,0,702,10320,1,25,4,6,3,0,1,4,3,0,10,1,0,0,0,6,4,4,29,2,21,3,1,1,7,45,12,15,9,10,11,0,3,2,0,0,0,1,0,2,7,0,1,32,15,12,3,0,2,13,10,1,11,1,1,0,0,2,7,9,45,0,21,7,0,0,7,29,6,4,4,3,10,0,1,1,0,0,0,1,0,6,4,0
6302351,2025-03-25,9,596545,Florida St.,8,596546,Florida,4,1,1,1,1,0,0,1,0,7341,11100,1,32,8,8,1,1,2,8,5,1,14,0,0,1,0,6,3,6,38,1,27,7,1,0,9,37,3,4,4,6,11,0,2,0,3,1,0,0,0,6,9,0,1,29,4,3,1,0,0,2,6,2,11,0,0,3,1,6,9,6,37,1,24,7,0,0,8,38,8,8,8,5,14,0,0,2,1,0,0,0,0,6,3,0
6302369,2025-03-25,9,596623,New Mexico,12,596462,Grand Canyon,10,1,1,1,1,0,0,0,0,632,11100,1,34,12,9,2,0,4,10,4,0,5,0,0,0,0,11,7,2,38,1,27,13,1,0,9,50,16,10,9,8,5,0,0,1,1,1,0,0,0,11,7,0,1,40,10,16,1,1,1,10,8,2,5,0,0,1,1,11,7,13,50,3,24,10,1,0,8,38,9,12,5,4,5,0,1,4,0,0,0,0,0,11,7,0
6302371,2025-03-25,9,596562,Illinois St.,10,596569,Iowa,8,1,1,1,1,0,0,0,0,622,12900,1,33,10,10,3,0,1,9,11,0,10,0,0,0,0,7,6,10,44,1,27,7,1,0,9,46,12,8,7,4,7,0,4,2,1,0,0,0,0,6,13,0,1,39,8,12,1,0,2,7,4,3,7,0,0,1,0,6,13,11,46,0,24,7,1,1,8,44,10,10,10,11,10,0,4,1,0,0,0,0,0,7,6,0
6302372,2025-03-25,9,596453,Wright St.,4,596430,Air Force,9,1,1,1,1,0,0,0,0,582,12540,1,30,4,5,0,0,0,3,6,3,9,1,0,1,0,9,8,9,40,3,27,11,0,1,9,46,9,9,7,8,13,0,0,0,3,1,0,1,0,8,3,0,1,33,9,9,3,1,0,6,8,2,13,1,2,3,1,8,3,10,46,2,27,9,1,1,9,40,5,4,3,6,9,0,0,0,1,0,0,1,0,9,8,0
6302375,2025-03-25,10,596487,Arkansas,13,596685,Missouri St.,14,1,1,1,1,0,0,0,0,10035,13680,1,44,13,16,5,0,1,13,4,2,13,0,1,1,0,6,10,8,51,2,30,7,1,0,10,51,14,14,12,6,19,0,2,4,1,0,0,1,0,6,5,1,1,44,14,14,3,0,4,12,6,0,19,1,0,1,0,6,5,7,51,0,30,7,0,0,10,51,16,13,13,4,13,0,3,1,1,0,0,0,0,6,10,0
6302376,2025-03-25,9,596574,Kansas St.,12,596712,Nebraska,8,1,1,1,1,0,0,0,0,2344,10740,1,32,12,8,4,0,2,10,5,2,10,1,0,1,1,9,5,3,40,1,27,6,0,1,9,46,11,8,7,4,13,0,2,2,0,0,0,1,0,6,8,0,1,38,8,11,4,0,2,8,4,3,13,1,0,0,0,6,8,11,46,3,24,10,0,1,8,40,8,12,7,5,10,0,3,2,1,1,0,1,0,9,5,0
6302380,2025-03-25,9,596572,Jacksonville,3,596519,UCF,2,1,1,1,1,0,0,0,0,517,11820,1,30,3,4,0,0,0,0,3,2,7,0,0,4,0,7,9,8,35,3,27,6,1,0,9,39,6,2,2,5,8,0,1,0,2,0,0,1,0,6,12,1,1,32,2,6,1,0,0,1,5,1,8,1,0,2,0,6,12,10,39,4,24,7,1,0,8,35,4,3,0,3,7,0,0,0,4,0,0,0,0,7,9,0
6302385,2025-03-25,9,596669,San Diego St.,2,596515,UC Riverside,7,1,1,1,1,0,0,0,0,646,10140,1,32,2,5,1,0,0,2,1,0,9,0,0,0,1,4,11,4,33,4,27,13,1,0,9,46,8,7,3,4,9,0,5,0,0,2,0,0,0,11,5,0,1,34,7,8,1,0,0,5,4,6,9,0,2,0,2,11,5,12,46,3,27,6,0,0,9,33,5,2,2,1,9,0,0,0,0,1,0,0,0,4,11,0
6302387,2025-03-25,9,596514,UCLA,9,596587,LMU (CA),8,1,1,1,1,0,0,0,0,391,13380,1,35,9,11,4,0,1,9,6,1,7,0,1,1,1,10,6,7,43,1,27,8,1,0,9,40,7,8,7,3,7,0,0,1,0,0,0,1,0,10,10,0,1,33,8,7,1,0,1,8,3,3,7,1,0,0,0,10,10,5,40,3,25,11,0,0,8.1,43,11,9,8,6,7,0,0,1,1,1,0,0,0,10,6,0
6302390,2025-03-25,9,596442,Washington St.,1,596555,Gonzaga,4,1,1,1,1,0,0,0,0,1530,8940,1,32,1,6,1,0,0,1,4,0,4,0,1,0,0,12,10,9,37,4,27,14,1,0,9,38,10,4,2,1,6,0,0,0,0,0,0,0,0,13,7,0,1,36,4,10,2,0,0,3,1,0,6,0,1,0,0,13,7,7,38,1,27,12,0,0,9,37,6,1,1,4,4,0,3,0,0,0,0,0,0,12,10,0
6302391,2025-03-25,9,596672,San Jose St.,8,596645,Pacific,4,1,1,1,1,0,0,0,0,341,10740,1,33,8,11,1,0,2,8,4,1,5,0,0,0,1,9,8,6,38,1,27,11,1,1,9,42,4,4,4,11,6,0,0,0,3,1,0,0,0,9,9,0,1,29,4,4,1,0,0,4,11,2,6,0,0,3,1,9,9,9,42,1,24,11,2,0,8,38,11,8,8,4,5,0,1,2,0,1,0,0,0,9,8,0
6302392,2025-03-25,9,596509,Sacramento St.,4,596707,Fresno St.,3,1,1,1,1,0,0,0,0,437,8580,1,30,4,10,4,0,0,4,5,0,5,0,0,0,1,7,7,6,35,1,27,16,1,0,9,38,12,3,3,2,4,0,0,0,0,0,0,0,0,13,7,1,1,35,3,12,0,0,0,2,2,0,4,0,1,0,0,13,7,8,38,2,24,11,3,0,8,35,10,4,3,5,5,0,2,0,0,1,0,0,0,7,7,0
6302395,2025-03-25,9,596577,Kentucky,3,596454,Xavier,9,1,1,1,1,0,0,0,0,2502,12360,1,32,3,7,2,0,0,3,3,1,7,0,0,2,0,9,9,6,36,1,27,13,1,0,9,47,8,9,6,9,7,0,0,1,2,0,0,1,0,13,7,0,1,33,9,8,3,1,1,9,9,2,7,1,2,2,0,13,7,11,47,0,27,11,0,0,9,36,7,3,3,3,7,0,0,0,2,0,0,0,0,9,9,0
6302396,2025-03-25,7,596583,LSU,17,596687,Louisiana,4,1,1,1,1,0,0,0,0,11511,10980,1,29,17,11,3,0,3,17,12,3,9,0,0,1,0,3,6,9,44,2,21,7,0,1,7,34,10,4,3,1,5,0,2,0,0,0,0,0,0,6,9,0,1,32,4,10,2,0,0,2,1,1,5,0,0,0,0,6,9,9,34,0,18,2,1,0,6,44,11,17,17,12,9,0,0,3,1,0,0,0,0,3,6,0
6302399,2025-03-25,10,596557,Hawaii,9,596762,Hawaii Hilo,8,1,0,1,1,0,0,0,0,3449,13800,1,41,9,14,2,1,0,8,8,2,7,0,1,4,0,10,9,12,52,1,30,14,0,0,10,44,12,8,6,1,8,0,1,0,2,0,0,0,0,12,9,0,1,41,8,12,1,1,0,7,1,1,8,0,1,2,0,12,9,6,44,4,28,11,0,0,9.1,52,14,9,6,8,7,0,1,0,4,0,0,0,0,10,9,0
6302400,2025-03-25,9,596677,South Carolina,8,596614,North Carolina,13,1,1,1,1,0,0,1,0,4871,14160,1,35,8,9,3,0,2,7,5,2,7,1,0,0,0,11,8,8,43,2,27,9,1,0,9,52,12,13,13,11,10,0,1,4,2,0,0,0,0,12,4,0,1,38,13,12,1,0,4,12,11,2,10,0,1,2,0,12,4,10,52,1,27,10,0,0,9,43,9,8,8,5,7,0,1,2,0,0,0,1,0,11,8,0
6307896,2025-03-25,9,596489,Auburn,13,596676,South Alabama,5,1,1,1,1,0,0,1,0,2083,10980,1,35,13,14,1,0,4,12,5,4,5,2,1,0,0,9,10,10,47,5,27,7,0,0,9,40,3,5,3,8,12,0,0,1,1,0,0,0,0,8,8,0,1,32,5,3,0,0,1,4,8,0,12,0,0,1,0,8,8,8,40,1,24,8,0,0,8,47,14,13,13,5,5,0,2,4,0,0,0,2,0,9,10,0
6307904,2025-03-25,9,596563,Illinois,9,596608,Missouri,11,1,1,1,1,0,0,1,0,1471,10500,1,36,9,10,2,0,3,8,5,1,8,0,0,0,0,11,7,6,42,1,27,12,1,0,9,42,12,11,11,2,9,0,0,2,3,1,0,0,0,11,5,0,1,36,11,12,1,0,2,11,2,3,9,0,1,3,1,11,5,4,42,0,27,12,1,0,9,42,10,9,9,5,8,0,1,3,0,0,0,0,0,11,7,0
6309334,2025-03-25,9,596480,Alabama,4,596475,North Ala.,3,1,1,1,1,0,0,1,0,5931,10860,1,30,4,5,2,0,0,3,6,1,4,0,1,2,0,7,15,7,38,0,27,5,0,1,9,37,6,3,3,4,14,0,0,1,0,0,0,1,0,5,7,0,1,31,3,6,2,0,1,3,4,1,14,1,0,0,0,5,7,7,37,1,26,4,1,0,8.2,38,5,4,3,6,4,0,1,0,2,0,0,0,0,7,15,1
6309694,2025-03-25,9,596521,Cincinnati,12,596585,Louisville,2,1,1,1,1,0,0,0,0,1107,13200,1,40,12,15,3,1,1,9,10,2,14,0,0,1,0,3,7,16,52,2,27,7,0,0,9,33,5,2,2,1,11,0,0,0,1,1,0,0,0,6,8,0,1,29,2,5,1,0,0,2,1,1,11,0,1,1,1,6,8,4,32,3,24,2,1,2,8,52,15,12,10,10,14,0,6,1,1,0,0,0,0,3,7,0
6310632,2025-03-25,9,596653,Purdue,6,596433,Valparaiso,3,1,1,1,1,0,0,0,0,1203,11280,1,28,6,9,3,0,1,5,3,5,7,2,2,3,0,6,9,10,40,0,27,7,1,0,9,38,6,3,3,7,11,0,2,1,1,0,0,1,0,5,9,0,1,30,3,6,1,0,1,2,7,0,11,1,0,1,0,5,9,8,38,2,24,8,2,0,8,40,9,6,5,3,7,0,1,1,3,0,0,2,0,6,9,0
6310891,2025-03-25,9,596420,Texas A&M,7,596560,Houston Christian,2,1,1,1,1,0,0,0,0,5180,10200,1,32,7,9,3,0,1,6,5,1,7,0,1,0,0,9,8,8,39,0,27,7,1,0,9,35,4,2,2,5,12,0,0,0,2,0,0,0,0,6,8,0,1,30,2,4,1,0,0,2,5,0,12,0,0,2,0,6,8,6,35,1,24,9,1,0,8,39,9,7,5,5,7,0,1,1,0,0,0,0,0,9,8,0
6311144,2025-03-25,9,596636,Northwestern,1,596448,Western Mich.,2,1,1,1,1,0,0,0,0,166,9000,1,29,1,3,2,0,0,1,4,0,6,0,0,1,0,11,9,5,33,2,27,14,1,0,9,40,4,2,1,5,7,0,0,0,1,0,0,1,0,13,6,0,1,30,2,4,2,0,0,2,5,3,7,1,1,1,0,13,6,11,40,0,27,11,0,0,9,33,3,1,1,4,6,0,0,0,1,0,0,0,0,11,9,0
6311255,2025-03-25,9,596647,Penn St.,2,596649,Pittsburgh,9,1,1,1,1,0,0,0,0,2822,11220,1,33,2,6,0,0,1,2,4,0,7,0,0,1,0,10,9,8,37,0,27,10,1,0,9,46,11,9,9,10,10,0,1,2,0,0,0,1,0,8,7,0,1,35,9,11,5,0,2,9,10,0,10,1,0,0,0,8,7,10,46,2,27,11,0,0,9,37,6,2,1,4,7,0,0,1,1,0,0,0,0,10,9,0
6313009,2025-03-25,9,596619,UNLV,11,596485,Arizona St.,6,1,1,1,1,0,0,1,0,839,10800,1,31,11,9,3,0,0,9,5,3,4,2,0,0,1,12,7,6,41,3,27,12,0,0,9,40,4,6,3,5,5,0,1,0,1,2,0,1,0,8,12,0,1,30,6,4,1,1,0,3,5,4,5,1,0,1,2,8,12,7,40,3,24,14,0,0,8,41,9,11,8,5,4,0,1,0,0,1,0,2,0,12,7,0
6313280,2025-03-25,9,596523,Clemson,2,596524,Coastal Carolina,8,1,1,1,1,0,0,0,0,5043,10020,1,29,2,5,0,0,1,2,4,2,9,1,0,2,0,12,3,7,36,0,27,11,3,2,9,43,5,8,8,5,7,0,0,2,1,1,0,1,0,9,10,0,1,28,8,5,1,0,2,8,5,7,7,1,2,1,1,9,10,8,43,1,27,15,0,0,9,36,5,2,2,4,9,0,0,1,2,0,0,1,0,12,3,0
6313453,2025-03-25,9,596655,Radford,1,596438,Virginia Tech,6,1,1,1,1,0,0,0,0,350,11460,1,33,1,7,0,0,0,1,3,0,13,0,0,0,2,8,4,8,36,1,27,9,0,1,9,41,9,6,6,5,9,0,2,1,2,2,0,1,0,6,9,0,1,32,6,9,3,0,1,6,5,2,9,1,1,2,2,6,9,8,41,2,27,11,3,0,9,36,7,1,1,3,13,0,0,0,0,2,0,0,0,8,4,0
6313908,2025-03-25,9,596581,Liberty,5,596439,Virginia,3,1,1,1,1,0,0,0,0,1788,11340,1,30,5,7,1,1,0,5,6,1,9,1,0,2,1,4,10,9,38,0,27,12,0,1,9,41,7,3,3,5,4,0,0,1,1,0,1,0,0,13,10,0,1,34,3,7,1,0,1,3,5,2,4,0,0,1,0,13,10,11,41,1,24,6,0,0,8,38,7,5,4,6,9,0,1,0,2,1,0,1,0,4,10,0
6314327,2025-03-25,9,596426,UTSA,12,596686,Texas St.,9,1,1,1,1,0,0,0,0,1457,14700,1,33,12,9,4,0,0,10,13,2,12,1,0,3,1,5,6,12,49,2,27,8,0,0,9,43,10,9,8,6,11,0,0,3,0,1,0,0,0,7,8,0,1,36,9,10,2,0,3,9,6,0,11,0,1,0,1,7,8,7,43,3,24,6,2,0,8,49,9,12,9,13,12,0,1,0,3,1,0,1,0,5,6,0
6315153,2025-03-25,9,596575,Kansas,7,596417,St. Thomas (MN),6,1,1,1,1,0,0,0,0,1065,10620,1,29,7,8,3,1,2,7,7,0,4,1,1,0,0,10,9,7,38,1,27,8,1,1,9,43,9,6,5,4,7,0,1,1,0,0,0,0,0,12,8,0,1,36,6,9,1,0,1,5,4,3,7,0,0,0,0,12,8,10,43,0,24,9,0,0,8,38,8,7,7,7,4,0,1,2,0,0,0,1,0,10,9,0
6315482,2025-03-25,9,596721,Tennessee,14,596696,Queens (NC),3,1,1,1,1,0,0,0,0,5779,12240,1,34,14,12,3,0,2,13,9,3,4,1,0,3,0,7,12,9,47,1,27,7,0,0,9,35,6,3,3,1,18,0,1,1,2,0,0,0,0,4,4,0,1,32,3,6,0,0,1,2,1,2,18,0,0,2,0,4,4,5,35,0,24,7,1,1,8,47,12,14,13,9,4,0,1,2,3,0,0,1,0,7,12,0
6317207,2025-03-25,9,596715,Oral Roberts,2,596641,Oklahoma,11,1,1,1,1,0,0,0,0,2405,11040,1,29,2,3,0,0,0,0,4,0,8,0,0,1,0,5,12,4,33,2,27,10,2,1,9,49,12,11,9,9,6,0,2,1,3,1,0,0,0,10,9,0,1,38,11,12,3,0,1,8,9,2,6,0,0,3,1,10,9,11,49,1,27,6,1,0,9,33,3,2,2,4,8,0,5,0,1,0,0,0,0,5,12,0
6317823,2025-03-25,9,596607,Ole Miss,7,596597,Memphis,5,1,1,1,1,0,0,0,0,9507,10740,1,30,7,8,2,0,2,7,5,5,10,1,0,1,1,2,11,10,41,0,27,10,0,0,9,34,5,5,5,0,11,0,0,1,1,0,0,0,0,8,6,0,1,30,5,5,1,0,1,4,0,4,11,0,0,1,0,8,6,2,34,1,24,4,2,0,8,41,8,7,7,5,10,0,0,2,1,1,0,1,0,2,11,0
6355485,2025-03-25,8,596434,Vanderbilt,10,596538,Eastern Ky.,0,1,1,1,1,0,0,0,0,3802,10680,1,32,10,10,3,0,1,6,9,2,8,0,1,3,0,6,7,9,44,0,24,8,1,0,8,29,2,0,0,5,12,0,0,0,0,0,0,0,0,6,4,0,1,24,0,2,1,0,0,0,5,0,12,0,0,0,0,6,4,5,29,2,23,9,2,0,7.2,44,10,10,6,9,8,0,2,1,3,0,1,0,0,6,7,0
6356456,2025-03-25,9,596554,Georgia,13,596947,West Ga.,6,1,1,1,1,0,0,0,0,2215,12600,1,35,13,11,2,1,4,13,7,2,4,0,0,3,0,7,13,8,44,0,27,10,0,0,9,39,7,6,6,3,13,0,2,0,1,0,0,0,0,9,5,0,1,33,6,7,1,0,0,5,3,2,13,0,1,1,0,9,5,6,39,1,24,6,0,0,8,45,11,13,12,7,4,0,0,4,3,0,1,0,0,7,13,0
6302405,2025-03-26,7,596532,Dayton,3,596430,Air Force,13,1,1,1,1,0,0,0,0,238,9600,1,26,3,6,1,0,1,2,3,1,6,0,0,2,1,5,8,6,30,3,21,8,1,1,7,40,9,13,10,5,9,0,2,1,3,0,0,0,0,8,4,0,1,31,13,9,0,0,1,9,5,4,9,0,0,3,0,8,4,6,40,1,21,7,1,0,7,30,6,3,2,3,6,0,0,1,2,1,0,0,0,5,8,0
6302417,2025-03-26,9,596637,Notre Dame,9,596601,Michigan St.,6,1,1,1,1,0,0,0,0,482,11100,1,31,9,9,3,0,0,9,8,2,9,0,0,1,0,8,5,8,41,0,27,9,2,0,9,40,7,6,6,4,13,0,2,0,0,0,0,2,0,8,6,0,1,32,6,7,2,0,0,6,4,2,13,2,0,0,0,8,6,7,40,0,24,8,0,1,8,41,9,9,9,8,9,0,0,0,1,0,0,0,0,8,5,0
6302421,2025-03-26,9,596488,Little Rock,6,596630,ULM,7,1,1,1,1,0,0,0,0,223,11580,1,33,6,9,2,0,1,6,4,0,6,0,0,1,0,9,9,4,37,2,27,13,3,0,9,41,9,7,4,5,7,0,1,2,2,1,0,0,0,10,8,0,1,36,7,9,0,0,2,6,5,0,7,0,0,2,1,10,8,6,41,1,27,13,1,0,9,37,9,6,6,4,6,0,0,1,1,0,0,0,0,9,9,0
6302422,2025-03-26,9,596600,Miami (FL),2,596720,Stetson,11,1,1,1,1,0,0,0,0,2692,11220,1,33,2,8,0,0,1,2,2,0,8,0,0,3,0,6,11,6,35,4,27,5,1,2,9,49,12,11,8,6,11,0,0,0,0,0,1,0,0,5,11,0,1,41,11,12,2,0,0,8,6,1,11,0,1,0,0,5,11,11,49,1,27,7,0,0,9,35,8,2,1,2,8,0,1,1,3,0,0,0,0,6,11,0
6308002,2025-03-26,9,596512,UC Davis,3,596620,Nevada,1,1,1,1,1,0,0,0,0,206,8700,1,30,3,8,2,0,0,2,1,2,6,0,0,1,0,7,8,6,33,0,27,7,1,0,9,33,5,1,1,1,15,0,0,1,0,0,0,0,0,7,5,0,1,32,1,5,1,0,1,1,1,0,15,0,0,0,0,7,5,5,33,0,24,9,0,0,8,33,8,3,3,1,6,0,6,0,1,0,0,0,0,7,8,0
6308070,2025-03-26,9,596706,Arizona,8,596465,Seattle U,6,1,1,1,1,0,0,0,0,2304,11700,1,35,8,11,3,0,3,7,4,1,6,2,0,0,0,2,16,10,42,0,27,6,0,0,9,43,6,6,6,7,11,0,1,0,0,0,0,1,0,7,9,0,1,32,6,6,1,0,0,5,7,3,11,1,0,0,0,7,9,10,43,2,24,1,0,0,8,42,11,8,7,4,6,0,1,3,0,0,0,2,0,2,16,0
6311257,2025-03-26,,596647,Penn St.,,596502,Bucknell,,1,1,0,0,0,0,0,0,,,0,0,0,0,0,0,0,0,0,0,0,0,0,0,0,0,0,0,0,0,0,0,0,0,0,0,0,0,0,0,0,0,0,0,0,0,0,0,0,0,0,0,0,0,0,0,0,0,0,0,0,0,0,0,0,0,0,0,0,0,0,0,0,0,0,0,0,0,0,0,0,0,0,0,0,0,0,0,0,0,0,0,0,0
6313282,2025-03-26,9,596523,Clemson,9,596464,Presbyterian,1,1,1,1,1,0,0,0,0,4864,11160,1,31,9,10,3,0,1,9,9,4,7,2,0,4,0,9,7,13,46,1,27,10,1,0,9,37,4,1,1,5,13,0,0,0,2,0,0,0,0,9,5,0,1,32,1,4,2,0,0,1,5,0,13,0,0,2,0,9,5,9,37,0,24,8,0,0,8,46,10,9,9,9,7,0,2,1,4,0,0,2,0,9,7,0
6314722,2025-03-26,9,596536,ETSU,12,596642,Old Dominion,7,1,1,1,1,0,0,0,0,329,11520,1,36,12,13,2,0,3,10,4,1,6,0,0,0,0,6,10,6,41,1,27,12,1,0,9,41,10,7,7,5,7,0,1,2,2,1,0,0,0,9,9,0,1,36,7,10,1,1,2,6,5,0,7,0,0,2,1,9,9,7,41,2,24,7,1,0,8,42,13,12,10,4,6,0,3,3,0,0,0,0,0,6,10,0
6315155,2025-03-26,7,596575,Kansas,16,596417,St. Thomas (MN),5,1,1,1,1,0,0,0,0,913,9480,1,32,16,14,3,0,1,16,11,1,4,0,0,2,0,3,10,9,44,0,21,8,0,1,7,32,5,5,5,6,4,0,1,0,1,0,0,1,0,11,6,0,1,25,5,5,0,1,0,5,6,0,4,1,0,1,0,11,6,6,32,1,18,3,0,0,6,44,14,16,12,11,4,0,0,1,2,0,0,0,0,3,10,0
6302423,2025-03-27,9,596607,Ole Miss,7,596546,Florida,5,1,1,1,1,0,0,0,1,9867,13020,1,29,7,8,4,0,0,7,13,0,10,3,0,2,0,4,10,14,45,0,27,8,0,0,9,37,10,5,5,1,13,0,1,1,0,1,0,0,0,7,5,1,1,35,5,10,3,0,1,5,1,1,13,0,0,0,1,7,5,5,37,0,24,5,0,0,8,45,8,7,7,13,10,0,1,0,2,0,1,3,0,4,10,0
6302424,2025-03-27,9,596583,LSU,8,596605,Mississippi St.,6,1,1,1,1,0,0,0,1,11192,12180,1,32,8,8,0,0,3,6,5,0,7,0,1,2,0,9,8,6,38,0,27,8,0,0,9,39,8,6,6,4,12,0,1,3,0,0,0,1,0,9,6,0,1,34,6,8,1,0,3,6,4,0,12,1,0,0,0,9,6,6,39,1,24,8,0,0,8,38,8,8,7,5,7,0,2,3,2,0,0,0,0,9,8,0
6309332,2025-03-27,9,596604,Minnesota,7,596569,Iowa,16,1,1,1,1,0,0,0,1,426,13140,1,36,7,11,2,0,1,7,4,2,8,2,0,0,0,10,7,10,44,3,27,7,1,1,9,58,17,16,13,12,7,0,0,0,2,0,0,2,0,6,14,0,1,44,16,17,2,0,0,16,12,0,7,2,0,2,0,6,14,15,58,2,27,10,0,0,9,44,11,7,5,4,8,0,1,1,0,0,0,2,0,10,7,0
6314263,2025-03-27,9,596439,Virginia,11,596688,Stanford,8,1,1,1,1,0,0,0,1,3910,12660,1,37,11,13,2,1,1,10,7,0,5,0,0,2,1,9,10,9,44,1,27,8,0,0,9,40,12,8,8,1,7,0,2,0,0,0,0,1,0,7,12,0,1,36,8,12,5,0,0,7,1,1,7,1,1,0,0,7,12,5,40,0,24,10,0,0,8,44,13,11,11,7,5,0,3,1,2,1,0,0,0,9,10,0
6356232,2025-03-27,9,596499,BYU,14,596444,West Virginia,5,1,1,1,1,0,0,0,1,1715,12300,1,34,14,14,5,0,0,14,7,2,7,2,1,0,1,9,6,8,46,0,27,11,0,0,9,41,8,5,5,6,9,0,2,0,1,1,0,0,0,8,7,0,1,32,5,8,4,0,0,5,6,3,9,0,0,1,1,8,7,9,41,2,24,9,0,0,8,46,14,14,8,7,7,0,2,0,0,1,1,2,0,9,6,0
6302426,2025-03-28,9,596434,Vanderbilt,0,596487,Arkansas,9,1,1,1,1,0,0,0,1,3802,10380,1,29,0,3,1,0,0,0,4,0,8,0,0,0,0,10,8,6,33,0,27,8,1,0,9,44,9,9,9,9,10,0,0,3,1,0,0,0,0,10,6,0,1,35,9,9,2,1,3,9,9,0,10,0,0,1,0,10,6,8,44,0,27,9,1,0,9,33,3,0,0,4,8,0,1,0,0,0,0,0,0,10,8,0
6302430,2025-03-28,9,596677,South Carolina,7,596721,Tennessee,11,1,1,1,1,0,0,0,1,8242,10860,1,39,7,13,2,0,2,6,2,0,14,0,0,0,0,5,7,7,41,1,27,7,0,0,9,43,10,11,6,4,6,0,0,2,2,0,0,2,0,8,13,0,1,35,11,10,1,1,2,11,4,1,6,2,1,2,0,8,13,5,43,0,27,5,0,0,9,41,13,7,7,2,14,0,1,2,0,0,1,0,0,5,7,0
6302434,2025-03-28,9,596607,Ole Miss,10,596546,Florida,9,1,1,1,1,0,0,0,1,9504,12600,1,37,10,11,4,0,2,10,6,0,10,1,0,1,0,3,13,6,44,0,27,7,0,0,9,45,9,9,9,8,11,0,2,2,0,0,0,1,0,8,7,1,1,33,9,9,2,0,2,9,8,2,11,1,1,0,0,8,7,9,45,1,26,3,1,0,8.2,44,11,10,10,6,10,0,1,2,1,0,0,1,0,3,13,1
6302437,2025-03-28,9,596420,Texas A&M,9,596577,Kentucky,7,1,1,1,1,0,0,0,1,5952,10980,1,33,9,10,3,0,1,8,4,1,4,1,0,2,0,8,11,6,39,4,27,7,1,0,9,40,11,7,6,0,9,0,0,1,1,0,0,1,0,10,7,0,1,37,7,11,4,1,1,6,0,1,9,1,1,1,0,10,7,6,40,2,24,9,1,0,8,39,10,9,8,4,4,0,1,1,2,0,0,1,0,8,11,0
6302438,2025-03-28,9,596583,LSU,2,596605,Mississippi St.,1,1,1,1,1,0,0,0,1,11507,11040,1,30,2,7,1,0,2,2,0,0,11,0,0,0,0,5,7,4,30,0,27,5,1,1,9,40,7,1,0,6,18,0,2,0,0,0,0,0,0,5,4,0,1,33,1,7,1,0,0,0,6,0,18,0,1,0,0,5,4,12,40,0,24,5,0,0,8,30,7,2,2,0,11,0,0,2,0,0,0,0,0,5,7,0
6302439,2025-03-28,9,596639,Ohio St.,0,596644,Oregon,7,1,1,1,1,0,0,0,1,1503,10440,1,30,0,4,1,0,0,0,1,3,8,0,1,0,1,11,6,8,35,2,27,11,1,0,9,40,12,7,6,1,10,0,3,4,1,1,0,0,0,8,6,0,1,37,7,12,2,0,4,7,1,2,10,0,0,1,1,8,6,6,40,2,27,12,1,0,9,35,4,0,0,1,8,0,0,0,0,1,0,0,0,11,6,0
6302446,2025-03-28,9,596653,Purdue,5,596514,UCLA,8,1,1,1,1,0,0,0,1,1688,11760,1,40,5,13,3,1,1,5,1,1,15,0,0,1,0,3,9,10,42,0,27,4,1,0,9,47,9,8,8,6,7,0,0,3,1,0,1,0,0,5,15,0,1,36,8,9,0,0,3,8,6,5,7,0,0,1,0,5,15,12,47,0,27,4,0,0,9,42,13,5,5,1,15,0,2,1,1,0,0,0,0,3,9,0
6302462,2025-03-28,9,596602,Michigan,5,596647,Penn St.,12,1,1,1,1,0,0,0,1,988,11640,1,32,5,10,2,0,0,5,3,2,3,0,1,0,0,11,9,6,38,1,27,12,4,0,9,45,12,12,12,8,9,0,0,3,0,1,0,1,0,9,7,0,1,36,12,12,4,0,3,12,8,0,9,1,0,0,1,9,7,5,45,0,27,15,0,0,9,38,10,5,5,3,3,0,0,0,0,0,0,0,0,11,9,0
6302463,2025-03-28,9,596637,Notre Dame,16,596545,Florida St.,9,1,1,1,1,0,0,0,1,754,12420,1,39,16,15,6,0,7,16,9,1,7,0,0,0,1,8,8,9,49,1,27,5,1,1,9,42,13,9,9,1,13,0,1,6,0,0,0,1,0,4,10,0,1,39,9,13,3,0,6,9,1,1,13,1,0,0,0,4,10,6,42,2,24,11,0,0,8,49,15,16,15,9,7,0,0,7,0,1,0,0,0,8,8,0
6302470,2025-03-28,9,596521,Cincinnati,6,596519,UCF,4,1,1,1,1,0,0,0,1,1324,11220,1,32,6,9,1,0,3,6,6,1,7,0,0,1,0,9,7,9,39,0,27,14,1,0,9,43,10,4,4,6,6,0,0,0,1,0,0,0,0,18,4,0,1,37,4,10,2,1,0,4,6,0,6,0,0,1,0,18,4,12,43,0,24,10,0,0,8,39,9,6,6,6,7,0,2,3,1,0,0,0,0,9,7,0
6302473,2025-03-28,8,596462,Grand Canyon,10,596465,Seattle U,0,1,1,1,1,0,0,0,1,1152,9780,1,32,10,12,1,1,1,10,9,2,4,2,0,3,0,9,9,9,45,1,24,9,0,0,8,31,4,0,0,2,8,0,0,0,0,0,0,0,0,9,6,0,1,28,0,4,1,0,0,0,2,1,8,0,0,0,0,9,6,7,31,0,23,9,1,1,7.2,45,12,10,9,9,4,0,1,1,3,0,0,2,0,9,9,0
6302482,2025-03-28,9,596669,San Diego St.,3,596619,UNLV,2,1,1,1,1,0,0,0,1,808,9120,1,29,3,6,0,0,0,3,5,1,10,0,0,1,0,8,5,8,35,0,27,10,1,0,9,32,5,2,2,1,9,0,1,0,0,0,0,2,0,9,8,0,1,28,2,5,1,0,0,2,1,0,9,2,1,0,0,9,8,3,32,0,24,7,1,0,8,35,6,3,3,5,10,0,1,0,1,0,0,0,0,8,5,0
6302484,2025-03-28,9,596623,New Mexico,7,596430,Air Force,4,1,1,1,1,0,0,0,1,273,10440,1,33,7,13,3,0,1,7,6,0,5,1,0,0,0,13,3,9,40,1,27,7,3,0,9,37,8,4,4,2,12,0,1,0,0,1,0,0,0,6,8,0,1,33,4,8,3,0,0,4,2,1,12,0,1,0,1,6,8,6,37,0,24,14,0,0,8,40,13,7,7,6,5,0,0,1,0,0,1,1,0,13,3,0
6302489,2025-03-28,9,596697,Southern Ind.,1,596488,Little Rock,2,1,1,1,1,0,0,0,1,179,11160,1,31,1,7,1,0,0,1,3,1,8,0,0,1,1,8,8,7,35,0,27,7,2,0,9,41,7,2,2,7,13,0,0,0,1,1,0,0,0,5,7,0,1,32,2,7,0,0,0,2,7,2,13,0,0,1,1,5,7,12,41,0,27,10,1,2,9,35,7,1,1,3,8,0,0,0,1,1,0,0,0,8,8,0
6302495,2025-03-28,8,596672,San Jose St.,3,596707,Fresno St.,13,1,1,1,1,0,0,0,1,403,9780,1,31,3,7,2,1,0,3,0,3,11,0,0,0,0,5,8,7,34,3,24,6,0,0,8,49,17,13,10,3,5,0,0,1,1,1,0,1,0,8,10,0,1,41,13,17,2,0,1,11,3,4,5,1,0,1,1,8,10,12,49,0,24,5,0,0,8,34,7,3,3,0,11,0,0,0,0,0,1,0,0,5,8,0
6302510,2025-03-28,9,596607,Ole Miss,8,596546,Florida,11,1,1,1,1,0,0,0,1,9576,13260,1,35,8,14,2,0,2,8,5,2,7,2,0,1,0,8,8,9,44,1,27,4,2,0,9,44,13,11,11,2,13,0,2,3,3,0,0,0,0,3,10,0,1,39,11,13,2,0,3,9,2,3,13,0,0,3,0,3,10,6,44,0,27,12,1,0,9,44,14,8,8,5,7,0,3,2,1,0,0,2,0,8,8,0
6307901,2025-03-28,9,596554,Georgia,4,596489,Auburn,1,1,1,1,1,0,0,0,1,3633,11100,1,30,4,6,0,0,2,4,3,2,14,0,0,2,0,5,5,7,35,0,27,7,0,0,9,40,4,1,1,7,14,0,1,0,2,0,0,0,0,7,6,0,1,31,1,4,2,0,0,1,7,2,14,0,0,2,0,7,6,12,40,0,24,6,0,0,8,35,6,4,4,3,14,0,2,2,2,0,0,0,0,5,5,0
6308006,2025-03-28,8,596620,Nevada,10,596442,Washington St.,0,1,1,1,1,0,0,0,1,660,8460,1,33,10,9,0,0,4,10,3,1,6,0,0,0,0,5,10,3,37,2,24,4,1,0,8,28,3,0,0,1,10,0,0,0,1,1,0,0,0,3,9,0,1,26,0,3,0,0,0,0,1,1,10,0,0,1,1,3,9,4,28,3,22,5,1,0,7.1,37,9,10,9,3,6,0,2,4,0,0,0,0,0,5,10,0
6309333,2025-03-28,9,596604,Minnesota,0,596569,Iowa,13,1,1,1,1,0,0,0,1,0,,1,30,0,3,3,0,0,0,4,1,19,0,0,1,0,5,3,8,35,2,27,12,0,0,9,46,15,13,13,5,5,0,0,1,2,1,0,1,0,8,11,0,1,37,13,15,5,0,1,12,5,2,5,1,1,2,1,8,11,6,46,0,27,6,1,0,9,35,3,0,0,4,19,0,1,0,1,0,0,0,0,5,3,0
6309335,2025-03-28,9,596604,Minnesota,6,596569,Iowa,7,1,1,1,1,0,0,0,1,644,11940,1,35,6,10,1,0,2,6,8,4,10,0,0,0,1,5,9,14,47,0,27,10,2,0,9,40,11,7,7,2,5,0,3,3,0,0,0,0,0,10,12,0,1,38,7,11,4,0,3,7,2,0,5,0,0,0,0,10,12,6,40,1,27,6,0,0,9,47,10,6,5,8,10,0,0,2,0,1,0,0,0,5,9,0
6309341,2025-03-28,9,596480,Alabama,8,596641,Oklahoma,6,1,1,1,1,0,0,0,1,5179,13800,1,35,8,12,4,0,1,9,6,1,13,1,0,0,0,5,5,11,43,2,27,7,1,0,9,43,10,6,6,5,7,0,0,2,0,0,0,0,0,8,11,0,1,38,6,10,1,0,2,5,5,0,7,0,0,0,0,8,11,10,43,1,24,8,1,0,8,43,12,8,7,6,13,0,0,1,0,0,0,1,0,5,5,0
6310645,2025-03-28,9,596508,CSUN,15,596557,Hawaii,10,1,1,1,1,0,0,0,1,346,11040,1,38,15,16,2,0,3,11,2,1,8,0,2,2,1,8,6,4,43,1,27,10,1,0,9,41,8,10,10,7,6,0,1,2,0,0,0,0,0,8,11,0,1,33,10,8,1,0,2,9,7,1,6,0,0,0,0,8,11,4,41,5,24,11,2,1,8,43,16,15,11,2,8,0,3,3,2,1,1,0,0,8,6,0
6311146,2025-03-28,10,596593,Maryland,5,596636,Northwestern,6,1,1,1,1,0,0,0,1,876,11460,1,34,5,5,0,0,2,4,2,4,9,0,1,1,0,10,11,6,41,1,30,10,0,1,10,47,13,6,5,4,6,0,0,3,0,0,0,0,0,10,13,0,1,42,6,13,2,0,3,5,4,0,6,0,1,0,0,10,13,11,47,0,30,10,1,0,10,41,5,5,5,2,9,0,0,2,1,0,1,0,0,10,11,0
6311404,2025-03-28,9,596712,Nebraska,7,596643,Oregon St.,3,1,1,1,1,0,0,0,0,6348,10080,1,35,7,11,1,0,3,7,1,2,12,0,1,1,0,4,8,8,39,1,27,15,0,0,9,37,5,3,2,5,4,0,0,1,0,0,0,0,0,15,7,0,1,31,3,5,1,0,1,3,5,0,4,0,1,0,0,15,7,7,37,1,24,3,1,0,8,39,11,7,7,1,12,0,1,3,1,0,0,0,0,4,8,0
6313284,2025-03-28,9,596553,Georgia Tech,7,596523,Clemson,9,1,1,1,1,0,0,0,1,2911,10860,1,35,7,11,3,0,1,7,4,0,7,2,1,1,0,10,10,8,42,3,27,12,0,0,9,44,11,9,6,3,10,0,0,3,2,0,0,1,0,11,5,0,1,36,9,11,1,0,3,8,3,2,10,1,2,2,0,11,5,8,44,1,27,9,1,1,9,42,11,7,6,4,7,0,3,1,1,0,2,2,0,10,10,0
6314264,2025-03-28,9,596439,Virginia,13,596688,Stanford,7,1,1,1,1,0,0,0,1,4354,11820,1,36,13,14,3,0,2,13,5,2,6,0,0,2,1,9,6,6,43,0,27,10,1,0,9,41,12,7,7,1,10,0,1,3,1,0,0,0,0,10,6,0,1,38,7,12,2,0,3,7,1,2,10,0,0,1,0,10,6,6,41,1,24,11,0,2,8,43,14,13,12,5,6,0,1,2,2,1,0,0,0,9,6,0
6315023,2025-03-28,9,596575,Kansas,5,596714,Oklahoma St.,2,1,1,1,1,0,0,0,1,2660,10320,1,31,5,9,0,0,2,5,4,3,8,0,1,0,0,8,6,9,39,0,27,10,1,0,9,32,4,2,2,2,11,0,0,2,0,0,0,0,0,12,3,0,1,29,2,4,0,0,2,2,2,0,11,0,1,0,0,12,3,3,32,1,24,8,1,0,8,39,9,5,5,4,8,0,2,2,0,0,0,0,0,8,6,0
6315832,2025-03-28,9,596426,UTSA,10,596543,Fla. Atlantic,7,1,1,1,1,0,0,0,1,594,10680,1,27,10,7,1,0,1,9,8,2,6,3,2,2,0,9,9,8,42,0,27,10,0,0,9,36,10,7,7,0,7,0,0,2,0,0,0,1,0,7,11,1,1,34,7,10,1,0,2,7,0,1,7,1,0,0,0,7,11,2,36,2,24,8,1,0,8,42,7,10,8,8,6,0,2,1,2,0,0,3,0,9,9,0
6316746,2025-03-28,9,596484,App State,9,596642,Old Dominion,4,1,1,1,1,0,0,0,1,802,11040,1,37,9,14,3,0,2,9,5,1,8,0,0,2,0,4,11,10,43,0,27,10,1,0,9,35,3,4,4,4,5,0,1,1,1,0,0,0,0,8,13,0,1,29,4,3,0,0,1,3,4,2,5,0,0,1,0,8,13,3,35,0,24,4,0,0,8,43,14,9,9,5,8,0,2,2,2,0,0,0,0,4,11,0
6317713,2025-03-28,8,596441,Wake Forest,2,596438,Virginia Tech,13,1,1,1,1,0,0,0,1,2619,11760,1,33,2,9,1,0,0,2,3,0,7,0,0,0,0,9,8,10,36,2,24,10,0,1,8,46,8,13,12,11,6,0,1,1,2,0,0,0,0,8,9,0,1,33,13,8,2,0,1,12,11,2,6,0,0,2,0,8,9,9,46,0,24,9,0,0,8,36,9,2,2,3,7,0,1,0,0,0,0,0,0,9,8,0
6317810,2025-03-28,9,596614,North Carolina,2,596600,Miami (FL),0,1,1,1,1,0,0,0,1,3412,8400,1,24,2,3,0,0,0,2,1,2,4,1,0,0,0,10,8,2,28,1,27,8,2,0,9,33,6,0,0,0,14,0,0,0,0,0,0,0,0,5,6,0,1,32,0,6,1,0,0,0,0,1,14,0,0,0,0,5,6,5,33,1,24,10,0,0,8,28,3,2,2,1,4,0,0,0,0,0,0,1,0,10,8,0
6356233,2025-03-28,9,596499,BYU,6,596444,West Virginia,20,1,1,1,1,0,0,0,1,1946,,1,34,6,8,4,0,0,6,5,1,9,0,0,3,0,8,8,7,40,0,27,16,2,1,9,58,19,20,20,8,5,0,0,1,0,0,0,0,0,16,5,0,1,45,20,19,3,1,1,20,8,5,5,0,0,0,0,16,5,10,58,1,27,10,0,1,9,40,8,6,6,5,9,0,1,0,3,0,0,0,0,8,8,0
6357706,2025-03-28,9,596432,Utah,5,596485,Arizona St.,9,1,1,1,1,0,0,0,1,1067,11100,1,30,5,8,2,1,1,5,4,1,7,1,1,0,0,11,6,5,37,1,27,9,3,1,9,49,17,9,9,3,8,0,3,0,3,0,0,1,0,10,9,0,1,42,9,17,5,0,0,9,3,2,8,1,1,3,0,10,9,13,49,1,27,13,1,0,9,37,8,5,5,4,7,0,1,1,0,0,0,1,0,11,6,0
6357742,2025-03-28,7,596608,Missouri,4,596425,Texas,15,1,1,1,1,0,0,0,1,1453,10680,1,26,4,6,2,0,0,4,4,0,7,0,0,0,0,9,4,5,30,1,21,7,1,0,7,43,11,15,14,8,7,0,0,5,1,0,0,0,0,6,8,0,1,33,15,11,1,0,5,14,8,2,7,0,0,1,0,6,8,7,43,0,21,10,0,0,7,30,6,4,4,4,7,0,0,0,0,0,0,0,0,9,4,0
6302502,2025-03-29,10,596434,Vanderbilt,4,596487,Arkansas,6,1,1,1,1,0,0,0,1,3802,11700,1,38,4,9,1,0,0,2,2,0,12,1,0,3,0,10,8,7,41,1,30,9,0,0,10,45,9,6,5,3,8,0,1,2,1,0,0,0,0,8,13,0,1,39,6,9,0,0,2,6,3,1,8,0,2,1,0,8,13,9,45,1,30,8,1,1,10,41,9,4,4,2,12,0,2,0,3,0,0,1,0,10,8,0
6302506,2025-03-29,9,596677,South Carolina,5,596721,Tennessee,7,1,1,1,1,0,0,0,1,8242,9720,1,35,5,11,0,0,1,5,2,0,8,1,0,0,0,12,5,6,38,0,27,9,2,0,9,37,8,7,7,1,7,0,1,3,0,0,0,0,0,9,11,0,1,35,7,8,1,0,3,7,1,1,7,0,0,0,0,9,11,3,37,0,27,12,0,0,9,38,11,5,5,2,8,0,0,1,0,0,0,1,0,12,5,0
6302513,2025-03-29,9,596420,Texas A&M,11,596577,Kentucky,14,1,1,1,1,0,0,0,1,7317,14640,1,37,11,11,2,0,5,11,11,1,6,0,1,0,0,8,13,12,50,0,27,13,0,0,9,46,13,14,14,2,7,0,0,4,0,2,0,1,0,10,8,0,1,36,14,13,1,0,4,14,2,6,7,1,1,0,2,10,8,4,46,0,27,10,0,0,9,50,11,11,11,11,6,0,1,5,0,0,0,0,0,8,13,0
6302514,2025-03-29,9,596583,LSU,17,596605,Mississippi St.,8,1,1,1,1,0,0,0,1,11303,14880,1,39,17,19,2,0,2,15,7,1,11,2,1,6,1,4,7,9,50,1,27,7,0,0,9,46,8,8,8,7,10,0,1,1,1,0,0,2,0,8,8,0,1,33,8,8,2,0,1,8,7,4,10,2,0,1,0,8,8,11,46,2,24,8,1,0,8,50,19,17,15,7,11,0,2,2,6,1,0,2,0,4,7,0
6302515,2025-03-29,9,596639,Ohio St.,11,596644,Oregon,10,1,1,1,1,0,0,0,1,0,11700,1,32,11,12,2,1,1,8,5,4,5,2,0,0,1,8,8,8,43,0,27,11,1,0,9,42,8,10,10,7,8,0,1,4,0,0,1,1,0,10,7,0,1,31,10,8,0,1,4,10,7,2,8,1,1,0,0,10,7,5,42,3,24,9,2,0,8,43,12,11,10,5,5,0,6,1,0,1,0,2,0,8,8,0
6302522,2025-03-29,9,596653,Purdue,12,596514,UCLA,13,1,1,1,1,0,0,0,1,1506,14400,1,36,12,12,3,0,1,11,4,6,5,1,0,3,0,11,7,8,47,1,27,9,4,0,9,49,17,13,12,4,6,0,1,1,2,0,0,1,0,7,11,0,1,39,13,17,4,1,1,12,4,4,6,1,1,2,0,7,11,9,49,3,27,14,3,0,9,47,12,12,10,4,5,0,1,1,3,0,0,1,0,11,7,1
6302550,2025-03-29,9,596602,Michigan,8,596647,Penn St.,7,1,1,1,1,0,0,0,1,1386,10260,1,34,8,12,2,0,1,8,1,2,6,0,2,0,0,9,9,7,39,2,27,7,0,0,9,41,6,7,5,7,9,0,1,0,0,1,0,2,0,7,10,0,1,32,7,6,1,0,0,7,7,0,9,2,0,0,1,7,10,7,41,0,24,9,0,0,8,39,12,8,8,1,6,0,1,1,0,0,0,0,0,9,9,0
6302555,2025-03-29,9,596672,San Jose St.,2,596707,Fresno St.,1,1,1,1,1,0,0,0,1,532,8820,1,28,2,6,0,0,0,2,1,0,8,0,1,0,1,5,10,4,30,1,27,14,0,0,9,35,4,1,0,3,8,0,1,0,1,0,0,0,0,13,5,0,1,31,1,4,0,0,0,1,3,1,8,0,0,1,0,13,5,7,35,0,24,7,1,0,8,30,6,2,2,1,8,0,0,0,0,1,0,0,0,5,10,0
6302556,2025-03-29,10,596521,Cincinnati,7,596519,UCF,6,1,1,1,1,0,0,0,1,1324,14520,1,35,7,10,2,0,0,5,9,1,10,1,2,6,0,7,11,10,48,2,30,18,1,0,10,44,10,6,5,2,4,0,0,2,0,0,0,1,0,17,8,1,1,37,6,10,4,0,2,5,2,1,4,1,3,0,0,17,8,8,44,1,29,6,1,0,9.2,48,10,7,6,9,10,0,3,0,6,0,0,1,0,7,11,0
6302563,2025-03-29,9,596697,Southern Ind.,10,596488,Little Rock,0,1,1,1,1,0,0,0,1,131,9900,1,40,10,18,3,0,0,10,3,1,2,1,0,0,0,9,12,11,45,0,27,13,1,0,9,32,3,0,0,2,6,0,0,0,0,0,0,0,0,13,7,0,1,28,0,3,0,0,0,0,2,1,6,0,1,0,0,13,7,5,32,0,24,9,1,0,8,45,18,10,10,3,2,0,0,0,0,0,0,1,0,9,12,0
6302573,2025-03-29,9,596669,San Diego St.,5,596619,UNLV,3,1,1,1,1,0,0,0,1,1047,10680,1,28,5,7,2,0,0,5,6,0,5,2,0,0,1,10,7,7,36,1,27,7,1,0,9,37,6,3,2,4,13,0,2,0,0,0,0,0,0,7,7,0,1,33,3,6,0,0,0,2,4,0,13,0,0,0,0,7,7,7,37,2,24,11,0,0,8,36,7,5,3,6,5,0,0,0,0,1,0,2,0,10,7,0
6302577,2025-03-29,11,596462,Grand Canyon,6,596465,Seattle U,5,1,1,1,1,0,0,0,1,943,11760,1,35,6,9,4,0,0,6,14,2,5,1,0,0,0,6,16,12,52,3,33,11,2,0,11,47,9,5,2,3,9,0,0,0,1,1,0,0,0,12,11,1,1,40,5,9,1,0,0,4,3,2,9,0,2,1,1,12,11,9,47,0,31,9,0,0,10.1,52,9,6,6,14,5,0,0,0,0,0,0,1,0,6,16,0
6302579,2025-03-29,9,596623,New Mexico,12,596430,Air Force,7,1,1,1,1,0,0,0,1,430,10800,1,34,12,10,1,0,3,12,5,1,7,0,0,1,0,9,8,4,40,1,27,9,0,0,9,45,8,7,7,8,10,0,3,2,1,0,0,0,0,9,7,1,1,35,7,8,2,0,2,7,8,2,10,0,0,1,0,9,7,11,45,0,24,8,1,0,8,40,10,12,12,5,7,0,1,3,1,0,0,0,0,9,8,0
6302593,2025-03-29,9,596639,Ohio St.,8,596644,Oregon,6,1,1,1,1,0,0,0,1,803,10560,1,30,8,9,3,0,1,8,8,1,5,1,0,0,0,8,9,8,40,2,27,7,2,0,9,43,7,6,5,8,10,0,1,3,0,0,0,0,0,7,9,0,1,35,6,7,2,0,3,5,8,0,10,0,0,0,0,7,9,10,43,0,24,9,1,0,8,40,9,8,8,8,5,0,1,1,0,0,0,1,0,8,9,1
6307902,2025-03-29,9,596554,Georgia,11,596489,Auburn,7,1,1,1,1,0,0,0,1,2774,11280,1,35,11,14,1,0,2,9,6,2,8,0,1,2,0,6,8,9,44,1,27,14,2,0,9,38,8,7,7,4,10,0,0,3,1,0,0,0,0,13,2,0,1,33,7,8,1,0,3,7,4,0,10,0,1,1,0,13,2,4,38,1,24,8,2,0,8,44,14,11,10,6,8,0,1,2,2,0,0,0,0,6,8,0
6307905,2025-03-29,10,596554,Georgia,9,596489,Auburn,6,1,1,1,1,0,0,0,1,3633,13620,1,36,9,10,1,0,1,7,5,1,15,1,0,1,0,4,7,7,43,0,30,14,1,1,10,46,10,6,5,5,8,0,1,3,1,0,0,1,0,12,9,0,1,38,6,10,2,0,3,6,5,2,8,1,0,1,0,12,9,10,46,1,27,4,1,0,9,43,10,9,8,5,15,0,0,1,1,0,0,1,0,4,7,0
6308007,2025-03-29,9,596620,Nevada,9,596442,Washington St.,1,1,1,1,1,0,0,0,1,906,8580,1,32,9,11,1,0,4,7,6,1,4,0,1,0,0,8,9,7,40,0,27,13,3,0,9,36,9,1,1,1,5,0,0,1,0,1,0,0,0,12,9,0,1,35,1,9,1,0,1,1,1,0,5,0,0,0,1,12,9,8,36,1,24,10,0,0,8,40,11,9,7,6,4,0,0,4,0,0,0,0,0,8,9,0
6309339,2025-03-29,9,596480,Alabama,5,596641,Oklahoma,6,1,1,1,1,0,0,0,1,4062,11400,1,34,5,8,2,0,1,4,3,2,11,0,1,1,0,10,5,8,40,1,27,13,1,0,9,39,9,6,6,5,6,0,0,1,1,0,1,2,0,8,10,0,1,31,6,9,0,0,1,6,5,1,6,2,0,1,0,8,10,5,39,1,27,10,1,0,9,40,8,5,3,3,11,0,1,1,1,0,0,0,0,10,5,0
6310650,2025-03-29,9,596508,CSUN,3,596557,Hawaii,9,1,1,1,1,0,0,0,1,276,11880,1,30,3,7,1,0,0,1,5,1,6,0,2,1,1,11,6,8,38,1,27,16,3,0,9,42,10,9,5,5,5,0,1,2,2,0,0,1,0,16,5,0,1,33,9,10,5,1,2,9,5,0,5,1,3,2,0,16,5,6,42,3,27,16,1,0,9,38,7,3,2,5,6,0,1,0,1,1,0,0,0,11,6,0
6311148,2025-03-29,7,596593,Maryland,8,596636,Northwestern,18,1,1,1,1,0,0,0,1,1268,9780,1,34,8,14,3,0,0,8,2,2,2,0,0,0,0,10,6,9,38,0,21,4,3,0,7,46,17,18,18,7,7,0,0,4,0,0,0,1,0,4,10,0,1,36,18,17,5,0,4,17,7,1,7,1,1,0,0,4,10,7,46,2,21,11,0,0,7,38,14,8,6,2,2,0,0,0,0,0,1,0,0,10,6,0
6311407,2025-03-29,7,596712,Nebraska,5,596643,Oregon St.,16,1,1,1,1,0,0,0,0,5248,9720,1,32,5,12,2,0,1,5,3,3,15,0,0,0,0,2,3,12,38,0,21,6,0,0,7,39,12,16,16,5,8,0,0,8,0,0,0,0,0,7,6,0,1,33,16,12,1,0,8,16,5,1,8,0,0,0,0,7,6,2,39,0,21,3,0,0,7,38,12,5,5,3,15,0,0,1,0,0,0,0,0,2,3,0
6313286,2025-03-29,7,596553,Georgia Tech,18,596523,Clemson,2,1,1,1,1,0,0,0,1,3639,9660,1,36,18,19,4,0,6,16,7,2,5,0,0,0,0,4,8,9,45,1,21,7,1,0,7,30,4,2,1,5,8,0,0,1,0,0,0,0,0,7,5,0,1,24,2,4,0,0,1,2,5,1,8,0,0,0,0,7,5,7,30,0,18,5,1,1,6,45,19,18,17,7,5,0,2,6,0,0,0,0,0,4,8,0
6313287,2025-03-29,9,596553,Georgia Tech,3,596523,Clemson,4,1,1,1,1,0,0,0,1,3639,10800,1,31,3,5,1,0,1,2,5,0,11,0,0,0,1,7,8,6,36,2,27,2,1,0,9,46,9,4,2,8,18,0,1,1,1,0,0,0,0,2,6,0,1,37,4,9,1,0,1,4,8,1,18,0,0,1,0,2,6,13,46,0,27,10,0,0,9,36,5,3,3,5,11,0,1,1,0,1,1,0,0,7,8,0
6314267,2025-03-29,10,596439,Virginia,9,596688,Stanford,8,1,1,1,1,0,0,0,1,5364,13500,1,45,9,17,4,0,0,6,1,0,8,0,0,0,0,13,6,7,46,2,30,13,2,1,10,48,15,8,3,4,5,0,0,1,1,1,0,0,0,10,12,0,1,40,8,15,0,0,1,6,4,1,5,0,3,1,1,10,12,10,48,1,29,13,3,0,9.2,46,17,9,8,1,8,0,3,0,0,0,0,0,0,13,6,1
6315044,2025-03-29,11,596575,Kansas,12,596714,Oklahoma St.,11,1,1,1,1,0,0,0,1,2307,16140,1,41,12,10,2,0,5,12,10,3,10,0,0,1,0,4,17,11,54,0,33,10,0,0,11,54,12,11,11,11,10,0,1,3,0,1,0,1,0,8,13,0,1,41,11,12,2,0,3,10,11,0,10,1,1,0,1,8,13,10,54,1,31,3,1,0,10.1,54,10,12,12,10,10,0,2,5,1,0,0,0,0,4,17,0
6315837,2025-03-29,9,596426,UTSA,7,596543,Fla. Atlantic,3,1,1,1,1,0,0,0,1,725,10680,1,30,7,10,1,0,2,7,5,0,3,2,0,1,0,10,9,6,37,2,27,4,1,0,9,41,8,3,2,4,8,0,0,1,0,0,0,0,0,5,14,0,1,36,3,8,0,0,1,3,4,1,8,0,0,0,0,5,14,11,41,1,24,12,0,0,8,37,10,7,7,5,3,0,0,2,1,0,0,2,0,10,9,0
6316747,2025-03-29,9,596484,App State,6,596642,Old Dominion,1,1,1,1,1,0,0,0,1,1088,8400,1,34,6,10,3,0,2,6,2,0,9,0,0,2,0,8,6,6,36,0,27,12,0,0,9,33,5,1,1,0,6,0,0,1,0,0,0,0,0,12,9,0,1,32,1,5,1,0,1,1,0,1,6,0,0,0,0,12,9,5,33,1,24,10,0,0,8,36,10,6,5,2,9,0,2,2,2,0,0,0,0,8,6,0
6316748,2025-03-29,9,596484,App State,6,596642,Old Dominion,7,1,1,1,1,0,0,0,1,361,12900,1,41,6,12,2,0,1,6,4,0,8,0,0,0,0,13,6,12,45,0,27,14,1,1,9,43,15,7,7,6,6,0,3,1,0,3,0,0,0,9,7,0,1,37,7,15,5,0,1,6,6,0,6,0,0,0,3,9,7,7,43,3,27,10,1,0,9,45,12,6,6,4,8,0,1,1,0,0,0,0,0,13,6,0
6317714,2025-03-29,9,596441,Wake Forest,8,596438,Virginia Tech,11,1,1,1,1,0,0,0,1,3559,14400,1,36,8,11,0,0,5,8,6,1,12,0,0,1,1,6,7,8,43,1,27,8,0,1,9,47,11,11,10,8,13,0,1,2,0,0,0,0,0,7,5,0,1,36,11,11,4,0,2,9,8,1,13,0,2,0,0,7,5,10,47,1,27,5,0,0,9,43,11,8,8,6,12,0,2,5,1,1,0,0,0,6,7,0
6317811,2025-03-29,9,596614,North Carolina,4,596600,Miami (FL),2,1,1,1,1,0,0,0,1,4002,10200,1,35,4,9,1,0,0,3,2,0,10,0,0,2,0,3,11,9,37,0,27,4,0,0,9,32,4,2,2,2,9,0,0,1,0,0,0,0,0,6,11,0,1,30,2,4,1,0,1,2,2,0,9,0,0,0,0,6,11,3,32,2,24,2,1,0,8,37,9,4,0,2,10,0,1,0,2,0,0,0,0,3,11,0
6356235,2025-03-29,9,596499,BYU,16,596444,West Virginia,19,1,1,1,1,0,0,0,1,1898,15240,1,41,16,15,3,1,0,15,6,6,11,0,1,0,0,11,4,11,54,1,27,9,1,0,9,52,20,19,19,5,7,0,0,3,3,0,0,0,0,7,11,0,1,46,19,20,7,0,3,19,5,1,7,0,0,3,0,7,11,5,52,3,27,12,1,0,9,54,15,16,11,6,11,0,0,0,0,0,0,0,0,11,4,0
6357707,2025-03-29,9,596432,Utah,3,596485,Arizona St.,7,1,1,1,1,0,0,0,1,1195,11580,1,34,3,7,4,0,0,3,5,2,13,1,0,5,0,6,9,12,42,4,27,12,0,0,9,45,9,7,4,8,7,0,0,0,3,1,0,1,0,9,9,0,1,35,7,9,3,0,0,5,8,1,7,1,0,3,1,9,9,11,45,1,27,5,1,0,9,42,7,3,3,5,13,0,2,0,5,0,1,1,0,6,9,0
6368806,2025-03-29,9,596608,Missouri,4,596425,Texas,7,1,1,1,1,0,0,0,1,2092,12000,1,35,4,11,1,0,1,3,4,1,11,0,0,0,3,8,4,9,40,3,27,15,1,0,9,39,10,7,7,3,8,0,0,3,2,0,0,0,0,12,5,0,1,35,7,10,2,0,3,7,3,1,8,0,0,2,0,12,5,5,39,2,27,13,2,0,9,40,11,4,0,4,11,0,3,1,0,3,0,0,0,8,4,0
6368861,2025-03-29,9,596608,Missouri,1,596425,Texas,7,1,1,1,1,0,0,0,1,2092,10500,1,28,1,2,0,0,0,1,2,1,11,0,0,0,0,12,3,3,31,2,27,10,1,0,9,47,7,7,5,9,11,0,1,2,4,0,1,0,0,10,5,0,1,34,7,7,1,0,2,5,9,3,11,0,1,4,0,10,5,13,47,0,27,13,1,0,9,31,2,1,1,2,11,0,0,0,0,0,0,0,0,12,3,1
6302549,2025-03-30,7,596637,Notre Dame,2,596545,Florida St.,4,1,1,1,1,0,0,0,1,425,7200,1,23,2,4,0,0,1,2,2,2,11,0,0,0,1,5,3,4,27,1,21,4,1,1,7,32,3,4,3,4,7,0,2,1,0,0,0,0,0,6,9,0,1,24,4,3,2,0,1,3,4,3,7,0,1,0,0,6,9,7,32,0,21,8,0,0,7,27,4,2,2,2,11,0,0,1,0,1,0,0,0,5,3,0
6302582,2025-03-30,9,596434,Vanderbilt,3,596487,Arkansas,7,1,1,1,1,0,0,0,1,3802,9900,1,31,3,8,2,0,1,3,3,2,11,0,0,1,1,3,9,6,36,0,27,5,1,0,9,38,9,7,7,3,12,0,1,3,1,0,0,0,0,4,10,0,1,35,7,9,2,0,3,6,3,0,12,0,0,1,0,4,10,4,38,0,27,7,0,0,9,36,8,3,3,3,11,0,0,1,1,1,0,0,0,3,9,0
6302586,2025-03-30,9,596677,South Carolina,2,596721,Tennessee,7,1,1,1,1,0,0,0,1,8012,10500,1,35,2,10,1,0,0,2,3,2,5,0,0,1,0,14,5,11,40,0,27,5,3,0,9,41,12,7,7,2,10,0,1,2,1,0,0,0,0,7,9,0,1,38,7,12,3,0,2,7,2,1,10,0,0,1,0,7,9,7,41,1,27,17,0,0,9,40,10,2,2,3,5,0,0,0,1,0,0,0,0,14,5,1
6302592,2025-03-30,8,596420,Texas A&M,5,596577,Kentucky,10,1,1,1,1,0,0,0,1,5643,12840,1,27,5,6,1,1,0,5,5,2,12,1,0,0,0,4,6,6,35,1,24,7,2,0,8,44,10,10,9,4,6,0,0,1,1,0,0,1,0,7,10,0,1,33,10,10,2,0,1,10,4,4,6,1,2,1,0,7,10,10,44,0,24,8,1,0,8,35,6,5,5,5,12,0,1,0,0,0,0,1,0,4,6,0
6302600,2025-03-30,8,596653,Purdue,3,596514,UCLA,16,1,1,1,1,0,0,0,1,1338,10140,1,31,3,10,1,0,0,2,1,1,4,0,0,0,0,10,7,6,33,1,24,6,3,0,8,48,19,16,16,2,4,0,2,2,0,0,0,1,0,8,12,0,1,42,16,19,4,0,2,16,2,3,4,1,0,0,0,8,12,8,48,0,24,13,0,0,8,33,10,3,3,1,4,0,0,0,0,0,0,0,0,10,7,0
6302604,2025-03-30,9,596462,Grand Canyon,7,596465,Seattle U,5,1,1,1,1,0,0,0,1,406,9060,1,30,7,8,3,0,1,7,5,2,3,1,0,1,0,5,15,7,38,0,27,10,1,0,9,40,7,5,5,6,5,0,0,1,2,0,0,1,0,11,10,0,1,31,5,7,0,0,1,5,6,1,5,1,1,2,0,11,10,7,40,0,24,6,0,0,8,38,8,7,7,5,3,0,0,1,1,0,0,1,0,5,15,0
6302610,2025-03-30,9,596669,San Diego St.,3,596619,UNLV,1,1,1,1,1,0,0,0,1,885,9600,1,30,3,8,1,1,0,2,4,1,8,0,1,0,0,9,5,9,36,2,27,16,1,0,9,38,6,1,1,5,7,0,1,1,0,1,0,0,0,12,7,0,1,33,1,6,2,0,1,1,5,0,7,0,0,0,1,12,7,9,38,1,24,9,0,0,8,36,8,3,2,4,8,0,0,0,0,0,0,0,0,9,5,0
6302615,2025-03-30,9,596672,San Jose St.,2,596707,Fresno St.,4,1,1,1,1,0,0,0,1,556,10200,1,32,2,7,1,1,0,2,0,2,6,0,0,0,0,11,8,5,34,1,27,10,2,0,9,39,6,4,3,6,3,0,2,0,2,0,0,0,0,13,10,0,1,32,4,6,2,0,0,4,6,0,3,0,1,2,0,13,10,8,39,0,27,13,1,0,9,34,7,2,2,0,6,0,0,0,0,0,0,0,0,11,8,0
6302621,2025-03-30,9,596521,Cincinnati,10,596519,UCF,7,1,1,1,1,0,0,0,1,811,12780,1,29,10,10,2,0,0,10,7,5,4,1,1,1,0,6,11,8,43,0,27,10,0,0,9,44,15,7,7,1,5,0,0,2,1,1,0,1,0,10,11,0,1,40,7,15,2,0,2,7,1,2,5,1,0,1,1,10,11,10,44,0,24,11,0,0,8,43,10,10,10,7,4,0,1,0,1,0,0,1,0,6,11,0
6302638,2025-03-30,9,596623,New Mexico,1,596430,Air Force,7,1,1,1,1,0,0,0,1,408,11640,1,30,1,4,1,0,0,0,6,1,7,0,0,0,0,5,14,9,37,1,27,16,1,0,9,42,11,7,6,6,8,0,0,0,6,3,0,0,0,12,3,0,1,34,7,11,4,1,0,6,6,1,8,0,1,6,3,12,3,8,42,0,27,6,1,0,9,37,4,1,1,6,7,0,0,0,0,0,0,0,0,5,14,0
6302640,2025-03-30,9,596637,Notre Dame,9,596545,Florida St.,17,1,1,1,1,0,0,0,1,425,12420,1,39,9,12,1,1,1,9,10,0,8,0,0,0,0,8,10,13,49,1,27,12,2,0,9,48,18,17,15,2,10,0,2,5,0,0,0,1,0,13,5,0,1,44,17,18,2,0,5,15,2,1,10,1,0,0,0,13,5,4,48,2,27,8,1,4,9,49,12,9,8,10,8,0,2,1,0,0,0,0,0,8,10,0
6302642,2025-03-30,9,596602,Michigan,6,596647,Penn St.,5,1,1,1,1,0,0,0,1,1280,10680,1,32,6,10,4,0,2,6,8,0,4,0,1,0,1,10,9,11,41,3,27,13,0,0,9,39,7,5,0,3,8,0,0,0,1,0,0,0,0,12,6,0,1,36,5,7,3,1,0,3,3,0,8,0,0,1,0,12,6,7,39,0,24,10,1,0,8,41,10,6,6,8,4,0,1,2,0,1,0,0,0,10,9,0
6302647,2025-03-30,9,596697,Southern Ind.,8,596488,Little Rock,7,1,1,1,1,0,0,0,1,169,12300,1,34,8,11,1,0,0,8,6,1,2,0,1,0,0,13,7,7,42,2,27,8,3,1,9,43,11,7,5,3,11,0,1,1,0,0,0,0,0,9,7,1,1,39,7,11,0,0,1,7,3,1,11,0,0,0,0,9,7,9,43,4,25,16,0,0,8.1,42,11,8,3,6,2,0,2,0,0,0,0,0,0,13,7,0
6308009,2025-03-30,9,596620,Nevada,9,596442,Washington St.,4,1,1,1,1,0,0,0,1,611,8700,1,33,9,9,2,0,3,8,3,0,8,0,0,2,0,9,7,3,36,0,27,12,0,0,9,39,10,4,4,2,8,0,0,1,0,1,0,0,0,10,8,0,1,36,4,10,4,0,1,4,2,1,8,0,0,0,1,10,8,8,39,2,24,8,0,0,8,36,9,9,8,3,8,0,0,3,2,0,0,0,0,9,7,0
6309344,2025-03-30,9,596480,Alabama,8,596641,Oklahoma,6,1,1,1,1,0,0,0,1,3625,11040,1,34,8,9,2,0,2,5,2,3,8,0,0,0,0,11,4,7,39,0,27,6,1,0,9,38,8,6,6,4,9,0,0,2,1,1,0,0,0,6,11,1,1,34,6,8,0,0,2,6,4,0,9,0,0,1,1,6,11,5,38,2,24,12,0,0,8,39,9,8,5,2,8,0,0,2,0,0,0,0,0,11,4,0
6310655,2025-03-30,9,596508,CSUN,10,596557,Hawaii,14,1,1,1,1,0,0,0,1,274,10860,1,36,10,10,3,0,2,10,1,2,8,0,1,3,0,11,8,3,40,0,27,13,0,0,9,43,12,14,14,5,7,0,0,6,1,0,0,0,0,11,7,0,1,37,14,12,1,0,6,14,5,1,7,0,0,1,0,11,7,2,43,0,27,12,2,0,9,40,10,10,10,1,8,0,1,2,3,0,0,0,0,11,8,0
6311150,2025-03-30,7,596593,Maryland,22,596636,Northwestern,11,1,1,1,1,0,0,0,1,1013,11160,1,33,22,16,5,0,5,20,15,4,2,0,0,2,1,8,7,12,52,1,21,4,0,0,7,37,14,11,8,2,5,0,0,5,1,0,0,0,0,4,11,0,1,35,11,14,2,0,5,11,2,0,5,0,0,1,0,4,11,5,37,0,18,9,1,2,6,52,16,22,21,15,2,0,7,5,2,1,0,0,0,8,7,0
6311410,2025-03-30,8,596712,Nebraska,16,596643,Oregon St.,7,1,1,1,1,0,0,0,0,4671,11700,1,33,16,14,0,0,4,15,4,5,8,0,1,2,1,3,9,2,43,1,24,11,2,0,8,42,9,7,6,6,8,0,1,2,0,0,0,0,0,9,7,0,1,31,7,9,4,0,2,6,6,2,8,0,3,0,0,9,7,11,42,2,24,10,0,0,8,43,14,16,15,4,8,0,1,4,2,1,0,0,0,3,9,0
6315046,2025-03-30,9,596575,Kansas,11,596714,Oklahoma St.,2,1,1,1,1,0,0,0,1,1019,11520,1,41,11,16,2,1,2,10,5,2,7,0,0,0,0,11,6,13,48,0,27,9,0,0,9,36,5,2,2,3,11,0,1,1,0,0,0,1,0,10,6,0,1,31,2,5,1,0,1,2,3,1,11,1,0,0,0,10,6,7,36,0,24,11,0,1,8,48,16,11,11,5,7,0,1,2,0,0,0,0,0,11,6,0
6315839,2025-03-30,9,596426,UTSA,7,596543,Fla. Atlantic,6,1,1,1,1,0,0,0,1,636,10620,1,31,7,8,3,0,0,7,4,2,7,1,1,1,1,7,10,4,39,2,27,8,0,0,9,41,12,6,5,2,7,0,1,2,1,0,0,0,0,5,12,2,1,38,6,12,2,0,2,6,2,1,7,0,0,1,0,5,12,7,41,2,25,8,0,0,8.1,39,8,7,6,4,7,0,0,0,1,1,0,1,0,7,10,0
6317715,2025-03-30,9,596441,Wake Forest,5,596438,Virginia Tech,6,1,1,1,1,0,0,0,1,1724,14220,1,32,5,7,0,2,0,4,12,2,10,0,1,3,0,8,7,15,47,4,27,7,1,0,9,39,9,6,4,1,13,0,1,1,0,0,0,2,0,8,6,0,1,35,6,9,2,0,1,6,1,1,13,2,0,0,0,8,6,6,39,0,27,8,0,0,9,47,7,5,5,12,10,0,2,0,3,0,0,0,0,8,7,0
6317812,2025-03-30,9,596614,North Carolina,2,596600,Miami (FL),4,1,1,1,1,0,0,0,1,3048,11700,1,32,2,5,0,1,0,2,4,1,4,0,0,0,0,11,11,8,37,1,27,9,1,1,9,43,12,4,2,4,3,0,1,0,0,0,0,0,0,10,14,1,1,38,4,12,1,0,0,2,4,0,3,0,1,0,0,10,14,12,43,1,27,11,0,0,9,37,5,2,1,4,4,0,0,0,0,0,0,0,0,11,11,0
6357708,2025-03-30,9,596432,Utah,6,596485,Arizona St.,18,1,1,1,1,0,0,0,1,1454,12000,1,34,6,10,3,0,0,6,6,2,6,0,1,1,1,12,7,10,43,0,27,9,1,0,9,54,23,18,18,4,4,0,1,0,1,0,0,3,0,8,14,0,1,46,18,23,6,1,0,18,4,1,4,3,0,1,0,8,14,9,54,0,27,13,0,0,9,43,10,6,6,6,6,0,0,0,1,1,0,0,0,12,7,0
6302660,2025-03-31,7,596476,California Baptist,19,596619,UNLV,3,1,1,1,1,0,0,0,0,152,9600,1,30,19,12,1,0,3,18,10,5,5,0,0,5,0,5,8,8,45,0,21,5,0,1,7,31,7,3,3,3,5,0,0,2,0,0,0,0,0,6,11,0,1,28,3,7,1,0,2,3,3,0,5,0,0,0,0,6,11,7,31,0,18,6,0,1,6,45,12,19,19,10,5,0,1,3,5,0,0,0,0,5,8,0
6302661,2025-03-31,9,596707,Fresno St.,5,596504,Cal Poly,13,1,1,1,1,0,0,0,0,920,11520,1,35,5,13,3,0,2,5,4,2,1,0,0,0,0,10,11,9,41,0,27,13,5,0,9,53,21,13,13,8,10,0,2,4,1,2,0,0,0,8,6,0,1,45,13,21,3,0,4,11,8,0,10,0,0,1,2,8,6,13,53,0,27,13,0,0,9,41,13,5,5,4,1,0,1,2,0,0,0,0,0,10,11,0
6302662,2025-04-01,9,596597,Memphis,3,596605,Mississippi St.,5,1,1,1,1,0,0,0,0,1511,10500,1,35,3,8,0,0,0,3,1,0,13,0,0,4,0,6,8,6,36,0,27,6,0,0,9,37,6,5,5,5,8,0,2,2,0,0,0,1,0,6,12,0,1,30,5,6,2,0,2,5,5,0,8,1,1,0,0,6,12,5,37,1,27,6,1,0,9,36,8,3,3,1,13,0,0,0,4,0,0,0,0,6,8,0
6302665,2025-04-01,9,596546,Florida,8,596467,North Florida,4,1,1,1,1,0,0,0,0,4905,11700,1,33,8,10,0,0,5,8,4,1,3,0,0,1,0,11,9,6,38,1,27,12,1,0,9,42,7,4,3,7,10,0,0,2,2,0,0,0,0,11,4,0,1,32,4,7,2,0,2,3,7,2,10,0,1,2,0,11,4,11,42,0,24,11,1,0,8,38,10,8,8,4,3,0,0,5,1,0,0,0,0,11,9,0
6302682,2025-04-01,10,596564,UIC,1,596636,Northwestern,2,1,1,1,1,0,0,0,0,104,11520,1,32,1,7,0,0,0,1,2,1,8,0,2,0,1,12,7,5,37,0,30,14,1,0,10,45,9,2,2,5,3,0,0,1,4,0,0,0,0,15,12,0,1,38,2,9,1,0,1,2,5,1,3,0,1,4,0,15,12,13,45,0,30,12,0,0,10,37,7,1,1,2,8,0,0,0,0,1,0,0,0,12,7,0
6302685,2025-04-01,9,596637,Notre Dame,4,596448,Western Mich.,5,1,1,1,1,0,0,0,0,231,12720,1,30,4,6,2,0,0,4,5,4,5,0,0,0,0,7,11,8,39,0,27,7,3,0,9,45,9,5,5,5,10,0,0,0,1,0,0,0,0,10,7,0,1,34,5,9,0,0,0,5,5,4,10,0,2,1,0,10,7,13,45,1,27,11,0,0,9,39,6,4,4,5,5,0,0,0,0,0,0,0,0,7,11,0
6302694,2025-04-01,10,596555,Gonzaga,6,596442,Washington St.,7,1,1,1,1,0,0,0,0,532,13860,1,44,6,15,5,0,1,6,1,1,7,0,1,2,0,15,8,11,47,2,30,10,0,0,10,45,10,7,6,4,9,0,0,1,2,0,0,0,0,10,8,0,1,37,7,10,3,0,1,7,4,3,9,0,1,2,0,10,8,8,45,0,30,14,3,0,10,47,15,6,6,1,7,0,1,1,2,0,0,0,0,15,8,1
6302695,2025-04-01,9,596462,Grand Canyon,11,596706,Arizona,5,1,1,1,1,0,0,0,0,1732,10380,1,29,11,11,2,0,1,10,5,2,5,2,3,1,0,10,7,6,41,2,27,7,2,0,9,41,10,5,4,2,4,0,2,0,0,0,0,1,0,7,16,0,1,37,5,10,3,1,0,4,2,1,4,1,0,0,0,7,16,9,41,2,24,10,1,0,8,41,11,11,9,5,5,0,1,1,1,0,0,2,0,10,7,0
6302696,2025-04-01,9,596489,Auburn,2,596481,UAB,4,1,1,1,1,0,0,0,0,5094,9120,1,32,2,8,3,0,0,2,4,0,6,0,0,0,0,8,11,7,36,0,27,13,3,0,9,34,6,4,4,4,8,0,0,1,0,0,0,0,0,12,4,0,1,29,4,6,1,1,1,4,4,0,8,0,1,0,0,12,4,3,34,1,27,10,3,0,9,36,8,2,1,4,6,0,0,0,0,0,0,0,0,8,11,0
6302697,2025-04-01,7,596498,Bradley,3,596569,Iowa,13,1,1,1,1,0,0,0,0,0,,1,25,3,3,0,0,2,2,7,0,12,0,0,1,0,3,6,8,32,6,21,7,0,1,7,45,7,13,9,14,9,0,0,1,2,0,0,0,0,6,3,0,1,29,13,7,1,1,1,10,14,1,9,0,1,2,0,6,3,10,45,2,21,3,1,1,7,32,3,3,2,7,12,0,0,2,1,0,0,0,0,3,6,0
6302699,2025-04-01,9,596645,Pacific,7,596672,San Jose St.,2,1,1,1,1,0,0,0,0,379,9600,1,26,7,7,2,0,1,5,6,2,4,1,3,3,0,9,8,7,38,0,27,10,3,0,9,35,6,2,2,3,11,0,0,0,1,0,0,0,0,7,7,0,1,31,2,6,2,0,0,1,3,1,11,0,0,1,0,7,7,5,35,2,24,11,1,0,8,38,7,7,6,6,4,0,1,1,3,0,0,1,0,9,8,0
6302707,2025-04-01,9,596514,UCLA,13,596648,Pepperdine,8,1,1,1,1,0,0,0,0,313,12900,1,31,13,12,3,0,2,13,7,1,5,3,0,7,0,7,10,5,42,2,27,10,1,0,9,47,13,8,7,6,8,0,4,0,1,0,0,1,0,10,9,0,1,40,8,13,1,0,0,5,6,0,8,1,0,1,0,10,9,12,47,0,24,10,0,0,8,42,12,13,13,7,5,0,4,2,7,0,0,3,0,7,10,0
6302712,2025-04-01,7,596607,Ole Miss,18,596570,Jackson St.,7,1,1,1,1,0,0,0,0,8802,11640,1,25,18,10,2,0,3,15,18,4,3,2,0,0,1,7,7,11,49,2,21,11,2,0,7,35,10,7,2,3,5,0,2,0,0,0,0,0,0,11,3,0,1,31,7,10,2,0,0,5,3,1,5,0,0,0,0,11,3,7,35,1,20,9,1,0,6.2,49,10,18,18,18,3,0,4,3,0,1,0,2,0,7,7,0
6302713,2025-04-01,7,596553,Georgia Tech,21,596598,Mercer,5,1,1,1,1,0,0,0,0,1884,10500,1,35,21,16,5,1,2,19,10,2,3,0,0,3,0,10,5,8,47,2,21,6,1,0,7,30,4,5,4,2,7,0,1,2,0,0,0,0,0,7,7,0,1,26,5,4,0,0,2,4,2,2,7,0,0,0,0,7,7,4,30,1,18,11,0,1,6,47,16,21,15,10,3,0,2,2,3,0,0,0,0,10,5,0
6302714,2025-04-01,9,596487,Arkansas,7,596710,Grambling,4,1,1,1,1,0,0,1,0,9312,10800,1,29,7,7,0,1,0,6,6,3,8,1,1,2,0,7,9,9,40,2,27,11,0,0,9,40,6,4,4,4,11,0,1,0,3,0,0,0,0,9,6,0,1,32,4,6,2,0,0,4,4,3,11,0,1,3,0,9,6,9,40,0,24,6,0,0,8,40,7,7,7,6,8,0,2,0,2,0,0,1,0,7,9,0
6302715,2025-04-01,10,596688,Stanford,6,596673,Santa Clara,5,1,1,1,1,0,0,0,0,1168,13920,1,39,6,12,1,0,1,6,3,0,10,1,1,2,1,6,11,9,44,1,30,7,0,0,10,48,8,5,4,6,15,0,2,0,0,1,0,0,0,7,8,0,1,37,5,8,2,0,0,5,6,3,15,0,2,0,1,7,8,13,48,2,28,7,0,0,9.1,44,12,6,4,3,10,0,0,1,2,1,0,1,0,6,11,0
6302716,2025-04-01,9,596557,Hawaii,10,596761,Hawaii Pacific,8,1,0,1,1,0,0,0,0,3234,10800,1,29,10,10,3,2,0,9,5,0,6,2,0,0,1,8,7,2,36,1,27,10,1,0,9,41,14,8,8,1,9,0,2,1,1,1,0,0,0,9,6,0,1,37,8,14,1,0,1,8,1,2,9,0,1,1,1,9,6,6,41,0,24,12,2,0,8,36,10,10,10,5,6,0,2,0,0,1,0,2,0,8,7,0
6302717,2025-04-01,6,596519,UCF,2,596720,Stetson,0,1,1,1,1,0,0,0,0,1975,4560,1,20,2,5,4,0,0,2,1,1,1,0,0,0,0,9,5,5,22,1,15,6,0,0,5,17,1,0,0,0,2,0,0,0,0,0,0,0,0,6,7,0,1,17,0,1,0,0,0,0,0,0,2,0,0,0,0,6,7,2,17,0,15,8,0,0,5,22,5,2,2,1,1,0,0,0,0,0,0,0,0,9,5,0
6302718,2025-04-01,7,596677,South Carolina,11,596464,Presbyterian,1,1,1,1,1,0,0,0,0,6912,8700,1,29,11,9,2,0,1,7,8,1,5,0,1,1,0,7,7,7,39,1,21,9,0,0,7,30,6,1,1,2,8,0,0,0,2,1,0,0,0,8,4,2,1,25,1,6,1,0,0,1,2,2,8,0,1,2,1,8,4,8,30,2,20,9,1,0,6.2,39,9,11,7,8,5,0,0,1,1,0,0,0,0,7,7,0
6302719,2025-04-01,9,596583,LSU,12,596584,Louisiana Tech,3,1,1,1,1,0,0,0,0,10484,12300,1,30,12,9,2,0,2,11,8,2,7,3,0,0,0,8,9,7,43,0,27,8,0,0,9,40,7,3,3,7,5,0,0,2,0,0,0,0,0,14,7,0,1,33,3,7,1,0,2,3,7,0,5,0,0,0,0,14,7,10,40,1,24,7,0,0,8,43,9,12,12,8,7,0,3,2,0,0,0,3,0,8,9,0
6302721,2025-04-01,,596546,Florida,,596467,North Florida,,1,1,0,0,0,0,0,0,,,0,0,0,0,0,0,0,0,0,0,0,0,0,0,0,0,0,0,0,0,0,0,0,0,0,0,0,0,0,0,0,0,0,0,0,0,0,0,0,0,0,0,0,0,0,0,0,0,0,0,0,0,0,0,0,0,0,0,0,0,0,0,0,0,0,0,0,0,0,0,0,0,0,0,0,0,0,0,0,0,0,0,0,0
6302722,2025-04-01,9,596551,Ga. Southern,8,596523,Clemson,10,1,1,1,1,0,0,1,0,5832,13560,1,36,8,11,2,0,0,8,6,4,10,1,0,0,0,8,6,10,47,4,27,10,2,0,9,49,8,10,7,9,11,0,1,0,4,0,0,0,0,11,5,0,1,35,10,8,1,1,0,10,9,3,11,0,2,4,0,11,5,12,49,2,27,12,0,1,9,47,11,8,7,6,10,0,0,0,0,0,0,1,0,8,6,0
6308906,2025-04-01,9,596712,Nebraska,5,596529,Creighton,9,1,1,1,1,0,0,0,0,4392,11880,1,34,5,9,2,0,0,5,3,2,6,0,1,0,1,14,6,8,40,0,27,7,1,0,9,50,12,9,9,9,8,0,1,0,1,0,0,0,0,10,10,1,1,39,9,12,3,1,0,9,9,1,8,0,1,1,0,10,10,14,50,0,27,13,0,0,9,40,9,5,5,3,6,0,0,0,0,1,0,0,0,14,6,0
6309347,2025-04-01,9,596480,Alabama,11,596668,Samford,9,1,1,1,1,0,0,0,0,3883,12420,1,35,11,11,5,0,1,10,10,0,8,0,0,2,1,9,6,10,45,0,27,8,0,0,9,41,8,9,9,3,12,0,1,1,1,0,0,2,0,8,7,0,1,33,9,8,2,0,1,9,3,3,12,2,0,1,0,8,7,5,41,1,24,10,0,1,8,45,11,11,9,10,8,0,1,1,2,1,0,0,0,9,6,0
6309700,2025-04-01,9,596599,Miami (OH),4,596521,Cincinnati,6,1,1,1,1,0,0,0,0,414,11160,1,32,4,8,1,0,1,4,6,2,4,0,0,0,0,10,10,9,40,0,27,9,2,0,9,39,8,6,6,3,12,0,2,1,1,0,0,0,0,9,6,0,1,32,6,8,1,0,1,6,3,1,12,0,3,1,0,9,6,6,39,0,27,11,0,0,9,40,8,4,4,6,4,0,0,1,0,0,0,0,0,10,10,0
6310634,2025-04-01,9,596653,Purdue,1,596633,NIU,2,1,1,1,1,0,0,0,0,1247,9600,1,32,1,6,1,0,1,1,5,1,11,0,0,5,0,6,8,10,38,1,27,8,2,0,9,33,4,2,2,3,8,0,0,1,0,0,0,0,0,6,10,0,1,29,2,4,1,0,1,2,3,1,8,0,0,0,0,6,10,4,33,3,27,7,1,0,9,38,6,1,1,5,11,0,0,1,5,0,0,0,0,6,8,1
6310892,2025-04-01,7,596420,Texas A&M,21,596468,UIW,1,1,1,1,1,0,0,0,0,4666,8760,1,29,21,13,1,0,4,18,12,1,5,2,0,0,0,3,10,5,44,0,21,6,0,0,7,25,3,1,1,0,6,0,0,1,0,0,0,0,0,6,8,0,1,23,1,3,1,0,1,1,0,2,6,0,0,0,0,6,8,3,25,0,18,4,1,0,6,44,13,21,21,12,5,0,4,4,0,0,0,2,0,3,10,0
6311259,2025-04-01,7,596647,Penn St.,14,596502,Bucknell,3,1,1,1,1,0,0,0,0,2752,9960,1,24,14,7,3,0,3,11,11,5,5,1,0,6,0,4,8,9,41,0,21,6,1,0,7,34,7,3,3,7,11,0,2,0,0,1,0,0,0,6,3,0,1,27,3,7,0,0,0,3,7,0,11,0,0,0,1,6,3,10,34,4,18,5,0,0,6,41,7,14,13,11,5,0,1,3,6,0,0,1,0,4,8,0
6311353,2025-04-01,9,596681,Southern California,9,596669,San Diego St.,6,1,1,1,1,0,0,0,0,298,13020,1,36,9,14,1,0,0,8,11,2,7,0,1,2,0,8,8,17,50,1,27,11,2,0,9,45,13,6,6,7,9,0,3,0,0,1,0,0,0,10,5,0,1,37,6,13,1,0,0,6,7,0,9,0,1,0,1,10,5,10,45,4,24,9,1,0,8,50,14,9,8,11,7,0,0,0,2,0,0,0,0,8,8,0
6312799,2025-04-01,7,596608,Missouri,25,596466,Ark.-Pine Bluff,10,1,1,1,1,0,0,0,0,947,11400,1,32,25,16,2,1,1,22,12,7,1,2,0,2,0,6,10,10,53,2,21,9,1,1,7,42,10,10,10,7,8,0,3,0,2,0,0,1,0,7,7,0,1,31,10,10,2,0,0,9,7,2,8,1,1,2,0,7,7,11,42,1,18,6,0,0,6,53,16,25,21,12,1,0,5,1,2,0,0,2,0,6,10,0
6313133,2025-04-01,9,596622,New Mexico St.,10,596623,New Mexico,15,1,1,1,1,0,0,0,0,312,14100,1,37,10,11,4,0,1,9,6,3,11,2,0,0,0,7,8,11,48,1,27,4,0,0,9,51,17,15,11,5,17,0,3,3,0,0,0,0,0,6,4,0,1,45,15,17,4,0,3,15,5,1,17,0,0,0,0,6,4,9,51,2,27,8,0,0,9,48,11,10,10,6,11,0,0,1,0,0,1,2,0,7,8,0
6313457,2025-04-01,9,596438,Virginia Tech,1,596655,Radford,8,1,1,1,1,0,0,0,0,1023,12480,1,33,1,6,3,0,1,1,4,0,7,0,0,0,0,10,10,9,37,3,27,5,0,0,9,48,10,8,8,6,10,0,0,0,0,0,0,0,0,4,13,0,1,37,8,10,2,0,0,7,6,3,10,0,2,0,0,4,13,13,48,0,27,10,0,0,9,37,6,1,1,4,7,0,0,1,0,0,0,0,0,10,10,0
6314063,2025-04-01,9,596421,TCU,5,596426,UTSA,4,1,1,1,1,0,0,0,0,3543,12660,1,32,5,10,2,0,1,4,5,1,9,1,0,0,1,9,5,8,39,1,27,14,0,0,9,38,8,4,3,4,10,0,2,0,1,2,0,0,0,8,5,0,1,32,4,8,0,0,0,2,4,2,10,0,0,1,2,8,5,7,38,0,26,11,1,1,8.2,39,10,5,4,5,9,0,1,1,0,1,1,1,0,9,5,0
6314333,2025-04-01,9,596425,Texas,3,596686,Texas St.,5,1,1,1,1,0,0,0,0,7047,10740,1,34,3,8,3,0,1,2,6,1,12,0,0,1,0,5,9,11,41,2,27,12,1,0,9,35,3,5,1,3,6,0,1,1,0,0,0,1,0,13,8,1,1,29,5,3,1,0,1,4,3,0,6,1,2,0,0,13,8,3,35,0,27,5,0,0,9,41,8,3,3,6,12,0,0,1,1,0,1,0,0,5,9,0
6315490,2025-04-01,7,596554,Georgia,21,596696,Queens (NC),1,1,1,1,1,0,0,0,0,1714,10260,1,34,21,17,4,0,5,21,6,4,3,0,0,1,1,6,8,5,44,0,21,6,0,0,7,29,4,1,1,2,7,0,1,0,0,0,0,0,0,9,5,0,1,25,1,4,0,0,0,1,2,1,7,0,1,0,0,9,5,7,29,0,18,8,0,0,6,44,17,21,21,6,3,0,0,5,1,1,0,0,0,6,8,0
6316409,2025-04-01,7,596485,Arizona St.,14,596506,Cal St. Fullerton,4,1,1,1,1,0,0,0,0,2968,9360,1,30,14,14,4,0,1,13,6,1,4,2,0,2,0,5,9,8,39,1,21,7,0,1,7,28,6,4,3,4,7,0,0,0,0,1,0,1,0,5,6,0,1,23,4,6,1,0,0,4,4,0,7,1,0,0,1,5,6,3,28,2,18,4,2,0,6,40,14,14,12,6,4,0,0,1,2,0,0,2,0,5,9,0
6316485,2025-04-01,9,596721,Tennessee,7,596691,Tennessee Tech,1,1,1,1,1,0,0,0,0,5839,10080,1,35,7,11,3,0,3,6,2,0,4,0,0,0,0,7,12,6,37,0,27,11,1,1,9,37,8,1,1,2,13,0,0,0,1,1,0,0,0,5,7,0,1,33,1,8,2,0,0,1,2,2,13,0,0,1,1,5,7,9,37,1,24,7,1,1,8,37,11,7,6,2,4,0,4,3,0,0,0,0,0,7,12,0
6316549,2025-04-01,9,596639,Ohio St.,6,596444,West Virginia,9,1,1,1,1,0,0,0,0,1422,12900,1,32,6,7,0,0,2,6,3,2,3,1,1,0,0,11,12,6,39,1,27,5,1,0,9,45,10,9,8,9,11,0,3,0,2,0,0,1,0,5,9,0,1,35,9,10,2,0,0,7,9,0,11,1,0,2,0,5,9,9,45,3,27,11,2,0,9,39,7,6,5,3,3,0,1,2,0,0,0,1,0,11,12,0
6316597,2025-04-01,10,596434,Vanderbilt,5,596447,Western Ky.,4,1,1,1,1,0,0,0,0,3802,11580,1,35,5,9,1,1,1,4,2,1,6,0,1,1,1,9,11,4,39,1,30,14,1,0,10,39,8,4,3,2,15,0,1,0,1,1,0,1,0,9,4,0,1,35,4,8,1,0,0,3,2,0,15,1,1,1,1,9,4,5,39,2,28,12,0,1,9.1,39,9,5,4,2,6,0,0,1,1,1,1,0,0,9,11,0
6316749,2025-04-01,9,596439,Virginia,11,596642,Old Dominion,5,1,1,1,1,0,0,0,0,3886,13620,1,31,11,9,0,0,1,9,11,2,7,1,2,3,0,7,10,12,47,0,27,9,0,1,9,43,8,5,4,9,14,0,0,0,0,1,0,0,0,5,6,0,1,33,5,8,1,0,0,5,9,1,14,0,0,0,1,5,6,11,43,1,24,7,1,3,8,47,9,11,10,11,7,0,3,1,3,0,0,1,0,7,10,0
6317211,2025-04-01,9,596715,Oral Roberts,10,596499,BYU,12,1,1,1,1,0,0,0,0,553,12900,1,44,10,17,4,0,1,10,5,2,9,0,0,0,0,12,5,14,51,3,27,9,1,0,9,45,8,12,10,6,11,0,3,1,1,0,0,4,0,7,8,0,1,33,12,8,3,0,1,10,6,2,11,4,0,1,0,7,8,6,45,2,27,12,0,0,9,51,17,10,9,5,9,0,1,1,0,0,1,0,0,12,5,0
6317535,2025-04-01,9,596465,Seattle U,8,602242,British Colum. (CAN),7,1,0,1,1,0,0,0,0,31,9420,1,33,8,10,2,0,1,7,3,0,6,1,0,1,0,9,8,5,37,2,27,14,1,1,9,39,11,7,4,0,3,0,0,2,0,0,0,1,0,14,9,0,1,37,7,11,2,0,2,7,0,0,3,1,1,0,0,14,9,5,39,2,24,7,1,0,8,37,10,8,7,3,6,0,0,1,1,0,0,1,0,9,8,0
6320426,2025-04-01,9,596545,Florida St.,11,596572,Jacksonville,10,1,1,1,1,0,0,0,0,5532,12840,1,37,11,13,1,0,3,10,6,1,12,0,0,4,0,6,6,9,44,0,27,9,0,0,9,46,8,10,10,11,12,0,3,2,2,0,0,0,0,8,6,1,1,34,10,8,1,0,2,9,11,1,12,0,0,2,0,8,6,9,46,1,24,6,1,0,8,44,13,11,11,6,12,0,2,3,4,0,0,0,0,6,6,0
6357720,2025-04-01,9,596423,Texas Tech,6,596641,Oklahoma,8,1,1,1,1,0,0,1,0,4217,13200,1,30,6,5,0,1,1,6,7,2,9,1,0,0,0,9,7,7,40,0,27,10,1,0,9,47,14,8,8,7,10,0,1,3,5,1,0,0,0,9,6,0,1,39,8,14,3,0,3,8,7,1,10,0,0,5,1,9,6,12,47,1,27,9,1,0,9,40,5,6,6,7,9,0,1,1,0,0,0,1,0,9,7,0
6301394,2025-04-02,,596486,Arkansas St.,,596488,Little Rock,,1,1,0,0,1,0,0,0,,,0,0,0,0,0,0,0,0,0,0,0,0,0,0,0,0,0,0,0,0,0,0,0,0,0,0,0,0,0,0,0,0,0,0,0,0,0,0,0,0,0,0,0,0,0,0,0,0,0,0,0,0,0,0,0,0,0,0,0,0,0,0,0,0,0,0,0,0,0,0,0,0,0,0,0,0,0,0,0,0,0,0,0,0
6302731,2025-04-02,9,596462,Grand Canyon,2,596506,Cal St. Fullerton,4,1,1,1,1,0,0,0,0,434,9000,1,29,2,5,0,0,1,2,5,1,6,1,0,0,0,8,10,8,36,1,27,10,3,0,9,32,4,4,0,3,8,0,0,1,0,1,0,0,0,5,11,0,1,28,4,4,0,0,1,3,3,0,8,0,1,0,1,5,11,1,32,3,27,11,0,0,9,37,5,2,2,5,6,0,0,1,0,0,0,1,0,8,10,0
6302733,2025-04-02,9,596575,Kansas,10,596678,South Dakota St.,7,1,1,1,1,0,0,0,0,1102,12600,1,32,10,10,3,1,2,10,11,1,2,0,0,1,0,10,10,10,44,2,27,8,2,1,9,46,11,7,7,6,8,0,0,1,0,1,1,1,0,8,10,0,1,36,7,11,0,0,1,7,6,3,8,1,0,0,1,8,10,12,46,0,24,11,0,0,8,44,10,10,10,11,2,0,3,2,1,0,0,0,0,10,10,0
6308011,2025-04-02,9,596620,Nevada,6,596512,UC Davis,12,1,1,1,1,0,0,0,0,552,9420,1,39,6,12,3,1,1,6,1,0,7,0,0,1,0,9,11,7,40,2,27,11,0,0,9,47,14,12,11,3,1,0,1,1,0,1,0,0,0,9,15,0,1,41,12,14,5,0,1,12,3,3,1,0,0,0,1,9,15,8,47,1,27,9,1,0,9,40,12,6,6,1,7,0,1,1,1,0,0,0,0,9,11,0
6309067,2025-04-02,9,596600,Miami (FL),2,596544,FIU,10,1,1,1,1,0,0,0,0,3093,11460,1,32,2,6,1,0,1,2,4,0,7,0,0,1,0,10,9,7,36,0,27,15,1,0,9,44,15,10,10,5,7,0,2,1,1,1,0,0,0,10,5,0,1,37,10,15,4,0,1,9,5,2,7,0,0,1,1,10,5,7,44,0,27,11,3,0,9,36,6,2,2,4,7,0,1,1,1,0,0,0,0,10,9,0
6312801,2025-04-02,9,596608,Missouri,8,596466,Ark.-Pine Bluff,7,1,1,1,1,0,0,0,0,989,14460,1,36,8,11,2,1,2,8,10,3,4,0,0,3,1,9,11,14,49,1,27,14,1,1,9,50,12,7,6,7,5,0,2,0,5,1,0,0,0,12,8,1,1,38,7,12,2,0,0,6,7,5,5,0,0,5,1,12,8,16,50,2,26,9,1,0,8.2,49,11,8,7,10,4,0,0,2,3,1,1,0,0,9,11,0
6364312,2025-04-02,9,596618,Omaha,11,596712,Nebraska,9,1,1,1,1,0,0,0,0,1344,14040,1,32,11,8,2,1,1,11,12,3,9,2,0,1,0,9,6,14,49,1,27,9,0,0,9,50,15,9,6,6,8,0,0,1,3,0,0,1,0,9,10,0,1,41,9,15,4,0,1,9,6,1,8,1,1,3,0,9,10,14,50,2,24,9,0,1,8,49,8,11,11,12,9,0,0,1,1,0,0,2,0,9,5,0
6302738,2025-04-03,9,596641,Oklahoma,0,596583,LSU,2,1,1,1,1,0,0,0,1,3107,8820,1,31,0,5,1,0,0,0,2,0,14,0,0,0,0,8,4,6,33,0,27,10,1,0,9,33,6,2,2,1,8,0,0,0,0,0,0,0,0,10,8,0,1,30,2,6,4,0,0,2,1,0,8,0,2,0,0,10,8,4,33,0,27,9,0,0,9,33,5,0,0,2,14,0,0,0,0,0,0,0,0,8,4,0
6314066,2025-04-03,9,596421,TCU,11,596499,BYU,6,1,1,1,1,0,0,0,1,0,10380,1,38,11,14,5,1,3,11,5,1,3,0,0,1,0,11,10,9,44,1,27,7,0,1,9,36,6,6,3,2,13,0,0,2,0,0,0,0,0,7,7,0,1,34,6,6,1,0,2,6,2,0,13,0,0,0,0,7,7,3,36,0,24,5,0,0,8,44,14,11,11,5,3,0,0,3,1,0,0,0,0,11,10,0
6314068,2025-04-03,9,596421,TCU,8,596499,BYU,0,1,1,1,1,0,0,0,1,3555,10500,1,39,8,14,2,0,3,8,4,0,7,0,0,1,0,7,10,11,43,1,27,4,0,0,9,35,1,0,0,5,11,0,0,0,0,0,0,0,0,4,12,0,1,29,0,1,0,0,0,0,5,1,11,0,0,0,0,4,12,8,35,2,24,7,0,0,8,43,14,8,7,4,7,0,0,3,1,0,0,0,0,7,10,0
6302737,2025-04-04,10,596577,Kentucky,5,596607,Ole Miss,4,1,1,1,1,0,0,0,1,2949,13380,1,33,5,6,1,0,0,5,5,5,10,0,1,1,0,7,11,9,44,1,30,8,0,0,10,45,13,4,4,3,8,0,0,1,2,0,0,0,0,8,13,0,1,42,4,13,1,0,1,4,3,0,8,0,0,2,0,8,13,11,45,1,28,6,1,0,9.1,44,6,5,4,5,10,0,0,0,1,0,1,0,0,7,11,0
6302740,2025-04-04,9,596605,Mississippi St.,3,596677,South Carolina,7,1,1,1,1,0,0,0,1,11983,10860,1,30,3,5,2,0,0,3,6,1,7,0,0,0,0,8,11,7,37,2,27,9,2,0,9,44,10,7,5,6,12,0,2,1,0,0,0,0,0,10,6,0,1,38,7,10,1,0,1,5,6,0,12,0,0,0,0,10,6,10,44,0,27,8,1,0,9,37,5,3,3,6,7,0,2,0,0,0,0,0,0,8,11,0
6302745,2025-04-04,9,596546,Florida,0,596434,Vanderbilt,6,1,1,1,1,0,0,0,1,5659,11940,1,33,0,7,0,0,0,0,3,0,9,0,0,1,0,10,7,9,36,0,27,7,0,0,9,45,9,6,6,10,15,0,1,0,3,0,0,0,0,6,5,0,1,34,6,9,1,1,0,6,10,0,15,0,1,3,0,6,5,12,45,0,27,11,1,0,9,36,7,0,0,3,9,0,0,0,1,0,0,0,0,10,7,0
6302748,2025-04-04,9,596577,Kentucky,1,596607,Ole Miss,3,1,1,1,1,0,0,0,1,2949,10440,1,30,1,4,2,0,0,1,1,1,12,0,0,3,0,6,8,3,32,0,27,7,0,0,9,38,8,3,3,3,8,0,1,1,1,0,0,1,0,7,12,0,1,34,3,8,0,0,1,3,3,0,8,1,0,1,0,7,12,8,38,1,27,7,0,0,9,32,4,1,0,1,12,0,0,0,3,0,0,0,0,6,8,0
6302751,2025-04-04,9,596641,Oklahoma,2,596583,LSU,10,1,1,1,1,0,0,0,1,3258,11940,1,34,2,5,1,0,0,2,4,0,13,0,0,0,0,4,10,9,38,1,27,11,0,0,9,47,15,10,9,5,10,0,1,3,0,0,0,0,0,10,6,0,1,41,10,15,3,0,3,9,5,1,10,0,0,0,0,10,6,10,47,2,27,4,1,1,9,38,5,2,0,4,13,0,1,0,0,0,0,0,0,4,10,0
6302752,2025-04-04,9,596642,Old Dominion,0,596429,Troy,7,1,1,1,1,0,0,0,1,517,11520,1,31,0,4,0,0,0,0,4,0,7,0,0,0,0,7,12,8,35,2,27,9,1,0,9,45,9,7,4,5,11,0,0,1,0,0,0,0,0,8,7,0,1,37,7,9,1,0,1,5,5,3,11,0,0,0,0,8,7,11,45,1,27,8,1,0,9,35,4,0,0,4,7,0,2,0,0,0,0,0,0,7,12,0
6302765,2025-04-04,,596430,Air Force,,596669,San Diego St.,,1,1,0,0,0,0,0,1,,,0,0,0,0,0,0,0,0,0,0,0,0,0,0,0,0,0,0,0,0,0,0,0,0,0,0,0,0,0,0,0,0,0,0,0,0,0,0,0,0,0,0,0,0,0,0,0,0,0,0,0,0,0,0,0,0,0,0,0,0,0,0,0,0,0,0,0,0,0,0,0,0,0,0,0,0,0,0,0,0,0,0,0,0
6302773,2025-04-04,9,596637,Notre Dame,7,596438,Virginia Tech,2,1,1,1,1,0,0,0,1,361,11520,1,31,7,9,2,0,1,5,6,0,5,0,2,1,0,9,10,8,39,0,27,8,0,0,9,35,4,2,2,4,5,0,1,1,0,0,0,1,0,11,10,0,1,29,2,4,2,0,1,2,4,1,5,1,0,0,0,11,10,6,35,3,24,7,1,2,8,39,9,7,4,6,5,0,0,1,1,0,0,0,0,9,10,0
6302774,2025-04-04,8,596481,UAB,4,596426,UTSA,14,1,1,1,1,0,0,0,1,143,9900,1,29,4,7,1,0,2,2,4,1,7,0,0,1,0,5,10,6,34,0,24,10,1,1,8,47,15,14,14,6,7,0,1,4,2,0,0,0,0,8,9,0,1,39,14,15,2,0,4,13,6,2,7,0,0,2,0,8,9,9,47,1,24,8,0,1,8,34,7,4,2,4,7,0,1,2,1,0,0,0,0,5,10,0
6302786,2025-04-04,7,596476,California Baptist,2,596462,Grand Canyon,13,1,1,1,1,0,0,0,1,610,9420,1,28,2,8,2,0,0,2,1,2,10,0,0,4,2,2,7,7,31,0,21,5,0,2,7,45,13,13,13,6,12,0,1,3,0,0,0,1,0,5,4,0,1,33,13,13,3,1,3,13,6,5,12,1,0,0,0,5,4,11,45,1,21,4,0,0,7,31,8,2,2,1,10,0,0,0,4,2,0,0,0,2,7,0
6302794,2025-04-04,7,596514,UCLA,15,596670,San Diego,2,1,1,1,1,0,0,0,0,318,9120,1,31,15,14,5,1,1,13,6,1,7,0,1,0,1,4,6,6,39,1,21,7,0,0,7,29,5,2,1,2,3,0,0,0,0,0,0,0,0,8,10,0,1,25,2,5,0,0,0,2,2,1,3,0,1,0,0,8,10,6,29,1,18,7,0,0,6,39,14,15,13,6,7,0,3,1,0,1,0,0,0,4,6,0
6302804,2025-04-04,9,596707,Fresno St.,12,596623,New Mexico,5,1,1,1,1,0,0,0,1,1845,10020,1,33,12,10,3,1,0,11,5,2,5,1,0,2,0,6,12,5,41,1,27,8,0,0,9,38,9,5,5,2,15,0,1,3,0,1,0,0,0,7,4,0,1,36,5,9,2,0,3,5,2,0,15,0,0,0,1,7,4,6,38,2,24,8,0,0,8,41,10,12,10,5,5,0,0,0,2,0,0,1,0,6,12,0
6302808,2025-04-04,9,596519,UCF,2,596575,Kansas,9,1,1,1,1,0,0,0,1,2327,11100,1,32,2,9,2,0,0,2,3,0,3,0,1,0,0,11,10,7,36,0,27,9,3,0,9,40,8,9,9,5,10,0,1,3,1,0,0,1,0,9,7,0,1,32,9,8,1,0,3,8,5,1,10,1,1,1,0,9,7,4,40,0,27,13,1,0,9,36,9,2,2,3,3,0,0,0,0,0,0,0,0,11,10,0
6302814,2025-04-04,9,596557,Hawaii,10,596507,Long Beach St.,5,1,1,1,1,0,0,0,1,4465,12840,1,41,10,17,2,0,0,9,6,0,5,1,0,1,1,5,12,14,48,1,27,13,0,0,9,42,8,5,5,6,11,0,1,0,1,0,0,1,0,10,6,0,1,35,5,8,3,0,0,5,6,0,11,1,0,1,0,10,6,10,42,3,24,8,1,0,8,48,17,10,7,6,5,0,0,0,1,1,0,1,0,5,12,1
6307945,2025-04-04,7,596489,Auburn,10,596480,Alabama,0,1,1,1,1,0,0,0,1,6729,8460,1,31,10,15,6,0,0,9,5,1,3,0,1,3,0,7,7,10,38,0,21,6,1,0,7,24,2,0,0,2,6,0,0,0,0,0,0,0,0,8,6,0,1,22,0,2,1,0,0,0,2,0,6,0,0,0,0,8,6,3,24,1,18,7,1,0,6,38,15,10,10,5,3,0,1,0,3,0,0,0,0,7,7,0
6308013,2025-04-04,9,596619,UNLV,10,596620,Nevada,4,1,1,1,1,0,0,0,1,1036,10980,1,36,10,13,2,0,2,9,5,1,7,0,1,0,1,10,6,9,43,0,27,8,0,0,9,40,9,4,4,4,10,0,0,1,0,0,0,0,0,8,8,0,1,35,4,9,1,0,1,4,4,1,10,0,0,0,0,8,8,9,40,1,24,10,1,0,8,43,13,10,9,5,7,0,2,2,0,1,0,0,0,10,6,0
6308074,2025-04-04,9,596485,Arizona St.,5,596706,Arizona,8,1,1,1,1,0,0,0,1,7084,10500,1,34,5,10,5,0,0,5,4,0,10,0,0,0,2,8,6,6,38,0,27,12,2,0,9,43,14,8,8,2,14,0,1,2,1,0,0,0,0,7,5,0,1,39,8,14,2,1,2,8,2,1,14,0,1,1,0,7,5,7,43,2,27,10,0,0,9,38,10,5,4,4,10,0,0,0,0,2,0,0,0,8,6,0
6309336,2025-04-04,9,596604,Minnesota,4,596647,Penn St.,10,1,1,1,1,0,0,0,1,349,12420,1,34,4,7,3,0,2,4,2,1,9,0,0,1,0,5,13,6,37,3,27,9,0,1,9,45,11,10,8,5,13,0,1,2,2,0,0,0,0,8,5,0,1,38,10,11,1,1,2,9,5,1,13,0,1,2,0,8,5,8,45,0,27,4,1,0,9,37,7,4,4,2,9,0,0,2,1,0,0,0,0,5,13,0
6309703,2025-04-04,12,596423,Texas Tech,7,596521,Cincinnati,8,1,1,1,1,0,0,0,1,3198,16380,1,47,7,11,2,0,2,6,5,1,8,0,1,1,0,9,17,11,54,3,36,13,2,0,12,59,15,8,7,9,14,0,0,0,3,1,0,0,0,12,7,1,1,49,8,15,2,0,0,8,9,0,14,0,1,3,1,12,7,14,59,3,36,11,2,0,12,54,11,7,3,5,8,0,1,2,1,0,0,0,0,9,17,1
6310358,2025-04-04,7,596636,Northwestern,1,596569,Iowa,12,1,1,1,1,0,0,0,1,290,9060,1,22,1,1,0,0,0,1,1,2,12,0,0,0,0,7,2,3,25,1,21,5,0,0,7,41,10,12,12,11,5,0,0,0,1,0,0,1,0,5,10,0,1,29,12,10,1,0,0,11,11,0,5,1,0,1,0,5,10,8,41,0,21,5,0,1,7,25,1,1,0,1,12,0,0,0,0,0,0,0,0,7,2,0
6310637,2025-04-04,9,596443,Washington,8,596653,Purdue,1,1,1,1,1,0,0,0,1,1204,11220,1,33,8,9,2,0,1,7,5,4,7,0,0,3,0,7,10,10,42,0,27,9,0,0,9,33,2,1,1,3,14,0,1,0,0,1,0,0,0,7,5,0,1,28,1,2,2,0,0,1,3,2,14,0,0,0,1,7,5,5,33,0,24,4,0,0,8,42,9,8,8,5,7,0,2,1,3,0,0,0,0,7,10,0
6310784,2025-04-04,9,596442,Washington St.,10,596672,San Jose St.,2,1,1,1,1,0,0,0,1,1152,9240,1,34,10,12,2,0,0,10,5,2,10,1,0,1,0,5,8,7,42,0,27,11,0,0,9,32,5,2,2,0,2,0,0,2,0,0,0,0,0,11,14,0,1,32,2,5,0,0,2,2,0,0,2,0,0,0,0,11,14,3,32,0,24,7,0,0,8,42,12,10,10,5,10,0,1,0,1,0,0,1,0,5,8,0
6310893,2025-04-04,7,596721,Tennessee,10,596420,Texas A&M,0,1,1,1,1,0,0,0,1,6544,7920,1,30,10,12,2,0,4,10,1,0,4,0,0,0,0,6,7,3,31,1,21,7,0,0,7,25,0,0,0,2,8,0,0,0,0,0,0,0,0,6,6,0,1,21,0,0,0,0,0,0,2,2,8,0,0,0,0,6,6,4,25,1,18,5,1,1,6,31,12,10,7,1,4,0,1,4,0,0,0,0,0,6,7,0
6311354,2025-04-04,9,596681,Southern California,5,596639,Ohio St.,3,1,1,1,1,0,0,0,1,897,9900,1,29,5,5,1,0,0,4,5,2,9,0,0,1,1,5,9,7,36,0,27,6,0,0,9,34,7,3,3,2,9,0,2,0,1,0,0,0,0,6,11,0,1,32,3,7,2,0,0,2,2,0,9,0,0,1,0,6,11,4,34,2,24,5,1,0,8,36,5,5,5,5,9,0,3,0,1,1,0,0,0,5,9,0
6311412,2025-04-04,9,596712,Nebraska,8,596660,Rutgers,5,1,1,1,1,0,0,0,1,4553,11040,1,34,8,13,2,0,0,8,4,3,5,1,0,1,1,12,5,10,42,0,27,11,1,0,9,43,12,5,5,6,5,0,1,1,0,0,0,0,0,12,8,0,1,37,5,12,1,0,1,5,6,0,5,0,0,0,0,12,8,11,43,0,24,13,0,0,8,42,13,8,8,4,5,0,0,0,1,1,1,1,0,12,5,1
6311875,2025-04-04,9,596465,Seattle U,11,596700,Tarleton St.,6,1,1,1,1,0,0,0,1,89,,1,32,11,11,4,0,3,11,3,3,8,2,1,1,0,9,7,6,41,0,27,10,0,0,9,42,9,6,6,3,4,0,1,0,2,0,0,0,0,11,12,0,1,34,6,9,0,1,0,5,3,3,4,0,2,2,0,11,12,9,42,1,24,10,0,0,8,41,11,11,11,3,8,0,3,3,1,0,0,2,0,9,7,0
6313290,2025-04-04,9,596511,California,4,596523,Clemson,6,1,1,1,1,0,0,0,1,1163,10080,1,33,4,8,0,0,0,4,1,1,9,1,0,2,0,11,6,5,36,2,27,9,1,2,9,40,7,6,1,4,11,0,0,1,1,0,0,0,0,10,6,0,1,33,6,7,2,0,1,5,4,0,11,0,3,1,0,10,6,7,40,0,27,12,0,1,9,36,8,4,4,1,9,0,2,0,2,0,0,1,0,11,6,0
6314070,2025-04-04,11,596421,TCU,13,596499,BYU,12,1,1,1,1,0,0,0,1,3707,16680,1,45,13,16,1,0,5,13,9,3,5,0,0,1,0,8,16,10,57,1,33,13,2,0,11,53,9,12,12,10,14,0,1,1,0,1,0,0,0,14,4,1,1,42,12,9,2,0,1,11,10,1,14,0,0,0,1,14,4,8,53,1,31,9,1,0,10.1,57,16,13,13,9,5,0,2,5,1,0,0,0,0,8,16,0
6314269,2025-04-04,9,596688,Stanford,6,596553,Georgia Tech,8,1,1,1,1,0,0,0,1,1838,12240,1,34,6,12,2,1,0,6,3,0,11,3,1,0,1,6,7,8,41,1,27,10,1,0,9,42,10,8,7,6,12,0,2,1,1,0,0,0,0,9,4,0,1,36,8,10,3,0,1,7,6,0,12,0,0,1,0,9,4,7,42,2,27,10,1,1,9,41,12,6,4,3,11,0,0,0,0,1,0,3,0,6,7,0
6317432,2025-04-04,9,596628,NC State,6,596439,Virginia,8,1,1,1,1,0,0,0,1,2937,13860,1,35,6,10,2,0,2,4,7,1,9,1,0,0,0,5,10,9,44,1,27,7,2,0,9,43,14,8,8,5,7,0,0,3,1,2,0,1,0,4,12,0,1,37,8,14,3,0,3,8,5,0,7,1,0,1,2,4,12,8,43,3,27,8,1,1,9,44,10,6,3,7,9,0,1,2,0,0,0,1,0,5,10,0
6317716,2025-04-04,9,596545,Florida St.,5,596441,Wake Forest,4,1,1,1,1,0,0,0,1,6700,11760,1,32,5,8,1,0,1,5,7,0,6,0,0,0,0,11,7,8,39,0,27,6,0,0,9,42,7,4,4,7,15,0,3,2,1,0,0,0,0,5,6,1,1,33,4,7,1,0,2,4,7,2,15,0,0,1,0,5,6,11,42,0,24,9,1,1,8,39,8,5,5,7,6,0,3,1,0,0,0,0,0,11,7,0
6356889,2025-04-04,9,596425,Texas,5,596554,Georgia,1,1,1,1,1,0,0,0,1,7246,11580,1,29,5,5,2,0,2,5,8,0,11,0,0,2,0,9,4,8,37,0,27,9,0,0,9,33,3,1,1,4,12,0,0,1,0,0,0,0,0,9,5,0,1,29,1,3,0,0,1,1,4,0,12,0,0,0,0,9,5,5,33,0,24,7,1,0,8,37,5,5,5,8,11,0,0,2,2,0,0,0,0,9,4,0
6369771,2025-04-04,9,596649,Pittsburgh,4,596600,Miami (FL),9,1,1,1,1,0,0,0,1,385,11220,1,35,4,8,2,0,0,4,2,1,8,0,0,1,0,9,10,7,38,3,27,6,0,0,9,46,9,9,6,6,11,0,1,1,0,1,0,0,0,4,11,0,1,38,9,9,3,0,1,7,6,2,11,0,0,0,1,4,11,10,46,1,27,8,0,0,9,38,8,4,3,2,8,0,1,0,1,0,0,0,0,9,10,0
6369895,2025-04-04,9,596649,Pittsburgh,7,596600,Miami (FL),2,1,1,1,1,0,0,0,1,405,10200,1,29,7,4,0,0,0,6,5,5,9,1,1,1,0,12,3,10,41,0,27,14,0,0,9,36,8,2,2,1,9,0,0,1,1,1,0,0,0,12,5,1,1,34,2,8,1,0,1,2,1,1,9,0,0,1,1,12,5,7,36,2,24,10,0,0,8,41,4,7,6,5,9,0,1,0,1,0,0,1,0,12,3,0
6302815,2025-04-05,9,596605,Mississippi St.,11,596677,South Carolina,4,1,1,1,1,0,0,0,1,12132,9600,1,31,11,12,3,0,5,10,4,1,4,1,2,0,1,10,9,4,39,2,27,13,0,0,9,36,5,4,4,3,9,0,0,3,2,1,0,0,0,12,5,0,1,32,4,5,1,0,3,4,3,0,9,0,1,2,1,12,5,4,36,0,24,10,0,0,8,39,12,11,11,4,4,0,2,5,0,1,0,1,0,10,9,0
6302819,2025-04-05,9,596546,Florida,2,596434,Vanderbilt,3,1,1,1,1,0,0,0,1,5639,10800,1,35,2,9,2,0,0,2,5,0,11,0,0,0,0,5,10,11,40,1,27,6,0,0,9,35,5,3,3,3,7,0,2,2,1,1,1,0,0,4,13,0,1,30,3,5,1,0,2,3,3,2,7,0,0,1,1,4,13,5,35,0,27,5,1,0,9,40,9,2,2,5,11,0,0,0,0,0,0,0,0,5,10,0
6302822,2025-04-05,12,596577,Kentucky,4,596607,Ole Miss,5,1,1,1,1,0,0,0,1,3082,,1,39,4,10,2,0,1,4,6,3,9,0,4,3,0,14,10,8,52,2,36,11,0,0,12,48,8,5,4,3,13,0,0,2,0,0,0,1,0,10,12,0,1,43,5,8,1,0,2,5,3,0,13,1,1,0,0,10,12,7,48,0,36,17,0,0,12,52,10,4,4,6,9,0,0,1,3,0,1,0,0,14,10,0
6302825,2025-04-05,9,596641,Oklahoma,2,596583,LSU,3,1,1,1,1,0,0,0,1,2723,9960,1,31,2,5,0,0,0,1,6,0,8,0,1,0,0,10,8,9,38,1,27,13,1,0,9,35,6,3,1,4,6,0,0,0,0,1,0,0,0,12,6,0,1,31,3,6,2,1,0,3,4,0,6,0,0,0,1,12,6,5,35,1,27,9,1,1,9,38,5,2,0,6,8,0,0,0,0,0,0,0,0,10,8,0
6302826,2025-04-05,9,596642,Old Dominion,3,596429,Troy,4,1,1,1,1,0,0,0,1,482,11520,1,30,3,5,2,0,0,2,3,0,11,0,2,0,0,10,6,5,35,0,27,9,0,0,9,42,7,4,4,4,11,0,2,1,1,0,0,0,0,8,8,0,1,34,4,7,0,0,1,4,4,4,11,0,0,1,0,8,8,11,42,0,27,11,0,0,9,35,5,3,3,3,11,0,1,0,0,0,0,0,0,10,6,0
6302854,2025-04-05,,596481,UAB,,596426,UTSA,,1,1,0,0,0,0,0,1,,,0,0,0,0,0,0,0,0,0,0,0,0,0,0,0,0,0,0,0,0,0,0,0,0,0,0,0,0,0,0,0,0,0,0,0,0,0,0,0,0,0,0,0,0,0,0,0,0,0,0,0,0,0,0,0,0,0,0,0,0,0,0,0,0,0,0,0,0,0,0,0,0,0,0,0,0,0,0,0,0,0,0,0,0
6302861,2025-04-05,9,596637,Notre Dame,1,596438,Virginia Tech,6,1,1,1,1,0,0,0,1,562,12060,1,35,1,7,0,0,0,1,2,0,12,0,0,0,0,4,11,9,37,2,27,13,0,0,9,41,8,6,6,6,7,0,1,1,1,2,0,0,0,11,8,0,1,32,6,8,2,0,1,6,6,1,7,0,2,1,2,11,8,7,41,1,27,4,0,0,9,37,7,1,0,2,12,0,1,0,0,0,0,0,0,4,11,0
6302863,2025-04-05,9,596514,UCLA,7,596670,San Diego,6,1,1,1,1,0,0,0,0,562,12300,1,30,7,8,1,0,2,6,8,4,12,0,0,2,0,8,2,10,42,1,27,11,1,0,9,39,12,6,6,2,7,0,2,3,0,1,0,0,0,9,6,0,1,35,6,12,2,0,3,6,2,2,7,0,0,0,1,9,6,5,39,1,24,9,3,0,8,42,8,7,6,8,12,0,5,2,2,0,0,0,0,8,2,0
6302876,2025-04-05,9,596707,Fresno St.,11,596623,New Mexico,3,1,1,1,1,0,0,0,1,1688,9780,1,37,11,13,6,0,2,11,5,3,4,0,0,0,0,12,7,10,45,1,27,8,1,0,9,39,8,3,3,4,9,0,0,1,0,1,0,0,0,7,10,0,1,35,3,8,2,0,1,3,4,0,9,0,0,0,1,7,10,9,39,1,24,11,0,0,8,45,13,11,7,5,4,0,0,2,0,0,1,0,0,12,7,0
6302884,2025-04-05,9,596476,California Baptist,5,596462,Grand Canyon,11,1,1,1,1,0,0,0,1,505,8820,1,36,5,11,2,0,2,4,3,0,7,0,0,0,0,15,2,7,39,1,27,12,3,0,9,44,13,11,11,4,4,0,0,3,0,0,0,0,0,11,10,0,1,38,11,13,1,0,3,11,4,2,4,0,0,0,0,11,10,6,44,1,27,17,1,0,9,39,11,5,5,3,7,0,0,2,0,0,0,0,0,15,2,1
6302885,2025-04-05,7,596487,Arkansas,21,596608,Missouri,3,1,1,1,1,0,0,0,1,9927,11160,1,33,21,14,2,0,2,20,14,4,10,0,0,1,0,5,3,12,51,0,21,4,0,0,7,27,3,3,3,2,11,0,0,0,0,0,1,1,0,6,4,0,1,23,3,3,3,0,0,3,2,1,11,1,0,0,0,6,4,3,27,2,18,4,0,0,6,51,14,21,19,14,10,0,0,2,1,0,0,0,0,5,3,0
6302888,2025-04-05,9,596519,UCF,9,596575,Kansas,10,1,1,1,1,0,0,0,1,2513,12960,1,36,9,12,1,0,1,7,6,3,10,0,3,1,1,9,7,12,48,1,27,11,0,0,9,44,13,10,10,4,10,0,2,5,0,0,0,0,0,10,7,0,1,40,10,13,1,0,5,10,4,0,10,0,0,0,0,10,7,7,44,2,27,7,0,0,9,48,12,9,7,6,10,0,1,1,1,1,0,0,0,9,7,1
6302891,2025-04-05,9,596557,Hawaii,2,596507,Long Beach St.,3,1,1,1,1,0,0,0,1,4585,11940,1,32,2,5,0,0,1,2,3,0,9,0,0,0,0,5,13,6,35,1,27,12,0,0,9,40,3,3,3,8,11,0,0,0,0,0,0,1,0,7,7,0,1,28,3,3,0,0,0,3,8,3,11,1,0,0,0,7,7,10,40,1,27,5,2,0,9,35,5,2,2,3,9,0,0,1,0,0,0,0,0,5,13,1
6307947,2025-04-05,9,596489,Auburn,7,596480,Alabama,5,1,1,1,1,0,0,0,1,5603,9840,1,32,7,12,1,0,1,7,0,2,8,1,0,1,1,2,11,4,35,0,27,7,0,0,9,38,6,5,5,4,5,0,0,1,0,0,0,0,0,7,15,0,1,33,5,6,1,0,1,5,4,1,5,0,0,0,0,7,15,6,38,1,24,6,0,0,8,35,12,7,7,0,8,0,0,1,1,1,0,1,0,2,11,0
6307949,2025-04-05,9,596489,Auburn,5,596480,Alabama,6,1,1,1,1,0,0,0,1,5603,11340,1,31,5,8,0,0,1,3,6,2,4,0,2,0,0,14,7,9,41,0,27,9,2,0,9,41,10,6,6,2,8,0,1,1,0,0,0,0,0,9,10,0,1,37,6,10,2,1,1,6,2,2,8,0,0,0,0,9,10,8,41,1,27,16,0,0,9,41,8,5,5,6,4,0,2,1,0,0,0,0,0,14,7,0
6308014,2025-04-05,9,596619,UNLV,3,596620,Nevada,0,1,1,1,1,0,0,0,1,794,7680,1,31,3,8,1,0,1,3,5,1,7,1,0,1,0,9,8,11,38,0,27,12,0,0,9,29,3,0,0,0,12,0,0,0,0,0,0,0,0,9,5,0,1,29,0,3,0,0,0,0,0,0,12,0,0,0,0,9,5,2,29,0,24,8,1,0,8,38,8,3,3,5,7,0,0,1,1,0,0,1,0,9,8,0
6308075,2025-04-05,9,596485,Arizona St.,3,596706,Arizona,5,1,1,1,1,0,0,0,1,5108,8700,1,34,3,9,2,0,0,3,1,0,6,0,0,1,0,15,4,5,35,1,27,4,2,1,9,36,8,5,5,1,14,0,1,2,1,1,0,0,0,4,8,0,1,35,5,8,1,1,2,5,1,0,14,0,0,1,1,4,8,4,36,1,27,15,0,0,9,35,9,3,3,1,6,0,0,0,1,0,0,0,0,15,4,0
6309338,2025-04-05,9,596604,Minnesota,2,596647,Penn St.,5,1,1,1,1,0,0,0,1,814,,1,29,2,6,0,0,1,2,6,3,7,0,2,0,0,8,10,11,40,1,27,8,2,3,9,46,9,5,1,8,15,0,1,1,2,0,0,0,0,9,2,0,1,36,5,9,3,0,1,5,8,2,15,0,0,2,0,9,2,14,46,1,27,9,1,1,9,40,6,2,2,6,7,0,1,1,0,0,0,0,0,8,10,0
6310359,2025-04-05,9,596636,Northwestern,1,596569,Iowa,7,1,1,1,1,0,0,0,1,444,8640,1,30,1,5,1,1,0,1,2,0,7,0,1,1,0,8,11,5,33,1,27,8,1,0,9,43,9,7,4,6,8,0,0,2,0,0,0,0,0,8,10,0,1,34,7,9,3,0,2,6,6,1,8,0,2,0,0,8,10,8,43,0,27,7,0,0,9,33,5,1,1,2,7,0,0,0,1,0,0,0,0,8,11,0
6310641,2025-04-05,9,596443,Washington,5,596653,Purdue,4,1,1,1,1,0,0,0,1,1204,10920,1,29,5,4,1,0,2,5,3,0,11,0,0,1,1,5,8,3,32,1,27,7,0,0,9,41,6,4,4,4,14,0,0,0,0,0,0,0,0,5,7,0,1,33,4,6,2,0,0,4,4,4,14,0,0,0,0,5,7,9,41,1,24,5,0,0,8,32,4,5,3,3,11,0,1,2,1,1,3,0,0,5,8,0
6310786,2025-04-05,11,596442,Washington St.,6,596672,San Jose St.,5,1,1,1,1,0,0,0,1,2494,12240,1,42,6,11,2,0,1,5,3,0,9,1,0,0,0,10,10,7,46,0,33,12,2,0,11,50,13,5,5,3,8,0,1,1,1,0,0,0,0,15,10,0,1,45,5,13,4,0,1,5,3,1,8,0,1,1,0,15,10,12,50,3,32,12,0,0,10.2,46,11,6,5,3,9,0,0,1,0,0,0,1,0,10,10,0
6310894,2025-04-05,8,596721,Tennessee,6,596420,Texas A&M,17,1,1,1,1,0,0,0,1,6074,11580,1,31,6,10,2,0,1,5,2,0,11,0,1,0,1,5,6,4,34,0,24,6,1,0,8,47,16,17,17,7,14,0,0,7,1,0,0,0,0,6,4,0,1,40,17,16,0,0,7,17,7,0,14,0,0,1,0,6,4,6,47,0,24,7,0,0,8,34,10,6,6,2,11,0,0,1,0,1,0,0,0,5,6,0
6311356,2025-04-05,9,596681,Southern California,12,596639,Ohio St.,9,1,1,1,1,0,0,0,1,1114,12660,1,38,12,14,2,2,4,11,5,1,5,0,0,3,0,6,12,8,44,4,27,8,1,0,9,48,14,9,5,4,9,0,1,1,3,0,1,1,0,9,8,0,1,41,9,14,1,1,1,7,4,2,9,1,0,3,0,9,8,12,48,2,24,8,1,0,8,44,14,12,11,5,5,0,0,4,3,0,0,0,0,6,12,0
6311415,2025-04-05,9,596712,Nebraska,10,596660,Rutgers,5,1,1,1,1,0,0,0,1,5188,10020,1,34,10,12,4,0,2,10,6,1,7,1,0,1,1,8,8,8,42,2,27,13,0,0,9,38,6,5,3,5,3,0,1,0,0,0,0,0,0,11,11,0,1,31,5,6,1,0,0,4,5,1,3,0,1,0,0,11,11,6,38,0,24,9,2,0,8,42,12,10,10,6,7,0,0,2,1,1,0,1,0,8,8,0
6311877,2025-04-05,9,596465,Seattle U,3,596700,Tarleton St.,0,1,1,1,1,0,0,0,1,0,,1,28,3,6,3,0,1,2,3,0,8,0,0,0,1,7,7,4,31,1,27,5,1,0,9,36,4,0,0,2,11,0,2,0,2,0,0,0,0,5,11,1,1,32,0,4,0,1,0,0,2,2,11,0,0,2,0,5,11,9,36,0,24,9,0,0,8,31,6,3,3,3,8,0,1,1,0,1,0,0,0,7,7,0
6311880,2025-04-05,9,596465,Seattle U,2,596700,Tarleton St.,7,1,1,1,1,0,0,0,1,201,13020,1,32,2,4,0,0,0,2,4,3,7,0,0,0,0,10,11,10,39,0,27,11,0,0,9,44,15,7,7,2,11,0,4,3,3,1,0,0,0,9,7,0,1,40,7,15,2,1,3,6,2,1,11,0,1,3,1,9,7,10,44,1,27,11,0,0,9,39,4,2,1,4,7,0,3,0,0,0,0,0,0,10,11,0
6313291,2025-04-05,7,596511,California,3,596523,Clemson,13,1,1,1,1,0,0,0,1,1224,8280,1,24,3,5,0,0,2,3,1,0,3,1,0,0,0,9,8,2,26,0,21,5,1,0,7,43,15,13,13,7,7,0,0,4,0,0,0,1,0,6,8,0,1,35,13,15,2,0,4,13,7,0,7,1,0,0,0,6,8,9,43,0,21,8,0,0,7,26,5,3,3,1,3,0,0,2,0,0,0,1,0,9,8,0
6314272,2025-04-05,9,596688,Stanford,3,596553,Georgia Tech,10,1,1,1,1,0,0,0,1,1859,11580,1,33,3,11,2,0,0,3,3,3,3,0,2,0,0,11,10,11,41,2,27,8,3,0,9,43,12,10,9,3,6,0,1,1,0,0,0,2,0,8,13,0,1,36,10,12,4,0,1,9,3,1,6,2,1,0,0,8,13,6,43,0,27,13,0,0,9,41,11,3,3,3,3,0,0,0,0,0,0,0,0,11,10,0
6317434,2025-04-05,9,596628,NC State,9,596439,Virginia,2,1,1,1,1,0,0,0,1,3048,10920,1,37,9,14,3,0,1,8,7,1,7,0,0,0,0,5,10,12,45,0,27,10,1,1,9,33,5,2,2,3,9,0,0,0,0,0,0,0,0,7,8,0,1,29,2,5,1,0,0,1,3,1,9,0,0,0,0,7,8,4,33,2,24,6,3,0,8,45,14,9,8,7,7,0,2,1,0,0,0,0,0,5,10,0
6317717,2025-04-05,7,596545,Florida St.,0,596441,Wake Forest,12,1,1,1,1,0,0,0,1,6700,9060,1,24,0,3,0,0,0,0,3,1,10,0,0,1,0,5,5,7,28,0,21,4,1,0,7,42,13,12,12,6,8,0,2,3,0,0,1,0,0,3,10,0,1,34,12,13,4,0,3,11,6,2,8,0,0,0,0,3,10,9,42,1,21,4,0,0,7,28,3,0,0,3,10,0,0,0,1,0,0,0,0,5,5,0
6356890,2025-04-05,9,596425,Texas,7,596554,Georgia,4,1,1,1,1,0,0,0,1,7192,10800,1,29,7,6,3,0,1,7,7,0,13,1,0,0,1,4,6,6,37,1,27,12,0,0,9,38,8,4,3,1,11,0,0,0,0,0,1,0,0,11,4,0,1,35,4,8,3,0,0,4,1,2,11,0,0,0,0,11,4,7,38,1,24,5,1,0,8,37,6,7,5,7,13,0,0,1,0,1,0,1,0,4,6,0
6370054,2025-04-05,9,596481,UAB,3,596426,UTSA,6,1,1,1,1,0,0,0,1,167,10500,1,29,3,3,0,0,1,2,7,2,5,1,0,2,0,2,20,9,39,2,27,13,0,0,9,39,11,6,6,0,7,0,1,1,0,0,0,1,0,12,6,0,1,36,6,11,3,0,1,6,0,2,7,1,0,0,0,12,6,6,39,1,27,2,2,0,9,39,3,3,2,7,5,0,0,1,2,0,0,1,0,2,20,0
6370069,2025-04-05,9,596721,Tennessee,3,596420,Texas A&M,9,1,1,1,1,0,0,0,1,5650,10800,1,36,3,9,0,0,1,3,1,1,7,0,0,0,1,7,12,8,38,2,27,7,0,0,9,44,11,9,8,3,14,0,2,4,6,0,0,0,0,7,7,0,1,40,9,11,1,0,4,7,3,1,14,0,0,6,0,7,7,8,44,2,27,8,0,1,9,38,9,3,2,1,7,0,0,1,0,1,0,0,0,7,12,0
6370119,2025-04-05,9,596481,UAB,13,596426,UTSA,6,1,1,1,1,0,0,0,1,92,12120,1,38,13,12,4,0,0,13,5,1,7,0,0,3,0,9,8,7,44,1,27,9,0,0,9,46,12,6,5,7,7,0,1,1,3,0,0,0,0,11,9,0,1,38,6,12,7,0,1,5,7,0,7,0,1,3,0,11,9,13,46,2,24,7,0,0,8,44,12,13,12,5,7,0,0,0,3,0,0,0,0,9,8,0
6302807,2025-04-06,7,596487,Arkansas,16,596608,Missouri,2,1,1,1,1,0,0,0,1,9614,9720,1,32,16,16,4,0,3,16,9,0,4,1,0,1,0,5,8,8,42,0,21,6,1,1,7,29,4,2,1,2,12,0,0,0,4,0,0,0,0,5,4,0,1,23,2,4,2,0,0,1,2,2,12,0,2,4,0,5,4,6,29,1,18,5,1,0,6,42,16,16,16,9,4,0,4,3,1,0,0,1,0,5,8,0
6302892,2025-04-06,9,596605,Mississippi St.,6,596677,South Carolina,0,1,1,1,1,0,0,0,1,9943,8220,1,34,6,11,4,0,1,6,0,0,8,1,0,0,0,11,7,5,35,0,27,10,0,0,9,29,2,0,0,1,13,0,0,0,0,0,0,0,0,10,4,0,1,27,0,2,1,0,0,0,1,1,13,0,0,0,0,10,4,2,29,0,24,9,1,0,8,35,11,6,6,0,8,0,2,1,0,0,0,1,0,11,7,0
6302898,2025-04-06,9,596546,Florida,3,596434,Vanderbilt,11,1,1,1,1,0,0,0,1,5546,12360,1,37,3,10,0,0,2,3,4,0,7,0,0,1,0,12,8,11,41,1,27,8,1,0,9,46,15,11,11,5,7,0,0,2,2,1,1,2,0,5,12,0,1,37,11,15,0,0,2,9,5,2,7,2,0,2,1,5,12,8,46,1,27,14,2,0,9,41,10,3,3,4,7,0,2,2,1,0,1,0,0,12,8,0
6302903,2025-04-06,9,596642,Old Dominion,9,596429,Troy,5,1,1,1,1,0,0,0,1,573,12600,1,32,9,11,1,0,2,9,8,4,8,0,0,0,0,9,3,11,44,3,27,10,2,0,9,44,11,5,4,3,3,0,0,0,0,0,1,0,0,9,13,0,1,39,5,11,3,1,0,4,3,2,3,0,0,0,0,9,13,11,44,1,24,12,1,0,8,44,11,9,8,8,8,0,0,2,0,0,0,0,0,9,3,0
6302911,2025-04-06,9,596476,California Baptist,13,596462,Grand Canyon,18,1,1,1,1,0,0,0,1,413,12000,1,44,13,15,4,1,2,11,4,3,9,0,0,1,0,10,8,11,51,1,27,9,0,0,9,53,20,18,18,5,5,0,1,1,0,1,0,0,0,7,13,0,1,46,18,20,6,0,1,16,5,2,5,0,0,0,1,7,13,8,53,2,27,9,1,1,9,51,15,13,10,4,9,0,2,2,1,0,0,0,0,10,8,0
6302915,2025-04-06,8,596430,Air Force,18,596669,San Diego St.,8,1,1,1,1,0,0,0,1,105,13080,1,38,18,16,3,2,0,17,9,1,4,0,0,2,0,11,7,4,48,3,24,13,1,0,8,43,12,8,6,3,5,0,0,0,2,0,0,0,0,14,6,0,1,38,8,12,2,0,0,8,3,2,5,0,0,2,0,14,6,11,43,2,23,10,0,0,7.2,48,16,18,16,9,4,0,2,0,2,0,0,0,0,11,7,1
6302925,2025-04-06,9,596519,UCF,4,596575,Kansas,13,1,1,1,1,0,0,0,1,2407,12060,1,35,4,8,2,0,0,4,1,2,7,0,1,0,0,14,6,8,39,2,27,4,0,0,9,52,17,13,11,7,10,0,0,2,0,0,0,1,0,5,11,0,1,43,13,17,3,0,2,13,7,1,10,1,0,0,0,5,11,12,52,1,27,13,1,0,9,39,8,4,4,1,7,0,0,0,0,0,0,0,0,14,6,0
6302930,2025-04-06,,596481,UAB,,596426,UTSA,,1,1,0,0,0,0,0,1,,,0,0,0,0,0,0,0,0,0,0,0,0,0,0,0,0,0,0,0,0,0,0,0,0,0,0,0,0,0,0,0,0,0,0,0,0,0,0,0,0,0,0,0,0,0,0,0,0,0,0,0,0,0,0,0,0,0,0,0,0,0,0,0,0,0,0,0,0,0,0,0,0,0,0,0,0,0,0,0,0,0,0,0,0
6302943,2025-04-06,9,596637,Notre Dame,5,596438,Virginia Tech,11,1,1,1,1,0,0,0,1,395,13140,1,36,5,10,2,0,1,5,2,0,8,0,0,0,0,10,8,6,38,1,27,8,1,0,9,48,12,11,9,8,14,0,0,1,1,1,0,0,0,10,5,0,1,39,11,12,5,0,1,10,8,1,14,0,0,1,1,10,5,10,48,0,27,11,0,0,9,38,10,5,5,2,8,0,0,1,0,0,0,0,0,10,8,0
6302945,2025-04-06,14,596514,UCLA,3,596670,San Diego,4,1,1,1,1,0,0,0,0,779,18120,1,47,3,8,2,0,0,3,5,8,14,1,2,2,0,11,14,18,63,0,42,15,2,0,14,59,9,4,4,9,12,0,2,2,0,0,0,0,0,15,11,1,1,46,4,9,2,0,2,4,9,3,12,0,1,0,0,15,11,13,59,1,42,13,3,0,14,63,8,3,3,5,14,0,0,0,2,0,0,1,0,11,14,1
6302950,2025-04-06,,596488,Little Rock,,596695,Lindenwood,,1,1,0,0,1,0,0,1,,,0,0,0,0,0,0,0,0,0,0,0,0,0,0,0,0,0,0,0,0,0,0,0,0,0,0,0,0,0,0,0,0,0,0,0,0,0,0,0,0,0,0,0,0,0,0,0,0,0,0,0,0,0,0,0,0,0,0,0,0,0,0,0,0,0,0,0,0,0,0,0,0,0,0,0,0,0,0,0,0,0,0,0,0
6302959,2025-04-06,9,596707,Fresno St.,13,596623,New Mexico,7,1,1,1,1,0,0,0,1,1717,11400,1,40,13,17,3,0,1,11,7,1,10,1,1,2,0,6,8,13,50,1,27,10,0,0,9,42,9,7,7,3,9,0,1,0,0,0,0,1,0,9,10,0,1,37,7,9,2,0,0,7,3,1,9,1,0,0,0,9,10,8,42,1,24,6,0,0,8,50,17,13,11,7,10,0,2,1,2,0,0,1,0,6,8,0
6302961,2025-04-06,7,596487,Arkansas,14,596608,Missouri,4,1,1,1,1,0,0,0,1,9614,10200,1,33,14,16,3,0,2,14,6,2,9,1,0,0,0,3,6,10,42,2,21,7,0,0,7,28,6,4,2,2,10,0,0,0,2,2,0,0,0,6,3,0,1,25,4,6,0,0,0,3,2,0,10,0,1,2,2,6,3,2,28,0,18,3,0,0,6,42,16,14,14,6,9,0,0,2,0,0,0,1,0,3,6,0
6302964,2025-04-06,9,596557,Hawaii,4,596507,Long Beach St.,5,1,1,1,1,0,0,0,1,4094,11040,1,34,4,9,1,0,1,4,7,1,4,0,1,1,0,11,10,12,43,3,27,7,1,0,9,40,8,5,2,1,7,0,0,0,0,0,0,0,0,7,12,0,1,36,5,8,1,0,0,3,1,2,7,0,1,0,0,7,12,8,40,1,27,10,0,0,9,43,9,4,4,7,4,0,0,1,1,0,0,0,0,11,10,0
6308016,2025-04-06,9,596619,UNLV,2,596620,Nevada,4,1,1,1,1,0,0,0,1,826,9420,1,32,2,8,2,0,0,2,4,2,8,2,1,0,0,3,15,12,41,0,27,16,0,0,9,37,7,4,4,4,3,0,0,0,0,0,0,0,0,13,9,0,1,32,4,7,3,0,0,4,4,1,3,0,0,0,0,13,9,5,37,0,27,4,1,0,9,41,8,2,2,4,8,0,0,0,0,0,0,2,0,3,15,0
6308077,2025-04-06,9,596485,Arizona St.,8,596706,Arizona,4,1,1,1,1,0,0,0,1,4221,10140,1,35,8,14,3,0,1,8,3,1,9,0,0,1,1,8,3,7,39,0,27,6,3,0,9,37,7,4,4,3,17,0,1,1,0,0,1,0,0,5,5,0,1,34,4,7,2,0,1,4,3,0,17,0,0,0,0,5,5,6,37,2,24,11,0,0,8,39,14,8,7,3,9,0,1,1,1,1,0,0,0,8,3,0
6309340,2025-04-06,9,596604,Minnesota,10,596647,Penn St.,15,1,1,1,1,0,0,0,1,676,12960,1,37,10,11,2,1,3,10,6,4,9,0,0,0,0,6,11,10,47,4,27,4,0,1,9,48,17,15,12,1,13,0,3,6,3,1,0,2,0,2,11,0,1,44,15,17,5,1,6,14,1,1,13,2,0,3,1,2,11,6,48,0,27,6,1,0,9,47,11,10,10,6,9,0,1,3,0,0,0,0,0,6,11,0
6310360,2025-04-06,9,596636,Northwestern,5,596569,Iowa,4,1,1,1,1,0,0,0,1,556,11880,1,32,5,8,2,0,1,5,6,2,9,0,1,0,0,9,7,7,41,0,27,12,1,0,9,43,13,4,4,4,4,0,1,0,0,0,0,0,0,11,10,1,1,38,4,13,3,0,0,4,4,1,4,0,0,0,0,11,10,12,43,1,26,10,1,0,8.2,41,8,5,5,6,9,0,0,1,0,0,0,0,0,9,7,0
6310644,2025-04-06,9,596443,Washington,5,596653,Purdue,3,1,1,1,1,0,0,0,1,1082,10380,1,33,5,10,2,0,1,4,7,0,7,0,1,0,0,9,8,11,41,0,27,6,1,0,9,33,5,3,3,2,10,0,0,1,0,0,0,0,0,6,10,1,1,30,3,5,2,0,1,3,2,0,10,0,1,0,0,6,10,3,33,0,25,7,1,0,8.1,41,10,5,5,7,7,0,0,1,0,0,1,0,0,9,8,0
6310788,2025-04-06,9,596442,Washington St.,6,596672,San Jose St.,12,1,1,1,1,0,0,0,1,663,12360,1,37,6,11,2,0,0,6,4,3,11,0,1,0,0,7,9,12,45,2,27,10,1,1,9,51,16,12,6,8,5,0,0,2,2,1,0,1,0,10,10,0,1,40,12,16,3,1,2,11,8,1,5,1,1,2,1,10,10,12,51,1,27,9,0,0,9,45,11,6,6,4,11,0,1,0,0,0,0,0,0,7,9,0
6310895,2025-04-06,,596721,Tennessee,,596420,Texas A&M,,1,1,0,0,0,0,0,1,,,0,0,0,0,0,0,0,0,0,0,0,0,0,0,0,0,0,0,0,0,0,0,0,0,0,0,0,0,0,0,0,0,0,0,0,0,0,0,0,0,0,0,0,0,0,0,0,0,0,0,0,0,0,0,0,0,0,0,0,0,0,0,0,0,0,0,0,0,0,0,0,0,0,0,0,0,0,0,0,0,0,0,0,0
6311357,2025-04-06,9,596681,Southern California,10,596639,Ohio St.,9,1,1,1,1,0,0,0,1,1124,13680,1,35,10,11,1,0,2,10,10,3,6,1,1,4,0,5,15,11,50,0,27,6,0,0,9,48,12,9,9,10,12,0,3,3,1,0,0,1,0,4,9,1,1,35,9,12,1,1,3,9,10,1,12,1,1,1,0,4,9,12,48,0,26,6,0,0,8.2,50,11,10,10,10,6,0,1,2,4,0,0,1,0,5,15,1
6311417,2025-04-06,9,596712,Nebraska,5,596660,Rutgers,7,1,1,1,1,0,0,0,1,4707,9960,1,36,5,9,2,0,0,5,2,2,4,0,1,0,0,13,10,9,41,1,27,14,0,0,9,42,15,7,6,2,6,0,0,1,0,0,0,1,0,11,8,0,1,38,7,15,3,0,1,7,2,0,6,1,1,0,0,11,8,7,42,3,27,12,1,0,9,41,9,5,4,2,4,0,0,0,0,0,0,0,0,13,10,0
6313292,2025-04-06,9,596511,California,3,596523,Clemson,4,1,1,1,1,0,0,0,1,1352,11760,1,34,3,9,1,0,1,2,3,0,9,0,1,2,1,10,7,8,38,0,27,8,0,0,9,42,6,4,4,7,12,0,1,1,3,0,0,1,0,7,8,0,1,32,4,6,0,0,1,4,7,2,12,1,0,3,0,7,8,11,42,0,27,9,1,0,9,38,9,3,3,3,9,0,1,1,2,1,0,0,0,10,7,0
6314277,2025-04-06,7,596688,Stanford,2,596553,Georgia Tech,18,1,1,1,1,0,0,0,1,2040,10500,1,27,2,8,0,0,0,1,2,1,3,0,0,0,0,8,8,7,30,2,21,4,2,0,7,47,18,18,17,6,2,0,0,4,2,0,0,2,0,4,15,0,1,38,18,18,2,1,4,17,6,1,2,2,0,2,0,4,15,8,47,1,21,8,0,0,7,30,8,2,2,2,3,0,1,0,0,0,0,0,0,8,8,1
6317289,2025-04-06,7,596649,Pittsburgh,4,596600,Miami (FL),14,1,1,1,1,0,0,0,1,315,9720,1,29,4,8,2,0,0,4,3,2,7,0,0,0,0,7,6,8,34,1,21,9,0,0,7,43,15,14,13,4,3,0,0,2,0,0,0,2,0,7,10,0,1,33,14,15,3,1,2,14,4,4,3,2,0,0,0,7,10,8,43,2,21,7,0,0,7,34,8,4,2,3,7,0,0,0,0,0,0,0,0,7,6,0
6317435,2025-04-06,9,596628,NC State,9,596439,Virginia,8,1,1,1,1,0,0,0,1,3048,12840,1,30,9,6,0,0,3,9,7,1,9,0,0,0,0,13,2,3,38,1,27,12,1,0,9,41,14,8,6,2,3,0,1,2,0,0,0,0,0,14,8,0,1,37,8,14,4,0,2,7,2,0,3,0,2,0,0,14,8,6,41,1,26,15,1,0,8.2,38,6,9,9,7,9,0,0,3,0,0,0,0,0,13,2,0
6317718,2025-04-06,8,596545,Florida St.,2,596441,Wake Forest,17,1,1,1,1,0,0,0,1,5501,11580,1,29,2,5,0,0,0,2,6,2,12,0,0,2,0,5,7,11,37,2,24,6,0,0,8,49,16,17,14,9,7,0,2,2,0,0,0,0,0,6,9,0,1,40,17,16,3,0,2,17,9,0,7,0,0,0,0,6,9,8,49,0,24,4,1,0,8,37,5,2,2,6,12,0,1,0,2,0,0,0,0,5,7,0
6356891,2025-04-06,10,596425,Texas,4,596554,Georgia,3,1,1,1,1,0,0,0,1,6974,12000,1,32,4,8,1,0,2,4,5,2,12,0,0,0,1,5,7,8,39,0,30,7,1,0,10,38,4,3,3,5,15,0,0,2,0,0,0,0,0,5,8,0,1,32,3,4,1,0,2,3,5,1,15,0,0,0,0,5,8,5,38,0,27,10,1,0,9,39,8,4,4,5,12,0,2,2,0,1,0,0,0,5,7,0
6370240,2025-04-06,9,596430,Air Force,4,596669,San Diego St.,16,1,1,1,1,0,0,0,1,131,12600,1,36,4,11,1,0,0,3,5,0,8,0,0,0,1,7,9,10,41,2,27,12,2,0,9,52,27,16,15,3,4,0,2,0,1,0,0,0,0,10,8,0,1,47,16,27,10,1,0,16,3,0,4,0,2,1,0,10,8,8,52,2,27,9,3,0,9,41,11,4,3,5,8,0,1,0,0,1,0,0,0,7,9,0
6370293,2025-04-06,9,596423,Texas Tech,1,596521,Cincinnati,8,1,1,1,1,0,0,0,1,0,9000,1,31,1,6,2,0,0,1,0,1,5,1,1,1,0,8,14,6,34,2,27,9,0,0,9,41,7,8,6,4,9,0,0,3,5,0,0,1,0,9,9,0,1,34,8,7,2,0,3,7,4,2,9,1,0,5,0,9,9,6,41,0,27,8,0,0,9,34,6,1,1,0,5,0,0,0,1,0,0,1,0,8,14,0
6370294,2025-04-06,9,596423,Texas Tech,12,596521,Cincinnati,8,1,1,1,1,0,0,0,1,3642,11580,1,38,12,16,3,0,3,11,3,1,9,0,2,0,1,7,8,8,44,1,27,7,0,0,9,41,8,8,8,6,10,0,1,4,1,0,0,0,0,8,9,0,1,34,8,8,1,0,4,7,6,0,10,0,1,1,0,8,9,6,41,0,24,8,0,0,8,44,16,12,12,3,9,0,2,3,0,1,0,0,0,7,8,1
6302798,2025-04-07,9,596488,Little Rock,2,596695,Lindenwood,14,1,1,1,1,0,0,0,1,0,10500,1,33,2,8,0,0,0,2,2,2,7,1,0,1,0,11,8,10,38,2,27,13,1,1,9,49,18,14,13,3,8,0,0,1,1,0,0,0,0,11,7,0,1,45,14,18,6,0,1,14,3,1,8,0,0,1,0,11,7,8,49,1,27,11,0,0,9,39,8,2,2,2,7,0,0,0,1,0,0,1,0,11,8,0
6302843,2025-04-07,9,596430,Air Force,12,596669,San Diego St.,10,1,1,1,1,0,0,0,1,105,13080,1,30,12,10,1,2,1,11,7,2,4,2,1,5,0,8,10,4,42,1,27,10,0,0,9,46,12,10,9,7,7,0,1,0,0,1,0,1,0,10,10,0,1,37,10,12,5,2,0,10,7,1,7,1,0,0,1,10,10,9,46,2,24,12,0,0,8,42,10,12,12,7,4,0,1,1,5,0,0,2,0,8,10,0
6302882,2025-04-07,7,596488,Little Rock,13,596695,Lindenwood,6,1,1,1,1,0,0,0,1,195,8340,1,34,13,17,2,0,1,13,3,0,6,0,0,2,0,5,6,6,37,6,21,5,0,0,7,33,8,6,1,0,7,0,0,0,0,0,0,1,0,5,8,0,1,32,6,8,2,1,0,6,0,0,7,1,0,0,0,5,8,6,33,2,18,6,1,1,6,37,17,13,4,3,6,0,0,1,2,0,0,0,0,5,6,0
6302965,2025-04-07,9,596619,UNLV,15,596474,Utah Valley,11,1,1,1,1,0,0,0,0,496,11220,1,40,15,13,0,0,3,12,6,1,7,0,0,1,0,9,8,8,47,7,27,5,0,0,9,43,8,11,5,3,12,0,1,1,3,0,0,2,0,5,10,0,1,36,11,8,1,0,1,10,3,2,12,2,0,3,0,5,10,5,43,4,24,8,0,0,8,47,13,15,6,6,7,0,1,3,1,0,0,0,0,9,8,0
6313058,2025-04-07,9,596442,Washington St.,8,596671,San Francisco,3,1,1,1,1,0,0,0,0,693,10500,1,34,8,12,2,0,0,8,6,1,6,0,2,2,2,7,8,11,43,0,27,10,1,0,9,37,4,3,3,4,14,0,1,0,0,1,0,0,0,10,2,0,1,29,3,4,3,0,0,3,4,3,14,0,1,0,1,10,2,6,37,3,24,11,0,0,8,43,12,8,6,6,6,0,0,0,2,2,0,0,0,7,8,0
6314279,2025-04-07,9,596688,Stanford,4,596512,UC Davis,0,1,1,1,1,0,0,0,0,1402,8040,1,25,4,4,1,0,2,3,2,1,6,0,0,0,1,7,8,0,28,1,27,11,2,0,9,34,4,0,0,3,10,0,1,0,0,0,0,0,0,8,8,0,1,31,0,4,1,0,0,0,3,0,10,0,0,0,0,8,8,7,34,0,24,10,0,0,8,28,4,4,4,2,6,0,1,2,0,1,0,0,0,7,8,0
6302969,2025-04-08,9,596546,Florida,5,596545,Florida St.,4,1,1,1,1,0,0,0,0,6059,10560,1,29,5,6,2,0,1,5,7,0,5,0,0,2,0,8,10,5,36,0,27,8,0,1,9,39,8,4,3,7,12,0,0,1,0,0,0,1,0,5,7,0,1,31,4,8,0,0,1,3,7,0,12,1,0,0,0,5,7,8,39,0,24,7,3,0,8,36,6,5,5,7,5,0,2,1,2,0,0,0,0,8,10,0
6302971,2025-04-08,8,596619,UNLV,1,596474,Utah Valley,13,1,1,1,1,0,0,0,0,438,9480,1,28,1,4,0,0,0,1,2,1,7,0,0,0,0,12,4,6,31,0,24,7,0,1,8,46,10,13,13,10,8,0,3,1,0,0,0,1,0,5,10,0,1,32,13,10,5,0,1,12,10,3,8,1,0,0,0,5,10,9,46,1,24,11,0,0,8,31,4,1,0,2,7,0,0,0,0,0,0,0,0,12,4,0
6302973,2025-04-08,10,596585,Louisville,4,596577,Kentucky,3,1,1,1,1,0,0,0,0,3680,13800,1,38,4,13,3,1,0,4,2,1,9,0,1,2,1,6,11,8,42,1,30,11,0,0,10,41,9,3,2,5,12,0,2,0,2,1,0,0,0,8,7,0,1,34,3,9,1,0,0,3,5,0,12,0,2,2,1,8,7,7,41,0,28,9,0,0,9.1,42,13,4,4,2,9,0,0,0,2,1,0,0,0,6,11,0
6302981,2025-04-08,9,596569,Iowa,11,596452,Milwaukee,6,1,1,1,1,0,0,0,0,417,12240,1,37,11,13,4,0,2,10,6,1,8,2,0,0,0,6,9,11,46,3,27,10,0,0,9,40,7,6,3,5,12,0,0,1,1,0,0,2,0,9,4,0,1,32,6,7,2,0,1,6,5,1,12,2,0,1,0,9,4,7,40,2,24,8,2,0,8,46,13,11,10,6,8,0,2,2,0,0,0,2,0,6,9,0
6302987,2025-04-08,9,596721,Tennessee,10,596479,Alabama St.,2,1,1,1,1,0,0,0,0,5081,12000,1,27,10,8,1,0,3,8,14,2,4,1,0,1,1,8,8,10,44,0,27,10,3,0,9,33,6,2,2,1,9,0,0,1,1,0,0,0,0,8,8,0,1,31,2,6,1,0,1,2,1,1,9,0,0,1,0,8,8,4,33,1,24,11,1,0,8,44,8,10,10,14,4,0,2,3,1,1,0,1,0,8,8,0
6302989,2025-04-08,9,596637,Notre Dame,7,596636,Northwestern,9,1,1,1,1,0,0,0,0,152,11340,1,35,7,7,3,0,0,6,4,7,7,0,0,1,0,10,9,12,46,0,27,10,1,0,9,39,9,9,9,3,9,0,1,2,0,0,0,0,0,11,7,0,1,34,9,9,2,0,2,8,3,1,9,0,1,0,0,11,7,3,39,2,27,11,0,1,9,46,7,7,6,4,7,0,1,0,1,0,0,0,0,10,9,0
6302990,2025-04-08,9,596487,Arkansas,7,596486,Arkansas St.,3,1,1,1,1,0,0,0,0,9771,10860,1,33,7,11,2,0,2,7,5,0,13,0,0,3,2,6,3,7,38,1,27,11,0,0,9,36,7,3,3,3,7,0,1,0,0,0,0,1,0,10,9,0,1,32,3,7,2,0,0,3,3,0,7,1,0,0,0,10,9,6,36,0,24,8,0,0,8,38,11,7,7,5,13,0,1,2,3,2,0,0,0,6,3,0
6302996,2025-04-08,9,596481,UAB,3,596605,Mississippi St.,8,1,1,1,1,0,0,0,0,267,10320,1,34,3,7,4,0,0,3,3,0,12,0,0,1,0,5,9,5,37,1,27,7,0,0,9,39,7,8,8,3,12,0,1,1,0,0,0,0,0,9,5,0,1,33,8,7,2,0,1,8,3,3,12,0,0,0,0,9,5,4,39,1,27,7,1,0,9,37,7,3,2,3,12,0,1,0,1,0,0,0,0,5,9,0
6302999,2025-04-08,9,596673,Santa Clara,3,596557,Hawaii,5,1,1,1,1,0,0,0,0,500,11220,1,30,3,3,1,0,1,3,4,1,11,0,0,0,0,8,8,5,35,1,27,6,0,0,9,43,9,5,4,7,10,0,3,0,1,0,0,1,0,8,8,0,1,35,5,9,4,0,0,5,7,0,10,1,0,1,0,8,8,11,43,0,27,8,0,0,9,35,3,3,3,4,11,0,0,1,0,0,0,0,0,8,8,0
6303001,2025-04-08,9,596480,Alabama,10,596719,Southern Miss.,6,1,1,1,1,0,0,0,0,3821,11220,1,33,10,11,2,1,3,10,7,2,11,0,0,1,0,4,7,8,42,0,27,8,0,0,9,41,12,6,6,2,8,0,0,1,0,0,0,0,0,7,10,0,1,37,6,12,2,0,1,6,2,2,8,0,0,0,0,7,10,8,41,0,24,7,2,0,8,42,11,10,10,7,11,0,0,3,1,0,0,0,0,4,7,0
6303003,2025-04-08,9,596669,San Diego St.,4,596476,California Baptist,10,1,1,1,1,0,0,0,0,565,13080,1,34,4,10,0,1,0,4,3,2,10,1,0,0,1,7,8,9,40,4,27,11,1,1,9,50,16,10,9,6,9,0,2,0,7,1,0,0,0,8,8,0,1,43,10,16,2,0,0,10,6,1,9,0,0,7,1,8,8,13,50,1,27,10,1,0,9,40,10,4,4,3,10,0,0,0,0,1,0,1,0,7,8,0
6303006,2025-04-08,7,596667,Sam Houston,1,596420,Texas A&M,14,1,1,1,1,0,0,0,0,1189,9420,1,24,1,4,0,0,1,1,1,0,12,0,1,1,0,4,4,4,26,3,21,8,0,0,7,46,14,14,12,8,4,0,1,0,0,1,0,3,0,7,9,0,1,32,14,14,5,0,0,12,8,3,4,3,0,0,1,7,9,10,46,1,21,6,0,0,7,26,4,1,1,1,12,0,0,1,1,0,0,0,0,4,4,0
6303008,2025-04-08,7,596514,UCLA,12,596507,Long Beach St.,1,1,1,1,1,0,0,0,0,341,9060,1,29,12,10,3,0,1,9,4,3,1,0,0,1,0,9,7,6,36,0,21,5,0,0,7,26,2,1,1,2,9,0,0,1,0,0,0,0,0,6,5,0,1,22,1,2,0,0,1,1,2,2,9,0,0,0,0,6,5,4,26,2,18,10,1,0,6,36,10,12,9,4,1,0,1,1,1,0,0,0,0,9,7,0
6303017,2025-04-08,9,596467,North Florida,6,596519,UCF,5,1,1,1,1,0,0,0,0,502,13200,1,32,6,10,1,0,1,6,3,1,9,0,1,5,0,7,7,6,37,1,27,13,1,1,9,45,14,5,5,4,11,0,1,0,2,0,1,1,0,10,4,0,1,36,5,14,2,0,0,5,4,2,11,1,2,2,0,10,4,13,45,1,24,8,1,0,8,37,10,6,6,3,9,0,2,1,5,0,0,0,0,7,7,0
6303018,2025-04-08,9,596521,Cincinnati,3,596453,Wright St.,10,1,1,1,1,0,0,1,0,0,11520,1,30,3,5,2,0,0,3,7,1,7,0,0,0,0,9,9,8,38,2,27,8,2,0,9,48,11,10,4,8,10,0,1,1,1,1,0,1,0,5,11,0,1,37,10,11,1,1,1,9,8,2,10,1,0,1,1,5,11,11,48,0,27,9,0,1,9,38,5,3,3,7,7,0,0,0,0,0,0,0,0,9,9,0
6303019,2025-04-08,9,596707,Fresno St.,4,596665,Saint Mary's (CA),8,1,1,1,1,0,0,0,0,1312,11700,1,35,4,9,1,0,0,4,9,3,9,0,0,0,0,10,8,16,47,2,27,14,1,0,9,43,8,8,6,8,7,0,0,0,1,1,0,0,0,11,6,1,1,32,8,8,2,0,0,7,8,2,7,0,1,1,1,11,6,8,43,0,27,8,1,1,9,47,9,4,4,9,9,0,2,0,0,0,0,0,0,10,8,0
6303021,2025-04-08,7,596677,South Carolina,13,596469,USC Upstate,3,1,1,1,1,0,0,0,0,6628,9660,1,31,13,12,1,0,3,13,6,0,9,0,0,1,0,5,5,5,37,0,21,6,0,0,7,32,5,3,3,5,9,0,0,1,0,0,0,0,0,5,7,0,1,26,3,5,1,0,1,3,5,1,9,0,0,0,0,5,7,8,32,1,19,5,0,0,6.1,37,12,13,13,6,9,0,0,3,1,0,1,0,0,5,5,1
6307952,2025-04-08,9,596553,Georgia Tech,8,596489,Auburn,9,1,1,1,1,0,0,0,0,3486,13740,1,39,8,13,3,1,1,8,4,1,6,0,0,1,0,11,8,9,44,0,27,12,2,0,9,45,8,9,9,10,10,0,0,1,2,0,0,1,0,11,5,0,1,33,9,8,2,0,1,9,10,1,10,1,0,2,0,11,5,9,45,1,27,11,1,0,9,44,13,8,8,4,6,0,2,1,1,0,0,0,0,11,8,0
6308019,2025-04-08,9,596620,Nevada,8,601544,Simpson (CA),0,1,0,1,1,0,0,0,0,731,7980,1,32,8,11,2,0,1,7,3,1,7,2,0,1,2,4,11,6,38,0,27,10,0,0,9,33,3,0,0,2,9,0,0,0,0,0,0,0,0,9,9,0,1,30,0,3,0,0,0,0,2,1,9,0,0,0,0,9,9,6,33,1,24,7,0,1,8,38,11,8,8,3,7,0,1,1,1,2,0,2,0,4,11,0
6310227,2025-04-08,9,596641,Oklahoma,1,596703,DBU,9,1,1,1,1,0,0,0,0,2107,10380,1,33,1,6,0,1,0,1,4,0,10,0,0,0,0,9,8,9,37,0,27,3,0,0,9,45,14,9,9,5,14,0,2,3,2,1,0,0,0,2,10,0,1,40,9,14,4,0,3,9,5,0,14,0,0,2,1,2,10,9,45,0,27,8,0,0,9,37,6,1,1,4,10,0,0,0,0,0,0,0,0,9,8,0
6310648,2025-04-08,10,596653,Purdue,8,596565,Indiana St.,9,1,1,1,1,0,0,0,0,1226,13800,1,37,8,8,2,0,1,8,9,5,9,1,0,4,0,6,14,14,52,2,30,14,1,0,10,50,13,9,4,6,5,0,0,2,0,1,0,0,0,12,10,0,1,42,9,13,3,0,2,8,6,2,5,0,0,0,1,12,10,11,50,2,30,6,2,0,10,52,8,8,8,9,9,0,2,1,4,0,0,1,0,6,14,3
6310792,2025-04-08,9,596504,Cal Poly,8,596672,San Jose St.,5,1,1,1,1,0,0,0,0,1387,10980,1,34,8,13,1,1,1,7,5,2,6,0,1,2,1,6,9,9,42,0,27,7,1,0,9,44,9,5,5,7,8,0,1,1,0,1,0,1,0,6,12,0,1,34,5,9,1,0,1,5,7,2,8,1,0,0,1,6,12,12,44,3,24,10,0,0,8,42,13,8,7,5,6,0,1,1,2,1,0,0,0,6,9,0
6310955,2025-04-08,7,596418,Utah Tech,1,596499,BYU,19,1,1,1,1,0,0,0,0,1527,8580,1,23,1,5,2,1,0,1,1,0,5,0,0,0,0,7,6,2,24,1,21,5,3,0,7,46,14,19,17,8,6,0,2,4,1,0,0,2,0,8,7,0,1,35,19,14,4,0,4,17,8,1,6,2,0,1,0,8,7,6,46,0,21,9,0,0,7,24,5,1,1,1,5,0,0,0,0,0,0,0,0,7,6,0
6311261,2025-04-08,,596444,West Virginia,,596647,Penn St.,,1,1,0,0,1,0,0,0,,,0,0,0,0,0,0,0,0,0,0,0,0,0,0,0,0,0,0,0,0,0,0,0,0,0,0,0,0,0,0,0,0,0,0,0,0,0,0,0,0,0,0,0,0,0,0,0,0,0,0,0,0,0,0,0,0,0,0,0,0,0,0,0,0,0,0,0,0,0,0,0,0,0,0,0,0,0,0,0,0,0,0,0,0
6311419,2025-04-08,9,596575,Kansas,5,596712,Nebraska,7,1,1,1,1,0,0,0,0,2041,11220,1,31,5,5,2,0,1,5,9,0,9,0,0,0,0,4,13,8,40,2,27,14,1,0,9,40,8,7,5,3,3,0,1,1,0,1,0,0,0,12,10,0,1,33,7,8,2,0,1,7,3,2,3,0,2,0,1,12,10,6,40,0,27,5,0,0,9,40,5,5,5,9,9,0,0,1,0,0,0,0,0,4,13,0
6311885,2025-04-08,9,596443,Washington,4,596465,Seattle U,3,1,1,1,1,0,0,0,0,909,12120,1,31,4,9,2,0,0,4,7,1,10,1,0,3,0,4,8,11,40,1,27,7,0,0,9,40,4,3,2,11,8,0,1,0,1,1,0,0,0,3,13,0,1,29,3,4,1,0,0,2,11,0,8,0,0,1,1,3,13,10,40,2,24,3,2,0,8,40,9,4,3,7,10,0,0,0,3,0,0,1,0,4,8,0
6311992,2025-04-08,9,596626,Norfolk St.,8,596642,Old Dominion,12,1,1,1,1,0,0,0,0,89,12600,1,38,8,12,4,0,0,7,6,4,17,0,0,3,0,6,3,13,48,2,27,9,1,0,9,50,8,12,11,12,8,0,5,0,3,0,0,3,0,6,13,0,1,33,12,8,2,0,0,10,12,2,8,3,0,3,0,6,13,11,50,0,27,9,0,1,9,48,12,8,7,6,17,0,7,0,3,0,1,0,0,6,3,0
6313136,2025-04-08,8,596623,New Mexico,15,596423,Texas Tech,5,1,1,1,1,0,0,0,0,468,10500,1,35,15,16,3,0,3,13,10,1,6,1,0,0,1,9,4,10,47,1,24,6,1,0,8,36,8,5,5,2,6,0,0,0,0,0,0,1,0,8,10,1,1,31,5,8,3,0,0,5,2,1,6,1,1,0,0,8,10,7,36,2,21,8,0,0,7,47,16,15,11,10,6,0,1,3,0,1,0,1,0,9,4,0
6314183,2025-04-08,7,596554,Georgia,16,596464,Presbyterian,2,1,1,1,1,0,0,0,0,2848,9960,1,33,16,16,2,0,5,16,7,1,4,1,0,2,0,3,10,8,42,0,21,5,1,0,7,30,7,2,2,1,10,0,0,0,0,0,0,1,0,5,5,1,1,26,2,7,4,0,0,2,1,2,10,1,0,0,0,5,5,7,30,1,18,4,1,0,6,42,16,16,15,7,4,0,0,5,2,0,0,1,0,3,10,0
6314395,2025-04-08,7,596425,Texas,12,596560,Houston Christian,2,1,1,1,1,0,0,0,0,6526,9000,1,27,12,9,4,0,1,12,7,2,4,1,0,1,0,7,6,7,37,0,21,8,1,0,7,31,4,2,2,5,5,0,1,0,0,0,0,0,0,10,6,0,1,25,2,4,1,0,0,2,5,1,5,0,0,0,0,10,6,8,31,2,18,8,0,0,6,37,9,12,9,7,4,0,0,1,1,0,0,1,0,7,6,0
6315845,2025-04-08,,596471,A&M-Corpus Christi,,596426,UTSA,,1,1,0,0,1,0,0,0,,,0,0,0,0,0,0,0,0,0,0,0,0,0,0,0,0,0,0,0,0,0,0,0,0,0,0,0,0,0,0,0,0,0,0,0,0,0,0,0,0,0,0,0,0,0,0,0,0,0,0,0,0,0,0,0,0,0,0,0,0,0,0,0,0,0,0,0,0,0,0,0,0,0,0,0,0,0,0,0,0,0,0,0,0
6316439,2025-04-08,9,596485,Arizona St.,20,596508,CSUN,11,1,1,1,1,0,0,0,0,2069,12840,1,39,20,16,3,0,4,19,11,1,8,0,0,3,0,8,7,7,51,1,27,7,1,2,9,48,16,11,10,7,10,0,0,1,0,0,1,0,0,2,12,0,1,41,11,16,2,0,1,8,7,0,10,0,0,0,0,2,12,9,48,0,24,9,1,0,8,51,16,20,20,11,8,0,4,4,3,0,0,0,0,8,7,0
6317436,2025-04-08,7,596436,VCU,0,596439,Virginia,13,1,1,1,1,0,0,0,0,2160,8100,1,24,0,4,0,0,0,0,2,2,8,0,0,0,0,6,4,7,28,3,21,5,1,0,7,41,11,13,11,6,6,0,0,1,0,1,0,0,0,5,9,0,1,33,13,11,2,1,1,13,6,2,6,0,0,0,1,5,9,7,41,2,21,8,0,0,7,28,4,0,0,2,8,0,2,0,0,0,0,0,0,6,4,0
6317824,2025-04-08,7,596597,Memphis,0,596607,Ole Miss,10,1,1,1,1,0,0,0,0,1404,8880,1,24,0,5,1,0,0,0,1,3,11,0,0,0,1,3,5,7,28,4,21,6,0,0,7,38,8,10,5,8,7,0,1,0,1,1,0,2,0,4,8,0,1,28,10,8,2,0,0,9,8,0,7,2,0,1,1,4,8,7,38,0,21,6,2,0,7,28,5,0,0,1,11,0,0,0,0,1,0,0,0,3,5,0
6355486,2025-04-08,9,596434,Vanderbilt,9,596532,Dayton,2,1,1,1,1,0,0,0,0,3243,11580,1,29,9,9,4,0,0,9,10,3,6,1,0,9,0,6,9,10,43,1,27,4,2,0,9,37,5,2,2,4,14,0,1,1,0,0,0,1,0,7,6,0,1,32,2,5,1,0,1,2,4,0,14,1,0,0,0,7,6,8,37,0,24,12,0,0,8,43,9,9,9,10,6,0,0,0,9,0,0,1,0,6,9,0
6358252,2025-04-08,9,596683,SIUE,8,596608,Missouri,11,1,1,1,1,0,0,0,0,136,11340,1,42,8,10,2,0,0,4,2,1,8,0,0,3,0,10,9,10,45,2,27,5,0,1,9,44,12,11,7,3,4,0,0,2,2,0,0,0,0,6,17,0,1,41,11,12,4,2,2,9,3,0,4,0,0,2,0,6,17,6,44,8,27,9,0,0,9,45,10,8,1,2,8,0,0,0,3,0,0,0,0,10,9,0
6359474,2025-04-08,9,596713,Nicholls,3,596583,LSU,5,1,1,1,1,0,0,0,0,1550,11880,1,31,3,4,1,0,0,3,5,0,10,0,0,1,0,8,9,6,36,3,27,5,0,1,9,47,11,5,5,7,8,0,0,0,0,0,0,0,0,4,13,0,1,39,5,11,0,0,0,5,7,1,8,0,0,0,0,4,13,15,47,2,27,8,2,0,9,36,4,3,2,5,10,0,2,0,1,0,0,0,0,8,9,0
6370944,2025-04-08,9,596620,Nevada,8,597035,Simpson,0,1,0,0,1,0,0,0,0,731,7980,1,32,8,11,2,0,1,7,3,1,7,2,0,1,2,4,11,6,0,0,27,10,0,0,9,33,3,0,0,2,9,0,0,0,0,0,0,0,0,9,9,0,1,30,0,3,0,0,0,0,2,1,9,0,0,0,0,9,9,6,0,1,24,7,0,1,8,38,11,8,8,3,7,0,1,1,1,2,0,2,0,4,11,0
6302975,2025-04-09,9,596438,Virginia Tech,3,596429,Troy,1,1,1,1,1,0,0,0,0,1281,11460,1,31,3,7,3,0,0,3,3,1,5,0,0,0,0,11,8,8,35,0,27,3,0,0,9,36,5,1,1,4,17,0,1,0,0,0,0,0,0,4,6,0,1,32,1,5,2,0,0,1,4,0,17,0,0,0,0,4,6,8,36,0,24,10,0,0,8,35,7,3,3,3,5,0,1,0,0,0,0,0,0,11,8,0
6302978,2025-04-09,9,596430,Air Force,7,596632,Northern Colo.,8,1,1,1,1,0,0,0,0,117,11580,1,32,7,5,3,0,1,7,5,4,9,2,0,6,0,12,9,9,43,0,27,10,0,0,9,45,10,8,8,7,5,0,1,1,1,0,0,2,0,12,9,1,1,34,8,10,4,1,1,8,7,2,5,2,0,1,0,12,9,10,45,2,27,8,1,0,9,43,5,7,7,5,9,0,1,1,6,0,0,2,0,12,9,0
6303012,2025-04-09,9,596457,Central Ark.,6,596488,Little Rock,9,1,1,1,1,0,0,0,0,256,11400,1,36,6,10,3,0,1,6,3,3,10,0,1,0,0,11,6,10,43,0,27,11,0,1,9,49,14,9,9,7,6,0,0,0,2,1,1,1,0,11,9,0,1,38,9,14,3,1,0,9,7,2,6,1,1,2,1,11,9,13,49,0,27,9,0,0,9,43,10,6,6,3,10,0,1,1,0,0,0,0,0,11,6,0
6303033,2025-04-09,7,596607,Ole Miss,29,596483,Alcorn,1,1,1,1,1,0,0,0,0,8612,10620,1,40,29,23,6,0,5,27,11,4,2,0,0,4,0,6,9,8,55,1,21,5,1,0,7,28,5,1,1,1,10,0,0,0,0,0,0,0,0,5,4,0,1,26,1,5,0,0,0,1,1,1,10,0,0,0,0,5,4,6,28,0,18,6,1,1,6,55,23,29,29,11,2,0,6,5,4,0,0,0,0,6,9,0
6303046,2025-04-09,7,596600,Miami (FL),11,596494,Bethune-Cookman,1,1,1,1,1,0,0,0,0,2675,8040,1,29,11,13,3,0,2,11,7,1,3,0,0,2,1,4,9,7,37,0,21,12,0,0,7,23,1,1,1,0,5,0,0,1,1,0,0,0,0,12,4,0,1,22,1,1,0,0,1,1,0,1,5,0,0,1,0,12,4,1,23,0,18,6,0,0,6,37,13,11,11,7,3,0,1,2,2,1,0,0,0,4,9,0
6313293,2025-04-09,9,596523,Clemson,4,596461,Gardner-Webb,2,1,1,1,1,0,0,0,0,5097,11160,1,25,4,4,0,0,2,4,9,4,6,0,1,1,1,8,8,11,39,1,27,12,1,1,9,32,2,2,2,4,9,0,1,0,1,1,0,0,0,9,7,0,1,27,2,2,0,0,0,1,4,0,9,0,1,1,1,9,7,3,32,0,24,10,1,2,8,39,4,4,4,9,6,0,1,2,1,1,0,0,0,8,8,0
6316396,2025-04-09,9,596639,Ohio St.,3,596576,Kent St.,8,1,1,1,1,0,0,0,0,522,10800,1,31,3,7,2,0,0,2,5,1,7,1,0,1,1,8,9,8,38,4,27,10,2,0,9,43,9,8,6,6,8,0,1,1,0,1,0,0,0,7,8,0,1,34,8,9,2,1,1,8,6,3,8,0,0,0,1,7,8,8,43,3,27,11,3,0,9,38,7,3,1,5,7,0,1,0,1,1,0,1,0,8,9,0
6371056,2025-04-09,9,597006,Ramapo,4,596688,Stanford,3,0,1,0,1,0,0,0,0,65,10800,1,31,4,10,1,0,0,4,4,2,8,1,2,3,0,8,7,12,0,1,27,10,0,1,9,42,8,3,1,8,6,0,1,0,6,4,0,0,0,9,8,0,1,32,3,8,1,0,0,2,8,2,6,0,0,6,4,9,8,12,0,1,24,8,0,1,8,40,10,4,4,4,8,0,0,0,3,0,0,1,0,8,7,0
6303048,2025-04-10,10,596420,Texas A&M,8,596677,South Carolina,7,1,1,1,1,0,0,0,1,5927,12120,1,32,8,6,1,0,2,7,6,2,8,0,0,0,1,10,9,5,40,2,30,5,0,0,10,43,11,7,6,1,16,0,0,3,0,0,0,1,0,5,9,0,1,40,7,11,1,0,3,6,1,0,16,1,1,0,0,5,9,6,43,0,27,12,0,0,9,40,6,8,8,6,8,0,5,2,0,1,0,0,0,10,9,0
6303049,2025-04-10,9,596546,Florida,11,596608,Missouri,2,1,1,1,1,0,0,0,1,4962,10560,1,37,11,13,3,0,2,10,6,1,6,0,0,1,0,10,7,9,44,2,27,9,0,0,9,39,6,2,2,6,13,0,0,0,0,1,0,0,0,7,5,0,1,32,2,6,2,0,0,2,6,1,13,0,0,0,1,7,5,9,39,1,24,8,1,0,8,44,13,11,11,6,6,0,1,2,1,0,0,0,0,10,7,0
6356243,2025-04-10,9,596432,Utah,8,596499,BYU,9,1,1,1,1,0,0,0,1,1768,11820,1,37,8,12,3,0,0,8,4,6,4,0,0,2,0,13,8,12,47,2,27,10,2,0,9,45,13,9,9,4,8,0,0,2,0,0,0,0,0,9,9,0,1,39,9,13,2,1,2,8,4,2,8,0,0,0,0,9,9,9,45,0,27,10,1,0,9,47,12,8,8,4,4,0,2,0,2,0,0,0,0,13,8,0
6303050,2025-04-11,8,596480,Alabama,3,596605,Mississippi St.,13,1,1,1,1,0,0,0,1,4882,10380,1,36,3,11,2,1,1,3,2,0,8,0,0,1,0,7,9,11,38,0,24,8,0,0,8,43,17,13,13,4,7,0,2,2,0,1,0,1,0,6,8,0,1,37,13,17,6,0,2,13,4,1,7,1,0,0,1,6,8,5,43,1,24,7,1,0,8,38,11,3,3,2,8,0,0,1,1,0,0,0,0,7,9,0
6303058,2025-04-11,7,596420,Texas A&M,17,596677,South Carolina,0,1,1,1,1,0,0,0,1,6768,8820,1,27,17,10,3,0,2,15,8,3,7,1,0,0,0,3,8,3,39,0,21,8,0,0,7,26,5,0,0,1,7,0,0,0,0,0,0,0,0,7,6,0,1,25,0,5,1,0,0,0,1,0,7,0,0,0,0,7,6,5,26,1,18,4,1,0,6,39,10,17,15,8,7,0,2,2,0,0,0,1,0,3,8,0
6303059,2025-04-11,,596546,Florida,,596608,Missouri,,1,1,0,0,0,0,0,1,,,0,0,0,0,0,0,0,0,0,0,0,0,0,0,0,0,0,0,0,0,0,0,0,0,0,0,0,0,0,0,0,0,0,0,0,0,0,0,0,0,0,0,0,0,0,0,0,0,0,0,0,0,0,0,0,0,0,0,0,0,0,0,0,0,0,0,0,0,0,0,0,0,0,0,0,0,0,0,0,0,0,0,0,0
6303065,2025-04-11,9,596577,Kentucky,3,596425,Texas,6,1,1,1,1,0,0,0,1,3134,12960,1,34,3,7,0,0,1,3,4,3,14,0,0,1,0,4,9,11,41,2,27,10,0,0,9,42,11,6,5,5,12,0,0,0,0,0,0,0,0,8,6,0,1,37,6,11,4,0,0,6,5,0,12,0,0,0,0,8,6,9,42,0,27,5,0,0,9,41,7,3,3,4,14,0,1,1,1,0,0,0,0,4,9,0
6303067,2025-04-11,9,596489,Auburn,8,596583,LSU,4,1,1,1,1,0,0,0,1,6756,11400,1,36,8,13,3,1,0,8,2,1,11,0,0,0,1,5,6,7,39,1,27,4,1,0,9,38,6,4,4,4,12,0,0,0,1,0,0,0,0,6,10,0,1,33,4,6,3,0,0,4,4,1,12,0,0,1,0,6,10,7,38,2,24,7,0,0,8,39,13,8,6,2,11,0,1,0,0,1,0,0,0,5,6,0
6303069,2025-04-11,,596496,Boston College,,596637,Notre Dame,,1,1,0,0,0,0,0,1,,,0,0,0,0,0,0,0,0,0,0,0,0,0,0,0,0,0,0,0,0,0,0,0,0,0,0,0,0,0,0,0,0,0,0,0,0,0,0,0,0,0,0,0,0,0,0,0,0,0,0,0,0,0,0,0,0,0,0,0,0,0,0,0,0,0,0,0,0,0,0,0,0,0,0,0,0,0,0,0,0,0,0,0,0
6303080,2025-04-11,7,596430,Air Force,2,596619,UNLV,13,1,1,1,1,0,0,0,1,133,8820,1,24,2,3,1,0,0,2,4,1,8,0,0,0,0,3,10,6,29,6,21,12,0,0,7,42,17,13,5,3,6,0,1,0,3,2,0,0,0,8,3,0,1,38,13,17,4,1,0,8,3,1,6,0,0,3,2,8,3,8,42,0,21,3,2,0,7,29,3,2,2,4,8,0,0,0,0,0,0,0,0,3,10,0
6303083,2025-04-11,9,596509,Sacramento St.,6,596465,Seattle U,4,1,1,1,1,0,0,0,1,392,10140,1,32,6,7,3,0,1,6,3,2,5,1,0,0,0,4,16,8,38,2,27,8,0,0,9,40,7,4,4,3,9,0,1,2,0,0,1,0,0,9,9,0,1,35,4,7,0,1,2,4,3,1,9,0,1,0,0,9,9,9,40,2,24,5,0,0,8,38,7,6,5,3,5,0,0,1,0,0,0,1,0,4,16,0
6303085,2025-04-11,9,596554,Georgia,3,596487,Arkansas,13,1,1,1,1,0,0,0,1,3633,12480,1,32,3,5,2,0,1,3,4,0,11,0,0,0,0,6,10,6,36,2,27,5,0,1,9,46,12,13,10,6,12,0,2,1,0,1,0,0,0,3,10,0,1,38,13,12,4,1,1,11,6,2,12,0,0,0,1,3,10,6,46,0,27,6,0,0,9,36,5,3,3,4,11,0,0,1,0,0,1,0,0,6,10,0
6303089,2025-04-11,9,596574,Kansas St.,3,596519,UCF,15,1,1,1,1,0,0,0,1,2344,11520,1,35,3,11,2,0,1,3,0,1,11,0,0,0,0,8,6,6,36,0,27,10,2,1,9,53,20,15,15,6,6,0,1,1,1,1,0,1,0,12,7,0,1,44,15,20,4,1,1,14,6,2,6,1,0,1,1,12,7,11,53,0,27,10,1,0,9,36,11,3,3,0,11,0,0,1,0,0,0,0,0,8,6,0
6303100,2025-04-11,9,596669,San Diego St.,0,596707,Fresno St.,7,1,1,1,1,0,0,0,1,940,9420,1,26,0,2,1,0,0,0,1,2,16,0,0,0,1,3,5,2,29,2,27,6,2,0,9,41,9,7,6,3,13,0,1,2,2,0,0,0,0,6,7,0,1,38,7,9,2,0,2,7,3,0,13,0,0,2,0,6,7,7,41,0,27,5,0,0,9,29,2,0,0,1,16,0,0,0,0,1,0,0,0,3,5,0
6303103,2025-04-11,9,596514,UCLA,2,596443,Washington,5,1,1,1,1,0,0,0,1,509,11040,1,34,2,8,2,0,0,2,6,0,12,0,0,1,0,4,10,11,40,2,27,13,0,1,9,38,7,5,3,5,7,0,0,0,2,1,0,2,0,10,8,0,1,30,5,7,2,0,0,4,5,1,7,2,0,2,1,10,8,6,38,2,27,5,1,0,9,40,8,2,2,6,12,0,0,0,1,0,0,0,0,4,10,0
6303107,2025-04-11,9,596610,Morehead St.,5,596488,Little Rock,11,1,1,1,1,0,0,0,1,112,11520,1,35,5,10,5,0,0,5,5,0,12,1,0,0,1,5,9,9,41,3,27,2,0,1,9,50,13,11,8,7,15,0,2,3,1,0,0,0,0,2,10,0,1,40,11,13,2,1,3,10,7,2,15,0,1,1,0,2,10,12,50,0,27,6,0,0,9,41,10,5,5,5,12,0,2,0,0,1,0,1,0,5,9,0
6303115,2025-04-11,9,596551,Ga. Southern,6,596642,Old Dominion,7,1,1,1,1,0,0,0,1,2189,11400,1,35,6,7,0,0,2,6,3,1,10,0,0,0,0,8,8,6,39,3,27,10,0,0,9,44,10,7,3,5,9,0,0,0,2,1,0,0,0,7,9,0,1,36,7,10,2,0,0,7,5,1,9,0,2,2,1,7,9,10,44,2,27,9,0,0,9,39,7,6,6,3,10,0,0,2,0,0,0,0,0,8,8,1
6303119,2025-04-11,9,596462,Grand Canyon,1,596474,Utah Valley,11,1,1,1,1,0,0,0,1,777,11340,1,33,1,6,1,0,0,1,1,2,4,0,1,0,0,10,13,9,37,1,27,6,0,0,9,53,14,11,10,6,16,0,0,1,5,0,0,0,0,7,4,0,1,42,11,14,0,1,1,10,6,5,16,0,0,5,0,7,4,15,53,1,27,9,0,0,9,37,6,1,1,1,4,0,1,0,0,0,0,0,0,10,13,1
6303120,2025-04-11,9,596600,Miami (FL),3,596708,Duke,13,1,1,1,1,0,0,0,1,2930,12720,1,31,3,5,1,0,1,2,7,1,7,0,1,0,0,5,16,10,40,1,27,14,0,0,9,51,12,13,13,9,6,0,0,2,0,0,0,0,0,9,8,0,1,36,13,12,1,0,2,13,9,6,6,0,0,0,0,9,8,10,51,1,27,5,3,1,9,40,5,3,2,7,7,0,2,1,0,0,0,0,0,5,16,0
6308021,2025-04-11,9,596620,Nevada,5,596672,San Jose St.,10,1,1,1,1,0,0,0,1,758,9600,1,34,5,7,3,0,2,5,4,2,8,0,0,1,0,6,11,7,40,2,27,8,1,0,9,44,15,10,10,1,9,0,0,2,2,0,0,1,0,6,11,0,1,42,10,15,3,1,2,10,1,0,9,1,0,2,0,6,11,7,44,2,27,6,0,0,9,40,7,5,3,4,8,0,0,2,1,0,0,0,0,6,11,0
6309343,2025-04-11,9,596639,Ohio St.,5,596604,Minnesota,10,1,1,1,1,0,0,0,1,550,12000,1,36,5,10,1,1,1,4,4,1,5,0,0,0,1,7,14,9,41,3,27,10,0,0,9,46,10,10,7,6,7,0,2,1,2,1,0,0,0,8,10,0,1,37,10,10,0,0,1,8,6,2,7,0,1,2,1,8,10,10,46,0,27,6,0,0,9,41,10,5,5,4,5,0,3,1,0,1,0,0,0,7,14,0
6309713,2025-04-11,9,596521,Cincinnati,11,596485,Arizona St.,7,1,1,1,1,0,0,0,1,781,13080,1,38,11,13,2,1,0,10,10,3,5,0,0,2,0,5,14,16,51,3,27,12,0,0,9,42,8,7,1,4,9,0,1,0,2,0,0,0,0,12,6,1,1,37,7,8,1,0,0,7,4,0,9,0,1,2,0,12,6,8,42,1,24,6,0,1,8,51,13,11,10,10,5,0,2,0,2,0,0,0,0,5,14,0
6310362,2025-04-11,9,596569,Iowa,1,596712,Nebraska,0,1,1,1,1,0,0,0,1,1724,8280,1,27,1,3,0,0,1,1,1,0,5,0,0,0,0,8,11,3,28,1,27,8,0,0,9,35,3,0,0,2,14,0,1,0,0,0,0,0,0,8,5,0,1,31,0,3,1,0,0,0,2,2,14,0,0,0,0,8,5,8,35,0,24,8,0,0,8,28,3,1,1,1,5,0,0,1,0,0,0,0,0,8,11,0
6310660,2025-04-11,9,596653,Purdue,2,596660,Rutgers,1,1,1,1,1,0,0,0,1,1717,9840,1,28,2,4,1,0,1,2,1,1,8,0,0,0,0,12,3,4,30,2,27,7,1,0,9,43,10,1,1,5,12,0,1,0,1,0,0,0,0,6,7,0,1,37,1,10,1,1,0,1,5,1,12,0,0,1,0,6,7,15,43,2,24,12,2,0,8,30,4,2,1,1,8,0,0,1,0,0,0,0,0,12,3,0
6310668,2025-04-11,10,596504,Cal Poly,2,596557,Hawaii,4,1,1,1,1,0,0,0,1,2818,7860,1,39,2,9,1,0,2,2,4,1,7,0,1,0,0,12,10,13,45,1,30,11,1,0,10,38,6,4,3,3,8,0,0,1,1,2,0,1,0,6,13,2,1,33,4,6,1,0,1,4,3,0,8,1,1,1,2,6,13,4,38,2,30,11,0,0,10,45,9,2,2,4,7,0,2,2,0,0,0,0,0,12,10,0
6311152,2025-04-11,11,596601,Michigan St.,10,596636,Northwestern,11,1,1,1,1,0,0,0,1,567,14640,1,42,10,11,0,0,1,9,5,5,11,1,0,0,0,7,14,10,53,4,33,8,1,0,11,54,14,11,8,4,14,0,2,1,1,0,3,1,0,7,12,1,1,48,11,14,2,0,1,7,4,1,14,1,0,1,0,7,12,10,54,2,33,7,0,0,11,53,11,10,8,5,11,0,1,1,0,0,0,1,0,7,14,0
6311262,2025-04-11,9,596647,Penn St.,3,596681,Southern California,1,1,1,1,1,0,0,0,1,548,9060,1,24,3,3,0,0,1,2,5,0,9,1,1,0,2,5,8,4,31,0,27,4,0,0,9,33,4,1,1,1,9,0,0,0,0,0,0,0,0,6,12,0,1,31,1,4,0,1,0,1,1,1,9,0,0,0,0,6,12,5,33,2,24,8,0,0,8,31,3,3,1,5,9,0,0,1,0,2,0,1,0,5,8,0
6313061,2025-04-11,9,596623,New Mexico,10,596442,Washington St.,9,1,1,1,1,0,0,0,1,654,10440,1,38,10,17,5,0,2,10,6,1,4,0,0,2,1,8,9,11,45,0,27,11,1,0,9,46,17,9,9,4,5,0,0,1,2,2,0,1,0,8,12,0,1,41,9,17,2,0,1,9,4,0,5,1,0,2,2,8,12,10,46,1,24,10,0,0,8,45,17,10,10,6,4,0,0,2,2,1,0,0,0,8,9,0
6313295,2025-04-11,7,596523,Clemson,11,596688,Stanford,1,1,1,1,1,0,0,0,1,4982,8820,1,26,11,9,4,0,1,8,6,4,6,0,0,2,1,10,0,7,36,0,21,8,0,0,7,25,2,1,1,3,7,0,0,1,1,0,0,0,0,7,5,0,1,21,1,2,0,0,1,1,3,1,7,0,0,1,0,7,5,3,25,2,18,11,2,1,6,36,9,11,10,6,6,0,3,1,2,1,0,0,0,10,0,0
6314074,2025-04-11,9,596421,TCU,14,596575,Kansas,1,1,1,1,1,0,0,0,1,4759,9780,1,36,14,16,1,2,2,14,3,1,4,2,0,0,0,6,12,4,42,0,27,4,1,0,9,35,3,1,1,4,15,0,1,1,0,0,0,0,0,4,8,0,1,30,1,3,2,0,1,1,4,1,15,0,0,0,0,4,8,7,35,0,24,8,0,0,8,42,16,14,14,3,4,0,0,2,0,0,0,2,0,6,12,0
6314419,2025-04-11,9,596449,Wichita St.,2,596426,UTSA,9,1,1,1,1,0,0,0,1,1234,13200,1,32,2,5,3,0,0,1,4,0,7,0,0,0,0,6,14,7,36,1,27,9,0,0,9,49,14,9,9,7,7,0,3,0,1,0,0,2,0,8,11,0,1,38,9,14,6,0,0,9,7,2,7,2,0,1,0,8,11,13,49,0,27,5,0,0,9,36,5,2,2,4,7,0,1,0,0,0,0,0,0,6,14,0
6316488,2025-04-11,9,596607,Ole Miss,2,596721,Tennessee,3,1,1,1,1,0,0,0,1,11818,10020,1,30,2,3,0,0,1,2,3,0,14,0,0,0,0,7,6,4,33,0,27,8,0,0,9,37,5,3,3,4,10,0,1,0,0,0,0,0,0,7,10,0,1,31,3,5,3,0,0,3,4,1,10,0,1,0,0,7,10,7,37,0,27,6,0,0,9,33,3,2,2,3,14,0,1,1,0,0,0,0,0,7,6,0
6317290,2025-04-11,,596439,Virginia,,596649,Pittsburgh,,1,1,0,0,0,0,0,1,,,0,0,0,0,0,0,0,0,0,0,0,0,0,0,0,0,0,0,0,0,0,0,0,0,0,0,0,0,0,0,0,0,0,0,0,0,0,0,0,0,0,0,0,0,0,0,0,0,0,0,0,0,0,0,0,0,0,0,0,0,0,0,0,0,0,0,0,0,0,0,0,0,0,0,0,0,0,0,0,0,0,0,0,0
6317359,2025-04-11,9,596553,Georgia Tech,8,596511,California,5,1,1,1,1,0,0,0,1,2455,10380,1,32,8,9,1,0,2,8,4,1,9,0,1,0,0,7,8,6,38,2,27,13,0,0,9,38,7,5,5,3,9,0,0,1,1,0,0,0,0,12,6,0,1,35,5,7,1,0,1,4,3,0,9,0,0,1,0,12,6,6,38,0,24,7,0,0,8,38,9,8,8,4,9,0,2,2,0,0,0,0,0,7,8,0
6355487,2025-04-11,9,596641,Oklahoma,9,596434,Vanderbilt,4,1,1,1,1,0,0,0,1,4067,11820,1,35,9,13,3,1,1,7,6,0,7,0,0,6,2,8,7,8,41,1,27,3,0,0,9,37,7,4,3,2,12,0,2,1,0,0,0,1,0,5,10,0,1,34,4,7,2,0,1,3,2,0,12,1,0,0,0,5,10,6,37,2,24,10,0,1,8,41,13,9,9,6,7,0,1,1,6,2,0,0,0,8,7,0
6356246,2025-04-11,9,596432,Utah,6,596499,BYU,4,1,1,1,1,0,0,0,1,2419,11820,1,31,6,11,6,0,0,6,3,2,2,2,0,1,0,10,9,8,38,0,27,8,2,2,9,45,9,4,3,8,12,0,2,0,2,0,0,1,0,6,9,0,1,35,4,9,1,1,0,4,8,1,12,1,0,2,0,6,9,14,45,0,24,12,0,0,8,38,11,6,6,3,2,0,0,0,1,0,0,2,0,10,9,0
6371215,2025-04-11,9,596496,Boston College,0,596637,Notre Dame,2,1,1,1,1,0,0,0,1,313,9780,1,33,0,8,0,0,0,0,1,0,4,0,0,0,2,8,13,7,34,0,27,9,0,1,9,38,8,2,1,2,8,0,0,0,1,1,0,1,0,9,8,0,1,30,2,8,0,0,0,1,2,3,8,1,2,1,1,9,8,9,38,0,27,10,1,0,9,34,8,0,0,1,4,0,0,0,0,2,0,0,0,8,13,0
6371281,2025-04-11,9,596496,Boston College,6,596637,Notre Dame,5,1,1,1,1,0,0,0,1,287,10740,1,32,6,11,3,1,0,5,2,1,4,0,0,1,1,7,10,5,35,0,27,0,1,1,9,41,8,5,5,7,8,0,1,0,1,0,0,1,0,3,15,0,1,33,5,8,1,0,0,5,7,0,8,1,0,1,0,3,15,9,41,0,24,8,0,1,8,35,11,6,6,2,4,0,0,0,1,1,0,0,0,7,10,0
6303123,2025-04-12,9,596480,Alabama,4,596605,Mississippi St.,1,1,1,1,1,0,0,0,1,5800,9780,1,32,4,9,2,0,0,4,2,0,6,1,0,0,0,9,9,7,35,0,27,10,0,0,9,36,9,1,1,1,7,0,0,1,0,0,0,0,0,9,9,0,1,34,1,9,2,0,1,1,1,1,7,0,0,0,0,9,9,8,36,0,24,8,2,0,8,35,9,4,4,2,6,0,0,0,0,0,0,1,0,9,9,0
6303130,2025-04-12,9,596420,Texas A&M,15,596677,South Carolina,12,1,1,1,1,0,0,0,1,7457,15180,1,36,15,13,5,0,3,14,11,3,10,1,0,4,0,9,5,10,51,1,27,11,2,0,9,47,9,12,12,5,12,0,0,2,1,0,0,0,0,8,6,2,1,36,12,9,3,1,2,12,5,6,12,0,0,1,0,8,6,8,47,1,26,7,0,0,8.2,51,13,15,14,11,10,0,2,3,4,0,0,1,0,9,5,0
6303131,2025-04-12,,596546,Florida,,596608,Missouri,,1,1,0,0,0,0,0,1,,,0,0,0,0,0,0,0,0,0,0,0,0,0,0,0,0,0,0,0,0,0,0,0,0,0,0,0,0,0,0,0,0,0,0,0,0,0,0,0,0,0,0,0,0,0,0,0,0,0,0,0,0,0,0,0,0,0,0,0,0,0,0,0,0,0,0,0,0,0,0,0,0,0,0,0,0,0,0,0,0,0,0,0,0
6303137,2025-04-12,15,596577,Kentucky,5,596425,Texas,4,1,1,1,1,0,0,0,1,3586,18720,1,51,5,12,1,0,1,4,1,5,16,0,2,1,1,12,13,11,59,0,45,13,0,0,15,58,8,4,4,5,18,0,3,2,1,1,0,0,0,12,13,0,1,51,4,8,2,0,2,3,5,2,18,0,0,1,1,12,13,9,58,1,42,9,1,0,14,59,12,5,4,1,16,0,0,1,1,1,0,0,0,12,13,0
6303139,2025-04-12,9,596489,Auburn,4,596583,LSU,2,1,1,1,1,0,0,0,1,7231,10380,1,30,4,7,3,0,1,4,2,0,7,0,0,1,1,7,9,4,32,1,27,5,0,0,9,40,8,2,2,2,7,0,0,1,1,0,0,0,0,4,15,0,1,35,2,8,0,0,1,2,2,3,7,0,0,1,0,4,15,11,40,0,24,9,1,0,8,32,7,4,4,2,7,0,0,1,1,1,0,0,0,7,9,0
6303148,2025-04-12,9,596554,Georgia,7,596487,Arkansas,6,1,1,1,1,0,0,0,1,3633,11820,1,36,7,12,2,0,2,7,2,0,15,0,0,2,0,3,6,7,38,0,27,10,0,0,9,43,11,6,6,4,13,0,2,2,0,0,1,0,0,11,3,0,1,38,6,11,3,0,2,5,4,1,13,0,0,0,0,11,3,10,43,0,24,2,0,1,8,38,12,7,7,2,15,0,1,2,2,0,0,0,0,3,6,0
6303153,2025-04-12,9,596430,Air Force,6,596619,UNLV,4,1,1,1,1,0,0,0,1,250,10440,1,34,6,13,4,0,1,6,1,1,2,0,1,1,0,8,11,6,37,1,27,11,1,0,9,42,10,4,3,3,7,0,1,0,0,0,0,0,0,10,9,0,1,37,4,10,7,0,0,4,3,2,7,0,0,0,0,10,9,11,42,2,24,11,1,0,8,37,13,6,5,1,2,0,0,1,1,0,0,0,0,8,11,0
6303166,2025-04-12,9,596551,Ga. Southern,5,596642,Old Dominion,4,1,1,1,1,0,0,0,1,2912,10500,1,31,5,8,0,0,0,5,5,1,9,0,1,0,0,8,6,9,38,4,27,7,1,0,9,41,6,4,3,6,10,0,3,0,4,0,0,1,0,6,10,0,1,34,4,6,1,0,0,3,6,0,10,1,0,4,0,6,10,10,41,1,24,8,0,0,8,38,8,5,4,5,9,0,0,0,0,0,0,0,0,8,6,0
6303169,2025-04-12,9,596514,UCLA,7,596443,Washington,3,1,1,1,1,0,0,0,1,603,10560,1,31,7,11,1,0,1,6,6,2,6,1,1,1,0,10,6,10,41,1,27,10,2,0,9,37,8,3,3,3,5,0,0,2,2,0,0,0,0,9,11,0,1,34,3,8,2,0,2,3,3,0,5,0,0,2,0,9,11,7,37,0,24,11,2,0,8,41,11,7,7,6,6,0,0,1,1,0,1,1,0,10,6,0
6303172,2025-04-12,9,596610,Morehead St.,1,596488,Little Rock,6,1,1,1,1,0,0,0,1,130,10080,1,33,1,10,1,0,1,1,2,2,6,0,0,0,0,8,9,9,37,1,27,9,3,1,9,39,10,6,6,2,8,0,1,0,2,0,0,0,0,9,8,0,1,35,6,10,2,0,0,5,2,2,8,0,0,2,0,9,8,6,39,0,27,11,2,0,9,37,10,1,1,2,6,0,0,1,0,0,0,0,0,8,9,0
6303184,2025-04-12,9,596574,Kansas St.,3,596519,UCF,1,1,1,1,1,0,0,0,1,2344,9600,1,32,3,10,2,0,0,3,3,0,5,0,0,1,0,10,7,7,35,0,27,7,0,0,9,35,6,1,1,1,7,0,0,0,1,0,0,0,0,8,12,1,1,33,1,6,2,0,0,1,1,1,7,0,0,1,0,8,12,7,35,0,24,13,0,0,8,35,10,3,3,3,5,0,0,0,1,0,0,0,0,10,7,0
6303187,2025-04-12,9,596669,San Diego St.,6,596707,Fresno St.,4,1,1,1,1,0,0,0,1,901,10980,1,33,6,10,2,0,3,6,3,0,8,0,0,1,0,7,8,6,36,0,27,5,1,0,9,42,11,4,4,3,6,0,2,1,0,0,0,0,0,8,13,0,1,38,4,11,2,0,1,4,3,1,6,0,0,0,0,8,13,11,42,1,24,8,0,0,8,36,10,6,6,3,8,0,1,3,1,0,0,0,0,7,8,0
6303192,2025-04-12,11,596509,Sacramento St.,7,596465,Seattle U,6,1,1,1,1,0,0,0,1,802,13500,1,39,7,9,2,0,1,7,9,3,11,0,1,1,0,14,6,12,52,2,33,10,1,0,11,48,9,6,4,5,9,0,2,0,0,0,0,1,0,8,14,1,1,40,6,9,1,0,0,3,5,1,9,1,1,0,0,8,14,9,48,0,32,14,0,1,10.2,52,9,7,7,9,11,0,1,1,1,0,0,0,0,14,6,0
6303193,2025-04-12,9,596600,Miami (FL),5,596708,Duke,4,1,1,1,1,0,0,0,1,2989,10320,1,33,5,9,1,0,2,5,2,2,9,0,0,3,0,10,5,8,37,1,27,13,0,0,9,37,7,4,3,3,7,0,0,0,1,0,0,0,0,12,6,0,1,33,4,7,0,0,0,3,3,1,7,0,0,1,0,12,6,6,37,1,24,9,1,0,8,37,9,5,4,2,9,0,0,2,3,0,0,0,0,10,5,0
6303199,2025-04-12,7,596462,Grand Canyon,2,596474,Utah Valley,18,1,1,1,1,0,0,0,1,1047,9480,1,25,2,5,1,0,0,2,3,0,5,0,0,0,0,7,8,5,28,2,21,5,1,0,7,46,17,18,18,7,12,0,1,3,3,0,0,0,0,6,3,0,1,38,18,17,2,0,3,17,7,1,12,0,0,3,0,6,3,7,46,0,21,9,0,0,7,28,5,2,2,3,5,0,0,0,0,0,0,0,0,7,8,0
6308023,2025-04-12,9,596620,Nevada,5,596672,San Jose St.,7,1,1,1,1,0,0,0,1,963,9780,1,38,5,11,1,0,2,5,1,0,5,0,0,0,0,16,5,7,39,0,27,9,1,0,9,41,9,7,7,6,6,0,0,1,0,1,0,0,0,7,12,0,1,33,7,9,3,0,1,7,6,1,6,0,1,0,1,7,12,7,41,1,27,16,1,0,9,39,11,5,5,1,5,0,0,2,0,0,0,0,0,16,5,0
6309345,2025-04-12,9,596639,Ohio St.,2,596604,Minnesota,9,1,1,1,1,0,0,0,1,1410,10680,1,37,2,9,2,1,0,2,1,0,3,0,0,0,0,8,16,9,38,1,27,11,0,0,9,45,7,9,8,12,5,0,3,1,7,2,0,0,0,10,9,0,1,30,9,7,2,0,1,7,12,2,5,0,1,7,2,10,9,9,45,1,27,7,1,0,9,38,9,2,1,1,3,0,0,0,0,0,0,0,0,8,16,0
6309716,2025-04-12,9,596521,Cincinnati,4,596485,Arizona St.,7,1,1,1,1,0,0,0,1,1115,11040,1,30,4,4,2,0,0,3,2,2,16,2,0,3,0,5,6,5,36,2,27,14,0,1,9,44,12,7,5,2,3,0,1,0,2,1,0,1,0,11,10,0,1,38,7,12,4,0,0,7,2,3,3,1,0,2,1,11,10,9,44,1,27,5,2,0,9,36,4,4,3,2,16,0,0,0,3,0,0,2,0,5,6,1
6310363,2025-04-12,9,596569,Iowa,11,596712,Nebraska,6,1,1,1,1,0,0,0,1,2654,12000,1,34,11,12,1,0,4,11,8,1,14,1,1,2,0,6,4,10,45,0,27,14,0,0,9,36,6,6,6,2,8,0,0,3,0,2,0,0,0,10,5,0,1,29,6,6,0,0,3,6,2,5,8,0,0,0,2,10,5,2,36,0,24,5,1,0,8,45,12,11,11,8,14,0,0,4,2,0,0,1,0,6,4,0
6310665,2025-04-12,9,596653,Purdue,10,596660,Rutgers,5,1,1,1,1,0,0,0,1,2145,10620,1,35,10,12,1,0,0,10,7,3,11,0,1,4,0,12,1,12,46,2,27,14,0,0,9,39,8,5,3,2,8,0,0,0,1,0,0,0,0,12,6,1,1,36,5,8,2,0,0,5,2,1,8,0,0,1,0,12,6,7,39,1,24,11,1,1,8,46,12,10,9,7,11,0,1,0,4,0,0,0,0,12,1,0
6310672,2025-04-12,9,596504,Cal Poly,12,596557,Hawaii,5,1,1,1,1,0,0,0,1,2892,10740,1,32,12,13,1,1,2,11,5,0,6,3,1,0,1,8,9,4,41,0,27,12,0,0,9,42,13,5,5,2,7,0,0,0,0,0,0,2,0,11,7,0,1,36,5,13,2,0,0,5,2,2,7,2,0,0,0,11,7,10,42,0,24,9,1,0,8,41,13,12,12,5,6,0,1,2,0,1,0,3,0,8,9,0
6311156,2025-04-12,8,596601,Michigan St.,10,596636,Northwestern,0,1,1,1,1,0,0,0,1,1324,8820,1,31,10,10,2,0,1,10,4,2,4,0,2,2,0,9,10,4,39,0,24,5,0,0,8,29,4,0,0,1,10,0,0,0,0,0,0,0,0,5,9,0,1,27,0,4,0,0,0,0,1,0,10,0,1,0,0,5,9,5,29,0,23,9,0,0,7.2,39,10,10,10,4,4,0,0,1,2,0,0,0,0,9,10,0
6311265,2025-04-12,9,596647,Penn St.,3,596681,Southern California,6,1,1,1,1,0,0,0,1,1845,9420,1,33,3,6,1,1,0,1,2,1,9,0,0,0,0,8,10,6,36,1,27,11,0,0,9,43,13,6,5,3,11,0,0,0,0,0,0,1,0,11,4,0,1,39,6,13,3,1,0,6,3,0,11,1,0,0,0,11,4,10,43,0,27,7,1,0,9,36,6,3,3,2,9,0,2,0,0,0,0,0,0,8,10,0
6313064,2025-04-12,7,596623,New Mexico,24,596442,Washington St.,14,1,1,1,1,0,0,0,1,548,10440,1,38,24,20,8,0,1,24,8,6,3,2,0,0,0,6,8,8,54,0,21,9,1,0,7,42,16,14,14,2,7,0,1,1,0,0,0,0,0,9,5,0,1,39,14,16,2,0,1,14,2,1,7,0,0,0,0,9,5,7,42,3,19,8,0,0,6.1,54,20,24,19,8,3,0,3,1,0,0,0,2,0,6,8,0
6313298,2025-04-12,9,596523,Clemson,11,596688,Stanford,10,1,1,1,1,0,0,0,1,5326,13440,1,37,11,14,5,0,3,11,9,0,10,0,0,1,0,5,8,11,46,3,27,9,1,1,9,48,14,10,6,3,12,0,0,1,1,1,0,0,0,11,3,0,1,40,10,14,4,0,1,9,3,3,12,0,2,1,1,11,3,11,48,0,24,6,0,0,8,46,14,11,11,9,10,0,1,3,1,0,0,0,0,5,8,0
6314076,2025-04-12,9,596421,TCU,4,596575,Kansas,3,1,1,1,1,0,0,0,1,4617,9600,1,26,4,4,1,1,0,3,4,0,8,1,0,1,0,5,10,3,31,1,27,9,0,0,9,40,8,3,2,4,9,0,2,0,0,0,0,0,0,10,7,0,1,35,3,8,2,0,0,3,4,1,9,0,0,0,0,10,7,10,40,1,24,5,1,1,8,31,4,4,4,4,8,0,1,0,1,0,0,1,0,5,10,0
6314420,2025-04-12,9,596449,Wichita St.,8,596426,UTSA,16,1,1,1,1,0,0,0,1,1845,12720,1,39,8,11,3,0,3,7,2,1,7,0,0,0,0,9,11,7,42,0,27,11,0,0,9,55,18,16,16,7,6,0,1,2,1,0,0,1,0,11,10,0,1,45,16,18,7,0,2,16,7,2,6,1,0,1,0,11,10,12,55,2,27,8,0,0,9,42,11,8,7,2,7,0,0,3,0,0,0,0,0,9,11,0
6316490,2025-04-12,9,596607,Ole Miss,8,596721,Tennessee,5,1,1,1,1,0,0,0,1,11790,11100,1,32,8,9,1,0,2,7,6,0,13,0,0,8,1,4,5,6,38,0,27,12,1,0,9,40,9,5,5,3,7,0,0,3,0,0,0,0,0,11,8,0,1,36,5,9,0,0,3,4,3,1,7,0,0,0,0,11,8,8,40,2,24,7,1,0,8,38,9,8,6,6,13,0,0,2,8,1,0,0,0,4,5,0
6317291,2025-04-12,9,596439,Virginia,7,596649,Pittsburgh,8,1,1,1,1,0,0,0,1,4859,11580,1,34,7,10,4,0,2,7,1,0,4,1,0,1,0,7,13,1,36,1,27,9,2,2,9,45,11,8,7,10,12,0,0,1,0,2,1,1,0,5,7,0,1,34,8,11,4,0,1,7,10,0,12,1,0,0,2,5,7,10,45,1,27,11,2,0,9,36,10,7,6,1,4,0,2,2,1,0,0,1,0,7,13,0
6317360,2025-04-12,8,596553,Georgia Tech,15,596511,California,5,1,1,1,1,0,0,0,1,2584,11220,1,31,15,14,2,0,2,15,11,2,3,3,0,0,0,7,10,8,47,0,24,8,1,0,8,36,6,5,5,4,9,0,0,1,1,1,0,0,0,7,7,0,1,29,5,6,3,0,1,5,4,3,9,0,0,1,1,7,7,7,36,0,21,9,0,0,7,47,14,15,15,11,3,0,1,2,0,0,0,3,0,7,10,0
6320427,2025-04-12,9,596438,Virginia Tech,1,596545,Florida St.,3,1,1,1,1,0,0,0,1,1389,10740,1,28,1,4,0,0,0,1,5,0,7,0,0,0,0,7,10,5,33,0,27,5,3,0,9,39,8,3,3,2,13,0,1,0,1,0,0,0,0,6,8,0,1,34,3,8,3,0,0,2,2,2,13,0,1,1,0,6,8,9,39,0,27,10,0,0,9,33,4,1,1,5,7,0,0,0,0,0,0,0,0,7,10,0
6320428,2025-04-12,9,596438,Virginia Tech,1,596545,Florida St.,12,1,1,1,1,0,0,0,1,1310,10980,1,29,1,4,1,0,0,1,2,1,13,0,0,0,0,5,7,4,32,1,27,10,2,0,9,46,13,12,10,7,12,0,2,4,1,1,0,0,0,4,8,0,1,37,12,13,2,0,4,11,7,2,12,0,0,1,1,4,8,8,46,0,27,7,2,0,9,32,4,1,1,2,13,0,0,0,0,0,0,0,0,5,7,1
6355488,2025-04-12,7,596641,Oklahoma,14,596434,Vanderbilt,0,1,1,1,1,0,0,0,1,5051,9480,1,27,14,9,2,1,2,13,9,5,8,0,0,1,0,4,5,9,41,2,21,9,1,0,7,26,2,0,0,0,6,0,0,0,1,0,0,0,0,11,4,0,1,25,0,2,0,0,0,0,0,1,6,0,0,1,0,11,4,5,26,2,18,4,0,0,6,41,9,14,8,9,8,0,1,2,1,0,0,0,0,4,5,0
6356248,2025-04-12,9,596432,Utah,9,596499,BYU,6,1,1,1,1,0,0,0,1,2273,12300,1,39,9,16,1,1,1,9,2,2,4,1,1,1,0,12,8,12,45,0,27,8,0,0,9,46,9,6,6,6,8,0,1,1,0,0,0,0,0,7,10,0,1,34,6,9,1,0,1,7,6,6,8,0,0,0,0,7,10,13,46,1,24,14,2,0,8,45,16,9,8,2,4,0,2,1,1,0,0,1,0,12,8,0
6371251,2025-04-12,9,596439,Virginia,7,596649,Pittsburgh,5,1,1,1,1,0,0,0,1,4261,10020,1,37,7,11,2,0,1,7,1,1,5,0,0,1,0,8,12,6,39,1,27,4,0,2,9,36,9,5,3,1,6,0,0,1,1,0,0,0,0,4,16,0,1,34,5,9,0,0,1,4,1,0,6,0,1,1,0,4,16,4,36,1,26,8,1,0,8.2,39,11,7,7,1,5,0,0,1,1,0,0,0,0,8,12,0
6371465,2025-04-12,7,596546,Florida,5,596608,Missouri,0,1,1,1,1,0,0,0,1,6140,7680,1,23,5,8,2,1,0,5,7,2,3,0,0,3,2,7,5,9,32,0,21,4,1,0,7,27,4,0,0,2,9,0,1,0,2,0,0,0,0,5,7,1,1,25,0,4,0,0,0,0,2,0,9,0,0,2,0,5,7,6,27,0,18,9,0,0,6,32,8,5,5,7,3,0,0,0,3,2,0,0,0,7,5,0
6371491,2025-04-12,7,596546,Florida,3,596608,Missouri,2,1,1,1,1,0,0,0,1,6067,8160,1,22,3,4,1,0,1,3,7,1,6,0,0,1,1,6,6,5,30,0,21,8,0,0,7,27,4,2,2,3,9,0,0,2,0,1,0,0,0,6,5,1,1,23,2,4,1,0,2,2,3,0,9,0,1,0,1,6,5,4,27,1,19,7,0,0,6.1,30,4,3,3,7,6,0,0,1,1,1,0,0,0,6,6,0
6303200,2025-04-13,9,596480,Alabama,2,596605,Mississippi St.,4,1,1,1,1,0,0,0,1,4619,9720,1,27,2,2,1,0,0,2,3,0,10,2,1,0,0,6,11,4,33,0,27,7,0,0,9,35,5,4,4,4,12,0,1,3,0,0,0,0,0,8,6,0,1,31,4,5,0,0,3,4,4,0,12,0,0,0,0,8,6,4,35,1,27,5,1,1,9,33,2,2,0,3,10,0,2,0,0,0,0,2,0,6,11,0
6303213,2025-04-13,9,596577,Kentucky,4,596425,Texas,5,1,1,1,1,0,0,0,1,3629,12300,1,34,4,10,1,0,1,4,3,2,4,1,0,0,1,9,11,9,40,0,27,13,2,0,9,38,9,5,5,4,5,0,0,0,2,0,0,1,0,9,10,0,1,31,5,9,4,0,0,5,4,1,5,1,1,2,0,9,10,6,38,1,27,12,1,0,9,40,10,4,4,3,4,0,0,1,0,1,0,1,0,9,11,1
6303215,2025-04-13,9,596489,Auburn,3,596583,LSU,2,1,1,1,1,0,0,0,1,5132,9480,1,31,3,9,2,0,0,2,3,1,4,0,0,0,0,6,12,8,35,0,27,9,1,0,9,37,4,2,2,7,5,0,0,0,0,2,0,0,0,7,13,1,1,28,2,4,2,0,0,2,7,2,5,0,0,0,2,7,13,8,37,0,24,9,1,0,8,35,9,3,3,3,4,0,0,0,0,0,0,0,0,6,12,0
6303217,2025-04-13,,596496,Boston College,,596637,Notre Dame,,1,1,0,0,0,0,0,1,,,0,0,0,0,0,0,0,0,0,0,0,0,0,0,0,0,0,0,0,0,0,0,0,0,0,0,0,0,0,0,0,0,0,0,0,0,0,0,0,0,0,0,0,0,0,0,0,0,0,0,0,0,0,0,0,0,0,0,0,0,0,0,0,0,0,0,0,0,0,0,0,0,0,0,0,0,0,0,0,0,0,0,0,0
6303221,2025-04-13,12,596554,Georgia,7,596487,Arkansas,6,1,1,1,1,0,0,0,1,3633,13560,1,40,7,7,4,0,3,7,1,3,17,1,0,1,0,10,6,3,45,5,36,10,1,0,12,50,7,6,3,3,15,0,0,3,0,0,0,0,0,10,11,0,1,44,6,7,1,0,3,5,3,0,15,0,1,0,0,10,11,8,48,1,35,10,0,0,11.2,45,7,7,6,1,17,0,0,3,1,0,0,1,0,10,6,0
6303222,2025-04-13,9,596462,Grand Canyon,10,596474,Utah Valley,4,1,1,1,1,0,0,0,1,708,10140,1,33,10,12,3,0,2,9,4,0,5,2,1,2,0,5,14,6,40,0,27,8,0,0,9,41,11,4,4,5,8,0,0,2,1,1,0,0,0,6,10,0,1,35,4,11,3,0,2,4,5,1,8,0,0,1,1,6,10,10,41,1,24,5,2,0,8,40,12,10,10,4,5,0,1,2,2,0,1,2,0,5,14,0
6303226,2025-04-13,9,596669,San Diego St.,2,596707,Fresno St.,10,1,1,1,1,0,0,0,1,1077,11280,1,31,2,6,1,0,1,2,1,1,7,0,0,0,0,9,9,4,33,2,27,10,3,0,9,44,8,10,10,8,6,0,2,0,3,1,0,1,0,7,13,0,1,33,10,8,5,0,0,9,8,2,6,1,0,3,1,7,13,7,44,0,27,12,0,0,9,33,6,2,2,1,7,0,1,1,0,0,0,0,0,9,9,0
6303228,2025-04-13,9,596430,Air Force,10,596619,UNLV,9,1,1,1,1,0,0,0,1,217,11100,1,35,10,12,6,0,2,10,7,0,6,0,0,1,2,6,10,8,42,3,27,10,0,0,9,45,14,9,8,3,8,0,0,1,0,0,0,2,0,7,10,0,1,40,9,14,1,0,1,10,3,0,8,2,0,0,0,7,10,9,45,1,24,7,1,0,8,42,12,10,9,7,6,0,0,2,1,2,0,0,0,6,10,0
6303234,2025-04-13,9,596574,Kansas St.,8,596519,UCF,6,1,1,1,1,0,0,0,1,2344,9480,1,33,8,9,4,0,2,7,3,0,8,0,0,2,0,9,7,4,36,2,27,9,0,0,9,37,8,6,6,2,9,0,0,2,0,0,0,0,0,9,8,0,1,35,6,8,3,0,2,6,2,0,9,0,0,0,0,9,8,4,37,2,24,9,0,0,8,36,9,8,7,3,8,0,1,2,2,0,0,0,0,9,7,0
6303247,2025-04-13,9,596509,Sacramento St.,1,596465,Seattle U,2,1,1,1,1,0,0,0,1,454,8940,1,32,1,6,0,1,0,1,3,0,12,0,0,1,1,7,7,7,35,0,27,8,0,0,9,35,7,2,2,1,8,0,0,1,1,0,0,0,0,10,9,0,1,33,2,7,1,0,1,2,1,0,8,0,1,1,0,10,9,6,35,1,27,8,0,0,9,35,6,1,1,3,12,0,0,0,1,1,0,0,0,7,7,0
6303253,2025-04-13,9,596551,Ga. Southern,10,596642,Old Dominion,15,1,1,1,1,0,0,0,1,1875,14100,1,35,10,12,3,0,0,9,10,2,5,3,2,2,0,9,13,15,52,1,27,6,0,0,9,47,13,15,15,7,10,0,2,3,3,0,0,0,0,5,11,1,1,39,15,13,3,0,3,14,7,1,10,0,0,3,0,5,11,5,47,2,27,9,1,1,9,52,12,10,8,10,5,0,1,0,2,0,0,3,0,9,13,0
6303255,2025-04-13,9,596514,UCLA,13,596443,Washington,9,1,1,1,1,0,0,0,1,598,13800,1,38,13,14,3,0,2,12,7,2,5,1,0,2,0,7,12,11,48,1,27,7,0,0,9,48,10,9,9,9,9,0,1,1,2,0,0,0,0,7,11,1,1,37,9,10,2,0,1,8,9,2,9,0,0,2,0,7,11,12,48,2,24,7,0,0,8,48,14,13,12,7,5,0,2,2,2,0,0,1,0,7,12,0
6303256,2025-04-13,9,596600,Miami (FL),8,596708,Duke,6,1,1,1,1,0,0,0,1,1782,10380,1,32,8,9,1,0,4,8,3,0,7,0,0,1,1,7,8,3,35,0,27,9,1,0,9,38,8,6,6,3,10,0,0,2,0,0,0,0,0,9,9,1,1,34,6,8,0,1,2,6,3,1,10,0,0,0,0,9,9,5,38,2,24,10,1,0,8,35,9,8,8,3,7,0,0,4,1,1,0,0,0,7,8,0
6303262,2025-04-13,10,596610,Morehead St.,7,596488,Little Rock,10,1,1,1,1,0,0,0,1,212,12900,1,38,7,12,1,0,3,7,6,3,4,2,0,1,0,9,15,12,49,1,30,11,1,0,10,46,15,10,9,0,8,0,0,3,0,2,0,0,0,7,10,0,1,43,10,15,1,0,3,10,0,3,8,0,0,0,2,7,10,5,46,0,30,11,2,0,10,49,12,7,7,6,4,0,2,3,1,0,0,2,0,9,15,0
6308025,2025-04-13,7,596620,Nevada,12,596672,San Jose St.,2,1,1,1,1,0,0,0,1,760,7140,1,30,12,13,3,0,0,12,2,2,3,0,0,7,0,6,8,4,34,0,21,8,1,0,7,27,6,2,2,0,8,0,0,0,0,0,0,0,0,8,5,0,1,27,2,6,1,0,0,2,0,0,8,0,0,0,0,8,5,4,27,1,18,7,0,0,6,34,13,12,12,2,3,0,2,0,7,0,0,0,0,6,8,0
6309346,2025-04-13,9,596639,Ohio St.,4,596604,Minnesota,6,1,1,1,1,0,0,0,1,657,12540,1,32,4,7,2,0,1,4,6,3,9,0,1,0,1,6,10,11,42,4,27,7,0,0,9,47,9,6,5,7,10,0,1,1,1,2,0,0,0,5,10,0,1,36,6,9,3,0,1,6,7,3,10,0,1,1,2,5,10,14,47,0,27,7,0,0,9,42,7,4,4,6,9,0,2,1,0,1,0,0,0,6,10,0
6309720,2025-04-13,10,596521,Cincinnati,9,596485,Arizona St.,8,1,1,1,1,0,0,0,1,588,13380,1,40,9,15,7,1,1,8,2,2,8,0,1,1,0,10,8,6,45,1,30,13,0,0,10,47,11,8,7,4,5,0,0,2,0,1,0,0,0,14,10,0,1,40,8,11,0,1,2,7,4,3,5,0,0,0,1,14,10,9,47,0,28,14,0,1,9.1,45,15,9,8,2,8,0,0,1,1,0,0,0,0,10,8,0
6310364,2025-04-13,9,596569,Iowa,4,596712,Nebraska,6,1,1,1,1,0,0,0,1,1532,11520,1,36,4,8,4,0,0,4,5,2,9,1,0,2,0,11,6,13,44,2,27,8,1,0,9,40,7,6,5,3,11,0,0,3,0,0,0,0,0,10,6,1,1,34,6,7,1,0,3,4,3,2,11,0,1,0,0,10,6,7,40,4,27,11,0,0,9,44,8,4,1,5,9,0,2,0,2,0,0,1,0,11,6,1
6310669,2025-04-13,9,596653,Purdue,3,596660,Rutgers,6,1,1,1,1,0,0,0,1,1769,9300,1,34,3,7,1,0,1,3,3,1,10,0,0,0,0,9,8,8,38,1,27,8,0,1,9,42,11,6,5,3,5,0,2,2,2,0,0,2,0,8,14,0,1,36,6,11,2,0,2,6,3,1,5,2,0,2,0,8,14,9,42,0,27,9,0,0,9,38,7,3,3,3,10,0,1,1,0,0,0,0,0,9,8,0
6310678,2025-04-13,9,596504,Cal Poly,5,596557,Hawaii,2,1,1,1,1,0,0,0,1,3017,9480,1,33,5,10,0,0,0,4,0,0,7,0,0,0,0,6,10,3,33,0,27,6,0,0,9,36,5,2,2,3,8,0,2,0,1,0,0,1,0,7,12,0,1,31,2,5,1,0,0,2,3,1,8,1,0,1,0,7,12,7,36,1,24,5,0,0,8,33,10,5,4,0,7,0,0,0,0,0,0,0,0,6,10,0
6311159,2025-04-13,9,596601,Michigan St.,3,596636,Northwestern,1,1,1,1,1,0,0,0,1,602,7620,1,28,3,7,3,0,0,3,2,1,2,0,1,0,1,11,9,5,32,1,27,12,1,0,9,34,6,1,1,3,3,0,0,0,1,0,0,0,0,10,11,0,1,31,1,6,2,0,0,1,3,0,3,0,0,1,0,10,11,6,34,0,24,10,3,0,8,32,7,3,3,2,2,0,1,0,0,1,0,0,0,11,9,0
6311266,2025-04-13,9,596647,Penn St.,6,596681,Southern California,11,1,1,1,1,0,0,0,1,922,12480,1,31,6,5,1,0,1,6,10,2,14,0,0,1,0,4,8,10,43,3,27,10,1,0,9,44,11,11,9,4,8,0,1,1,2,1,0,1,0,11,7,0,1,36,11,11,6,0,1,10,4,2,8,1,1,2,1,11,7,6,44,0,27,6,0,0,9,43,5,6,6,10,14,0,1,1,1,0,0,0,0,4,8,1
6313068,2025-04-13,9,596623,New Mexico,11,596442,Washington St.,16,1,1,1,1,0,0,0,1,783,13200,1,40,11,15,1,1,2,9,6,2,6,1,0,0,0,6,13,11,49,1,27,10,1,0,9,54,15,16,16,10,7,0,1,2,0,0,0,1,0,7,10,0,1,38,16,15,6,1,2,16,10,4,7,1,1,0,0,7,10,11,54,1,27,8,3,0,9,49,15,11,10,6,6,0,2,2,0,0,0,1,0,6,13,0
6313299,2025-04-13,9,596523,Clemson,6,596688,Stanford,11,1,1,1,1,0,0,0,1,4765,11460,1,36,6,11,2,0,0,5,5,1,11,1,0,0,0,8,7,10,43,2,27,10,1,0,9,46,14,11,11,2,6,0,0,3,1,0,0,0,0,11,10,0,1,41,11,14,3,0,3,11,2,2,6,0,0,1,0,11,10,8,45,0,27,8,0,0,9,43,11,6,6,5,11,0,2,0,0,0,0,1,0,8,7,0
6314077,2025-04-13,9,596421,TCU,7,596575,Kansas,2,1,1,1,1,0,0,0,1,3930,9780,1,33,7,11,2,0,1,7,0,0,7,1,1,1,0,15,2,4,35,0,27,11,0,0,9,37,7,2,2,1,13,0,2,1,0,0,0,0,0,10,4,0,1,33,2,7,2,1,1,2,1,2,13,0,1,0,0,10,4,8,37,2,24,14,1,0,8,35,11,7,6,0,7,0,0,1,1,0,0,1,0,15,2,0
6314421,2025-04-13,9,596449,Wichita St.,1,596426,UTSA,5,1,1,1,1,0,0,0,1,1438,9360,1,30,1,4,0,0,1,1,2,0,6,0,0,0,0,5,15,4,32,1,27,11,1,0,9,43,10,5,5,6,6,0,2,0,0,1,0,0,0,11,8,0,1,35,5,10,1,0,0,4,6,2,6,0,0,0,1,11,8,11,43,0,27,3,0,0,9,32,4,1,1,2,6,0,1,1,0,0,0,0,0,5,15,1
6316491,2025-04-13,9,596607,Ole Miss,8,596721,Tennessee,10,1,1,1,1,0,0,0,1,10333,13800,1,40,8,12,2,1,1,7,4,1,11,1,0,2,1,6,8,9,46,1,27,7,0,0,9,47,11,10,9,7,5,0,5,3,1,0,0,1,0,7,15,2,1,35,10,11,1,0,3,9,7,1,5,1,3,1,0,7,15,10,47,4,27,9,0,0,9,46,12,8,5,4,11,0,3,1,2,1,0,1,0,6,8,0
6317294,2025-04-13,7,596439,Virginia,18,596649,Pittsburgh,0,1,1,1,1,0,0,0,1,5919,9240,1,31,18,13,2,0,3,18,8,2,4,0,0,1,1,6,7,5,41,0,21,8,0,0,7,25,3,0,0,0,6,0,0,0,1,0,0,0,0,8,7,1,1,24,0,3,0,0,0,0,0,1,6,0,0,1,0,8,7,4,25,1,18,7,0,0,6,41,13,18,17,8,4,0,2,3,1,1,0,0,0,6,7,0
6317361,2025-04-13,9,596553,Georgia Tech,4,596511,California,3,1,1,1,1,0,0,0,1,1670,9360,1,28,4,8,2,0,0,4,3,1,5,1,0,0,0,8,7,5,33,0,27,8,3,1,9,39,10,3,3,4,3,0,2,0,0,0,0,1,0,5,16,0,1,33,3,10,1,0,0,3,4,1,3,1,0,0,0,5,16,9,39,1,24,12,2,0,8,33,8,4,2,3,5,0,0,0,0,0,0,1,0,8,7,0
6320429,2025-04-13,9,596438,Virginia Tech,2,596545,Florida St.,4,1,1,1,1,0,0,0,1,1420,10800,1,34,2,9,4,1,0,2,3,0,6,1,0,0,1,8,11,9,38,1,27,12,1,0,9,39,11,4,4,3,9,0,1,0,2,1,0,2,0,10,6,0,1,34,4,11,1,1,0,3,3,0,9,2,0,2,1,10,6,8,39,1,27,9,1,0,9,38,9,2,2,3,6,0,1,0,0,1,1,1,0,8,11,0
6355489,2025-04-13,8,596641,Oklahoma,2,596434,Vanderbilt,13,1,1,1,1,0,0,0,1,3021,11160,1,27,2,5,1,0,0,2,2,0,10,0,0,1,1,6,6,3,29,3,24,3,1,0,8,47,11,13,9,3,13,0,1,2,3,0,0,0,0,4,7,0,1,37,13,11,2,0,2,13,3,6,13,0,1,3,0,4,7,10,47,0,24,8,0,0,8,29,5,2,2,2,10,0,1,0,1,1,0,0,0,6,6,0
6371575,2025-04-13,9,596496,Boston College,4,596637,Notre Dame,3,1,1,1,1,0,0,0,1,255,10380,1,32,4,10,2,1,1,4,1,2,9,0,1,0,0,6,8,6,36,2,27,8,0,1,9,40,8,3,3,2,9,0,0,0,0,0,0,0,0,8,9,0,1,34,3,8,1,0,0,3,2,4,9,0,0,0,0,8,9,10,40,1,25,8,1,0,8.1,36,10,4,4,1,9,0,1,1,0,0,0,0,0,6,8,0
6303277,2025-04-14,9,596430,Air Force,9,596715,Oral Roberts,3,1,1,1,1,0,0,0,0,131,9660,1,35,9,13,2,0,0,8,3,0,11,0,2,5,0,9,5,7,40,2,27,13,1,0,9,37,10,3,2,0,6,0,1,1,0,1,0,0,0,12,7,0,1,37,3,10,1,0,1,3,0,0,6,0,0,0,1,12,7,7,37,2,24,6,1,0,8,40,13,9,5,3,11,0,0,0,5,0,0,0,0,9,5,0
6310676,2025-04-14,9,596653,Purdue,8,596485,Arizona St.,6,1,1,1,1,0,0,0,0,1197,12000,1,34,8,11,3,0,2,8,6,1,11,0,1,0,0,9,4,9,42,2,27,10,1,0,9,44,9,6,6,4,6,0,0,0,0,1,0,1,0,9,11,0,1,34,6,9,5,0,0,6,4,4,6,1,1,0,1,9,11,11,44,0,25,11,0,0,8.1,42,11,8,8,6,11,0,0,2,0,0,0,0,0,9,4,0
6317899,2025-04-14,10,596620,Nevada,8,596671,San Francisco,11,1,1,1,1,0,0,0,0,584,11100,1,41,8,13,3,0,1,8,4,1,6,1,0,0,0,9,14,9,47,2,30,14,0,0,10,54,17,11,10,5,9,0,0,1,0,0,0,0,0,12,7,1,1,45,11,17,0,1,1,10,5,4,9,0,0,0,0,12,7,13,54,0,30,11,0,0,10,47,13,8,8,4,6,0,1,1,0,0,0,1,0,9,14,0
6303280,2025-04-15,7,596605,Mississippi St.,16,596684,Southern U.,2,1,1,1,1,0,0,0,0,9625,9000,1,28,16,11,3,0,1,13,8,2,7,1,0,3,0,6,4,5,39,0,21,9,0,0,7,26,3,2,2,2,9,0,0,2,1,0,0,0,0,9,3,0,1,24,2,3,0,0,2,2,2,0,9,0,0,1,0,9,3,3,26,3,18,7,0,1,6,39,11,16,14,8,7,0,3,1,3,0,0,1,0,6,4,0
6303284,2025-04-15,,596546,Florida,,596720,Stetson,,1,1,0,0,0,0,0,0,,,0,0,0,0,0,0,0,0,0,0,0,0,0,0,0,0,0,0,0,0,0,0,0,0,0,0,0,0,0,0,0,0,0,0,0,0,0,0,0,0,0,0,0,0,0,0,0,0,0,0,0,0,0,0,0,0,0,0,0,0,0,0,0,0,0,0,0,0,0,0,0,0,0,0,0,0,0,0,0,0,0,0,0,0
6303285,2025-04-15,9,596571,Jacksonville St.,3,596489,Auburn,4,1,1,1,1,0,0,0,0,1588,10500,1,30,3,2,0,0,1,1,3,0,14,0,0,0,0,8,5,3,33,0,27,12,0,0,9,37,9,4,4,3,8,0,0,1,0,1,0,0,0,10,7,0,1,34,4,9,1,0,1,4,3,0,8,0,0,0,1,10,7,6,37,1,27,6,1,0,9,33,2,3,1,3,14,0,1,1,0,0,0,0,0,8,5,0
6303287,2025-04-15,9,596607,Ole Miss,3,596488,Little Rock,7,1,1,1,1,0,0,0,0,8933,12240,1,32,3,7,0,1,0,2,9,1,13,0,0,3,1,7,5,12,42,0,27,7,1,0,9,42,8,7,7,5,15,0,1,0,0,1,0,0,0,7,4,0,1,34,7,8,2,0,0,7,5,3,15,0,0,0,1,7,4,8,42,2,27,10,0,0,9,42,7,3,2,9,13,0,1,0,3,1,0,0,0,7,5,1
6303294,2025-04-15,7,596639,Ohio St.,18,596453,Wright St.,2,1,1,1,1,0,0,0,0,767,9600,1,34,18,15,4,1,3,18,7,1,6,0,0,2,0,7,5,6,42,1,21,6,0,1,7,32,5,2,2,5,9,0,0,0,0,0,0,0,0,6,6,0,1,27,2,5,1,0,0,2,5,0,9,0,0,0,0,6,6,9,32,3,18,4,0,1,6,42,15,18,17,7,6,0,0,3,2,0,0,0,0,7,5,0
6303304,2025-04-15,9,596637,Notre Dame,7,596433,Valparaiso,1,1,1,1,1,0,0,0,0,180,10740,1,34,7,12,4,1,3,7,6,1,9,0,0,2,1,2,11,9,41,1,27,11,0,1,9,41,4,1,0,7,12,0,0,0,0,0,0,0,0,10,5,0,1,32,1,4,0,0,0,0,7,2,12,0,0,0,0,10,5,13,41,0,24,5,0,0,8,41,12,7,7,6,9,0,0,3,2,1,0,0,0,2,11,0
6303305,2025-04-15,7,596647,Penn St.,3,596534,Delaware,13,1,1,1,1,0,0,0,0,1284,10380,1,27,3,5,2,0,1,3,5,1,9,0,0,1,0,5,7,9,33,1,21,8,1,0,7,43,15,13,12,7,4,0,1,0,0,1,0,0,0,10,5,0,1,35,13,15,4,1,0,12,7,1,4,0,0,0,1,10,5,9,43,2,21,6,1,0,7,33,5,3,3,5,9,0,0,1,1,0,0,0,0,5,7,0
6303306,2025-04-15,8,596487,Arkansas,13,596466,Ark.-Pine Bluff,3,1,1,1,1,0,0,0,0,9432,9720,1,40,13,18,3,0,4,13,3,0,3,1,0,1,0,6,14,7,44,2,24,10,0,0,8,30,6,3,3,1,10,0,0,1,2,0,0,0,0,9,4,0,1,29,3,6,1,0,1,2,1,0,10,0,0,2,0,9,4,3,30,0,23,6,1,1,7.2,44,18,13,13,3,3,0,1,4,1,0,0,1,0,6,14,0
6303311,2025-04-15,9,596480,Alabama,5,596481,UAB,3,1,1,1,1,0,0,0,0,3883,10260,1,30,5,7,1,0,2,5,1,1,7,0,0,0,0,7,9,3,32,0,27,9,1,0,9,40,8,3,3,6,9,0,2,0,2,0,0,1,0,6,10,0,1,32,3,8,0,0,0,3,6,1,9,1,0,2,0,6,10,10,40,1,24,8,1,0,8,32,7,5,5,1,7,0,0,2,0,0,1,0,0,7,9,0
6303313,2025-04-15,9,596499,BYU,9,596474,Utah Valley,3,1,1,1,1,0,0,0,0,2339,11520,1,36,9,13,5,0,0,8,2,4,5,0,0,2,0,7,11,9,42,0,27,12,0,0,9,39,6,3,3,5,9,0,1,0,1,2,0,1,0,10,5,0,1,29,3,6,2,1,0,3,5,4,9,1,0,1,2,10,5,9,39,1,24,6,1,1,8,42,13,9,9,2,5,0,2,0,2,0,0,0,0,7,11,0
6303316,2025-04-15,7,596669,San Diego St.,3,596694,UC San Diego,14,1,1,1,1,0,0,0,0,773,9900,1,27,3,5,1,1,0,3,3,0,7,0,0,0,0,3,11,6,30,1,21,3,0,0,7,47,14,14,14,8,5,0,3,5,0,0,0,1,0,6,10,0,1,34,14,14,4,0,5,13,8,3,5,1,1,0,0,6,10,12,47,1,21,2,0,0,7,30,5,3,2,3,7,0,0,0,0,0,0,0,0,3,11,0
6303320,2025-04-15,9,596514,UCLA,1,596643,Oregon St.,7,1,1,1,1,0,0,0,0,716,11580,1,30,1,4,0,0,0,1,5,0,7,0,0,0,0,5,13,7,35,3,27,9,1,0,9,42,11,7,5,3,8,0,2,1,1,0,0,0,0,7,9,0,1,37,7,11,0,0,1,5,3,2,8,0,0,1,0,7,9,8,42,2,27,6,3,0,9,35,4,1,1,5,7,0,2,0,0,0,0,0,0,5,13,0
6303323,2025-04-15,9,596608,Missouri,10,596685,Missouri St.,9,1,1,1,1,0,0,0,0,1250,10920,1,34,10,11,4,1,1,10,3,2,8,0,1,0,1,8,7,6,40,0,27,7,0,0,9,40,8,9,9,5,11,0,1,3,1,0,0,0,0,6,9,1,1,34,9,8,1,1,3,9,5,1,11,0,0,1,0,6,9,4,40,1,24,9,0,0,8,40,11,10,10,3,8,0,2,1,0,1,0,0,0,8,7,0
6303326,2025-04-15,7,596706,Arizona,14,596462,Grand Canyon,4,1,1,1,1,0,0,0,0,2589,9960,1,31,14,13,3,2,0,12,6,1,3,2,0,4,0,8,8,5,40,1,21,9,1,0,7,31,5,4,3,3,7,0,0,0,0,0,0,0,0,10,4,0,1,27,4,5,2,0,0,3,3,1,7,0,0,0,0,10,4,6,31,1,20,9,0,0,6.2,40,13,14,13,6,3,0,5,0,4,0,0,2,0,8,8,0
6303328,2025-04-15,7,596546,Florida,14,596720,Stetson,4,1,1,1,1,0,0,0,0,4948,8700,1,34,14,13,5,0,5,12,5,0,6,0,0,0,0,7,7,4,39,1,21,4,0,0,7,31,6,4,2,3,9,0,0,1,0,0,0,0,0,5,7,0,1,28,4,6,0,0,1,4,3,0,9,0,0,0,0,5,7,6,31,3,20,7,0,0,6.2,39,13,14,11,5,6,0,2,5,0,0,0,0,0,7,7,0
6303330,2025-04-15,9,596511,California,9,596707,Fresno St.,2,1,1,1,1,0,0,0,0,511,9060,1,33,9,9,1,1,4,9,1,3,5,0,0,0,0,9,10,4,37,0,27,12,0,0,9,35,6,2,2,2,10,0,1,0,0,0,0,0,0,12,5,0,1,32,2,6,1,0,0,2,2,0,10,0,1,0,0,12,5,6,35,0,24,9,0,0,8,37,9,9,9,1,5,0,0,4,0,0,0,0,0,9,10,0
6303332,2025-04-15,9,596677,South Carolina,4,596522,The Citadel,0,1,1,1,1,0,0,0,0,7214,9780,1,29,4,6,1,0,1,4,7,2,10,0,0,1,1,7,6,10,38,0,27,10,0,0,9,33,7,0,0,3,7,0,0,0,3,0,0,0,0,9,7,0,1,30,0,7,0,0,0,0,3,0,7,0,0,3,0,9,7,6,33,0,24,9,3,0,8,38,6,4,4,7,10,0,2,1,1,1,0,0,0,7,6,0
6303333,2025-04-15,9,596577,Kentucky,4,596599,Miami (OH),3,1,1,1,1,0,0,0,0,2768,10320,1,30,4,7,3,0,0,4,0,3,7,1,1,2,1,8,10,3,35,0,27,7,0,0,9,36,5,3,3,2,15,0,2,0,0,0,0,0,0,8,4,0,1,32,3,5,1,0,0,2,2,2,15,0,0,0,0,8,4,6,36,0,26,8,0,0,8.2,35,7,4,4,0,7,0,0,0,2,1,0,1,0,8,10,0
6303334,2025-04-15,9,596583,LSU,10,596596,McNeese,3,1,1,1,1,0,0,0,0,10756,11940,1,33,10,13,2,0,1,9,7,1,4,1,0,1,1,8,8,7,42,0,27,4,2,0,9,39,7,3,3,3,15,0,1,1,2,0,0,1,0,5,7,0,1,33,3,7,1,0,1,3,3,2,15,1,0,2,0,5,7,9,39,1,24,11,0,0,8,42,13,10,8,7,4,0,0,1,1,1,0,1,0,8,8,0
6308927,2025-04-15,9,596529,Creighton,3,596712,Nebraska,6,1,1,1,1,0,0,0,0,5846,11880,1,32,3,7,2,0,1,3,4,1,10,1,0,0,0,8,8,8,38,2,27,10,1,0,9,48,12,6,6,5,10,0,1,0,1,1,0,1,0,6,8,0,1,37,6,12,4,1,0,5,5,5,10,1,0,1,1,6,8,15,48,0,27,9,0,0,9,38,7,3,3,4,10,0,2,1,0,0,0,1,0,8,8,0
6309721,2025-04-15,9,596521,Cincinnati,6,596454,Xavier,7,1,1,1,1,0,0,0,0,1194,11460,1,33,6,9,0,0,1,5,5,2,5,2,1,0,0,4,17,9,43,1,27,10,0,0,9,37,6,7,6,3,5,0,0,1,0,0,0,2,0,8,13,1,1,30,7,6,1,1,1,7,3,1,5,2,1,0,0,8,13,3,37,1,27,5,1,0,9,43,9,6,4,5,5,0,2,1,0,0,0,2,0,4,17,1
6310418,2025-04-15,9,596519,UCF,5,596542,Florida A&M,1,1,1,1,1,0,0,0,0,1682,9240,1,30,5,10,1,0,1,5,6,0,3,1,0,2,0,12,6,8,37,0,27,14,1,0,9,30,3,1,1,1,9,0,0,1,0,0,0,0,0,11,5,1,1,28,1,3,1,0,1,1,1,1,9,0,0,0,0,11,5,2,30,0,24,14,2,1,8,37,10,5,4,6,3,0,0,1,2,0,0,1,0,12,6,0
6310458,2025-04-15,10,596434,Vanderbilt,5,596472,Lipscomb,4,1,1,1,1,0,0,0,0,3802,11940,1,35,5,6,1,0,1,4,4,1,14,1,0,5,1,5,9,5,41,1,30,9,0,0,10,44,11,4,4,3,13,0,1,0,6,1,0,0,0,7,7,1,1,35,4,11,1,0,0,3,3,3,13,0,3,6,1,7,7,10,44,3,29,8,2,0,9.2,41,6,5,4,4,14,0,0,1,5,1,1,1,0,5,9,0
6310532,2025-04-15,7,596545,Florida St.,19,596679,South Fla.,0,1,1,1,1,0,0,0,0,5560,9300,1,38,19,20,2,1,1,19,6,1,5,0,0,0,0,7,5,8,45,0,21,5,0,0,7,25,3,0,0,0,11,0,0,0,0,0,0,0,0,5,5,0,1,24,0,3,1,0,0,0,0,1,11,0,0,0,0,5,5,4,25,1,18,6,0,0,6,45,20,19,18,6,5,0,0,1,0,0,0,0,0,7,5,0
6310684,2025-04-15,9,596681,Southern California,4,596557,Hawaii,5,1,1,1,1,0,0,0,0,498,11760,1,34,4,5,1,0,1,4,8,1,5,0,0,0,0,5,17,12,43,1,27,11,0,0,9,41,7,5,3,4,6,0,1,1,0,0,1,0,0,11,9,2,1,33,5,7,0,0,1,5,4,3,6,0,1,0,0,11,9,9,41,2,27,8,1,0,9,43,5,4,4,8,5,0,2,1,0,0,0,0,0,5,17,0
6310794,2025-04-15,9,596672,San Jose St.,5,596665,Saint Mary's (CA),13,1,1,1,1,0,0,0,0,310,12240,1,35,5,8,1,0,1,4,6,2,12,0,0,3,0,6,8,11,43,3,27,11,1,0,9,48,8,13,11,11,4,0,4,2,3,0,0,2,0,10,12,0,1,30,13,8,2,0,2,8,11,2,4,2,3,3,0,10,12,8,48,2,27,7,1,0,9,43,8,5,4,6,12,0,0,1,3,0,0,0,0,6,8,0
6310896,2025-04-15,9,596420,Texas A&M,11,596700,Tarleton St.,3,1,1,1,1,0,0,0,0,5808,13500,1,34,11,10,1,1,1,10,10,2,5,2,0,2,0,6,14,13,48,2,27,9,0,0,9,33,8,3,3,1,11,0,0,1,2,2,0,1,0,4,9,0,1,31,3,8,1,1,1,3,1,0,11,1,0,2,2,4,9,2,33,2,24,7,1,0,8,48,10,11,10,10,5,0,1,1,2,0,0,2,0,6,14,0
6311163,2025-04-15,7,596636,Northwestern,11,596633,NIU,27,1,1,1,1,0,0,0,0,130,11760,1,35,11,12,7,0,2,10,8,0,6,1,0,0,0,7,8,12,44,2,21,12,0,0,7,55,16,27,27,17,5,0,0,3,1,0,0,0,0,8,4,0,1,33,27,16,4,0,3,25,17,5,5,0,0,1,0,8,4,7,55,3,21,6,3,1,7,44,12,11,8,8,6,0,1,2,0,0,0,1,0,7,8,0
6311887,2025-04-15,9,596443,Washington,22,596465,Seattle U,0,1,1,1,1,0,0,0,0,1179,12480,1,42,22,21,5,0,3,21,9,4,10,1,0,3,1,3,9,10,56,0,27,4,1,0,9,36,5,0,0,5,12,0,0,0,0,0,0,0,0,4,10,0,1,31,0,5,2,0,0,0,5,0,12,0,0,0,0,4,10,9,36,0,24,6,1,0,8,56,21,22,22,9,10,0,3,3,3,1,0,1,0,3,9,0
6313139,2025-04-15,9,596622,New Mexico St.,10,596623,New Mexico,12,1,1,1,1,0,0,0,0,542,13500,1,37,10,11,1,0,0,8,11,3,13,0,0,1,0,3,9,12,51,1,27,7,1,0,9,50,10,12,12,11,9,0,1,1,0,0,0,2,0,7,10,0,1,35,12,10,3,0,1,12,11,2,9,2,0,0,0,7,10,11,50,2,27,5,1,0,9,51,11,10,9,11,13,0,2,0,1,0,0,0,0,3,9,0
6314161,2025-04-15,9,596439,Virginia,3,596581,Liberty,10,1,1,1,1,0,0,0,0,3894,12240,1,32,3,6,2,0,1,3,3,1,4,0,0,0,0,13,9,6,36,1,27,13,1,0,9,42,10,10,10,8,8,0,0,2,2,0,0,0,0,7,8,0,1,33,10,10,1,0,2,10,8,1,8,0,0,2,0,7,8,5,42,0,27,14,2,0,9,36,6,3,3,3,4,0,2,1,0,0,0,0,0,13,9,1
6314422,2025-04-15,9,596575,Kansas,18,596449,Wichita St.,12,1,1,1,1,0,0,0,0,1702,14460,1,37,18,13,3,0,2,16,10,2,5,1,0,0,0,6,12,8,50,2,27,7,1,0,9,57,16,12,11,6,11,0,5,0,1,0,0,1,0,6,9,0,1,42,12,16,3,0,0,10,6,8,11,1,0,1,0,6,9,18,57,2,24,7,0,0,8,50,13,18,16,10,5,0,1,2,0,0,0,1,0,6,12,0
6314754,2025-04-15,9,596536,ETSU,4,596438,Virginia Tech,11,1,1,1,1,0,0,0,0,959,12540,1,33,4,6,2,0,2,4,1,1,12,0,0,0,0,8,7,4,35,0,27,9,0,0,9,49,12,11,11,8,10,0,0,2,1,0,0,0,0,7,9,0,1,36,11,12,4,0,2,11,8,3,10,0,2,1,0,7,9,11,49,0,27,7,0,0,9,35,6,4,4,1,12,0,0,2,0,0,0,0,0,8,7,0
6315052,2025-04-15,8,596714,Oklahoma St.,1,596641,Oklahoma,11,1,1,1,1,0,0,0,0,6810,11040,1,28,1,4,2,0,1,1,4,1,9,0,1,0,0,8,7,9,34,3,24,8,0,0,8,45,11,11,10,7,7,0,2,1,7,0,0,0,0,9,8,0,1,37,11,11,1,0,1,10,7,1,7,0,0,7,0,9,8,10,45,1,24,8,0,0,8,34,4,1,1,4,9,0,0,1,0,0,0,0,0,8,7,0
6316372,2025-04-15,9,596600,Miami (FL),5,596543,Fla. Atlantic,4,1,1,1,1,0,0,0,0,2122,9960,1,28,5,5,4,0,1,4,7,0,7,1,0,2,0,8,9,7,36,1,27,11,0,0,9,35,8,4,4,1,6,0,0,0,0,1,0,1,0,11,8,0,1,32,4,8,2,1,0,4,1,1,6,1,0,0,1,11,8,4,35,1,24,8,2,0,8,36,5,5,4,7,7,0,1,1,2,0,0,1,0,8,9,0
6316492,2025-04-15,8,596721,Tennessee,13,596693,Bellarmine,3,1,1,1,1,0,0,0,0,5305,12000,1,39,13,16,3,1,3,13,9,1,1,1,0,5,0,9,12,12,50,2,24,9,1,1,8,34,5,3,2,5,13,0,0,1,4,0,0,0,0,8,1,0,1,27,3,5,0,0,1,2,5,1,13,0,1,4,0,8,1,7,34,2,23,7,1,1,7.2,50,16,13,13,9,1,0,0,3,5,0,0,1,0,9,12,0
6316750,2025-04-15,9,596642,Old Dominion,13,596436,VCU,16,1,1,1,1,0,0,0,0,137,12540,1,40,13,15,3,0,3,13,6,0,11,2,0,0,0,10,5,8,48,3,27,13,0,0,9,49,9,16,9,12,6,0,1,2,7,1,0,0,0,11,7,0,1,33,16,9,4,0,2,12,12,2,6,0,2,7,1,11,7,6,49,2,27,8,1,0,9,48,15,13,12,6,11,0,1,3,0,0,1,2,0,10,5,0
6317367,2025-04-15,9,596554,Georgia,5,596553,Georgia Tech,2,1,1,1,1,0,0,1,0,15000,10620,1,31,5,10,2,0,2,5,4,1,9,0,0,0,0,5,7,7,36,0,27,7,3,1,9,35,4,2,2,4,12,0,0,1,0,0,0,0,0,7,8,0,1,31,2,4,1,0,1,2,4,0,12,0,0,0,0,7,8,6,35,0,24,8,0,0,8,36,10,5,5,4,9,0,1,2,0,0,0,0,0,5,7,0
6317374,2025-04-15,9,596425,Texas,11,596646,UTRGV,4,1,1,1,1,0,0,0,0,7163,11040,1,32,11,10,4,0,0,11,8,3,8,1,0,0,0,2,13,9,44,1,27,6,1,0,9,35,9,4,1,0,10,0,0,0,0,0,0,0,0,5,9,0,1,34,4,9,0,0,0,2,0,1,10,0,0,0,0,5,9,4,35,1,24,3,3,1,8,44,10,11,10,8,8,0,0,0,0,0,0,1,0,2,13,0
6303338,2025-04-16,9,596569,Iowa,12,596498,Bradley,5,1,1,1,1,0,0,0,0,703,11640,1,39,12,16,7,0,1,12,5,0,7,0,1,1,0,7,10,9,45,1,27,14,0,0,9,38,7,5,5,7,7,0,4,1,0,1,0,0,0,12,5,0,1,31,5,7,1,0,1,5,7,0,7,0,0,0,1,12,5,5,38,0,24,6,2,0,8,45,16,12,12,5,7,0,3,1,1,0,0,0,0,7,10,0
6303343,2025-04-17,9,596677,South Carolina,3,596607,Ole Miss,2,1,1,1,1,0,0,0,1,7523,7140,1,29,3,6,1,0,0,3,1,0,11,0,1,1,0,8,5,4,31,1,27,17,0,0,9,31,6,2,2,0,4,0,1,2,0,0,0,0,0,15,5,0,1,31,2,6,0,0,2,2,0,0,4,0,0,0,0,15,5,2,31,0,24,8,3,0,8,31,6,3,3,1,11,0,0,0,1,0,0,0,0,8,5,0
6303347,2025-04-17,10,596642,Old Dominion,5,596687,Louisiana,6,1,1,1,1,0,0,0,1,356,11940,1,43,5,12,1,0,0,5,6,1,12,0,0,1,0,9,9,15,50,3,30,14,0,0,10,48,8,6,6,4,10,0,0,0,3,1,0,1,0,11,7,0,1,35,6,8,1,0,0,6,4,6,10,1,2,3,1,11,7,12,48,1,30,10,0,0,10,50,12,5,5,6,12,0,1,0,1,0,0,0,0,9,9,2
6303350,2025-04-17,9,596583,LSU,11,596480,Alabama,6,1,1,1,1,0,0,0,1,11654,13260,1,38,11,13,1,0,3,10,4,0,11,0,1,2,0,4,9,8,43,0,27,9,0,0,9,40,7,6,6,4,13,0,1,4,0,0,0,0,0,9,5,0,1,33,6,7,1,0,4,6,4,2,13,0,1,0,0,9,5,7,40,3,24,4,0,0,8,43,13,11,10,4,11,0,3,3,2,0,0,0,0,4,9,0
6303363,2025-04-17,9,596418,Utah Tech,6,596462,Grand Canyon,5,1,1,1,1,0,0,0,1,782,9060,1,32,6,10,3,1,0,6,4,1,8,0,1,1,1,8,6,8,38,1,27,9,1,0,9,40,8,5,4,4,3,0,0,2,0,1,2,0,0,8,14,0,1,33,5,8,0,0,2,5,4,2,3,0,1,0,1,8,14,8,40,1,24,10,1,0,8,38,10,6,5,4,8,0,0,0,1,1,0,0,0,8,6,0
6303368,2025-04-17,9,596513,UC Irvine,3,596557,Hawaii,1,1,1,1,1,0,0,0,1,733,10560,1,28,3,7,1,0,0,3,6,3,5,0,1,2,0,6,11,9,38,0,27,13,1,0,9,38,8,1,1,8,5,0,0,0,1,3,0,0,0,9,8,0,1,30,1,8,2,0,0,1,8,0,5,0,0,1,3,9,8,10,38,0,24,9,2,0,8,38,7,3,3,6,5,0,1,0,2,0,0,0,0,6,11,0
6303372,2025-04-17,9,596426,UTSA,13,596701,Tulane,5,1,1,1,1,0,0,0,1,918,12120,1,33,13,11,4,1,2,12,8,3,9,2,0,0,0,5,9,9,46,0,27,14,0,0,9,41,11,5,5,4,6,0,0,1,1,0,0,0,0,11,9,0,1,37,5,11,1,0,1,5,4,0,6,0,0,1,0,11,9,9,41,1,24,6,1,0,8,46,11,13,12,8,9,0,3,2,0,0,0,2,0,5,9,0
6303381,2025-04-17,9,596488,Little Rock,10,596446,Western Ill.,8,1,1,1,1,0,0,0,1,265,12060,1,38,10,13,2,1,1,9,5,0,6,0,0,1,0,7,10,9,43,0,27,8,1,0,9,47,15,8,8,5,13,0,1,0,0,1,1,0,0,9,4,0,1,41,8,15,3,1,0,7,5,1,13,0,0,0,1,9,4,12,47,3,24,7,0,0,8,43,13,10,5,5,6,0,1,1,1,0,0,0,0,7,10,0
6303386,2025-04-17,9,596707,Fresno St.,9,596430,Air Force,8,1,1,1,1,0,0,0,1,1247,12000,1,36,9,15,1,0,1,8,5,1,5,1,0,2,0,7,10,10,43,1,27,8,1,0,9,41,12,8,7,4,11,0,1,0,0,1,0,1,0,7,7,0,1,36,8,12,2,0,0,7,4,0,11,1,0,0,1,7,7,6,41,1,24,7,1,0,8,43,15,9,9,5,5,0,0,1,2,0,0,1,0,7,10,0
6303388,2025-04-17,9,596672,San Jose St.,2,596669,San Diego St.,5,1,1,1,1,0,0,0,1,339,8880,1,30,2,4,1,0,0,2,3,1,8,1,0,1,0,8,11,6,35,0,27,10,0,1,9,37,8,5,4,3,4,0,1,1,0,1,0,1,0,10,12,0,1,31,5,8,1,0,1,3,3,0,4,1,2,0,1,10,12,5,37,2,27,8,0,0,9,35,4,2,1,3,8,0,0,0,1,0,1,1,0,8,11,0
6303389,2025-04-17,9,596487,Arkansas,4,596420,Texas A&M,7,1,1,1,1,0,0,0,1,10915,10920,1,35,4,9,2,0,1,4,2,0,6,0,0,0,0,13,7,6,37,2,27,10,1,0,9,41,9,7,6,3,12,0,3,1,0,0,0,0,0,9,5,0,1,36,7,9,1,0,1,7,3,2,12,0,0,0,0,9,5,7,41,0,27,15,1,0,9,37,9,4,4,2,6,0,0,1,0,0,0,0,0,13,7,0
6303390,2025-04-17,9,596519,UCF,1,596421,TCU,6,1,1,1,1,0,0,0,1,2115,9900,1,31,1,6,1,0,0,1,0,2,4,1,0,1,0,11,10,6,34,0,27,15,2,0,9,38,9,6,6,3,7,0,0,1,2,1,1,0,0,9,8,0,1,33,6,9,0,0,1,5,3,2,7,0,0,2,1,9,8,4,38,2,27,12,1,0,9,34,6,1,0,0,4,0,0,0,1,0,0,1,0,11,10,1
6307958,2025-04-17,9,596425,Texas,3,596489,Auburn,2,1,1,1,1,0,0,0,1,7211,9540,1,30,3,8,1,0,1,3,1,1,9,0,0,0,1,11,2,5,32,0,27,12,1,0,9,35,5,2,2,2,8,0,0,1,0,0,0,0,0,11,8,0,1,31,2,5,0,0,1,2,2,1,8,0,1,0,0,11,8,6,35,1,24,13,0,0,8,32,8,3,3,1,9,0,1,1,0,1,0,0,0,11,2,0
6308027,2025-04-17,9,596442,Washington St.,0,596620,Nevada,19,1,1,1,1,0,0,0,1,830,10620,1,33,0,6,0,0,0,0,1,0,8,0,0,0,0,9,10,7,34,5,27,17,0,0,9,51,17,19,16,5,6,0,1,2,1,0,0,0,0,16,2,0,1,43,19,17,4,1,2,16,5,3,6,0,0,1,0,16,2,5,51,0,27,10,2,0,9,34,6,0,0,1,8,0,0,0,0,0,0,0,0,9,10,0
6308083,2025-04-17,9,596499,BYU,12,596706,Arizona,5,1,1,1,1,0,0,0,1,1784,10080,1,33,12,12,3,0,0,12,4,4,12,1,0,0,2,5,5,6,42,0,27,9,0,1,9,42,8,5,5,4,6,0,0,0,0,0,0,0,0,8,12,0,1,34,5,8,5,0,0,5,4,4,6,0,0,0,0,8,12,10,42,1,24,8,1,0,8,42,12,12,12,4,12,0,0,0,0,2,0,1,0,5,5,0
6309723,2025-04-17,9,596444,West Virginia,3,596521,Cincinnati,2,1,1,1,1,0,0,0,1,3370,10560,1,28,3,5,1,0,0,2,5,0,6,0,0,1,2,10,7,6,33,1,27,9,0,0,9,36,6,2,2,3,11,0,0,0,2,0,0,0,0,8,7,1,1,31,2,6,0,0,0,2,3,1,11,0,1,2,0,8,7,7,36,0,24,10,1,2,8,33,5,3,2,5,6,0,1,0,1,2,0,0,0,10,7,0
6313012,2025-04-17,9,596619,UNLV,7,596623,New Mexico,13,1,1,1,1,0,0,0,1,520,10500,1,38,7,9,1,0,1,7,6,0,6,0,0,1,0,6,15,10,44,2,27,3,0,0,9,46,15,13,13,4,10,0,0,6,1,0,0,1,0,4,13,0,1,41,13,15,2,0,6,12,4,0,10,1,0,1,0,4,13,6,46,2,27,6,0,0,9,44,9,7,5,6,6,0,0,1,1,0,0,0,0,6,15,0
6313302,2025-04-17,9,596523,Clemson,7,596585,Louisville,6,1,1,1,1,0,0,0,1,4943,11220,1,30,7,5,0,0,2,6,6,1,8,0,1,1,0,6,10,7,38,3,27,6,1,0,9,39,9,6,2,1,11,0,1,0,1,0,0,1,0,7,8,0,1,36,6,9,2,0,0,5,1,0,11,1,1,1,0,7,8,6,39,1,24,7,1,1,8,38,5,7,4,6,8,0,3,2,1,0,0,0,0,6,10,0
6317439,2025-04-17,,596545,Florida St.,,596439,Virginia,,1,1,0,0,1,0,0,1,,,0,0,0,0,0,0,0,0,0,0,0,0,0,0,0,0,0,0,0,0,0,0,0,0,0,0,0,0,0,0,0,0,0,0,0,0,0,0,0,0,0,0,0,0,0,0,0,0,0,0,0,0,0,0,0,0,0,0,0,0,0,0,0,0,0,0,0,0,0,0,0,0,0,0,0,0,0,0,0,0,0,0,0,0
6355491,2025-04-17,9,596434,Vanderbilt,3,596554,Georgia,1,1,1,1,1,0,0,0,1,3802,10440,1,30,3,7,1,1,1,3,2,2,10,0,0,1,0,7,6,7,34,0,27,5,0,0,9,33,5,1,1,1,15,0,0,1,0,0,0,0,0,5,7,0,1,32,1,5,0,0,1,1,1,0,15,0,0,0,0,5,7,5,33,0,24,8,0,0,8,34,7,3,3,2,10,0,0,1,1,0,0,0,0,7,6,0
6357711,2025-04-17,9,596485,Arizona St.,10,596423,Texas Tech,4,1,1,1,1,0,0,0,1,3124,9600,1,32,10,13,0,0,3,9,2,1,2,0,1,4,0,11,7,2,36,1,27,7,2,0,9,35,6,4,4,1,17,0,0,0,2,0,0,0,0,5,4,0,1,33,4,6,3,0,0,4,1,1,17,0,0,2,0,5,4,4,35,1,24,16,0,0,8,36,13,10,10,2,2,0,0,3,4,0,0,0,0,11,7,0
6358228,2025-04-17,8,596608,Missouri,4,596641,Oklahoma,17,1,1,1,1,0,0,0,1,1431,11400,1,27,4,5,0,1,0,2,3,2,6,1,0,0,2,12,4,5,33,1,24,8,1,0,8,50,15,17,17,9,8,0,1,2,4,0,0,0,0,4,9,0,1,36,17,15,4,0,2,17,9,5,8,0,0,4,0,4,9,8,50,1,24,10,1,0,8,33,5,4,2,3,6,0,0,0,0,2,0,1,0,12,4,0
6303395,2025-04-18,8,596605,Mississippi St.,3,596546,Florida,13,1,1,1,1,0,0,0,1,11925,10500,1,33,3,10,1,0,2,3,2,0,10,0,0,0,0,6,8,8,35,0,24,6,1,0,8,45,17,13,13,3,14,0,1,3,3,0,0,1,0,8,3,0,1,41,13,17,5,0,3,12,3,0,14,1,0,3,0,8,3,8,45,0,24,6,0,0,8,35,10,3,3,2,10,0,0,2,0,0,0,0,0,6,8,0
6303397,2025-04-18,9,596677,South Carolina,7,596607,Ole Miss,2,1,1,1,1,0,0,0,1,7256,10740,1,30,7,7,0,0,2,5,7,0,9,0,2,1,0,9,5,8,39,0,27,13,1,0,9,34,4,2,2,5,7,0,0,1,0,0,0,0,0,12,6,0,1,29,2,4,1,0,1,2,5,0,7,0,0,0,0,12,6,5,34,3,24,10,2,0,8,39,7,7,5,7,9,0,4,2,1,0,0,0,0,9,5,0
6303401,2025-04-18,9,596642,Old Dominion,6,596687,Louisiana,5,1,1,1,1,0,0,0,1,572,11820,1,36,6,11,1,1,0,6,5,2,3,0,2,2,0,12,10,11,45,1,27,8,1,0,9,39,10,5,3,4,10,0,3,0,0,1,0,0,0,6,8,1,1,35,5,10,1,0,0,4,4,0,10,0,0,0,1,6,8,7,39,3,26,10,2,0,8.2,45,11,6,3,5,3,0,0,0,2,0,0,0,0,12,10,0
6303403,2025-04-18,9,596721,Tennessee,8,596577,Kentucky,2,1,1,1,1,0,0,0,1,5956,10740,1,32,8,9,1,0,3,8,6,0,8,0,0,0,0,6,9,6,38,0,27,9,1,0,9,35,5,2,2,1,11,0,0,1,0,0,0,0,0,9,7,0,1,32,2,5,1,0,1,2,1,2,11,0,0,0,0,9,7,6,35,0,24,6,0,0,8,38,9,8,8,6,8,0,1,3,0,0,0,0,0,6,9,0
6303405,2025-04-18,9,596583,LSU,4,596480,Alabama,3,1,1,1,1,0,0,0,1,12278,11340,1,36,4,12,3,0,0,4,4,0,10,0,0,2,0,3,11,12,40,0,27,2,0,0,9,40,8,3,3,5,16,0,1,0,1,0,0,1,0,4,7,0,1,33,3,8,3,0,0,3,5,0,16,1,1,1,0,4,7,10,40,2,24,3,0,0,8,40,12,4,4,4,10,0,0,0,2,0,0,0,0,3,11,0
6303406,2025-04-18,9,596688,Stanford,3,596637,Notre Dame,9,1,1,1,1,0,0,0,1,1962,10740,1,30,3,5,2,0,0,3,2,2,6,0,0,0,3,6,12,4,34,1,27,11,0,0,9,44,9,9,8,5,10,0,1,1,2,0,0,1,0,11,6,0,1,34,9,9,1,0,1,8,5,2,10,1,2,2,0,11,6,8,44,2,27,8,0,0,9,34,5,3,1,2,6,0,0,0,0,3,0,0,0,6,12,0
6303420,2025-04-18,9,596672,San Jose St.,3,596669,San Diego St.,9,1,1,1,1,0,0,0,1,403,11940,1,29,3,6,0,0,0,3,6,2,7,0,1,2,0,7,10,8,38,3,27,17,3,1,9,43,13,9,8,3,2,0,1,0,1,1,0,1,0,15,8,0,1,37,9,13,3,0,0,6,3,1,2,1,1,1,1,15,8,7,43,0,27,12,1,0,9,38,6,3,3,6,7,0,2,0,2,0,0,0,0,7,10,0
6303435,2025-04-18,9,596418,Utah Tech,0,596462,Grand Canyon,7,1,1,1,1,0,0,0,1,565,9420,1,33,0,7,1,0,0,0,1,0,9,0,0,0,1,10,6,7,34,1,27,12,1,0,9,42,11,7,6,6,9,0,3,1,1,0,0,1,0,10,5,0,1,34,7,11,2,0,1,6,6,0,9,1,1,1,0,10,5,8,42,1,27,11,3,0,9,34,7,0,0,1,9,0,0,0,0,1,0,0,0,10,6,0
6303438,2025-04-18,9,596644,Oregon,2,596514,UCLA,1,1,1,1,1,0,0,0,1,3524,7860,1,28,2,7,0,0,1,2,1,0,8,0,0,2,0,8,5,3,29,0,27,6,3,0,9,29,2,1,1,1,7,0,0,1,0,0,0,0,0,6,13,0,1,28,1,2,0,0,1,1,1,0,7,0,0,0,0,6,13,1,29,0,24,10,0,0,8,29,7,2,2,1,8,0,0,1,2,0,0,0,0,8,5,0
6303439,2025-04-18,9,596575,Kansas,5,596574,Kansas St.,3,1,1,1,1,0,0,0,1,2162,10740,1,32,5,7,1,1,1,5,6,0,12,0,0,0,0,5,7,9,38,0,27,13,0,0,9,39,6,3,3,7,5,0,2,0,0,1,0,0,0,12,8,0,1,31,3,6,2,0,0,2,7,1,5,0,0,0,1,12,8,9,39,1,24,5,1,0,8,38,7,5,5,6,12,0,0,1,0,0,0,0,0,5,7,0
6303442,2025-04-18,9,596513,UC Irvine,4,596557,Hawaii,0,1,1,1,1,0,0,0,1,1170,8880,1,30,4,7,2,0,0,3,5,3,4,1,0,0,0,7,13,11,39,1,27,9,0,0,9,33,3,0,0,2,10,0,0,0,0,0,0,0,0,7,11,0,1,31,0,3,0,0,0,0,2,0,10,0,0,0,0,7,11,6,33,1,24,8,0,1,8,39,7,4,3,5,4,0,1,0,0,0,0,1,0,7,13,0
6303446,2025-04-18,9,596426,UTSA,3,596701,Tulane,5,1,1,1,1,0,0,0,1,902,10800,1,34,3,9,2,0,1,3,2,2,10,0,0,0,1,10,5,8,38,0,27,12,1,0,9,42,13,5,5,3,8,0,0,0,0,0,0,1,0,11,7,0,1,36,5,13,3,1,0,5,3,0,8,1,2,0,0,11,7,10,42,0,27,12,1,0,9,38,9,3,3,2,10,0,2,1,0,1,1,0,0,10,5,0
6303452,2025-04-18,9,596602,Michigan,5,596569,Iowa,6,1,1,1,1,0,0,0,1,1604,13020,1,32,5,7,3,0,0,4,6,1,8,1,1,1,0,9,8,9,41,1,27,14,2,0,9,41,13,6,4,1,5,0,0,1,1,0,0,0,0,12,8,0,1,39,6,13,3,0,1,6,1,0,5,0,1,1,0,12,8,8,41,2,27,8,1,0,9,41,7,5,3,6,8,0,0,0,1,0,0,1,0,9,8,0
6303454,2025-04-18,9,596488,Little Rock,11,596446,Western Ill.,7,1,1,1,1,0,0,0,1,307,10620,1,39,11,17,4,0,4,11,3,1,1,0,0,1,1,9,12,8,43,1,27,16,1,0,9,45,13,7,6,5,5,0,1,2,1,0,0,0,0,13,5,0,1,37,7,13,1,0,2,7,5,3,5,0,0,1,0,13,5,11,45,0,24,11,3,0,8,43,17,11,11,3,1,0,1,4,1,1,0,0,0,9,12,0
6303461,2025-04-18,9,596707,Fresno St.,5,596430,Air Force,1,1,1,1,1,0,0,0,1,1280,9420,1,31,5,9,2,0,2,5,4,0,4,0,1,2,0,7,12,7,36,0,27,4,0,0,9,34,4,1,1,4,12,0,0,1,1,0,0,0,0,5,9,0,1,30,1,4,1,1,1,1,4,0,12,0,0,1,0,5,9,6,34,0,24,8,1,0,8,36,9,5,5,4,4,0,0,2,2,0,0,0,0,7,12,0
6303462,2025-04-18,9,596487,Arkansas,2,596420,Texas A&M,9,1,1,1,1,0,0,0,1,10915,12180,1,35,2,9,2,0,0,2,2,0,13,2,0,0,0,4,10,10,39,1,27,8,0,0,9,43,11,9,9,5,7,0,3,3,2,0,0,1,0,7,12,0,1,36,9,11,3,0,3,9,5,0,7,1,1,2,0,7,12,5,43,1,27,4,0,0,9,39,9,2,2,2,13,0,0,0,0,0,0,2,0,4,10,2
6303463,2025-04-18,9,596519,UCF,5,596421,TCU,1,1,1,1,1,0,0,0,1,2202,10740,1,27,5,6,3,0,2,5,9,0,10,0,2,0,2,7,5,9,38,0,27,9,0,0,9,36,8,1,1,2,15,0,0,0,0,1,0,0,0,6,4,0,1,33,1,8,0,2,0,1,2,1,15,0,0,0,1,6,4,8,36,2,24,9,1,1,8,38,6,5,5,9,10,0,0,2,0,2,0,0,0,7,5,0
6303537,2025-04-18,9,596487,Arkansas,11,596420,Texas A&M,5,1,1,1,1,0,0,0,1,10119,10860,1,33,11,12,2,0,3,11,2,2,6,2,0,0,0,6,11,4,39,0,27,6,1,0,9,41,10,5,5,5,13,0,1,3,0,0,0,0,0,7,6,0,1,36,5,10,1,0,3,5,5,0,13,0,0,0,0,7,6,8,41,0,24,8,0,0,8,39,12,11,11,2,6,0,0,3,0,0,0,2,0,6,11,0
6307960,2025-04-18,9,596425,Texas,8,596489,Auburn,3,1,1,1,1,0,0,0,1,7290,11460,1,32,8,11,3,0,0,7,4,2,11,0,0,0,1,6,4,6,38,0,27,4,2,0,9,40,6,3,3,3,11,0,0,2,1,0,0,0,0,3,12,0,1,32,3,6,0,0,2,3,3,5,11,0,0,1,0,3,12,10,40,1,24,8,0,0,8,38,11,8,7,4,11,0,3,0,0,1,0,0,0,6,4,0
6308029,2025-04-18,9,596442,Washington St.,5,596620,Nevada,10,1,1,1,1,0,0,0,1,1059,12000,1,34,5,11,2,0,0,5,8,2,6,0,2,1,0,11,8,13,46,0,27,12,0,0,9,45,14,10,10,4,4,0,0,2,1,0,0,1,0,12,11,0,1,40,10,14,1,1,2,10,4,0,4,1,0,1,0,12,11,8,45,0,27,13,0,0,9,46,11,5,5,8,6,0,2,0,1,0,0,0,0,11,8,0
6308084,2025-04-18,9,596499,BYU,4,596706,Arizona,5,1,1,1,1,0,0,0,1,1434,10920,1,36,4,13,2,0,1,4,3,2,10,0,0,1,0,9,4,10,41,0,27,12,3,0,9,38,9,5,5,4,5,0,1,1,1,1,0,0,0,11,8,0,1,33,5,9,1,0,1,4,4,1,5,0,0,1,1,11,8,6,38,0,27,12,2,0,9,41,13,4,4,3,10,0,0,1,1,0,0,0,0,9,4,0
6309724,2025-04-18,9,596444,West Virginia,6,596521,Cincinnati,4,1,1,1,1,0,0,0,1,4289,11640,1,31,6,11,0,0,3,6,0,0,5,1,1,0,0,6,11,3,33,2,27,10,0,0,9,40,5,4,4,3,8,0,0,1,2,0,0,1,0,10,9,0,1,32,4,5,2,1,1,4,3,3,8,1,1,2,0,10,9,9,40,0,24,9,0,1,8,33,11,6,6,0,5,0,2,3,0,0,0,1,0,6,11,0
6310682,2025-04-18,9,596647,Penn St.,10,596653,Purdue,2,1,1,1,1,0,0,0,1,1456,11340,1,36,10,13,5,1,0,9,3,1,11,0,1,1,0,3,9,7,41,0,27,10,0,0,9,34,5,2,2,0,11,0,0,1,0,0,0,0,0,9,6,0,1,30,2,5,1,0,1,2,0,3,11,0,1,0,0,9,6,5,34,3,24,4,1,0,8,41,13,10,9,3,11,0,1,0,1,0,0,0,0,3,9,0
6311165,2025-04-18,9,596712,Nebraska,7,596636,Northwestern,9,1,1,1,1,0,0,0,1,4832,10320,1,38,7,12,5,0,4,7,1,1,9,1,0,1,0,4,13,7,41,1,27,10,0,0,9,42,9,9,9,7,4,0,2,5,0,1,0,0,0,9,12,0,1,34,9,9,1,0,5,9,7,0,4,0,1,0,1,9,12,6,42,1,27,4,0,0,9,41,12,7,7,1,9,0,0,4,1,0,0,1,0,4,13,1
6311233,2025-04-18,9,596601,Michigan St.,11,596639,Ohio St.,4,1,1,1,1,0,0,0,1,1331,9600,1,38,11,17,5,1,3,10,2,1,9,0,0,2,1,8,4,6,41,1,27,8,1,0,9,36,5,4,4,3,8,0,1,1,0,0,0,0,0,11,8,0,1,33,4,5,1,0,1,3,3,0,8,0,0,0,0,11,8,5,36,1,24,12,0,0,8,41,17,11,10,2,9,0,2,3,2,1,0,0,0,8,4,0
6311889,2025-04-18,9,596465,Seattle U,12,596757,Western Ore.,5,1,0,1,1,0,0,0,0,134,8040,1,34,12,12,3,0,2,11,1,0,9,2,1,2,0,7,8,2,38,0,27,9,0,0,9,37,7,5,5,1,7,0,0,0,1,0,1,0,0,10,9,0,1,34,5,7,2,0,0,5,1,2,7,0,0,1,0,10,9,5,37,1,24,8,1,0,8,38,12,12,10,1,9,0,1,2,2,0,0,2,0,7,8,0
6313014,2025-04-18,9,596619,UNLV,10,596623,New Mexico,3,1,1,1,1,0,0,0,1,585,9720,1,31,10,8,0,0,1,9,13,2,6,2,1,0,0,7,11,15,49,0,27,4,0,1,9,38,9,3,2,2,10,0,0,0,0,0,0,0,0,5,12,0,1,36,3,9,1,1,0,3,2,0,10,0,0,0,0,5,12,8,38,2,24,6,0,2,8,49,8,10,9,13,6,0,0,1,0,0,0,2,0,7,11,0
6313305,2025-04-18,9,596523,Clemson,2,596585,Louisville,1,1,1,1,1,0,0,0,1,5237,9780,1,29,2,6,1,0,1,2,1,1,6,0,1,1,0,11,7,6,32,0,27,10,0,0,9,32,5,1,1,0,4,0,1,1,0,0,0,0,0,10,12,0,1,31,1,5,2,0,1,1,0,1,4,0,0,0,0,10,12,4,32,0,24,10,1,2,8,32,6,2,2,1,6,0,0,1,1,0,0,0,0,11,7,0
6316378,2025-04-18,9,596600,Miami (FL),4,596553,Georgia Tech,2,1,1,1,1,0,0,0,1,2947,10380,1,29,4,7,1,0,1,2,3,0,5,0,1,0,1,7,9,5,33,3,27,7,0,0,9,41,8,2,1,5,11,0,0,0,3,0,0,0,0,7,9,0,1,35,2,8,0,0,0,1,5,1,11,0,0,3,0,7,9,12,41,3,24,12,0,0,8,34,7,4,2,3,5,0,0,1,0,1,0,0,0,7,9,0
6317442,2025-04-18,,596545,Florida St.,,596439,Virginia,,1,1,0,0,1,0,0,1,,,0,0,0,0,0,0,0,0,0,0,0,0,0,0,0,0,0,0,0,0,0,0,0,0,0,0,0,0,0,0,0,0,0,0,0,0,0,0,0,0,0,0,0,0,0,0,0,0,0,0,0,0,0,0,0,0,0,0,0,0,0,0,0,0,0,0,0,0,0,0,0,0,0,0,0,0,0,0,0,0,0,0,0,0
6355492,2025-04-18,9,596434,Vanderbilt,13,596554,Georgia,7,1,1,1,1,0,0,0,1,3802,16500,1,36,13,13,2,0,4,13,7,0,11,0,0,2,0,3,9,5,43,1,27,8,0,1,9,41,7,7,7,5,12,0,0,2,0,1,0,0,0,6,7,0,1,33,7,7,3,0,2,7,5,3,12,0,0,0,1,6,7,7,41,1,24,5,1,0,8,43,13,13,13,7,11,0,2,4,2,0,0,0,0,3,9,0
6357553,2025-04-18,9,596438,Virginia Tech,6,596614,North Carolina,9,1,1,1,1,0,0,0,1,2288,14460,1,37,6,10,2,0,3,6,4,0,13,0,0,1,0,6,8,8,41,0,27,7,0,0,9,44,13,9,9,8,13,0,2,2,2,1,0,1,0,6,4,0,1,35,9,13,1,1,2,9,8,0,13,1,0,2,1,6,4,8,44,0,27,6,3,0,9,41,10,6,6,4,13,0,0,3,1,0,0,0,0,6,8,0
6357712,2025-04-18,9,596485,Arizona St.,9,596423,Texas Tech,8,1,1,1,1,0,0,0,1,3282,12000,1,35,9,11,1,0,1,9,7,1,6,0,0,1,1,7,9,10,43,2,27,8,1,0,9,43,9,8,4,5,12,0,0,0,5,0,0,0,0,7,8,0,1,37,8,9,5,0,0,7,5,1,12,0,0,5,0,7,8,8,43,2,24,8,0,0,8,43,11,9,9,7,6,0,1,1,1,1,0,0,0,7,9,0
6374701,2025-04-18,8,596608,Missouri,7,596641,Oklahoma,17,1,1,1,1,0,0,0,1,0,12000,1,34,7,10,1,0,2,6,3,1,11,0,0,1,0,6,6,7,38,1,24,8,1,0,8,52,18,17,17,11,7,0,4,4,2,1,0,1,0,6,7,0,1,38,17,18,4,0,4,16,11,2,7,1,0,2,1,6,7,11,52,1,24,6,1,0,8,38,10,7,7,3,11,0,0,2,1,0,0,0,0,6,6,0
6374803,2025-04-18,7,596608,Missouri,1,596641,Oklahoma,12,1,1,1,1,0,0,0,1,1396,9060,1,23,1,3,0,0,0,1,2,2,11,0,0,1,0,7,2,5,27,1,21,8,1,2,7,42,13,12,12,5,4,0,0,4,1,1,0,0,0,6,10,0,1,34,12,13,4,1,4,12,5,3,4,0,0,1,1,6,10,9,42,0,21,9,0,0,7,27,3,1,1,2,11,0,0,0,1,0,0,0,0,7,2,0
6303465,2025-04-19,9,596605,Mississippi St.,8,596546,Florida,11,1,1,1,1,0,0,0,1,11413,12900,1,37,8,11,0,0,2,8,2,3,14,0,0,1,0,5,7,6,42,2,27,12,0,2,9,47,11,11,9,8,12,0,4,0,2,1,0,0,0,10,4,0,1,38,11,11,4,0,0,10,8,0,12,0,1,2,1,10,4,9,47,1,27,7,1,0,9,42,11,8,8,2,14,0,0,2,1,0,0,0,0,5,7,0
6303467,2025-04-19,7,596677,South Carolina,2,596607,Ole Miss,12,1,1,1,1,0,0,0,1,7720,9840,1,24,2,3,0,0,1,2,4,0,5,0,0,0,0,5,10,5,28,0,21,3,1,0,7,43,13,12,12,10,7,0,0,4,4,0,0,0,0,2,11,0,1,33,12,13,0,0,4,12,10,0,7,0,0,4,0,2,11,10,43,1,21,6,1,0,7,28,3,2,2,4,5,0,0,1,0,0,0,0,0,5,10,0
6303470,2025-04-19,8,596642,Old Dominion,0,596687,Louisiana,10,1,1,1,1,0,0,0,1,641,9240,1,29,0,6,2,0,0,0,1,2,8,0,0,0,0,11,4,8,32,1,24,9,1,0,8,43,16,10,10,3,2,0,0,1,1,0,0,0,0,11,10,0,1,37,10,16,2,0,1,10,3,0,2,0,3,1,0,11,10,9,43,0,24,8,1,0,8,32,6,0,0,1,8,0,0,0,0,0,0,0,0,11,4,0
6303472,2025-04-19,9,596721,Tennessee,1,596577,Kentucky,4,1,1,1,1,0,0,0,1,5801,11040,1,31,1,3,0,0,0,1,4,0,15,0,0,0,0,7,5,7,35,2,27,11,0,0,9,41,8,4,2,6,10,0,0,0,10,1,0,1,0,9,7,0,1,33,4,8,2,0,0,2,6,1,10,1,0,10,1,9,7,10,41,1,27,7,0,0,9,35,3,1,0,4,15,0,0,0,0,0,0,0,0,7,5,0
6303474,2025-04-19,9,596583,LSU,4,596480,Alabama,7,1,1,1,1,0,0,0,1,11833,13140,1,33,4,7,0,1,2,4,4,0,9,0,0,0,0,6,10,6,37,1,27,10,2,0,9,48,9,7,6,10,9,0,3,1,0,0,0,1,0,10,8,0,1,35,7,9,0,0,1,7,10,2,9,1,0,0,0,10,8,14,48,1,27,6,0,1,9,37,7,4,2,4,9,0,0,2,0,0,0,0,0,6,10,1
6303475,2025-04-19,7,596688,Stanford,0,596637,Notre Dame,11,1,1,1,1,0,0,0,1,2340,8580,1,23,0,4,0,0,0,0,0,1,6,0,0,0,1,4,9,3,24,2,21,8,1,0,7,39,9,11,7,7,4,0,0,2,0,0,0,1,0,9,8,0,1,29,11,9,2,0,2,10,7,0,4,1,2,0,0,9,8,7,39,0,21,6,0,1,7,24,4,0,0,0,6,0,0,0,0,1,0,0,0,4,9,0
6303481,2025-04-19,9,596418,Utah Tech,9,596462,Grand Canyon,1,1,1,1,1,0,0,0,1,634,8880,1,35,9,13,3,0,3,9,2,0,4,0,1,1,1,8,11,5,38,1,27,9,0,0,9,35,6,1,1,2,5,0,0,0,1,0,0,0,0,9,12,0,1,33,1,6,0,1,0,1,2,0,5,0,0,1,0,9,12,7,35,0,24,8,0,0,8,38,13,9,9,2,4,0,1,3,1,1,0,0,0,8,11,0
6303492,2025-04-19,9,596672,San Jose St.,0,596669,San Diego St.,2,1,1,1,1,0,0,0,1,373,10860,1,32,0,4,0,0,0,0,1,1,6,0,0,1,0,8,13,7,34,2,27,9,0,1,9,38,9,2,1,2,3,0,0,0,3,1,0,0,0,7,15,0,1,34,2,9,1,0,0,2,2,1,3,0,1,3,1,7,15,9,38,1,27,8,1,0,9,34,4,0,0,1,6,0,0,0,1,0,0,0,0,8,13,0
6303496,2025-04-19,9,596513,UC Irvine,5,596557,Hawaii,0,1,1,1,1,0,0,0,1,1089,7980,1,32,5,9,1,0,2,5,2,0,10,0,1,0,0,3,11,6,35,1,27,12,0,0,9,31,2,0,0,1,10,0,0,0,0,0,0,0,0,11,4,0,1,28,0,2,0,0,0,0,1,2,10,0,0,0,0,11,4,4,31,0,24,3,2,0,8,35,9,5,5,2,10,0,0,2,0,0,0,0,0,3,11,0
6303498,2025-04-19,9,596519,UCF,4,596421,TCU,2,1,1,1,1,0,0,0,1,1981,8520,1,32,4,8,2,0,2,4,2,0,4,0,0,1,0,10,10,6,34,0,27,7,0,0,9,33,5,2,2,0,10,0,2,0,0,0,0,0,0,8,9,0,1,32,2,5,0,0,0,2,0,1,10,0,0,0,0,8,9,4,33,0,24,11,0,0,8,34,8,4,4,2,4,0,0,2,1,0,0,0,0,10,10,0
6303502,2025-04-19,7,596426,UTSA,25,596701,Tulane,7,1,1,1,1,0,0,0,1,612,11700,1,34,25,17,1,0,4,25,15,4,8,1,0,0,0,5,5,11,54,0,21,4,0,2,7,35,11,7,5,2,8,0,1,1,0,0,0,1,0,5,8,0,1,31,7,11,3,0,1,6,2,1,8,1,0,0,0,5,8,7,35,0,18,4,0,0,6,54,17,25,25,15,8,0,3,4,0,0,0,1,0,5,5,0
6303517,2025-04-19,9,596488,Little Rock,6,596446,Western Ill.,8,1,1,1,1,0,0,0,1,343,12420,1,38,6,12,3,0,3,6,1,1,7,0,1,0,0,9,11,8,41,2,27,13,0,0,9,48,10,8,6,10,8,0,1,1,2,0,0,0,0,14,3,0,1,36,8,10,2,0,1,6,10,2,8,0,0,2,0,14,3,13,48,0,27,8,2,0,9,41,12,6,6,1,7,0,0,3,0,0,0,0,0,9,11,0
6303523,2025-04-19,9,596707,Fresno St.,3,596430,Air Force,8,1,1,1,1,0,0,0,1,1204,11640,1,32,3,6,1,0,1,3,4,1,5,1,0,0,0,9,13,8,38,0,27,11,0,0,9,43,13,8,8,6,7,0,2,1,2,1,0,0,0,7,10,0,1,35,8,13,1,0,1,7,6,0,7,0,2,2,1,7,10,7,43,0,27,8,1,0,9,38,6,3,3,4,5,0,3,1,0,0,0,1,0,9,13,0
6303524,2025-04-19,9,596575,Kansas,6,596574,Kansas St.,3,1,1,1,1,0,0,0,1,2169,9300,1,32,6,11,2,0,0,5,4,0,6,0,0,0,0,8,4,6,36,0,27,14,4,0,9,36,7,3,3,1,8,0,0,1,0,0,0,0,0,10,7,0,1,32,3,7,0,0,1,3,1,3,8,0,0,0,0,10,7,6,36,3,24,12,1,0,8,36,11,6,6,4,6,0,1,0,0,0,0,0,0,8,4,0
6303529,2025-04-19,9,596602,Michigan,2,596569,Iowa,3,1,1,1,1,0,0,0,1,1531,9600,1,34,2,9,1,0,1,2,2,0,10,1,0,0,0,7,9,8,37,2,27,16,1,0,9,34,6,3,1,1,9,0,1,0,0,1,0,1,0,12,4,1,1,30,3,6,2,0,0,3,1,1,9,1,1,0,1,12,4,4,34,0,27,5,1,0,9,37,9,2,2,2,10,0,0,1,0,0,1,1,0,7,9,0
6303533,2025-04-19,8,596644,Oregon,4,596514,UCLA,14,1,1,1,1,0,0,0,1,3973,10800,1,30,4,8,0,0,3,4,3,2,3,0,0,1,0,9,10,7,35,2,24,9,2,0,8,44,12,14,12,1,3,0,1,3,0,0,0,1,0,8,12,0,1,33,14,12,2,0,3,11,1,7,3,1,2,0,0,8,12,6,44,0,24,9,1,0,8,35,8,4,4,3,3,0,1,3,1,0,0,0,0,9,10,0
6303551,2025-04-19,9,596575,Kansas,6,596574,Kansas St.,5,1,1,1,1,0,0,0,1,1862,10080,1,31,6,8,1,0,1,6,5,2,6,1,0,0,0,8,10,9,39,1,27,1,0,0,9,40,9,5,2,1,11,0,0,0,0,0,0,2,0,2,14,0,1,35,5,9,2,0,0,5,1,2,11,2,0,0,0,2,14,8,40,0,24,6,0,0,8,39,8,6,6,5,6,0,0,1,0,0,0,1,0,8,10,0
6307961,2025-04-19,7,596425,Texas,14,596489,Auburn,2,1,1,1,1,0,0,0,1,7328,9420,1,37,14,15,3,0,4,14,3,1,6,0,0,1,0,6,8,7,41,0,21,7,0,0,7,27,4,2,2,2,6,0,1,1,0,0,0,0,0,9,6,0,1,25,2,4,2,0,1,1,2,0,6,0,0,0,0,9,6,4,27,2,20,6,0,0,6.2,41,15,14,10,3,6,0,0,4,1,0,0,0,0,6,8,0
6308031,2025-04-19,7,596442,Washington St.,13,596620,Nevada,1,1,1,1,1,0,0,0,1,1000,8100,1,31,13,14,3,0,1,12,4,1,4,1,0,0,0,2,12,6,37,0,21,7,0,0,7,32,7,1,1,3,4,0,0,0,0,0,0,0,0,8,9,0,1,28,1,7,1,0,0,1,3,1,4,0,0,0,0,8,9,10,32,0,18,1,0,0,6,37,14,13,13,4,4,0,3,1,0,0,0,1,0,2,12,0
6308085,2025-04-19,9,596499,BYU,5,596706,Arizona,7,1,1,1,1,0,0,0,1,2550,12000,1,36,5,8,2,0,1,5,4,2,11,0,0,1,0,5,11,10,42,0,27,6,0,0,9,43,9,7,7,4,4,0,2,1,1,0,0,0,0,6,17,0,1,36,7,9,3,1,1,7,4,3,4,0,0,1,0,6,17,9,43,2,27,3,0,0,9,42,8,5,4,4,11,0,0,1,1,0,0,0,0,5,11,0
6309726,2025-04-19,9,596444,West Virginia,10,596521,Cincinnati,5,1,1,1,1,0,0,0,1,3776,11520,1,35,10,13,4,0,1,10,5,1,4,0,0,0,1,10,8,7,41,1,27,6,1,0,9,38,5,5,4,5,11,0,0,0,5,0,0,0,0,7,9,0,1,33,5,5,2,0,0,5,5,0,11,0,0,5,0,7,9,6,38,2,24,10,0,1,8,41,13,10,9,5,4,0,0,1,0,1,0,0,0,10,8,0
6310686,2025-04-19,9,596647,Penn St.,13,596653,Purdue,6,1,1,1,1,0,0,0,1,1961,11880,1,35,13,13,4,0,1,10,8,1,7,0,0,3,1,4,11,7,44,1,27,11,1,1,9,46,11,6,5,10,8,0,0,0,0,1,0,0,0,8,7,0,1,33,6,11,2,0,0,5,10,2,8,0,1,0,1,8,7,13,46,2,24,6,2,0,8,44,13,13,13,8,7,0,1,1,3,1,0,0,0,4,11,0
6311168,2025-04-19,7,596712,Nebraska,14,596636,Northwestern,4,1,1,1,1,0,0,0,1,0,7980,1,27,14,11,2,0,2,13,9,1,4,1,1,0,0,7,7,7,39,0,21,8,1,0,7,31,7,4,4,3,8,0,0,0,0,0,0,0,0,8,4,0,1,27,4,7,3,0,0,4,3,1,8,0,0,0,0,8,4,6,31,0,18,7,0,0,6,39,11,14,14,9,4,0,4,2,0,0,0,1,0,7,7,0
6311172,2025-04-19,9,596712,Nebraska,5,596636,Northwestern,2,1,1,1,1,0,0,0,1,5824,9480,1,29,5,9,1,0,0,3,5,0,6,1,2,3,1,6,11,8,37,1,27,10,0,0,9,35,6,2,1,1,8,0,0,1,0,0,0,0,0,9,10,0,1,34,2,6,3,0,1,2,1,0,8,0,0,0,0,9,10,6,35,2,24,7,0,1,8,37,9,5,5,5,6,0,3,0,3,1,0,1,0,6,11,0
6311234,2025-04-19,11,596601,Michigan St.,10,596639,Ohio St.,9,1,1,1,1,0,0,0,1,1262,13860,1,39,10,9,2,0,3,9,6,1,10,0,0,3,1,8,13,5,46,5,33,14,0,0,11,49,11,9,8,3,12,0,0,0,3,2,0,0,0,11,8,0,1,45,9,11,2,1,0,8,3,0,12,0,1,3,2,11,8,7,49,2,31,8,1,0,10.1,46,9,10,9,6,10,0,1,3,3,1,0,0,0,8,13,0
6311892,2025-04-19,9,596465,Seattle U,8,596757,Western Ore.,6,1,0,1,1,0,0,0,0,42,10020,1,31,8,12,2,2,1,8,7,0,4,1,1,1,1,6,11,8,40,1,27,6,2,1,9,41,4,6,6,7,16,0,2,1,0,0,0,0,0,6,4,0,1,29,6,4,1,1,1,5,7,3,16,0,2,0,0,6,4,8,41,0,24,8,0,0,8,40,12,8,8,7,4,0,0,1,1,1,0,1,0,6,11,1
6313019,2025-04-19,9,596619,UNLV,3,596623,New Mexico,6,1,1,1,1,0,0,0,1,595,9480,1,35,3,9,2,0,0,3,3,0,5,0,0,0,0,14,6,8,38,1,27,16,1,0,9,43,9,6,6,9,3,0,1,1,1,0,0,1,0,13,8,0,1,31,6,9,2,0,1,5,9,1,3,1,1,1,0,13,8,10,43,1,27,15,3,0,9,38,9,3,2,3,5,0,0,0,0,0,0,0,0,14,6,1
6313307,2025-04-19,12,596523,Clemson,6,596585,Louisville,8,1,1,1,1,0,0,0,1,5026,16800,1,45,6,10,1,0,2,5,12,1,11,0,0,4,1,10,11,16,58,1,36,16,2,0,12,53,11,8,8,8,8,0,3,2,1,1,0,1,0,14,11,0,1,42,8,11,0,0,2,7,8,0,8,1,2,1,1,14,11,8,53,3,36,14,2,1,12,58,10,6,4,12,11,0,3,2,4,1,0,0,0,10,11,0
6316379,2025-04-19,9,596600,Miami (FL),7,596553,Georgia Tech,2,1,1,1,1,0,0,0,1,2854,9000,1,32,7,12,3,0,2,7,1,0,6,2,1,0,1,8,9,5,36,1,27,11,0,0,9,35,7,2,2,2,10,0,0,0,1,0,0,0,0,9,5,0,1,32,2,7,2,0,0,2,2,1,10,0,0,1,0,9,5,6,35,1,24,8,3,0,8,36,12,7,7,1,6,0,0,2,0,1,0,2,0,8,9,0
6317444,2025-04-19,,596545,Florida St.,,596439,Virginia,,1,1,0,0,1,0,0,1,,,0,0,0,0,0,0,0,0,0,0,0,0,0,0,0,0,0,0,0,0,0,0,0,0,0,0,0,0,0,0,0,0,0,0,0,0,0,0,0,0,0,0,0,0,0,0,0,0,0,0,0,0,0,0,0,0,0,0,0,0,0,0,0,0,0,0,0,0,0,0,0,0,0,0,0,0,0,0,0,0,0,0,0,0
6355493,2025-04-19,9,596434,Vanderbilt,5,596554,Georgia,2,1,1,1,1,0,0,0,1,3802,9840,1,29,5,9,0,0,1,5,3,1,12,0,1,0,2,5,4,5,34,0,27,7,1,0,9,32,5,2,2,1,13,0,0,2,0,0,0,0,0,6,7,0,1,30,2,5,0,0,2,2,1,0,13,0,1,0,0,6,7,2,32,1,24,7,0,0,8,34,9,5,5,3,12,0,0,1,0,2,0,0,0,5,4,0
6357554,2025-04-19,9,596438,Virginia Tech,10,596614,North Carolina,6,1,1,1,1,0,0,0,1,2581,12780,1,35,10,12,0,0,5,10,3,0,3,0,0,0,0,12,8,4,38,1,27,6,1,1,9,39,10,6,5,1,10,0,0,1,2,0,0,1,0,8,9,0,1,37,6,10,3,0,1,6,1,0,10,1,0,2,0,8,9,6,39,1,24,11,0,0,8,38,12,10,9,3,3,0,0,5,0,0,0,0,0,12,8,0
6357713,2025-04-19,9,596485,Arizona St.,8,596423,Texas Tech,12,1,1,1,1,0,0,0,1,3734,10500,1,34,8,9,4,1,1,7,3,0,5,1,0,0,0,11,9,3,38,2,27,9,1,0,9,48,18,12,12,3,9,0,0,6,0,1,0,0,0,7,9,0,1,44,12,18,4,0,6,12,3,1,9,0,0,0,1,7,9,9,48,1,27,12,1,0,9,38,9,8,8,3,5,0,2,1,0,0,0,1,0,11,9,0
6303539,2025-04-20,9,596605,Mississippi St.,14,596546,Florida,8,1,1,1,1,0,0,0,1,9699,11100,1,38,14,16,1,0,4,13,3,3,10,1,0,0,0,6,8,7,45,1,27,14,1,0,9,44,13,8,8,4,7,0,2,4,1,1,0,0,0,12,6,1,1,38,8,13,1,1,4,7,4,2,7,0,0,1,1,12,6,9,44,0,24,7,1,1,8,45,16,14,13,3,10,0,1,4,0,0,1,1,0,6,8,0
6303540,2025-04-20,9,596721,Tennessee,2,596577,Kentucky,8,1,1,1,1,0,0,0,1,5586,10980,1,32,2,6,1,0,1,2,3,0,8,0,0,0,0,6,12,6,35,2,27,13,1,0,9,41,11,8,7,3,7,0,1,0,6,1,0,0,0,11,8,0,1,37,8,11,4,0,0,6,3,0,7,0,1,6,1,11,8,6,41,0,27,7,0,0,9,35,6,2,2,3,8,0,0,1,0,0,1,0,0,6,12,0
6303541,2025-04-20,9,596688,Stanford,9,596637,Notre Dame,10,1,1,1,1,0,0,0,1,1582,13440,1,39,9,13,3,1,1,8,4,1,6,0,1,0,0,11,10,9,45,0,27,9,0,0,9,42,13,10,10,2,16,0,0,3,1,0,0,1,0,8,3,0,1,39,10,13,3,1,3,10,2,0,16,1,0,1,0,8,3,5,42,0,27,11,0,0,9,45,13,9,9,4,6,0,3,1,0,0,0,0,0,11,10,0
6303550,2025-04-20,9,596644,Oregon,10,596514,UCLA,6,1,1,1,1,0,0,0,1,3005,12960,1,32,10,12,1,0,3,10,8,1,3,1,1,1,1,7,12,9,43,2,27,7,1,0,9,44,11,6,5,5,5,0,0,1,0,0,0,0,0,9,13,0,1,38,6,11,4,0,1,5,5,1,5,0,0,0,0,9,13,11,44,0,24,6,1,0,8,43,12,10,10,8,3,0,0,3,1,1,0,1,0,7,12,1
6303556,2025-04-20,9,596602,Michigan,4,596569,Iowa,7,1,1,1,1,0,0,0,1,1088,12300,1,32,4,7,1,0,2,3,3,0,10,0,0,0,1,8,7,4,35,2,27,6,1,1,9,45,9,7,7,7,11,0,2,0,3,1,0,1,0,4,11,0,1,35,7,9,2,0,0,7,7,1,11,1,1,3,1,4,11,11,45,1,27,9,0,0,9,35,7,4,3,3,10,0,0,2,0,1,0,0,0,8,7,1
6310695,2025-04-20,9,596647,Penn St.,8,596653,Purdue,11,1,1,1,1,0,0,0,1,856,11160,1,33,8,5,1,0,1,6,4,4,8,0,0,0,0,8,11,6,41,2,27,8,0,0,9,44,9,11,9,4,9,0,0,0,0,0,0,1,0,9,9,0,1,35,11,9,4,0,0,10,4,3,9,1,1,0,0,9,9,6,44,1,27,7,0,0,9,41,5,8,4,4,8,0,0,1,0,0,0,0,0,8,11,1
6311237,2025-04-20,7,596601,Michigan St.,14,596639,Ohio St.,4,1,1,1,1,0,0,0,1,678,10500,1,27,14,8,2,0,0,10,14,3,11,1,0,3,1,4,4,8,45,1,21,10,0,0,7,34,6,4,3,5,5,0,0,0,0,0,0,1,0,9,6,1,1,26,4,6,1,0,0,3,5,2,5,1,0,0,0,9,6,9,34,2,20,5,1,0,6.2,45,8,14,13,14,11,0,6,0,3,1,0,1,0,4,4,0
6316381,2025-04-20,9,596600,Miami (FL),10,596553,Georgia Tech,2,1,1,1,1,0,0,0,1,2654,9720,1,32,10,10,2,0,2,10,5,1,5,1,1,0,0,13,6,6,40,0,27,11,1,0,9,34,5,2,2,3,3,0,0,0,0,0,0,0,0,11,12,0,1,31,2,5,1,0,0,2,3,0,3,0,0,0,0,11,12,5,34,1,24,10,1,0,8,40,10,10,8,5,5,0,0,2,0,0,0,1,0,13,6,0
6357555,2025-04-20,9,596438,Virginia Tech,4,596614,North Carolina,7,1,1,1,1,0,0,0,1,1395,14460,1,31,4,5,1,0,1,4,5,1,9,0,0,0,0,7,10,6,37,3,27,4,1,0,9,50,11,7,2,9,10,0,0,1,3,0,1,0,0,5,12,0,1,39,7,11,0,0,1,5,9,1,10,0,0,3,0,5,12,16,49,0,27,7,0,0,9,37,5,4,4,5,9,0,0,1,0,0,0,0,0,7,10,0
6303563,2025-04-21,9,596670,San Diego,8,596669,San Diego St.,6,1,1,1,1,0,0,0,0,635,11580,1,26,8,7,2,0,1,6,5,4,7,2,0,1,2,6,8,5,37,2,27,5,1,1,9,39,7,6,5,5,10,0,1,0,0,0,0,1,0,6,11,0,1,33,6,7,3,0,0,6,5,0,10,1,0,0,0,6,11,6,39,1,24,10,0,0,8,37,7,8,6,5,7,0,0,1,1,2,0,2,0,6,8,0
6303565,2025-04-21,9,596474,Utah Valley,7,596499,BYU,15,1,1,1,1,0,0,0,0,2408,13020,1,32,7,8,2,0,4,7,8,3,12,1,0,2,0,7,6,10,44,3,27,7,2,0,9,54,14,15,13,7,3,0,1,4,0,0,0,0,0,8,16,0,1,43,15,14,1,1,4,13,7,4,3,0,0,0,0,8,16,12,54,2,27,10,0,0,9,44,8,7,5,8,12,0,1,4,2,0,0,1,0,7,6,0
6314280,2025-04-21,7,596688,Stanford,11,596512,UC Davis,1,1,1,1,1,0,0,0,0,1093,7500,1,31,11,14,4,1,2,11,3,1,8,1,0,0,1,1,8,7,36,0,21,9,0,0,7,27,6,1,1,0,4,0,0,0,0,0,0,0,0,8,8,0,1,26,1,6,3,0,0,1,0,1,4,0,0,0,0,8,8,5,27,1,18,3,1,0,6,36,14,11,10,3,8,0,1,2,0,1,0,1,0,1,8,0
6303568,2025-04-22,7,596546,Florida,12,596551,Ga. Southern,1,1,1,1,1,0,0,0,0,4816,10380,1,30,12,12,0,0,1,12,7,3,7,0,0,2,0,2,8,9,40,1,21,7,0,0,7,34,8,1,1,5,7,0,0,0,0,0,0,0,0,6,7,0,1,29,1,8,2,0,0,1,5,0,7,0,0,0,0,6,7,12,34,2,19,4,0,1,6.1,40,12,12,11,7,7,0,0,1,2,0,0,0,0,2,8,0
6303570,2025-04-22,7,596577,Kentucky,17,596585,Louisville,5,1,1,1,1,0,0,0,0,6415,11400,1,25,17,11,1,1,2,16,11,6,4,2,1,1,0,8,5,10,45,0,21,5,1,0,7,32,9,5,5,1,10,0,1,1,1,0,0,1,0,5,6,0,1,28,5,9,2,1,1,5,1,1,10,1,1,1,0,5,6,6,32,0,18,6,0,0,6,45,11,17,17,11,4,0,3,2,1,0,0,2,0,8,5,0
6303571,2025-04-22,9,596636,Northwestern,7,596564,UIC,6,1,1,1,1,0,0,0,0,211,10020,1,29,7,7,2,0,3,7,2,3,7,1,1,3,0,7,10,5,36,0,27,13,0,0,9,42,11,6,6,6,5,0,0,1,1,0,0,1,0,11,8,0,1,34,6,11,3,1,1,6,6,1,5,1,0,1,0,11,8,9,42,0,24,8,2,0,8,36,7,7,7,2,7,0,1,3,3,0,0,1,0,7,10,0
6303574,2025-04-22,10,596607,Ole Miss,8,596605,Mississippi St.,7,1,1,1,1,0,0,1,0,0,14940,1,43,8,14,2,1,2,7,3,1,11,1,0,0,0,8,10,10,48,3,30,7,1,0,10,44,9,7,7,4,15,0,4,0,0,1,1,1,0,5,8,0,1,38,7,9,2,0,0,5,4,1,15,1,0,0,1,5,8,7,44,1,29,7,0,0,9.2,48,14,8,7,3,11,0,3,2,0,0,0,1,0,8,10,0
6303581,2025-04-22,9,596632,Northern Colo.,10,596430,Air Force,9,1,1,1,1,0,0,0,0,154,12000,1,32,10,9,0,1,1,9,7,4,6,1,0,4,2,8,10,7,44,0,27,11,0,0,9,39,8,9,9,5,8,0,2,2,0,1,0,1,0,11,7,1,1,32,9,8,1,1,2,8,5,0,8,1,1,0,1,11,7,3,39,2,26,13,0,0,8.2,45,9,10,10,7,6,0,2,1,4,2,0,1,0,8,10,0
6303586,2025-04-22,9,596504,Cal Poly,11,596707,Fresno St.,6,1,1,1,1,0,0,0,0,1786,12060,1,34,11,14,3,0,0,10,2,1,7,2,2,2,1,7,8,6,41,1,27,6,0,0,9,43,12,6,6,3,7,0,1,1,2,0,0,0,0,6,14,0,1,39,6,12,1,1,1,6,3,0,7,0,1,2,0,6,14,10,43,2,24,8,0,0,8,41,14,11,7,2,7,0,3,0,2,1,0,2,0,7,8,0
6303593,2025-04-22,9,596513,UC Irvine,5,596514,UCLA,3,1,1,1,1,0,0,0,0,1727,10560,1,30,5,9,1,0,2,5,2,3,9,0,0,0,1,10,3,6,35,1,27,11,1,0,9,37,9,3,1,2,10,0,0,1,0,0,0,0,0,9,6,0,1,34,3,9,0,0,1,3,2,1,10,0,0,0,0,9,6,7,37,0,24,11,2,1,8,35,9,5,5,2,9,0,0,2,0,1,0,0,0,10,3,0
6303601,2025-04-22,9,596620,Nevada,12,596509,Sacramento St.,6,1,1,1,1,0,0,0,0,668,10260,1,34,12,12,3,0,3,12,2,2,4,2,0,0,0,8,10,4,40,0,27,5,2,0,9,43,8,6,6,5,11,0,1,0,0,0,0,1,0,4,12,0,1,34,6,8,4,0,0,6,5,3,11,1,0,0,0,4,12,10,43,2,24,9,0,0,8,40,12,12,11,2,4,0,0,3,0,0,0,2,0,8,10,0
6303602,2025-04-22,8,596669,San Diego St.,13,596506,Cal St. Fullerton,3,1,1,1,1,0,0,0,0,711,10920,1,37,13,16,5,0,1,11,3,0,7,1,0,5,1,9,5,5,41,1,24,4,0,0,8,43,13,3,3,4,3,0,1,0,0,0,0,1,0,5,16,0,1,36,3,13,1,0,0,3,4,2,3,1,0,0,0,5,16,16,43,1,22,9,0,1,7.1,41,16,13,11,3,7,0,1,1,5,1,0,1,0,9,5,0
6303604,2025-04-22,7,596420,Texas A&M,13,596667,Sam Houston,3,1,1,1,1,0,0,0,0,5199,9600,1,35,13,15,2,0,4,12,5,1,8,0,0,0,0,4,8,7,41,0,21,5,0,1,7,32,5,3,2,5,12,0,1,0,4,0,0,0,0,6,3,0,1,26,3,5,2,0,0,3,5,1,12,0,0,4,0,6,3,8,32,0,20,4,0,0,6.2,41,15,13,13,5,8,0,2,4,0,0,0,0,0,4,8,0
6303607,2025-04-22,9,596639,Ohio St.,11,596419,Akron,5,1,1,1,1,0,0,0,0,926,11400,1,30,11,7,0,0,2,9,7,6,6,1,0,5,0,6,11,8,44,1,27,5,0,1,9,44,8,5,4,7,8,0,2,0,0,0,0,1,0,8,11,0,1,34,5,8,1,0,0,3,7,1,8,1,1,0,0,8,11,12,44,1,24,7,0,0,8,44,7,11,9,7,6,0,4,2,5,0,0,1,0,6,11,0
6303609,2025-04-22,9,596434,Vanderbilt,3,596603,Middle Tenn.,5,1,1,1,1,0,0,0,0,3550,11940,1,34,3,8,0,0,1,2,6,1,7,0,0,1,1,8,11,11,41,0,27,7,0,1,9,40,9,5,5,3,10,0,2,1,0,0,0,0,0,7,10,0,1,36,5,9,2,0,1,4,3,1,10,0,0,0,0,7,10,8,40,1,27,6,0,0,9,41,8,3,2,6,7,0,0,1,1,1,0,0,0,8,11,0
6303613,2025-04-22,7,596487,Arkansas,10,596488,Little Rock,0,1,1,1,1,0,0,0,0,9821,7260,1,26,10,11,3,1,1,7,4,2,6,2,0,1,0,5,5,6,34,0,21,6,0,0,7,26,3,0,0,2,7,0,1,0,0,0,0,0,0,4,9,0,1,23,0,3,0,0,0,0,2,1,7,0,0,0,0,4,9,5,26,5,18,7,1,0,6,34,11,10,9,4,6,0,1,1,1,0,0,2,0,5,5,0
6303614,2025-04-22,7,596543,Fla. Atlantic,2,596519,UCF,17,1,1,1,1,0,0,0,0,1519,9720,1,26,2,5,1,0,1,2,2,0,7,0,0,0,0,6,8,5,28,0,21,6,0,0,7,46,14,17,17,12,6,0,0,0,5,0,0,0,0,5,9,0,1,33,17,14,3,1,0,17,12,0,6,0,1,5,0,5,9,7,46,0,21,5,0,0,7,28,5,2,2,2,7,0,0,1,0,0,0,0,0,6,8,0
6303615,2025-04-22,10,596677,South Carolina,3,596467,North Florida,2,1,1,1,1,0,0,0,0,6727,11220,1,33,3,9,4,0,1,3,9,0,10,0,1,0,2,5,10,11,43,2,30,10,1,0,10,37,6,2,1,1,8,0,0,0,0,0,0,1,0,12,10,2,1,34,2,6,1,0,0,2,1,0,8,1,1,0,0,12,10,5,37,0,27,6,0,1,9,43,9,3,3,9,10,0,0,1,0,2,0,0,0,5,10,0
6303616,2025-04-22,7,596583,LSU,3,596635,Northwestern St.,13,1,1,1,1,0,0,0,0,10634,9840,1,28,3,7,1,0,3,3,3,1,6,0,0,0,0,8,6,8,32,3,21,9,1,0,7,40,9,13,11,4,9,0,2,1,1,0,0,1,0,8,4,0,1,31,13,9,1,0,1,10,4,4,9,1,0,1,0,8,4,6,40,1,21,8,0,0,7,32,7,3,3,3,6,0,1,3,0,0,0,0,0,8,6,0
6303618,2025-04-22,7,596685,Missouri St.,11,596608,Missouri,0,1,1,1,1,0,0,0,0,3581,8160,1,27,11,13,3,1,2,10,4,0,4,1,0,0,1,5,6,3,32,0,21,9,2,0,7,26,3,0,0,2,6,0,0,0,2,1,0,0,0,6,6,0,1,21,0,3,0,0,0,0,2,3,6,0,0,2,1,6,6,5,26,1,18,8,1,0,6,32,13,11,11,4,4,0,2,2,0,1,0,1,0,5,6,0
6303619,2025-04-22,9,596462,Grand Canyon,7,596485,Arizona St.,6,1,1,1,1,0,0,0,0,1932,10380,1,32,7,10,3,0,1,7,6,1,7,0,0,2,0,7,9,8,39,0,27,9,1,0,9,40,9,6,6,5,3,0,0,1,6,0,0,2,0,8,14,0,1,32,6,9,1,0,1,6,5,1,3,2,0,6,0,8,14,7,40,0,24,8,2,0,8,39,10,7,7,6,7,0,0,1,2,0,0,0,0,7,9,0
6307966,2025-04-22,9,596489,Auburn,1,596553,Georgia Tech,0,1,1,1,1,0,0,0,0,5559,10560,1,29,1,5,0,0,0,1,6,5,9,0,0,0,0,5,9,15,40,0,27,8,1,1,9,33,2,0,0,4,15,0,0,0,0,0,0,0,0,7,4,0,1,28,0,2,0,0,0,0,4,1,15,0,0,0,0,7,4,6,33,1,24,6,1,0,8,40,5,1,1,6,9,0,1,0,0,0,0,0,0,5,9,0
6308373,2025-04-22,9,596545,Florida St.,11,596720,Stetson,6,1,1,1,1,0,0,0,0,6700,11520,1,33,11,8,1,0,3,10,8,1,7,0,0,6,0,7,9,7,42,2,27,11,1,0,9,40,10,6,4,3,6,0,1,0,2,0,0,0,0,10,9,0,1,35,6,10,1,0,0,6,3,1,6,0,1,2,0,10,9,7,40,3,24,7,0,0,8,42,8,11,9,8,7,0,2,3,6,0,0,0,0,7,9,0
6308736,2025-04-22,9,596569,Iowa,3,596446,Western Ill.,7,1,1,1,1,0,0,0,0,694,12360,1,37,3,11,4,0,1,3,5,0,10,0,0,0,0,4,13,12,42,1,27,4,1,0,9,45,8,7,7,8,15,0,3,0,2,0,0,0,0,6,6,0,1,35,7,8,2,0,0,5,8,2,15,0,0,2,0,6,6,11,45,0,27,4,0,2,9,42,11,3,2,5,10,0,0,1,0,0,0,0,0,4,13,1
6309727,2025-04-22,9,596454,Xavier,15,596521,Cincinnati,6,1,1,1,1,0,0,0,0,408,12060,1,35,15,11,4,0,3,12,9,1,7,0,0,5,0,8,9,6,45,0,27,4,0,1,9,41,10,6,6,4,10,0,2,3,2,1,0,0,0,6,10,0,1,36,6,10,0,0,3,6,4,1,10,0,0,2,1,6,10,8,41,0,24,7,0,0,8,45,11,15,15,9,7,0,3,3,5,0,0,0,0,8,9,0
6310462,2025-04-22,7,596721,Tennessee,11,596472,Lipscomb,1,1,1,1,1,0,0,0,0,5174,8700,1,31,11,14,3,0,4,11,4,1,3,0,1,0,1,10,5,6,37,1,21,11,1,0,7,26,5,1,1,1,6,0,0,1,0,1,0,0,0,9,4,0,1,25,1,5,0,0,1,1,1,0,6,0,0,0,1,9,4,4,26,1,20,10,1,0,6.2,37,14,11,11,4,3,0,2,4,0,1,0,0,0,10,5,0
6310638,2025-04-22,9,596668,Samford,7,596480,Alabama,11,1,1,1,1,0,0,0,0,913,12900,1,34,7,10,4,0,2,7,6,1,15,0,0,1,0,5,4,7,41,0,27,3,3,0,9,50,12,11,11,10,15,0,6,2,4,0,0,0,0,2,9,0,1,39,11,12,2,0,2,9,10,1,15,0,0,4,0,2,9,12,50,1,27,7,1,0,9,41,10,7,6,6,15,0,3,2,1,0,0,0,0,5,4,0
6310689,2025-04-22,9,596557,Hawaii,14,596976,Chaminade,7,1,0,1,1,0,0,0,0,3040,10680,1,34,14,13,2,0,4,14,8,0,3,1,0,2,1,9,8,5,43,0,27,12,2,1,9,41,11,7,7,3,9,0,0,1,1,1,0,0,0,12,4,0,1,35,7,11,3,0,1,7,3,2,9,0,1,1,1,12,4,7,41,2,24,13,1,0,8,43,13,14,13,8,3,0,0,4,2,1,0,1,0,9,8,0
6310699,2025-04-22,9,596653,Purdue,10,596490,Austin Peay,16,1,1,1,1,0,0,0,0,2112,13800,1,39,10,12,2,0,2,10,5,4,11,0,0,3,0,6,9,11,48,1,27,12,0,1,9,53,18,16,13,5,10,0,1,2,0,0,0,0,0,9,6,0,1,44,16,18,3,0,2,15,5,4,10,0,0,0,0,9,6,9,53,1,27,6,0,0,9,48,12,10,10,5,11,0,1,2,3,0,0,0,0,6,9,0
6310797,2025-04-22,9,596671,San Francisco,3,596672,San Jose St.,2,1,1,1,1,0,0,0,0,259,9000,1,28,3,6,0,1,1,3,4,3,8,1,0,0,1,8,8,9,36,1,27,13,0,0,9,40,7,2,2,4,8,0,0,2,0,0,0,0,0,14,5,0,1,35,2,7,1,0,2,2,4,1,8,0,0,0,0,14,5,11,40,0,24,8,0,0,8,36,6,3,3,4,8,0,1,1,0,1,0,1,0,8,8,0
6311269,2025-04-22,9,596647,Penn St.,3,596444,West Virginia,2,1,1,1,1,0,0,0,0,6106,9720,1,31,3,7,1,0,1,3,2,1,12,0,0,0,0,5,6,7,34,1,27,5,0,0,9,37,7,2,2,3,10,0,1,1,1,1,0,0,0,4,12,0,1,33,2,7,2,0,1,2,3,0,10,0,1,1,1,4,12,8,37,1,24,6,0,1,8,34,7,3,1,2,12,0,0,1,0,0,0,0,0,5,6,0
6311421,2025-04-22,9,596712,Nebraska,0,596575,Kansas,4,1,1,1,1,0,0,0,0,5211,9300,1,31,0,7,2,0,0,0,3,0,6,0,0,0,2,10,8,7,34,0,27,7,1,0,9,37,9,4,4,1,5,0,1,0,0,0,0,1,0,7,15,0,1,35,4,9,3,0,0,4,1,0,5,1,0,0,0,7,15,6,37,0,27,13,0,0,9,34,7,0,0,3,6,0,0,0,0,2,0,0,0,10,8,0
6311894,2025-04-22,9,596465,Seattle U,1,596443,Washington,11,1,1,1,1,0,0,0,0,131,10680,1,30,1,4,1,0,0,1,6,0,6,0,0,0,0,9,11,8,36,0,27,8,1,0,9,49,14,11,11,8,16,0,2,1,3,0,0,0,0,5,5,0,1,39,11,14,1,1,1,10,8,2,16,0,0,3,0,5,5,10,49,0,27,7,0,0,9,36,4,1,1,6,6,0,0,0,0,0,0,0,0,9,11,0
6311934,2025-04-22,9,596515,UC Riverside,6,596619,UNLV,7,1,1,1,1,0,0,0,0,117,11280,1,38,6,13,2,0,0,6,5,1,8,0,0,2,1,9,8,11,44,0,27,11,0,1,9,40,12,7,7,2,8,0,1,0,1,0,0,1,0,8,10,0,1,36,7,12,1,0,0,6,2,0,8,1,1,1,0,8,10,6,40,0,27,12,0,0,9,44,13,6,6,5,8,0,0,0,2,1,0,0,0,9,8,0
6312898,2025-04-22,7,596439,Virginia,13,596550,Georgetown,1,1,1,1,1,0,0,0,0,3884,9000,1,27,13,11,4,1,2,12,9,2,6,2,0,2,0,5,7,9,40,1,21,7,0,0,7,26,4,1,1,2,9,0,0,0,0,0,0,0,0,4,6,0,1,23,1,4,0,0,0,1,2,0,9,0,0,0,0,4,6,4,25,1,18,5,1,0,6,40,11,13,12,9,6,0,1,2,2,0,0,2,0,5,7,0
6313143,2025-04-22,9,596623,New Mexico,7,596622,New Mexico St.,6,1,1,1,1,0,0,0,0,902,9000,1,34,7,10,3,0,2,6,5,1,7,0,0,0,0,8,8,9,40,0,27,9,1,0,9,38,6,6,6,4,6,0,0,1,1,0,0,1,0,9,12,0,1,31,6,6,1,0,1,6,4,1,6,1,1,1,0,9,12,5,38,2,24,10,0,0,8,40,10,7,6,5,7,0,0,2,0,0,0,0,0,8,8,0
6313309,2025-04-22,9,596523,Clemson,3,596554,Georgia,0,1,1,1,1,0,0,0,0,6584,10440,1,28,3,7,2,1,0,3,4,1,8,0,1,0,0,7,7,6,34,0,27,10,1,0,9,34,3,0,0,3,9,0,1,0,0,0,0,0,0,9,9,0,1,30,0,3,1,0,0,0,3,1,9,0,0,0,0,9,9,7,34,1,24,9,0,0,8,34,7,3,3,4,8,0,0,0,0,0,0,0,0,7,7,0
6314340,2025-04-22,9,596686,Texas St.,11,596425,Texas,14,1,1,1,1,0,0,0,0,3217,16200,1,34,11,9,1,0,4,10,8,3,13,0,0,1,0,7,5,5,45,2,27,11,1,1,9,53,13,14,12,14,8,0,2,3,3,0,0,0,0,9,7,0,1,39,14,13,3,0,3,14,14,0,8,0,0,3,0,9,7,11,53,0,27,9,0,0,9,45,9,11,11,8,13,0,2,4,1,0,0,0,0,7,5,0
6315850,2025-04-22,,596471,A&M-Corpus Christi,,596426,UTSA,,1,1,0,0,1,0,0,0,,,0,0,0,0,0,0,0,0,0,0,0,0,0,0,0,0,0,0,0,0,0,0,0,0,0,0,0,0,0,0,0,0,0,0,0,0,0,0,0,0,0,0,0,0,0,0,0,0,0,0,0,0,0,0,0,0,0,0,0,0,0,0,0,0,0,0,0,0,0,0,0,0,0,0,0,0,0,0,0,0,0,0,0,0
6317238,2025-04-22,9,596641,Oklahoma,3,596715,Oral Roberts,5,1,1,1,1,0,0,0,0,2258,10920,1,32,3,6,1,1,0,3,5,1,10,0,0,0,1,7,9,8,38,0,27,14,0,0,9,40,12,5,5,3,8,0,0,0,1,0,0,0,0,13,4,0,1,37,5,12,3,0,0,5,3,0,8,0,0,1,0,13,4,8,40,0,27,8,2,0,9,38,6,3,3,5,10,0,0,0,0,1,0,0,0,7,9,0
6356392,2025-04-22,9,596436,VCU,5,596438,Virginia Tech,6,1,1,1,1,0,0,0,0,2166,12840,1,32,5,8,3,0,1,5,5,2,11,1,1,1,0,4,11,9,41,1,27,7,0,0,9,41,3,6,4,9,7,0,0,0,3,0,0,0,0,8,11,1,1,29,6,3,1,0,0,4,9,3,7,0,0,3,0,8,11,8,41,1,27,4,1,0,9,41,8,5,4,5,11,0,1,1,1,0,0,1,0,4,11,0
6303627,2025-04-23,9,596487,Arkansas,4,596488,Little Rock,0,1,1,1,1,0,0,0,0,9542,10320,1,32,4,8,0,0,1,3,6,0,6,0,0,1,0,9,9,10,38,0,27,11,0,0,9,34,5,0,0,1,15,0,1,0,0,0,0,0,0,11,2,1,1,33,0,5,0,0,0,0,1,0,15,0,0,0,0,11,2,7,34,0,24,9,0,0,8,38,8,4,4,6,6,0,1,1,1,0,0,0,0,9,9,0
6303632,2025-04-23,9,596637,Notre Dame,8,596567,Purdue Fort Wayne,6,1,1,1,1,0,0,0,0,349,12180,1,31,8,10,4,0,1,8,8,1,7,1,1,2,0,9,7,10,42,2,27,9,1,0,9,41,10,6,6,3,10,0,1,3,2,1,0,0,0,8,7,0,1,36,6,10,2,0,3,6,3,1,10,0,1,2,1,8,7,8,41,0,24,11,0,0,8,42,10,8,8,8,7,0,0,1,2,0,0,1,0,9,7,0
6303636,2025-04-23,9,596439,Virginia,12,596573,James Madison,6,1,1,1,1,0,0,0,0,4358,13200,1,33,12,12,1,1,2,10,9,0,4,2,1,4,0,8,10,9,45,3,27,15,2,1,9,41,8,6,4,4,6,0,2,0,0,1,0,1,0,13,7,0,1,34,6,8,4,0,0,5,4,1,6,1,1,0,1,13,7,8,41,3,24,11,0,0,8,45,12,12,8,9,4,0,4,2,4,0,1,2,0,8,10,0
6309234,2025-04-23,10,596544,FIU,5,596600,Miami (FL),4,1,1,1,1,0,0,0,0,1047,12900,1,37,5,10,0,1,0,5,4,4,8,0,1,0,0,11,8,9,46,1,30,12,2,0,10,42,6,4,4,7,6,0,2,1,3,1,0,0,0,8,14,1,1,35,4,6,0,0,1,4,7,0,6,0,0,3,1,8,14,8,42,0,29,13,0,1,9.2,46,10,5,5,4,8,0,0,0,0,0,0,0,0,11,8,0
6310368,2025-04-23,8,596569,Iowa,15,596417,St. Thomas (MN),5,1,1,1,1,0,0,0,0,662,11100,1,34,15,13,2,0,1,14,11,3,6,0,0,4,0,7,8,10,48,1,24,9,0,0,8,38,6,5,5,5,9,0,0,0,0,0,0,0,0,8,7,0,1,31,5,6,4,0,0,5,5,2,9,0,0,0,0,8,7,9,38,0,21,6,0,0,7,48,13,15,15,11,6,0,2,1,4,0,0,0,0,7,8,0
6313072,2025-04-23,9,596512,UC Davis,6,596442,Washington St.,1,1,1,1,1,0,0,0,0,261,10500,1,28,6,6,2,0,0,4,11,1,2,1,0,2,1,11,9,11,41,1,27,7,1,0,9,34,5,1,1,1,7,0,2,0,1,0,0,0,0,8,12,0,1,33,1,5,2,0,0,0,1,0,7,0,0,1,0,8,12,6,34,1,24,12,0,1,8,41,6,6,4,11,2,0,1,0,2,1,0,1,0,11,9,0
6315979,2025-04-23,9,596639,Ohio St.,6,596427,Toledo,11,1,1,1,1,0,0,0,0,1036,11760,1,32,6,7,0,0,2,5,6,0,3,0,1,3,0,10,13,6,39,2,27,6,1,0,9,48,13,11,6,8,9,0,1,0,3,0,0,1,0,5,11,0,1,38,11,13,3,0,0,9,8,1,9,1,0,3,0,5,11,10,48,2,27,8,1,0,9,39,7,6,3,6,3,0,3,2,3,0,0,0,0,10,13,0
6372215,2025-04-23,8,596521,Cincinnati,14,596452,Milwaukee,4,1,1,1,1,0,0,0,0,606,10200,1,32,14,12,2,1,1,11,8,3,1,1,0,2,0,6,13,7,44,0,24,9,2,0,8,34,8,4,4,3,10,0,3,0,0,1,0,0,0,7,6,0,1,31,4,8,1,0,0,4,3,0,10,0,0,0,1,7,6,6,34,2,22,8,0,0,7.1,44,12,14,12,8,1,0,3,1,2,0,0,1,0,6,13,0
6310642,2025-04-24,9,596480,Alabama,7,596608,Missouri,5,1,1,1,1,0,0,0,1,3534,9900,1,33,7,10,0,0,3,7,4,0,6,0,0,0,0,7,10,6,37,1,27,13,1,0,9,40,7,5,2,4,7,0,0,0,0,1,0,1,0,12,6,0,1,30,5,7,0,0,0,4,4,3,7,1,2,0,1,12,6,8,40,0,24,7,1,0,8,37,10,7,7,4,6,0,0,3,0,0,0,0,0,7,10,1
6313313,2025-04-24,8,596628,NC State,14,596523,Clemson,4,1,1,1,1,0,0,0,1,3048,10920,1,39,14,19,6,0,2,12,3,3,4,2,1,0,0,7,12,9,48,0,24,1,0,0,8,36,7,4,4,5,12,0,0,2,1,0,0,0,0,1,11,0,1,31,4,7,0,0,2,4,5,0,12,0,0,1,0,1,11,8,36,1,23,5,0,0,7.2,48,19,14,14,3,4,0,4,2,0,0,0,2,0,7,12,0
6356249,2025-04-24,9,596485,Arizona St.,8,596499,BYU,3,1,1,1,1,0,0,0,1,2553,10500,1,32,8,10,2,0,1,6,5,2,6,1,0,4,1,7,9,7,40,0,27,5,0,0,9,38,8,3,3,2,16,0,3,0,0,0,0,1,0,6,5,0,1,34,3,8,1,0,0,3,2,1,16,1,0,0,0,6,5,8,38,3,24,10,0,0,8,40,10,8,6,5,6,0,0,1,4,1,2,1,0,7,9,0
6356892,2025-04-24,9,596554,Georgia,6,596641,Oklahoma,8,1,1,1,1,0,0,0,1,3042,13200,1,36,6,11,3,0,1,6,2,0,11,0,0,1,1,7,6,5,38,2,27,11,2,0,9,42,11,8,5,4,7,0,1,2,1,1,0,0,0,12,7,0,1,38,8,11,2,0,2,7,4,0,7,0,0,1,1,12,7,7,42,1,27,10,0,0,9,38,11,6,4,2,11,0,2,1,1,1,0,0,0,7,6,0
6303643,2025-04-25,9,596489,Auburn,6,596605,Mississippi St.,5,1,1,1,1,0,0,0,1,5866,10140,1,32,6,10,3,0,0,6,1,3,8,1,1,0,0,7,9,8,38,1,27,8,0,0,9,38,7,5,4,1,12,0,0,2,0,0,0,0,0,10,5,0,1,35,5,7,0,0,2,5,1,2,12,0,0,0,0,10,5,6,38,0,24,7,0,0,8,38,10,6,6,1,8,0,2,0,0,0,0,1,0,7,9,0
6303649,2025-04-25,9,596546,Florida,6,596487,Arkansas,4,1,1,1,1,0,0,0,1,6542,10140,1,31,6,7,0,0,1,5,3,0,12,0,0,1,0,5,7,4,34,0,27,4,0,0,9,35,6,4,4,2,16,0,1,3,0,0,0,0,0,5,6,0,1,33,4,6,1,0,3,4,2,0,16,0,0,0,0,5,6,4,35,1,24,4,0,0,8,34,7,6,5,3,12,0,0,1,1,0,0,0,0,5,7,0
6303654,2025-04-25,9,596583,LSU,6,596721,Tennessee,3,1,1,1,1,0,0,0,1,12919,12120,1,34,6,6,0,0,1,6,4,0,8,0,0,1,0,7,11,6,38,0,27,6,0,0,9,40,9,3,3,5,12,0,2,0,1,0,0,0,0,6,8,0,1,35,3,9,3,0,0,3,5,0,12,0,0,1,0,6,8,10,40,2,26,7,1,0,8.2,38,6,6,0,4,8,0,0,1,1,0,0,0,0,7,11,1
6303666,2025-04-25,8,596430,Air Force,15,596620,Nevada,5,1,1,1,1,0,0,0,1,118,10200,1,39,15,17,4,0,2,14,2,1,5,0,0,2,0,9,9,3,42,1,24,8,0,1,8,40,10,5,4,2,6,0,0,1,0,0,0,0,0,7,10,0,1,34,5,10,3,0,1,4,2,4,6,0,0,0,0,7,10,11,40,0,23,9,1,0,7.2,42,17,15,15,2,5,0,4,2,2,0,0,0,0,9,9,0
6303689,2025-04-25,9,596630,ULM,7,596642,Old Dominion,6,1,1,1,1,0,0,0,1,1009,11640,1,32,7,9,4,1,0,7,6,2,8,1,0,0,0,9,7,10,41,2,27,9,0,1,9,39,7,6,3,4,13,0,0,0,4,0,0,0,0,9,4,1,1,33,6,7,1,0,0,4,4,0,13,0,2,4,0,9,4,6,39,0,24,10,0,0,8,41,9,7,7,6,8,0,3,0,0,0,0,1,0,9,7,0
6303693,2025-04-25,9,596514,UCLA,7,596647,Penn St.,6,1,1,1,1,0,0,0,1,725,13080,1,33,7,7,0,0,2,6,5,1,9,0,0,1,0,8,9,4,39,1,27,10,0,0,9,42,4,6,6,10,9,0,0,0,4,0,0,0,0,8,9,1,1,30,6,4,0,0,0,6,10,2,9,0,0,4,0,8,9,9,42,2,26,7,0,0,8.2,39,7,7,5,5,9,0,1,2,1,0,0,0,0,8,9,0
6303694,2025-04-25,11,596708,Duke,6,596438,Virginia Tech,3,1,1,1,1,0,0,0,1,754,11820,1,43,6,12,2,0,3,6,4,0,10,0,0,1,0,7,14,9,47,0,33,10,0,0,11,39,5,3,3,2,14,0,0,1,1,0,0,0,0,9,10,2,1,36,3,5,1,0,1,3,2,0,14,0,1,1,0,9,10,3,39,0,32,6,0,0,10.2,47,12,6,6,4,10,0,0,3,1,0,0,0,0,7,14,0
6303697,2025-04-25,9,596488,Little Rock,7,596683,SIUE,9,1,1,1,1,0,0,0,1,247,12480,1,37,7,9,5,0,0,7,5,3,9,0,0,5,0,8,10,11,45,0,27,9,0,0,9,41,10,9,9,3,12,0,0,4,0,0,0,0,0,8,6,0,1,36,9,10,2,0,4,9,3,2,12,0,0,0,0,8,6,5,41,1,27,7,0,0,9,45,9,7,7,5,9,0,1,0,5,0,0,0,0,8,10,0
6303700,2025-04-25,9,596707,Fresno St.,6,596442,Washington St.,3,1,1,1,1,0,0,0,1,1363,9720,1,33,6,11,1,2,1,6,2,1,5,0,1,0,1,11,6,7,37,1,27,9,1,0,9,36,9,3,3,0,9,0,1,0,0,0,1,0,0,8,9,0,1,35,3,9,2,0,0,3,0,1,9,0,0,0,0,8,9,6,36,1,24,14,1,0,8,37,11,6,6,2,5,0,0,1,0,1,0,0,0,11,6,0
6303703,2025-04-25,9,596619,UNLV,8,596669,San Diego St.,5,1,1,1,1,0,0,0,1,603,10020,1,30,8,7,0,0,1,8,6,2,7,0,0,0,1,9,6,6,38,2,27,7,1,0,9,36,6,5,4,4,11,0,1,1,0,0,0,1,0,5,9,0,1,31,5,6,3,0,1,5,4,0,11,1,0,0,0,5,9,4,36,1,24,13,2,0,8,38,7,8,5,6,7,0,1,1,0,1,0,0,0,9,6,0
6303704,2025-04-25,9,596519,UCF,1,596444,West Virginia,4,1,1,1,1,0,0,0,1,1965,12000,1,34,1,9,1,0,0,1,3,2,5,0,0,1,0,9,10,11,39,1,27,9,3,0,9,36,1,4,2,4,7,0,1,0,5,1,0,3,0,6,11,0,1,23,4,1,0,0,0,4,4,6,7,3,0,5,1,6,11,4,36,2,27,10,2,0,9,39,9,1,0,3,5,0,0,0,1,0,0,0,0,9,10,0
6303705,2025-04-25,9,596637,Notre Dame,8,596511,California,1,1,1,1,1,0,0,0,1,357,,1,34,8,11,2,0,3,8,1,2,9,0,0,0,1,4,10,5,37,0,27,6,0,0,9,37,6,1,1,4,15,0,0,1,0,0,0,0,0,7,6,0,1,33,1,6,0,0,1,1,4,0,15,0,0,0,0,7,6,9,37,0,24,6,0,0,8,37,11,8,8,1,9,0,0,3,0,1,0,0,0,4,10,0
6303709,2025-04-25,9,596462,Grand Canyon,8,596424,UT Arlington,7,1,1,1,1,0,0,0,1,677,9420,1,37,8,14,3,0,1,8,1,3,6,1,1,2,1,5,13,7,43,0,27,13,0,0,9,41,11,7,7,3,6,0,0,1,0,0,0,0,0,14,7,0,1,37,7,11,0,0,1,7,3,0,6,0,1,0,0,14,7,7,41,2,25,7,0,0,8.1,43,14,8,7,1,6,0,0,1,2,1,0,1,0,5,13,0
6303711,2025-04-25,10,596569,Iowa,2,596566,Indiana,1,1,1,1,1,0,0,0,1,1508,13800,1,37,2,9,2,0,1,2,5,0,10,0,0,2,0,4,14,10,42,0,30,2,0,1,10,44,4,1,1,8,14,0,0,0,0,0,0,0,0,5,11,0,1,34,1,4,0,0,0,1,8,2,14,0,0,0,0,5,11,13,44,0,28,4,0,0,9.1,42,9,2,2,5,10,0,0,1,2,0,0,0,0,4,14,0
6307929,2025-04-25,9,596563,Illinois,6,596653,Purdue,4,1,1,1,1,0,0,0,1,541,9840,1,33,6,9,3,0,2,6,2,0,7,0,0,1,0,6,11,5,35,1,27,14,0,0,9,39,8,4,3,3,7,0,0,0,0,0,0,0,0,13,6,0,1,35,4,8,1,0,0,3,3,0,7,0,1,0,0,13,6,8,39,0,24,6,0,0,8,35,9,6,6,2,7,0,1,2,1,0,0,0,0,6,11,0
6309729,2025-04-25,9,596521,Cincinnati,4,596714,Oklahoma St.,0,1,1,1,1,0,0,0,1,700,10140,1,30,4,7,1,0,0,4,3,1,11,0,0,6,0,4,8,6,34,0,27,7,1,1,9,33,3,0,0,5,15,0,0,0,0,1,0,0,0,3,6,1,1,27,0,3,2,0,0,0,5,1,15,0,0,0,1,3,6,6,33,0,24,5,2,0,8,34,7,4,4,3,11,0,0,0,6,0,0,0,0,4,8,0
6310587,2025-04-25,10,596557,Hawaii,6,596505,CSU Bakersfield,7,1,1,1,1,0,0,0,1,3723,14640,1,37,6,11,3,0,0,6,7,2,5,1,3,0,0,8,15,14,50,2,30,11,0,1,10,52,17,7,6,4,10,0,1,1,4,0,0,0,0,10,9,1,1,46,7,17,2,0,1,7,4,1,10,0,1,4,0,10,9,15,52,1,30,9,0,0,10,50,11,6,4,7,5,0,0,0,0,0,0,1,0,8,15,1
6310646,2025-04-25,9,596480,Alabama,7,596608,Missouri,3,1,1,1,1,0,0,0,1,3731,11640,1,35,7,11,1,0,2,7,6,1,9,0,0,1,0,6,9,11,42,0,27,4,0,0,9,38,7,3,3,2,13,0,1,0,1,0,0,1,0,9,5,0,1,33,3,7,1,1,0,3,2,2,13,1,0,1,0,9,5,8,38,0,24,6,0,0,8,42,11,7,7,6,9,0,0,2,1,0,1,0,0,6,9,0
6310800,2025-04-25,7,596623,New Mexico,25,596672,San Jose St.,5,1,1,1,1,0,0,0,1,595,9240,1,37,25,21,5,0,2,21,11,0,5,3,0,1,0,0,13,8,51,2,21,6,0,0,7,34,11,5,4,2,9,0,0,1,0,0,0,0,0,5,5,0,1,32,5,11,3,1,1,5,2,0,9,0,0,0,0,5,5,8,34,5,18,1,2,0,6,51,21,25,21,11,5,0,2,2,1,0,0,3,0,0,13,0
6310897,2025-04-25,9,596425,Texas,2,596420,Texas A&M,1,1,1,1,1,0,0,0,1,7942,11640,1,30,2,7,2,0,1,2,1,0,6,0,0,0,1,7,9,5,31,1,27,10,0,0,9,37,8,1,0,1,10,0,0,0,1,0,0,0,0,9,6,0,1,34,1,8,1,0,0,0,1,2,10,0,0,1,0,9,6,9,37,1,24,11,2,0,8,31,7,2,2,1,6,0,0,1,0,1,0,0,0,7,9,0
6311176,2025-04-25,7,596636,Northwestern,4,596443,Washington,19,1,1,1,1,0,0,0,1,206,11340,1,27,4,6,1,0,3,4,3,0,7,0,0,0,0,4,10,5,30,2,21,8,0,1,7,53,19,19,17,9,5,0,1,1,1,1,0,3,0,6,8,0,1,37,19,19,4,0,1,16,9,4,5,3,0,1,1,6,8,13,53,0,21,4,1,0,7,30,6,4,4,3,7,0,0,3,0,0,0,0,0,4,10,0
6311423,2025-04-25,9,596593,Maryland,12,596712,Nebraska,5,1,1,1,1,0,0,0,1,968,10200,1,36,12,13,1,0,4,11,7,0,9,1,0,2,0,8,7,8,44,0,27,7,0,1,9,41,9,5,4,3,4,0,1,1,1,0,0,0,0,8,15,0,1,36,5,9,3,0,1,5,3,2,4,0,0,1,0,8,15,9,41,0,24,7,0,1,8,44,13,12,11,7,9,0,0,4,2,0,0,1,0,8,7,0
6311851,2025-04-25,8,596639,Ohio St.,4,596660,Rutgers,17,1,1,1,1,0,0,0,1,458,10560,1,32,4,11,0,0,1,4,3,1,9,0,0,0,0,8,4,7,36,1,24,4,2,0,8,48,13,17,16,8,6,0,2,2,4,0,0,0,0,6,12,0,1,38,17,13,3,0,2,16,8,2,6,0,0,4,0,6,12,7,48,0,24,11,0,0,8,36,11,4,4,3,9,0,2,1,0,0,0,0,0,8,4,0
6311895,2025-04-25,7,596465,Seattle U,1,596477,Abilene Christian,15,1,1,1,1,0,0,0,1,138,8880,1,27,1,5,1,0,0,1,0,0,10,0,0,0,0,9,3,5,27,2,21,4,0,0,7,44,15,15,13,5,6,0,3,1,2,0,1,0,0,6,8,0,1,36,15,15,3,0,1,12,5,3,6,0,0,2,0,6,8,8,44,0,21,10,1,0,7,27,5,1,1,0,10,0,1,0,0,0,0,0,0,9,3,0
6313316,2025-04-25,9,596628,NC State,8,596523,Clemson,3,1,1,1,1,0,0,0,1,3048,10200,1,36,8,13,2,0,2,8,1,2,8,0,0,1,0,4,11,7,39,0,27,7,1,0,9,38,8,3,3,1,12,0,1,2,0,0,0,0,0,8,7,0,1,35,3,8,3,0,2,3,1,2,12,0,0,0,0,8,7,8,38,1,24,5,0,0,8,39,13,8,8,1,8,0,0,2,1,0,0,0,0,4,11,0
6314282,2025-04-25,12,596688,Stanford,7,596441,Wake Forest,6,1,1,1,1,0,0,0,1,1766,17340,1,39,7,10,1,0,1,7,7,5,12,3,0,2,0,10,9,11,54,0,36,14,3,0,12,60,10,6,6,14,11,0,4,1,0,0,0,1,0,12,11,1,1,43,6,10,1,0,1,5,14,2,11,1,0,0,0,12,11,16,60,2,34,12,0,0,11.1,54,10,7,5,7,12,0,1,1,2,0,0,3,0,10,9,0
6315855,2025-04-25,7,596426,UTSA,12,596597,Memphis,2,1,1,1,1,0,0,0,1,591,9000,1,28,12,14,3,0,2,12,5,1,4,2,0,0,1,5,7,7,36,0,21,6,1,1,7,29,5,2,2,3,10,0,0,1,0,0,0,0,0,7,4,0,1,26,2,5,1,0,1,2,3,0,10,0,0,0,0,7,4,6,29,1,18,5,0,1,6,37,14,12,6,5,4,0,1,2,0,1,0,2,0,5,7,0
6317088,2025-04-25,9,596585,Louisville,2,596545,Florida St.,10,1,1,1,1,0,0,0,1,2466,10080,1,31,2,6,1,0,1,2,1,1,13,0,0,2,0,8,4,4,33,2,27,10,2,1,9,43,13,10,10,1,11,0,2,5,1,0,0,0,0,6,7,0,1,39,10,13,1,0,5,10,1,3,11,0,0,1,0,6,7,5,43,0,27,14,1,0,9,33,6,2,2,1,13,0,0,1,2,0,0,0,0,8,4,0
6317370,2025-04-25,9,596553,Georgia Tech,9,596439,Virginia,12,1,1,1,1,0,0,0,1,1425,13620,1,36,9,12,3,0,3,9,6,2,11,1,0,0,1,7,7,9,45,2,27,8,1,1,9,49,16,12,12,6,4,0,0,3,1,0,0,1,0,10,12,0,1,39,12,16,3,1,3,12,6,1,4,1,2,1,0,10,12,10,49,0,27,8,1,0,9,45,12,9,9,6,11,0,0,3,0,1,0,1,0,7,7,1
6317813,2025-04-25,9,596496,Boston College,1,596600,Miami (FL),2,1,1,1,1,0,0,0,1,865,8940,1,27,1,5,0,0,0,1,2,1,1,1,1,2,1,10,13,4,32,1,27,12,1,0,9,33,3,2,2,4,5,0,0,0,0,0,0,0,0,12,8,0,1,28,2,3,1,0,0,2,4,0,5,0,1,0,0,12,8,4,33,0,27,12,0,0,9,32,5,1,1,2,1,0,0,0,2,1,0,1,0,10,13,0
6354743,2025-04-25,9,596607,Ole Miss,8,596434,Vanderbilt,3,1,1,1,1,0,0,0,1,9159,11880,1,36,8,11,1,0,3,5,3,3,13,0,0,1,0,5,6,10,42,1,27,9,0,0,9,37,4,3,3,7,13,0,2,1,0,2,0,1,0,6,6,0,1,29,3,4,0,1,1,3,7,0,13,1,0,0,2,6,6,7,37,2,24,5,0,0,8,42,11,8,7,3,13,0,4,3,1,0,0,0,0,5,6,0
6356251,2025-04-25,9,596485,Arizona St.,12,596499,BYU,4,1,1,1,1,0,0,0,1,2620,9900,1,36,12,13,2,0,6,12,5,1,6,0,0,1,0,9,8,6,42,2,27,6,1,0,9,36,3,4,4,3,14,0,0,2,0,0,0,0,0,5,7,0,1,32,4,3,1,0,2,4,3,1,14,0,0,0,0,5,7,5,36,0,24,9,1,0,8,42,13,12,12,5,6,0,0,6,1,0,1,0,0,9,8,0
6356745,2025-04-25,9,596432,Utah,0,596575,Kansas,2,1,1,1,1,0,0,0,1,1623,9180,1,34,0,6,0,0,0,0,0,2,5,0,0,0,0,6,16,9,36,1,27,8,0,0,9,37,6,2,2,5,9,0,0,1,0,0,0,0,0,9,7,0,1,30,2,6,2,0,1,2,5,1,9,0,1,0,0,9,7,8,37,1,27,3,1,0,9,36,6,0,0,0,5,0,0,0,0,0,0,0,0,6,16,1
6356893,2025-04-25,9,596554,Georgia,10,596641,Oklahoma,9,1,1,1,1,0,0,0,1,3106,12900,1,30,10,7,2,0,2,10,6,2,9,0,0,0,0,5,9,4,38,0,27,10,1,0,9,46,10,9,9,6,9,0,1,0,0,0,0,0,0,11,6,0,1,35,9,10,2,0,0,8,6,4,9,0,1,0,0,11,6,10,46,0,24,5,1,1,8,38,7,10,10,6,9,0,1,2,0,0,0,0,0,5,9,0
6303653,2025-04-26,9,596577,Kentucky,7,596677,South Carolina,3,1,1,1,1,0,0,0,1,4134,9000,1,30,7,9,2,0,1,6,3,2,1,1,1,7,1,17,4,6,37,0,27,12,1,0,9,34,6,3,3,2,9,0,0,0,0,0,0,0,0,11,6,0,1,32,3,6,3,0,0,2,2,0,9,0,0,0,0,11,6,4,34,1,24,18,1,0,8,37,9,7,6,3,1,0,0,1,7,1,1,1,0,17,4,0
6303712,2025-04-26,9,596489,Auburn,7,596605,Mississippi St.,12,1,1,1,1,0,0,0,1,6484,11820,1,35,7,9,1,0,4,7,3,1,10,0,0,0,0,8,8,5,39,1,27,9,1,0,9,48,14,12,11,5,7,0,0,3,0,0,0,0,0,10,8,0,1,40,12,14,4,0,3,11,5,3,7,0,0,0,0,10,8,9,48,0,27,7,2,0,9,39,9,7,7,3,10,0,1,4,0,0,0,0,0,8,8,0
6303718,2025-04-26,9,596546,Florida,0,596487,Arkansas,7,1,1,1,1,0,0,0,1,6081,10500,1,30,0,5,2,0,0,0,4,1,10,0,0,0,0,6,8,8,35,4,27,9,2,0,9,42,7,7,2,5,6,0,0,1,2,0,0,2,0,8,12,0,1,32,7,7,1,0,1,7,5,2,6,2,1,2,0,8,12,8,42,1,27,10,1,0,9,35,5,0,0,4,10,0,0,0,0,0,0,0,0,6,8,1
6303722,2025-04-26,9,596577,Kentucky,4,596677,South Carolina,5,1,1,1,1,0,0,0,1,4134,11940,1,29,4,5,2,0,2,4,2,5,12,0,1,3,2,4,9,5,37,0,27,11,0,1,9,41,12,5,5,4,13,0,0,1,2,0,0,0,0,6,5,0,1,35,5,12,2,0,1,5,4,1,13,0,1,2,0,6,5,9,41,1,27,8,2,0,9,37,5,4,3,2,12,0,0,2,3,2,0,0,0,4,9,0
6303723,2025-04-26,9,596583,LSU,3,596721,Tennessee,9,1,1,1,1,0,0,0,1,13376,13560,1,31,3,4,1,0,3,3,4,0,7,0,1,0,0,15,5,6,36,1,27,8,0,0,9,48,10,9,4,8,11,0,1,1,3,1,0,1,0,6,9,0,1,36,9,10,2,0,1,7,8,3,11,1,0,3,1,6,9,12,48,2,27,13,1,0,9,36,4,3,3,4,7,0,1,3,0,0,0,0,0,15,5,2
6303735,2025-04-26,9,596430,Air Force,15,596620,Nevada,17,1,1,1,1,0,0,0,1,128,12600,1,39,15,16,4,1,1,13,3,2,6,1,1,2,1,10,9,4,46,2,27,11,2,0,9,53,15,17,16,9,4,0,1,2,1,1,0,1,0,10,12,0,1,41,17,15,3,0,2,17,9,2,4,1,0,1,1,10,12,9,53,3,27,11,0,0,9,46,16,15,11,3,6,0,1,1,2,1,0,1,0,10,9,0
6303749,2025-04-26,9,596630,ULM,5,596642,Old Dominion,9,1,1,1,1,0,0,0,1,1044,14040,1,34,5,8,1,0,0,5,9,2,7,1,2,3,0,9,10,16,48,0,27,13,1,0,9,47,11,9,9,7,5,0,3,1,3,0,1,0,0,14,8,0,1,37,9,11,2,0,1,9,7,2,5,0,1,3,0,14,8,11,47,3,27,11,0,0,9,48,8,5,2,9,7,0,1,0,3,0,1,1,0,9,10,0
6303750,2025-04-26,7,596637,Notre Dame,10,596511,California,0,1,1,1,1,0,0,0,1,637,8040,1,30,10,12,3,0,2,10,6,2,6,0,0,1,0,5,9,10,38,1,21,7,0,0,7,26,2,0,0,1,7,0,0,0,0,0,0,0,0,7,7,0,1,24,0,2,1,0,0,0,1,1,7,0,0,0,0,7,7,5,26,0,18,3,0,0,6,38,12,10,10,6,6,0,1,2,1,0,0,0,0,5,9,0
6303752,2025-04-26,9,596514,UCLA,9,596647,Penn St.,1,1,1,1,1,0,0,0,1,657,8700,1,31,9,10,1,1,3,9,3,3,1,0,1,0,0,9,12,5,38,0,27,11,2,0,9,33,7,1,1,0,8,0,0,0,0,1,0,0,0,10,7,0,1,32,1,7,1,0,0,1,0,1,8,0,0,0,1,10,7,5,33,0,24,9,1,0,8,38,10,9,9,3,1,0,0,3,0,0,0,0,0,9,12,0
6303762,2025-04-26,11,596708,Duke,8,596438,Virginia Tech,9,1,1,1,1,0,0,0,1,1066,14340,1,42,8,8,2,0,0,7,7,2,15,0,0,3,0,6,12,10,51,0,33,10,0,1,11,50,11,9,8,4,15,0,1,3,0,0,0,1,0,9,9,0,1,42,9,11,2,0,3,8,4,2,15,1,1,0,0,9,9,8,50,2,33,7,0,1,11,51,8,8,8,7,15,0,0,0,3,0,0,0,0,6,12,1
6303765,2025-04-26,9,596707,Fresno St.,8,596442,Washington St.,0,1,1,1,1,0,0,0,1,1610,8520,1,36,8,11,3,0,1,8,2,0,6,0,1,0,0,8,10,7,39,1,27,6,0,0,9,32,4,0,0,0,11,0,0,0,0,1,0,0,0,4,11,0,1,31,0,4,0,0,0,0,0,1,11,0,0,0,1,4,11,5,32,2,24,9,0,0,8,39,11,8,8,2,6,0,0,1,0,0,0,0,0,8,10,0
6303771,2025-04-26,9,596488,Little Rock,3,596683,SIUE,5,1,1,1,1,0,0,0,1,281,10980,1,32,3,6,3,1,0,3,5,1,7,0,2,0,0,10,10,10,40,0,27,12,0,0,9,35,6,5,5,3,5,0,0,2,0,1,0,0,0,10,11,0,1,32,5,6,1,0,2,5,3,0,5,0,0,0,1,10,11,3,35,1,27,11,0,0,9,40,6,3,3,5,7,0,1,0,0,0,0,0,0,10,10,0
6303776,2025-04-26,7,596569,Iowa,13,596566,Indiana,2,1,1,1,1,0,0,0,1,2278,9120,1,25,13,9,1,0,2,13,5,5,4,0,2,0,0,8,6,5,37,0,21,10,1,0,7,29,7,2,2,1,6,0,0,0,0,0,0,0,0,9,3,0,1,24,2,7,2,0,0,2,1,3,6,0,1,0,0,9,3,6,29,0,19,9,2,0,6.1,37,9,13,13,5,4,0,0,2,0,0,0,0,0,8,6,0
6303780,2025-04-26,7,596619,UNLV,13,596669,San Diego St.,2,1,1,1,1,0,0,0,1,721,9600,1,36,13,19,4,0,0,13,7,0,6,0,0,1,0,7,4,12,43,1,21,5,1,0,7,31,5,2,2,6,3,0,0,0,0,0,0,0,0,3,13,0,1,25,2,5,1,0,0,2,6,0,3,0,0,0,0,3,13,8,31,0,18,7,1,0,6,43,19,13,13,7,6,0,0,0,1,0,0,0,0,7,4,0
6303781,2025-04-26,9,596519,UCF,10,596444,West Virginia,15,1,1,1,1,0,0,0,1,2245,16980,1,40,10,16,4,0,1,10,9,2,4,1,1,2,0,14,7,16,53,2,27,11,2,0,9,46,13,15,12,5,4,0,1,1,3,0,0,2,0,10,12,1,1,37,15,13,2,0,1,14,5,0,4,2,2,3,0,10,12,5,46,1,27,11,1,1,9,53,16,10,8,9,4,0,2,1,2,0,1,1,0,14,7,0
6303783,2025-04-26,9,596462,Grand Canyon,7,596424,UT Arlington,2,1,1,1,1,0,0,0,1,582,8040,1,35,7,11,0,0,2,7,2,1,8,0,0,1,0,14,1,7,38,0,27,12,1,0,9,34,6,2,2,0,10,0,1,2,0,0,0,0,0,11,6,0,1,33,2,6,0,0,2,2,0,1,10,0,0,0,0,11,6,5,34,2,24,15,0,0,8,38,11,7,7,2,8,0,1,2,1,0,0,0,0,14,1,0
6307931,2025-04-26,9,596563,Illinois,3,596653,Purdue,1,1,1,1,1,0,0,0,1,1221,8820,1,31,3,10,2,0,0,3,3,0,8,0,1,4,0,12,2,8,35,1,27,15,2,0,9,30,6,1,1,0,6,0,0,0,0,0,0,0,0,13,5,0,1,29,1,6,2,0,0,1,0,0,6,0,1,0,0,13,5,2,30,0,24,15,2,1,8,35,10,3,3,3,8,0,0,0,4,0,0,0,0,12,2,0
6309730,2025-04-26,9,596521,Cincinnati,11,596714,Oklahoma St.,4,1,1,1,1,0,0,0,1,1122,13320,1,37,11,17,3,0,0,10,7,1,8,1,0,7,0,6,7,11,46,1,27,3,2,0,9,36,4,4,3,4,10,0,0,0,1,0,0,1,0,3,14,0,1,31,4,4,2,0,0,4,4,0,10,1,0,1,0,3,14,5,36,0,24,9,0,0,8,46,17,11,11,7,8,0,1,0,7,0,0,1,0,6,7,0
6310588,2025-04-26,9,596557,Hawaii,5,596505,CSU Bakersfield,4,1,1,1,1,0,0,0,1,4096,11160,1,37,5,12,2,0,0,5,2,0,4,0,0,1,0,5,13,10,39,0,27,12,2,0,9,40,11,4,4,4,7,0,3,0,1,1,0,0,0,11,6,0,1,35,4,11,1,0,0,4,4,1,7,0,0,1,1,11,6,8,40,2,24,7,0,0,8,39,12,5,5,2,4,0,1,0,1,0,0,0,0,5,13,0
6310652,2025-04-26,7,596480,Alabama,12,596608,Missouri,1,1,1,1,1,0,0,0,1,4062,7980,1,33,12,15,3,0,4,12,2,1,9,0,0,0,0,3,6,6,36,0,21,8,0,0,7,25,5,1,1,1,5,0,1,1,0,0,0,0,0,5,9,0,1,24,1,5,0,0,1,1,1,0,5,0,0,0,0,5,9,3,25,0,18,3,0,0,6,36,15,12,12,2,9,0,2,4,0,0,0,0,0,3,6,0
6310802,2025-04-26,7,596623,New Mexico,19,596672,San Jose St.,3,1,1,1,1,0,0,0,1,614,8100,1,36,19,20,4,0,3,17,3,0,7,0,0,0,1,4,4,2,39,0,21,8,2,0,7,28,8,3,3,0,7,0,0,0,0,0,0,0,0,6,6,0,1,27,3,8,3,1,0,3,0,1,7,0,0,0,0,6,6,4,28,3,18,7,2,0,6,39,20,19,19,3,7,0,1,3,0,1,0,0,0,4,4,0
6310898,2025-04-26,9,596425,Texas,3,596420,Texas A&M,2,1,1,1,1,0,0,0,1,7808,11520,1,31,3,7,1,0,1,2,3,0,12,0,0,2,0,5,7,7,34,0,27,5,0,0,9,37,5,2,2,4,10,0,0,0,0,0,0,1,0,5,11,0,1,29,2,5,3,0,0,2,4,2,10,1,1,0,0,5,11,8,37,2,24,6,1,0,8,34,7,3,2,3,12,0,0,1,2,0,0,0,0,5,7,0
6311180,2025-04-26,7,596636,Northwestern,4,596443,Washington,14,1,1,1,1,0,0,0,1,544,8340,1,27,4,8,1,2,1,4,3,0,2,1,0,0,0,9,9,6,31,2,21,6,1,0,7,41,16,14,13,2,7,0,0,4,1,0,0,1,0,3,10,0,1,36,14,16,3,0,4,13,2,2,7,1,0,1,0,3,10,6,41,0,21,9,0,0,7,31,8,4,4,3,2,0,0,1,0,0,0,1,0,9,9,0
6311430,2025-04-26,9,596593,Maryland,2,596712,Nebraska,7,1,1,1,1,0,0,0,1,1233,10020,1,34,2,8,1,0,1,2,4,1,7,0,0,1,0,16,3,10,39,3,27,9,1,0,9,45,11,7,7,8,6,0,0,1,0,1,0,0,0,6,12,0,1,35,7,11,4,0,1,7,8,1,6,0,1,0,1,6,12,11,45,1,27,16,2,0,9,39,8,2,2,4,7,0,0,1,1,0,0,0,0,16,3,0
6311850,2025-04-26,9,596639,Ohio St.,16,596660,Rutgers,8,1,1,1,1,0,0,0,1,770,11700,1,37,16,12,5,0,1,14,7,4,6,1,0,3,0,8,10,9,49,1,27,11,0,0,9,45,11,8,7,5,8,0,3,1,0,0,0,2,0,9,10,0,1,37,8,11,3,0,1,7,5,1,8,2,0,0,0,9,10,10,45,3,24,6,0,0,8,49,12,16,13,7,6,0,2,1,3,0,1,1,0,8,10,0
6311897,2025-04-26,7,596465,Seattle U,5,596477,Abilene Christian,16,1,1,1,1,0,0,0,1,146,9720,1,30,5,10,1,0,1,4,4,1,8,1,0,0,0,6,6,10,36,2,21,7,1,0,7,43,10,16,12,10,9,0,3,0,0,1,0,1,0,4,6,0,1,29,16,10,1,1,0,14,10,2,9,1,1,0,1,4,6,6,43,2,21,7,0,0,7,36,10,5,2,4,8,0,2,1,0,0,0,1,0,6,6,0
6313323,2025-04-26,9,596628,NC State,4,596523,Clemson,1,1,1,1,1,0,0,0,1,3048,7920,1,31,4,8,2,0,1,4,0,1,5,1,0,0,0,5,14,5,33,0,27,8,0,0,9,34,5,1,1,2,8,0,1,1,0,0,0,0,0,10,9,0,1,32,1,5,2,0,1,1,2,0,8,0,0,0,0,10,9,6,34,0,24,4,0,0,8,33,8,4,4,0,5,0,2,1,0,0,0,1,0,5,14,0
6314283,2025-04-26,9,596688,Stanford,9,596441,Wake Forest,12,1,1,1,1,0,0,0,1,1558,13920,1,37,9,11,1,0,0,7,5,2,6,2,0,2,0,7,13,10,46,0,27,7,1,0,9,52,19,12,12,8,8,0,1,0,2,0,0,0,0,6,11,1,1,44,12,19,2,0,0,12,8,0,8,0,0,2,0,6,11,13,52,2,27,8,2,1,9,46,11,9,5,5,6,0,1,0,2,0,0,2,0,7,13,0
6315858,2025-04-26,8,596426,UTSA,17,596597,Memphis,7,1,1,1,1,0,0,0,1,599,10980,1,34,17,11,3,0,3,16,7,2,4,0,0,5,0,10,7,4,43,0,24,4,1,1,8,36,10,7,6,2,8,0,0,3,0,0,1,1,0,4,12,0,1,33,7,10,3,0,3,7,2,0,8,1,0,0,0,4,12,5,36,2,22,10,0,0,7.1,43,11,17,13,7,4,0,3,3,5,0,0,0,0,10,7,0
6317090,2025-04-26,9,596585,Louisville,9,596545,Florida St.,4,1,1,1,1,0,0,0,1,2724,11520,1,31,9,10,5,0,0,9,6,2,4,2,1,14,0,9,11,9,42,0,27,16,0,1,9,36,6,4,4,5,5,0,1,0,0,1,0,1,0,13,7,1,1,30,4,6,2,0,0,4,5,0,5,1,0,0,1,13,7,5,36,1,24,10,1,0,8,42,10,9,9,6,4,0,1,0,14,0,0,2,0,9,11,0
6317371,2025-04-26,9,596553,Georgia Tech,5,596439,Virginia,6,1,1,1,1,0,0,0,1,2935,10380,1,34,5,6,2,0,1,5,3,0,9,0,0,0,0,11,7,5,37,1,27,14,0,0,9,38,13,6,6,2,8,0,0,3,1,2,0,0,0,8,7,0,1,36,6,13,1,0,3,6,2,0,8,0,0,1,2,8,7,4,38,1,27,12,2,0,9,37,6,5,2,3,9,0,1,1,0,0,0,0,0,11,7,0
6317814,2025-04-26,9,596496,Boston College,4,596600,Miami (FL),13,1,1,1,1,0,0,0,1,523,10260,1,29,4,3,0,0,1,2,6,3,12,0,0,1,1,8,6,7,38,4,27,10,1,0,9,50,16,13,11,4,6,0,4,1,1,0,0,3,0,12,9,0,1,40,13,16,4,0,1,12,4,1,6,3,2,1,0,12,9,10,50,1,27,9,0,0,9,38,3,4,2,6,12,0,0,1,1,1,0,0,0,8,6,0
6354744,2025-04-26,9,596607,Ole Miss,7,596434,Vanderbilt,1,1,1,1,1,0,0,0,1,9693,10980,1,31,7,8,1,0,2,7,2,5,13,0,1,0,0,6,5,8,39,1,27,11,0,0,9,35,6,1,1,1,8,0,1,0,3,0,0,0,0,10,8,0,1,33,1,6,0,0,0,0,1,1,8,0,0,3,0,10,8,7,35,0,24,5,1,0,8,39,8,7,7,2,13,0,0,2,0,0,0,0,0,6,5,0
6356252,2025-04-26,8,596485,Arizona St.,16,596499,BYU,6,1,1,1,1,0,0,0,1,3548,12000,1,32,16,13,2,1,8,14,9,1,5,0,0,1,2,7,6,4,42,0,24,6,2,0,8,36,10,6,6,3,12,0,0,2,0,1,0,0,0,4,6,0,1,32,6,10,3,0,2,6,3,1,12,0,0,0,1,4,6,6,36,2,21,9,1,0,7,42,13,16,15,9,5,0,2,8,1,2,0,0,0,7,6,0
6356746,2025-04-26,9,596432,Utah,5,596575,Kansas,12,1,1,1,1,0,0,0,1,1590,11880,1,36,5,9,2,0,1,5,3,0,0,0,0,2,0,14,13,7,39,1,27,10,0,0,9,48,12,12,11,11,10,0,2,1,0,0,0,1,0,5,8,0,1,35,12,12,4,0,1,12,11,1,10,1,0,0,0,5,8,9,48,0,27,12,4,0,9,39,9,5,5,3,0,0,3,1,2,0,0,0,0,14,13,0
6356894,2025-04-26,9,596554,Georgia,6,596641,Oklahoma,3,1,1,1,1,0,0,0,1,3633,11580,1,31,6,6,0,0,4,6,1,1,9,0,0,0,0,8,7,3,33,0,27,7,0,0,9,40,5,3,3,7,8,0,1,0,0,0,0,0,0,7,11,0,1,31,3,5,3,0,0,3,7,2,8,0,0,0,0,7,11,10,40,1,24,8,2,0,8,33,6,6,3,1,9,0,0,4,0,0,0,0,0,8,7,0
6303784,2025-04-27,9,596489,Auburn,14,596605,Mississippi St.,8,1,1,1,1,0,0,0,1,5329,11520,1,37,14,14,3,0,2,14,3,3,8,2,0,1,0,7,9,7,45,0,27,10,0,0,9,42,9,8,8,6,6,0,0,3,2,0,0,1,0,9,10,0,1,33,8,9,1,0,3,8,6,2,6,1,0,2,0,9,10,7,42,1,24,6,1,0,8,45,14,14,13,3,8,0,0,2,1,0,0,2,0,7,9,0
6303790,2025-04-27,9,596546,Florida,9,596487,Arkansas,5,1,1,1,1,0,0,0,1,5681,11700,1,36,9,12,5,0,1,8,5,0,3,0,0,2,0,8,13,8,41,0,27,10,0,0,9,42,7,5,5,6,9,0,1,0,0,0,0,0,0,10,7,0,1,33,5,7,2,0,0,4,6,3,9,0,0,0,0,10,7,10,42,1,24,6,0,1,8,41,12,9,9,5,3,0,2,1,2,0,0,0,0,8,13,0
6303794,2025-04-27,9,596577,Kentucky,11,596677,South Carolina,5,1,1,1,1,0,0,0,1,4292,12900,1,32,11,11,1,0,1,10,7,2,6,0,2,6,2,6,10,8,43,0,27,9,0,0,9,41,11,5,5,4,6,0,2,0,0,0,0,0,0,9,10,1,1,36,5,11,1,0,0,5,4,1,6,0,0,0,0,9,10,7,41,4,24,9,1,0,8,43,11,11,10,7,6,0,0,1,6,2,0,0,0,6,10,0
6303795,2025-04-27,8,596583,LSU,12,596721,Tennessee,2,1,1,1,1,0,0,0,1,11847,12000,1,34,12,13,4,2,3,12,8,1,8,0,1,0,1,7,7,8,44,0,24,8,0,0,8,31,7,2,2,1,8,0,0,0,0,1,0,1,0,7,8,1,1,29,2,7,3,0,0,2,1,0,8,1,0,0,1,7,8,5,31,0,23,8,0,0,7.2,44,13,12,12,8,8,0,0,3,0,1,0,0,0,7,7,0
6303801,2025-04-27,9,596462,Grand Canyon,5,596424,UT Arlington,17,1,1,1,1,0,0,0,1,347,9840,1,36,5,9,2,1,1,5,1,0,6,0,0,1,0,9,12,5,37,0,27,8,0,0,9,47,15,17,17,5,10,0,2,5,2,0,0,0,0,6,10,0,1,41,17,15,2,0,5,17,5,1,10,0,0,2,0,6,10,3,47,0,27,9,0,0,9,37,9,5,5,1,6,0,1,1,1,0,0,0,0,9,12,0
6303806,2025-04-27,9,596430,Air Force,2,596620,Nevada,7,1,1,1,1,0,0,0,1,203,11520,1,33,2,9,4,0,1,2,7,0,6,0,0,3,1,8,10,11,40,1,27,8,1,0,9,44,13,7,7,5,6,0,0,2,1,0,0,0,0,8,11,0,1,38,7,13,3,0,2,7,5,1,6,0,0,1,0,8,11,10,44,1,27,10,1,0,9,40,9,2,2,7,6,0,1,1,3,1,0,0,0,8,10,0
6303811,2025-04-27,9,596619,UNLV,10,596669,San Diego St.,3,1,1,1,1,0,0,0,1,517,9840,1,38,10,14,3,0,4,10,6,2,5,0,0,0,0,7,11,12,46,0,27,9,0,0,9,36,8,3,3,1,4,0,1,1,1,0,0,1,0,8,13,0,1,32,3,8,3,0,1,3,1,2,4,1,0,1,0,8,13,6,36,2,24,9,2,0,8,46,14,10,10,6,5,0,0,4,0,0,0,0,0,7,11,0
6303818,2025-04-27,9,596519,UCF,3,596444,West Virginia,4,1,1,1,1,0,0,0,1,1853,10080,1,35,3,9,4,0,0,3,2,2,5,0,0,2,0,9,12,9,39,0,27,6,0,0,9,35,7,4,4,1,5,0,0,0,0,0,0,0,0,6,15,0,1,33,4,7,3,0,0,4,1,1,5,0,0,0,0,6,15,4,35,0,27,11,0,0,9,39,9,3,3,2,5,0,1,0,2,0,0,0,0,9,12,0
6303835,2025-04-27,10,596630,ULM,6,596642,Old Dominion,9,1,1,1,1,0,0,0,1,1086,12720,1,37,6,10,4,0,0,6,5,2,4,1,2,3,0,12,13,11,47,0,30,12,1,0,10,51,16,9,9,4,6,0,1,2,2,0,0,1,0,13,11,1,1,44,9,16,3,0,2,9,4,0,6,1,2,2,0,13,11,12,51,1,30,12,0,0,10,47,10,6,6,5,4,0,0,0,3,0,0,1,0,12,13,0
6303838,2025-04-27,9,596637,Notre Dame,6,596511,California,5,1,1,1,1,0,0,0,1,667,10680,1,30,6,4,1,1,0,4,6,1,9,0,0,2,0,8,7,7,37,0,27,10,0,0,9,41,13,5,5,2,5,0,1,1,0,1,0,1,0,13,7,0,1,36,5,13,3,1,1,5,2,1,5,1,1,0,1,13,7,9,41,2,24,8,1,0,8,37,4,6,2,6,9,0,0,0,2,0,0,0,0,8,7,0
6303840,2025-04-27,9,596514,UCLA,6,596647,Penn St.,3,1,1,1,1,0,0,0,1,1158,10620,1,31,6,9,2,0,1,6,3,3,4,0,0,2,0,8,10,7,37,0,27,12,2,0,9,35,5,3,3,2,7,0,1,1,1,0,0,0,0,11,8,0,1,31,3,5,2,0,1,2,2,2,7,0,0,1,0,11,8,5,35,0,24,9,1,0,8,37,9,6,6,3,4,0,0,1,2,0,0,0,0,8,10,0
6303841,2025-04-27,7,596708,Duke,14,596438,Virginia Tech,0,1,1,1,1,0,0,0,1,948,10680,1,29,14,11,2,0,3,14,9,0,5,1,0,1,0,1,12,7,39,2,21,10,0,0,7,27,2,0,0,1,5,0,0,0,0,0,0,0,0,10,6,0,1,25,0,2,1,0,0,0,1,1,5,0,0,0,0,10,6,6,27,1,18,1,0,0,6,39,11,14,14,9,5,0,0,3,1,0,0,1,0,1,12,0
6303847,2025-04-27,9,596488,Little Rock,4,596683,SIUE,8,1,1,1,1,0,0,0,1,240,11220,1,34,4,7,4,0,0,4,1,1,15,0,0,2,0,5,6,5,36,0,27,6,1,1,9,41,11,8,7,2,11,0,0,3,2,0,0,0,0,8,9,0,1,39,8,11,2,0,3,7,2,0,11,0,0,2,0,8,9,6,41,1,27,7,0,1,9,36,7,4,3,1,15,0,0,0,2,0,0,0,0,5,6,0
6303852,2025-04-27,7,596707,Fresno St.,11,596442,Washington St.,1,1,1,1,1,0,0,0,1,2336,8520,1,26,11,11,1,0,2,11,4,2,4,1,0,0,0,6,6,4,33,1,21,11,2,0,7,30,10,1,1,0,4,0,0,0,1,1,0,0,0,8,6,1,1,29,1,10,0,0,0,1,0,1,4,0,0,1,1,8,6,8,30,0,18,7,2,0,6,33,11,11,11,4,4,0,1,2,0,0,0,1,0,6,6,0
6303855,2025-04-27,7,596569,Iowa,10,596566,Indiana,0,1,1,1,1,0,0,0,1,1506,7200,1,26,10,8,3,0,3,10,3,0,9,1,0,0,0,4,5,2,30,1,21,8,0,0,7,24,3,0,0,1,8,0,0,0,0,0,0,0,0,7,4,0,1,23,0,3,0,0,0,0,1,0,8,0,0,0,0,7,4,3,24,1,18,5,2,0,6,30,8,10,7,3,9,0,0,3,0,0,0,1,0,4,5,0
6307934,2025-04-27,7,596563,Illinois,4,596653,Purdue,20,1,1,1,1,0,0,0,1,986,10080,1,25,4,4,0,1,2,4,2,1,8,0,0,0,0,5,8,3,28,1,21,10,0,1,7,49,16,20,20,7,2,0,2,1,1,2,0,2,0,7,9,0,1,33,20,16,3,0,1,19,7,7,2,2,0,1,2,7,9,8,49,0,21,4,1,0,7,28,4,4,4,2,8,0,0,2,0,0,0,0,0,5,8,0
6309732,2025-04-27,9,596521,Cincinnati,1,596714,Oklahoma St.,8,1,1,1,1,0,0,0,1,1183,10920,1,30,1,3,1,0,1,1,2,1,10,0,0,1,0,8,9,5,33,1,27,3,0,1,9,48,11,8,8,5,12,0,0,2,2,0,0,0,0,4,11,0,1,39,8,11,1,0,2,8,5,3,12,0,1,2,0,4,11,13,48,0,27,8,0,0,9,33,3,1,1,2,10,0,0,1,1,0,0,0,0,8,9,0
6310590,2025-04-27,9,596557,Hawaii,11,596505,CSU Bakersfield,4,1,1,1,1,0,0,0,1,3710,12780,1,34,11,12,2,0,1,11,8,1,4,1,0,1,1,9,10,9,44,0,27,9,0,0,9,38,6,4,4,4,10,0,0,0,3,1,0,0,0,7,7,0,1,29,4,6,1,1,0,4,4,4,10,0,1,3,1,7,7,6,38,0,24,7,1,1,8,44,12,11,11,8,4,0,2,1,1,1,0,1,0,9,10,0
6310803,2025-04-27,9,596623,New Mexico,12,596672,San Jose St.,14,1,1,1,1,0,0,0,1,590,10740,1,46,12,19,4,0,2,12,2,0,9,1,0,0,0,12,6,10,49,1,27,12,0,0,9,50,16,14,11,4,8,0,0,2,0,0,0,0,0,14,5,0,1,42,14,16,7,1,2,14,4,2,8,0,2,0,0,14,5,9,50,1,27,10,0,0,9,49,19,12,9,2,9,0,1,2,0,0,0,1,0,12,6,0
6310899,2025-04-27,9,596425,Texas,6,596420,Texas A&M,5,1,1,1,1,0,0,0,1,7930,12300,1,31,6,8,3,0,1,5,6,0,6,1,0,1,0,5,13,8,38,0,27,6,0,0,9,42,9,5,5,6,5,0,0,1,0,0,0,0,0,5,16,0,1,34,5,9,3,0,1,5,6,1,5,0,1,0,0,5,16,10,42,0,24,5,1,0,8,38,8,6,6,6,6,0,1,1,1,0,0,1,0,5,13,1
6311185,2025-04-27,9,596636,Northwestern,10,596443,Washington,4,1,1,1,1,0,0,0,1,674,10980,1,29,10,10,4,0,1,10,6,3,7,3,1,0,0,6,9,8,42,0,27,14,0,0,9,41,8,4,4,8,5,0,0,1,0,1,0,0,0,12,8,0,1,33,4,8,1,0,1,3,8,0,5,0,0,0,1,12,8,10,41,2,24,7,1,0,8,42,10,10,9,6,7,0,1,1,0,0,0,3,0,6,9,0
6311434,2025-04-27,7,596593,Maryland,5,596712,Nebraska,21,1,1,1,1,0,0,0,1,962,10320,1,27,5,5,2,0,1,5,3,2,6,0,0,0,0,7,7,6,32,1,21,9,1,0,7,49,19,21,20,9,7,0,1,2,1,0,0,0,0,9,4,0,1,39,21,19,6,0,2,21,9,1,7,0,0,1,0,9,4,7,49,2,21,9,1,0,7,32,5,5,2,3,6,0,0,1,0,0,0,0,0,7,7,0
6311853,2025-04-27,9,596639,Ohio St.,5,596660,Rutgers,13,1,1,1,1,0,0,0,1,1334,12000,1,35,5,10,2,1,0,5,6,1,9,0,0,2,1,7,9,10,42,6,27,8,1,0,9,49,11,13,8,6,9,0,0,0,2,0,0,0,0,7,9,0,1,40,13,11,3,0,0,10,6,1,9,0,2,2,0,7,9,9,49,0,27,10,0,0,9,42,10,5,5,6,9,0,2,0,2,1,0,0,0,7,9,0
6311898,2025-04-27,9,596465,Seattle U,2,596477,Abilene Christian,6,1,1,1,1,0,0,0,1,134,9900,1,36,2,9,1,0,0,2,3,0,11,0,0,1,0,8,8,10,39,1,27,9,0,0,9,42,11,6,6,3,9,0,0,1,2,2,0,1,0,7,9,0,1,36,6,11,2,0,1,5,3,2,9,1,0,2,2,7,9,9,42,0,27,9,0,1,9,39,9,2,2,3,11,0,2,0,1,0,0,0,0,8,8,0
6314284,2025-04-27,7,596688,Stanford,0,596441,Wake Forest,10,1,1,1,1,0,0,0,1,2339,10680,1,23,0,4,0,0,0,0,3,1,4,0,0,0,1,5,10,6,27,1,21,4,1,0,7,41,11,10,9,9,6,0,0,0,1,0,0,1,0,6,9,0,1,31,10,11,3,1,0,9,9,0,6,1,0,1,0,6,9,10,41,0,21,6,0,0,7,27,4,0,0,3,4,0,0,0,0,1,0,0,0,5,10,0
6315862,2025-04-27,11,596426,UTSA,6,596597,Memphis,5,1,1,1,1,0,0,0,1,682,13500,1,39,6,9,0,1,2,6,9,1,10,0,0,2,0,8,11,8,49,1,33,5,3,0,11,48,12,5,5,3,10,0,1,1,2,1,0,1,0,6,16,0,1,43,5,12,1,0,1,4,3,1,10,1,0,2,1,6,16,10,48,1,32,10,0,0,10.2,49,9,6,5,9,10,0,1,2,2,0,0,0,0,8,11,0
6317094,2025-04-27,7,596585,Louisville,14,596545,Florida St.,2,1,1,1,1,0,0,0,1,3197,10080,1,29,14,11,1,1,4,13,8,0,4,0,1,3,1,7,8,4,38,0,21,11,0,0,7,28,6,2,2,3,1,0,0,0,0,0,0,0,0,8,9,0,1,24,2,6,1,0,0,2,3,1,1,0,0,0,0,8,9,5,28,2,20,9,3,0,6.2,38,11,14,14,8,4,0,1,4,3,1,0,0,0,7,8,0
6317372,2025-04-27,10,596553,Georgia Tech,7,596439,Virginia,6,1,1,1,1,0,0,0,1,1705,11880,1,38,7,12,2,0,3,7,4,0,8,1,0,1,0,10,8,7,43,1,30,9,2,0,10,39,6,6,5,4,10,0,2,2,1,2,0,1,0,6,12,0,1,33,6,6,0,0,2,5,4,0,10,1,0,1,2,6,12,3,38,1,29,11,0,0,9.2,43,12,7,7,4,8,0,0,3,1,0,0,1,0,10,8,0
6317815,2025-04-27,9,596496,Boston College,2,596600,Miami (FL),3,1,1,1,1,0,0,1,1,1505,9180,1,31,2,7,2,0,1,2,3,0,5,0,0,0,0,12,6,4,34,1,27,14,1,0,9,37,10,3,2,1,2,0,0,1,0,0,0,0,0,12,11,0,1,36,3,10,2,0,1,3,1,0,2,0,0,0,0,12,11,7,37,1,27,15,1,0,9,34,7,2,1,3,5,0,0,1,0,0,0,0,0,12,6,0
6354746,2025-04-27,7,596607,Ole Miss,0,596434,Vanderbilt,13,1,1,1,1,0,0,0,1,9111,9540,1,24,0,3,1,0,0,0,1,0,12,0,0,1,0,3,6,4,25,2,21,5,0,0,7,43,16,13,10,5,5,0,0,1,1,1,0,2,0,4,10,0,1,35,13,16,1,1,1,13,5,1,5,2,0,1,1,4,10,9,43,0,21,2,0,0,7,25,3,0,0,1,12,0,0,0,1,0,0,0,0,3,6,0
6356747,2025-04-27,9,596432,Utah,11,596575,Kansas,12,1,1,1,1,0,0,0,1,1512,13500,1,39,11,17,1,2,1,10,5,1,5,0,2,2,1,7,11,9,47,1,27,10,3,0,9,50,14,12,8,8,3,0,0,2,0,0,0,1,0,8,15,0,1,40,12,14,2,0,2,12,8,1,3,1,0,0,0,8,15,11,50,1,27,9,1,0,9,47,17,11,11,5,5,0,4,1,2,1,0,0,0,7,11,0
6303858,2025-04-28,9,596462,Grand Canyon,9,596499,BYU,10,1,1,1,1,0,0,0,0,495,11520,1,36,9,11,0,0,2,9,7,2,8,0,0,0,2,9,7,9,45,0,27,9,1,0,9,43,12,10,10,5,7,0,0,2,0,0,0,1,0,7,12,0,1,37,10,12,3,0,2,10,5,0,7,1,0,0,0,7,12,6,43,1,27,13,1,0,9,45,11,9,8,7,8,0,1,2,0,2,0,0,0,9,7,0
6303860,2025-04-28,9,596688,Stanford,2,596509,Sacramento St.,1,1,1,1,1,0,0,0,0,1062,8160,1,29,2,6,2,1,0,1,4,0,4,0,0,1,0,7,12,7,33,0,27,8,1,0,9,33,6,1,1,0,9,0,0,0,0,0,1,0,0,9,9,0,1,33,1,6,1,0,0,1,0,0,9,0,0,0,0,9,9,5,33,0,24,8,0,0,8,33,6,2,2,4,4,0,0,0,1,0,0,0,0,7,12,0
6303862,2025-04-29,7,596605,Mississippi St.,18,596597,Memphis,5,1,1,1,1,0,0,0,0,9748,9660,1,31,18,16,4,0,2,18,8,3,5,1,0,1,0,7,4,7,43,1,21,4,1,0,7,32,6,5,1,3,11,0,1,0,0,0,0,0,0,6,6,0,1,28,5,6,0,0,0,3,3,1,11,0,0,0,0,6,6,6,32,0,18,7,0,0,6,43,16,18,18,8,5,0,0,2,1,0,0,1,0,7,4,0
6303865,2025-04-29,9,596515,UC Riverside,7,596669,San Diego St.,6,1,1,1,1,0,0,0,0,101,11700,1,32,7,13,3,0,0,7,2,1,7,1,2,2,1,8,6,5,38,1,27,4,1,0,9,41,12,6,5,4,6,0,1,0,1,0,0,2,0,3,16,0,1,35,6,12,0,0,0,6,4,0,6,2,0,1,0,3,16,7,41,1,24,12,0,0,8,38,13,7,6,2,7,0,1,0,2,1,0,1,0,8,6,0
6303868,2025-04-29,9,596554,Georgia,9,596463,Kennesaw St.,2,1,1,1,1,0,0,0,0,3633,12780,1,33,9,10,2,1,1,7,5,6,8,1,0,5,0,6,10,12,45,0,27,5,0,2,9,38,4,2,2,3,16,0,1,0,3,0,0,0,0,6,5,0,1,31,2,4,1,0,0,1,3,4,16,0,0,3,0,6,5,9,38,0,24,6,0,0,8,45,10,9,9,5,8,0,3,1,5,0,0,1,0,6,10,0
6303876,2025-04-29,9,596632,Northern Colo.,9,596430,Air Force,7,1,1,1,1,0,0,0,0,146,11100,1,29,9,8,4,0,0,5,7,1,8,3,1,1,0,6,8,8,41,1,27,6,2,0,9,41,9,7,7,4,9,0,1,4,2,1,0,0,0,5,12,0,1,34,7,9,1,1,4,7,4,2,9,0,1,2,1,5,12,7,41,6,24,8,0,0,8,41,8,9,3,7,8,0,3,0,1,0,0,3,0,6,8,1
6303880,2025-04-29,9,596712,Nebraska,7,596574,Kansas St.,6,1,1,1,1,0,0,0,0,4998,11700,1,31,7,9,1,0,0,6,3,3,6,0,2,1,0,8,10,6,39,3,27,8,2,0,9,42,6,6,5,6,14,0,3,0,1,0,0,0,0,7,7,0,1,36,6,6,2,0,0,5,6,0,14,0,0,1,0,7,7,9,42,2,26,10,0,0,8.2,40,9,7,6,3,6,0,1,0,1,0,0,0,0,8,10,2
6303889,2025-04-29,9,596645,Pacific,0,596707,Fresno St.,7,1,1,1,1,0,0,0,0,390,9540,1,30,0,3,1,0,0,0,1,0,9,0,0,0,0,5,13,4,31,0,27,13,0,0,9,43,12,7,7,6,4,0,3,0,1,1,0,2,0,11,8,0,1,31,7,12,3,0,0,6,6,2,4,2,2,1,1,11,8,8,43,1,27,5,3,0,9,31,3,0,0,1,9,0,0,0,0,0,0,0,0,5,13,0
6303894,2025-04-29,,596438,Virginia Tech,,596573,James Madison,,1,1,0,0,1,0,0,0,,,0,0,0,0,0,0,0,0,0,0,0,0,0,0,0,0,0,0,0,0,0,0,0,0,0,0,0,0,0,0,0,0,0,0,0,0,0,0,0,0,0,0,0,0,0,0,0,0,0,0,0,0,0,0,0,0,0,0,0,0,0,0,0,0,0,0,0,0,0,0,0,0,0,0,0,0,0,0,0,0,0,0,0,0
6303897,2025-04-29,9,596587,LMU (CA),2,596514,UCLA,7,1,1,1,1,0,0,0,0,433,13020,1,30,2,2,0,1,0,2,5,1,14,0,0,2,0,1,11,7,36,2,27,12,0,0,9,46,10,7,6,7,5,0,3,1,0,0,0,0,0,12,9,0,1,34,7,10,2,0,1,6,7,2,5,0,3,0,0,12,9,12,46,3,27,2,1,0,9,36,2,2,1,5,14,0,1,0,2,0,0,0,0,1,11,0
6303900,2025-04-29,10,596488,Little Rock,4,596486,Arkansas St.,7,1,1,1,1,0,0,0,0,439,12720,1,38,4,10,2,0,2,4,2,2,11,1,0,1,0,8,10,9,43,2,30,14,1,2,10,45,9,7,5,4,9,0,1,1,0,0,0,0,0,12,6,0,1,37,7,9,2,0,1,5,4,3,9,0,1,0,0,12,6,8,45,1,30,7,2,0,10,43,10,4,3,2,11,0,0,2,1,0,0,1,0,8,10,0
6303902,2025-04-29,,596685,Missouri St.,,596487,Arkansas,,1,1,0,0,1,0,0,0,,,0,0,0,0,0,0,0,0,0,0,0,0,0,0,0,0,0,0,0,0,0,0,0,0,0,0,0,0,0,0,0,0,0,0,0,0,0,0,0,0,0,0,0,0,0,0,0,0,0,0,0,0,0,0,0,0,0,0,0,0,0,0,0,0,0,0,0,0,0,0,0,0,0,0,0,0,0,0,0,0,0,0,0,0
6303905,2025-04-29,10,596442,Washington St.,6,596555,Gonzaga,7,1,1,1,1,0,0,0,0,950,12060,1,37,6,9,2,0,0,5,3,3,5,1,0,0,0,11,13,8,44,1,30,12,0,0,10,43,9,7,6,3,4,0,2,2,0,1,0,1,0,11,14,0,1,37,7,9,3,0,2,7,3,1,4,1,1,0,1,11,14,6,43,0,30,11,0,0,10,44,9,6,6,3,5,0,4,0,0,0,0,1,0,11,13,0
6303907,2025-04-29,10,596569,Iowa,5,596562,Illinois St.,6,1,1,1,1,0,0,0,0,958,10080,1,33,5,10,3,0,1,4,1,0,7,1,0,0,1,7,10,3,35,0,27,6,2,0,9,38,7,6,6,5,16,0,0,2,0,0,1,0,0,6,3,0,1,32,6,7,1,0,2,6,5,1,16,0,0,0,0,6,3,5,38,0,27,11,2,0,9,35,10,5,5,1,7,0,1,1,0,1,0,1,0,7,10,0
6303908,2025-04-29,8,596485,Arizona St.,11,596507,Long Beach St.,1,1,1,1,1,0,0,0,0,2203,9600,1,35,11,14,2,1,2,11,4,0,8,0,0,2,0,7,6,1,39,0,24,7,0,0,8,31,3,1,1,6,8,0,0,0,1,1,0,1,0,6,8,0,1,22,1,3,0,1,0,1,6,0,8,1,2,1,1,6,8,6,31,1,23,11,1,0,7.2,39,14,11,11,4,8,0,0,2,2,0,0,0,0,7,6,0
6303909,2025-04-29,9,596519,UCF,9,596467,North Florida,3,1,1,1,1,0,0,0,0,1701,11520,1,32,9,11,3,0,0,9,5,0,8,1,1,2,0,8,7,6,39,1,27,7,1,0,9,40,12,3,2,4,12,0,0,0,1,0,0,1,0,4,8,0,1,35,3,12,1,0,0,3,4,0,12,1,0,1,0,4,8,10,40,2,24,10,2,1,8,39,11,9,7,5,8,0,1,0,2,0,0,1,0,8,7,0
6303910,2025-04-29,9,596677,South Carolina,5,596492,Charleston So.,3,1,1,1,1,0,0,0,0,6842,11220,1,26,5,5,2,0,0,3,8,1,8,0,2,0,0,8,7,8,37,0,27,12,1,0,9,37,7,3,3,4,2,0,0,0,0,1,0,0,0,11,13,0,1,33,3,7,1,0,0,3,4,0,2,0,0,0,1,11,13,7,37,1,24,9,0,0,8,37,5,5,4,8,8,0,2,0,0,0,1,0,0,8,7,0
6303912,2025-04-29,7,596583,LSU,15,596680,Southeastern La.,2,1,1,1,1,0,0,0,0,10821,9420,1,30,15,11,2,0,3,13,7,2,7,0,2,1,0,2,10,6,41,0,21,3,1,0,7,28,6,2,2,1,14,0,2,1,0,0,0,0,0,3,4,0,1,27,2,6,1,0,1,2,1,0,14,0,0,0,0,3,4,5,28,3,20,3,0,1,6.2,41,11,15,12,7,7,0,1,3,1,0,0,0,0,2,10,0
6303914,2025-04-29,9,596447,Western Ky.,6,596577,Kentucky,4,1,1,1,1,0,0,0,0,932,11220,1,33,6,14,3,0,0,6,1,0,4,1,1,1,1,12,4,6,36,0,27,11,2,0,9,38,9,4,4,3,5,0,2,1,0,0,0,0,0,10,10,1,1,33,4,9,3,0,1,4,3,0,5,0,2,0,0,10,10,7,38,2,24,16,1,0,8,36,14,6,5,1,4,0,0,0,1,1,0,1,0,12,4,0
6303915,2025-04-29,9,596653,Purdue,11,596637,Notre Dame,5,1,1,1,1,0,0,0,0,2319,11400,1,30,11,10,2,0,2,8,5,2,6,1,2,2,1,8,8,4,40,0,27,5,0,0,9,46,10,5,5,6,11,0,0,2,1,0,0,0,0,5,11,0,1,37,5,10,1,0,2,5,6,3,11,0,0,1,0,5,11,14,46,1,24,11,0,2,8,40,10,11,7,5,6,0,3,2,2,1,0,1,0,8,8,0
6307978,2025-04-29,9,596668,Samford,0,596489,Auburn,3,1,1,1,1,0,0,1,0,2531,9000,1,29,0,2,1,0,0,0,1,0,13,0,0,0,0,5,9,3,30,1,27,10,0,0,9,39,8,3,2,3,9,0,0,1,2,0,0,0,0,9,7,0,1,33,3,8,2,0,1,2,3,3,9,0,0,2,0,9,7,9,39,1,27,5,2,0,9,30,2,0,0,1,13,0,0,0,0,0,0,0,0,5,9,0
6308033,2025-04-29,9,596620,Nevada,8,596665,Saint Mary's (CA),13,1,1,1,1,0,0,0,0,603,10500,1,37,8,11,0,0,2,7,3,3,9,0,0,1,0,10,7,8,43,0,27,14,1,0,9,45,13,13,13,4,5,0,2,4,0,0,0,0,0,12,8,0,1,36,13,13,5,0,4,12,4,3,5,0,2,0,0,12,8,5,45,2,27,10,1,0,9,43,11,8,8,3,9,0,2,2,1,0,0,0,0,10,7,0
6310401,2025-04-29,9,596636,Northwestern,11,596503,Butler,7,1,1,1,1,0,0,0,0,176,10440,1,31,11,9,1,0,4,11,5,5,2,1,0,1,0,9,12,7,42,0,27,11,1,0,9,43,10,7,7,5,8,0,0,0,0,0,0,1,0,9,8,0,1,35,7,10,4,0,0,7,5,2,8,1,0,0,0,9,8,9,43,1,24,10,1,0,8,42,9,11,11,5,2,0,0,4,1,0,0,1,0,9,12,0
6310900,2025-04-29,9,596420,Texas A&M,13,596579,Lamar University,6,1,1,1,1,0,0,0,0,5351,12960,1,35,13,13,0,0,5,12,7,3,7,1,0,2,0,11,5,9,46,2,27,7,1,0,9,42,9,6,6,5,9,0,0,1,0,0,0,0,0,6,11,0,1,36,6,9,3,0,1,6,5,1,9,0,0,0,0,6,11,9,42,1,24,11,1,0,8,46,13,13,13,7,7,0,0,5,2,0,0,1,0,11,5,0
6310962,2025-04-29,8,596418,Utah Tech,3,596619,UNLV,17,1,1,1,1,0,0,0,0,684,10860,1,31,3,9,0,0,1,3,1,2,6,0,0,1,1,8,8,7,34,1,24,10,1,0,8,50,15,17,16,10,7,0,1,3,0,0,0,0,0,10,5,0,1,36,17,15,5,1,3,17,10,2,7,0,2,0,0,10,5,9,50,1,24,12,1,0,8,34,9,3,3,1,6,0,0,1,1,1,0,0,0,8,8,1
6312943,2025-04-29,9,596425,Texas,11,596651,Prairie View,2,1,1,1,1,0,0,0,0,6813,10140,1,35,11,12,2,0,3,11,3,0,4,0,0,5,0,10,8,3,38,1,27,15,1,0,9,34,8,2,2,3,6,0,2,0,1,1,0,0,0,9,8,0,1,30,2,8,0,0,0,2,3,0,6,0,1,1,1,9,8,5,34,1,24,11,1,0,8,38,12,11,9,3,4,0,0,3,5,0,0,0,0,10,8,0
6314219,2025-04-29,9,596438,Virginia Tech,4,596581,Liberty,13,1,1,1,1,0,0,0,0,1062,12660,1,37,4,11,2,0,1,4,5,0,11,0,0,1,0,7,8,11,42,1,27,9,1,0,9,50,19,13,13,4,11,0,3,0,2,0,0,1,0,8,8,0,1,44,13,19,6,0,0,13,4,0,11,1,1,2,0,8,8,10,50,0,27,7,0,2,9,42,11,4,4,5,11,0,0,1,1,0,0,0,0,7,8,0
6314342,2025-04-29,9,596686,Texas St.,13,596426,UTSA,18,1,1,1,1,0,0,0,0,2058,16500,1,37,13,11,1,0,4,12,9,1,9,1,0,0,0,8,9,8,48,2,27,10,1,0,9,58,19,18,18,9,10,0,0,3,1,0,0,1,0,10,5,0,1,44,18,19,4,0,3,17,9,4,10,1,0,1,0,10,5,11,58,2,27,8,1,0,9,48,11,13,11,9,9,0,2,4,0,0,0,1,0,8,9,0
6314426,2025-04-29,,596641,Oklahoma,,596449,Wichita St.,,1,1,0,0,1,0,0,0,,,0,0,0,0,0,0,0,0,0,0,0,0,0,0,0,0,0,0,0,0,0,0,0,0,0,0,0,0,0,0,0,0,0,0,0,0,0,0,0,0,0,0,0,0,0,0,0,0,0,0,0,0,0,0,0,0,0,0,0,0,0,0,0,0,0,0,0,0,0,0,0,0,0,0,0,0,0,0,0,0,0,0,0,0
6316057,2025-04-29,,596639,Ohio St.,,596520,Central Mich.,,1,1,0,0,1,0,0,0,,,0,0,0,0,0,0,0,0,0,0,0,0,0,0,0,0,0,0,0,0,0,0,0,0,0,0,0,0,0,0,0,0,0,0,0,0,0,0,0,0,0,0,0,0,0,0,0,0,0,0,0,0,0,0,0,0,0,0,0,0,0,0,0,0,0,0,0,0,0,0,0,0,0,0,0,0,0,0,0,0,0,0,0,0
6316495,2025-04-29,9,596721,Tennessee,7,596634,Northern Ky.,5,1,1,1,1,0,0,0,0,5412,12480,1,30,7,10,5,0,2,7,7,1,6,1,0,5,0,4,11,7,39,1,27,12,2,1,9,43,7,5,5,7,12,0,1,0,4,0,0,0,0,8,6,2,1,34,5,7,2,0,0,5,7,2,12,0,0,4,0,8,6,9,43,0,24,7,0,0,8,39,10,7,7,7,6,0,0,2,5,0,0,1,0,4,11,0
6317446,2025-04-29,9,596439,Virginia,9,596436,VCU,8,1,1,1,1,0,0,0,0,3660,11700,1,35,9,12,2,0,2,8,4,0,7,0,1,4,0,5,10,7,40,0,27,10,0,0,9,43,13,8,8,3,13,0,1,1,0,1,0,1,0,7,6,0,1,37,8,13,3,0,1,8,3,1,13,1,1,0,1,7,6,8,43,2,24,6,0,1,8,40,12,9,9,4,7,0,4,2,4,0,0,0,0,5,10,0
6354748,2025-04-29,9,596607,Ole Miss,6,596490,Austin Peay,3,1,1,1,1,0,0,0,0,9032,9720,1,35,6,13,1,0,1,6,2,1,3,0,0,2,0,8,11,8,38,1,27,5,1,1,9,34,4,3,2,1,13,0,1,1,0,0,0,1,0,5,9,0,1,29,3,4,1,0,1,3,1,2,13,1,1,0,0,5,9,4,34,0,24,10,1,1,8,38,13,6,6,2,3,0,2,1,2,0,0,0,0,8,11,0
6355495,2025-04-29,9,596434,Vanderbilt,5,596565,Indiana St.,2,1,1,1,1,0,0,0,0,3521,9360,1,29,5,7,2,0,1,4,3,0,8,0,1,2,1,7,8,4,33,2,27,7,0,1,9,36,9,2,1,3,11,0,0,0,0,0,0,0,0,7,6,0,1,33,2,9,1,0,0,1,3,0,11,0,0,0,0,7,6,7,36,2,24,7,2,0,8,33,7,5,4,3,8,0,2,1,2,1,1,0,0,7,8,0
6356748,2025-04-29,9,596575,Kansas,9,596608,Missouri,3,1,1,1,1,0,0,0,0,2545,12000,1,34,9,11,2,0,1,8,7,1,5,0,1,4,0,5,13,10,43,1,27,15,1,1,9,39,8,3,2,4,7,0,3,1,0,0,0,0,0,13,5,0,1,33,3,8,0,0,1,2,4,1,7,0,1,0,0,13,5,9,39,2,24,7,0,0,8,43,11,9,7,7,5,0,0,1,4,0,0,0,0,5,13,0
6303932,2025-04-30,7,596485,Arizona St.,17,596507,Long Beach St.,6,1,1,1,1,0,0,0,0,2640,9300,1,33,17,16,6,0,2,15,5,3,4,1,0,10,0,7,7,7,42,0,21,8,0,0,7,29,5,6,6,1,14,0,0,2,0,0,0,0,0,5,2,0,1,26,6,5,0,0,2,6,1,2,14,0,0,0,0,5,2,2,29,3,18,7,0,0,6,42,16,17,17,5,4,0,0,2,10,0,0,1,0,7,7,0
6310805,2025-04-30,9,596672,San Jose St.,14,596511,California,5,1,1,1,1,0,0,0,0,347,9480,1,41,14,15,0,1,4,12,1,0,10,0,0,0,0,5,9,4,42,1,27,6,0,0,9,36,8,5,5,1,6,0,1,2,2,0,0,0,0,4,15,0,1,34,5,8,0,1,2,5,1,1,6,0,0,2,0,4,15,3,36,4,24,6,1,1,8,42,15,14,13,1,10,0,0,4,0,0,0,0,0,5,9,0
6311193,2025-04-30,,596636,Northwestern,,596567,Purdue Fort Wayne,,1,1,0,0,1,0,0,0,,,0,0,0,0,0,0,0,0,0,0,0,0,0,0,0,0,0,0,0,0,0,0,0,0,0,0,0,0,0,0,0,0,0,0,0,0,0,0,0,0,0,0,0,0,0,0,0,0,0,0,0,0,0,0,0,0,0,0,0,0,0,0,0,0,0,0,0,0,0,0,0,0,0,0,0,0,0,0,0,0,0,0,0,0
6311271,2025-04-30,8,596647,Penn St.,14,596659,Rider,4,1,1,1,1,0,0,0,0,1111,9900,1,26,14,10,3,0,2,11,9,5,5,2,0,1,1,6,6,7,42,1,24,2,2,0,8,34,6,4,2,3,13,0,1,0,0,0,0,0,0,2,9,0,1,31,4,6,0,0,0,2,3,0,13,0,0,0,0,2,9,6,34,1,21,11,0,0,7,42,10,14,13,9,5,0,3,2,1,1,0,2,0,6,6,0
6313847,2025-04-30,9,596439,Virginia,5,596431,Navy,1,1,1,1,1,0,0,0,0,3915,8280,1,30,5,8,2,0,1,4,3,2,4,1,0,2,0,6,13,7,36,1,27,11,1,0,9,32,3,1,1,3,9,0,0,0,0,0,0,0,0,8,7,0,1,28,1,3,1,0,0,1,3,1,9,0,0,0,0,8,7,4,32,0,24,6,2,1,8,36,8,5,4,3,4,0,2,1,2,0,0,1,0,6,13,0
6303936,2025-05-01,9,596487,Arkansas,9,596425,Texas,0,1,1,1,1,0,0,0,1,10855,8760,1,31,9,8,2,0,2,9,3,3,8,0,0,0,0,4,11,4,37,0,27,8,1,0,9,31,2,0,0,3,14,0,0,0,0,0,0,0,0,7,5,0,1,28,0,2,0,0,0,0,3,0,14,0,0,0,0,7,5,4,31,0,24,4,1,1,8,37,8,9,9,3,8,0,0,2,0,0,0,0,0,4,11,0
6303937,2025-05-01,9,596637,Notre Dame,2,596585,Louisville,3,1,1,1,1,0,0,0,1,310,9780,1,25,2,4,1,0,0,1,5,3,5,1,1,0,1,12,6,6,35,1,27,16,2,1,9,39,11,3,3,2,6,0,0,1,4,1,0,0,0,10,8,0,1,34,3,11,1,1,1,2,2,1,6,0,2,4,1,10,8,9,39,0,27,18,1,0,9,35,4,2,2,5,5,0,1,0,0,1,0,1,0,12,6,0
6303938,2025-05-01,9,596499,BYU,11,596574,Kansas St.,6,1,1,1,1,0,0,0,1,2134,11340,1,34,11,11,1,1,3,11,10,3,10,0,0,0,1,8,5,12,47,1,27,6,0,0,9,42,7,6,6,8,15,0,1,1,0,0,0,1,0,6,5,0,1,33,6,7,1,0,1,6,8,0,15,1,0,0,0,6,5,9,42,0,24,7,1,0,8,47,11,11,11,10,10,0,0,3,0,1,0,0,0,8,5,0
6303939,2025-05-02,,596605,Mississippi St.,,596577,Kentucky,,1,1,0,0,0,0,0,1,,,0,0,0,0,0,0,0,0,0,0,0,0,0,0,0,0,0,0,0,0,0,0,0,0,0,0,0,0,0,0,0,0,0,0,0,0,0,0,0,0,0,0,0,0,0,0,0,0,0,0,0,0,0,0,0,0,0,0,0,0,0,0,0,0,0,0,0,0,0,0,0,0,0,0,0,0,0,0,0,0,0,0,0,0
6303944,2025-05-02,9,596677,South Carolina,5,596546,Florida,9,1,1,1,1,0,0,0,1,7616,12300,1,39,5,13,1,0,1,5,5,0,14,0,1,1,0,9,4,13,45,1,27,9,0,0,9,41,8,9,8,6,10,0,0,3,2,0,0,1,0,9,7,0,1,32,9,8,2,0,3,9,6,0,10,1,2,2,0,9,7,5,41,1,27,8,1,0,9,45,13,5,5,5,14,0,0,1,1,0,0,0,0,9,4,0
6303947,2025-05-02,9,596714,Oklahoma St.,12,596519,UCF,0,1,1,1,1,0,0,0,1,4323,11700,1,32,12,10,1,0,4,11,7,2,6,2,1,1,0,3,15,8,44,1,27,12,0,0,9,31,4,0,0,1,9,0,3,0,0,2,0,0,0,8,8,0,1,30,0,4,1,0,0,0,1,0,9,0,0,0,2,8,8,4,31,1,24,3,0,0,8,44,10,12,10,7,6,0,1,4,1,0,0,2,0,3,15,0
6303964,2025-05-02,9,596537,Eastern Ill.,6,596488,Little Rock,3,1,1,1,1,0,0,0,1,115,9900,1,32,6,9,5,0,0,3,2,1,7,0,1,1,0,5,12,6,36,0,27,14,0,0,9,40,10,3,3,2,4,0,0,1,0,0,0,0,0,11,11,0,1,35,3,10,0,0,1,3,2,2,4,0,1,0,0,11,11,9,40,1,24,4,0,1,8,36,9,6,5,2,7,0,3,0,1,0,0,0,0,5,12,0
6303973,2025-05-02,9,596487,Arkansas,6,596425,Texas,1,1,1,1,1,0,0,0,1,11074,11280,1,30,6,6,1,0,1,6,9,5,5,0,0,0,0,14,5,14,44,1,27,5,0,0,9,34,5,1,1,2,15,0,0,1,0,0,0,0,0,4,7,0,1,32,1,5,1,0,1,1,2,0,15,0,0,0,0,4,7,6,34,0,24,12,1,0,8,44,6,6,6,9,5,0,0,1,0,0,0,0,0,14,5,0
6303985,2025-05-02,10,596669,San Diego St.,7,596623,New Mexico,9,1,1,1,1,0,0,0,1,1863,13200,1,39,7,10,2,1,0,5,7,1,8,1,1,3,0,10,11,12,49,1,30,3,1,0,10,50,11,9,8,8,10,0,0,0,0,0,0,2,0,4,15,0,1,39,9,11,2,0,0,9,8,1,10,2,0,0,0,4,15,11,50,2,30,12,1,0,10,49,10,7,4,7,8,0,3,0,3,0,0,1,0,10,11,0
6303990,2025-05-02,9,596620,Nevada,7,596707,Fresno St.,5,1,1,1,1,0,0,0,1,865,9900,1,37,7,11,4,0,0,6,0,3,7,0,0,0,0,10,7,9,40,0,27,10,0,0,9,37,8,5,5,1,13,0,1,2,0,0,0,0,0,8,5,0,1,34,5,8,1,0,2,5,1,2,13,0,0,0,0,8,5,5,37,3,24,9,1,0,8,40,11,7,5,0,7,0,0,0,0,0,0,0,0,10,7,0
6303995,2025-05-02,9,596637,Notre Dame,10,596585,Louisville,3,1,1,1,1,0,0,0,1,590,10680,1,36,10,12,4,0,2,8,7,0,5,1,0,0,1,10,9,10,44,1,27,8,0,0,9,36,5,3,2,3,6,0,0,1,1,0,0,0,0,12,10,0,1,32,3,5,2,1,1,2,3,1,6,0,0,1,0,12,10,6,36,1,24,8,0,1,8,44,12,10,9,7,5,0,4,2,0,1,0,1,0,10,9,0
6303997,2025-05-02,9,596681,Southern California,6,596514,UCLA,7,1,1,1,1,0,0,0,1,1649,13560,1,38,6,13,3,0,0,6,7,0,11,0,1,0,1,12,3,13,46,1,27,10,0,1,9,41,10,7,6,6,6,0,2,1,1,0,1,0,0,6,12,0,1,33,7,10,2,0,1,7,6,0,6,0,2,1,0,6,12,7,41,0,27,11,2,0,9,46,13,6,6,7,11,0,2,0,0,1,0,0,0,12,3,1
6303999,2025-05-02,8,596462,Grand Canyon,5,596509,Sacramento St.,15,1,1,1,1,0,0,0,1,461,8640,1,31,5,7,1,0,4,5,1,0,10,0,0,0,0,11,3,3,32,1,24,7,0,0,8,51,21,15,12,3,11,0,0,0,0,0,0,0,0,9,6,0,1,46,15,21,2,1,0,15,3,2,11,0,0,0,0,9,6,12,51,0,24,12,0,0,8,32,7,5,5,1,10,0,0,4,0,0,0,0,0,11,3,0
6304003,2025-05-02,9,596499,BYU,4,596574,Kansas St.,18,1,1,1,1,0,0,0,1,2614,12300,1,37,4,11,4,1,0,3,3,0,11,0,0,0,0,8,7,8,40,1,24,6,0,1,9,52,19,18,17,8,14,0,4,6,4,0,0,0,0,4,6,0,1,43,18,19,4,1,6,17,8,1,14,0,0,4,0,4,6,7,52,0,27,7,1,0,9,40,11,4,4,3,11,0,0,0,0,0,1,0,0,8,7,0
6307980,2025-05-02,9,596721,Tennessee,1,596489,Auburn,6,1,1,1,1,0,0,0,1,5406,10380,1,32,1,6,2,0,0,1,0,0,10,0,0,0,0,8,8,4,32,0,27,10,1,0,9,38,8,6,6,3,11,0,1,3,5,1,0,0,0,8,7,0,1,32,6,8,0,0,3,5,3,2,11,0,1,5,1,8,7,5,38,0,27,8,0,1,9,32,6,1,1,0,10,0,0,0,0,0,1,0,0,8,8,0
6308438,2025-05-02,9,596442,Washington St.,7,596430,Air Force,5,1,1,1,1,0,0,0,1,1422,10440,1,36,7,15,2,0,0,7,1,0,3,2,1,2,0,17,4,9,40,0,27,10,0,0,9,40,13,5,5,2,7,0,2,0,1,1,0,1,0,6,12,0,1,36,5,13,4,0,0,5,2,0,7,1,1,1,1,6,12,8,40,1,24,16,1,0,8,40,15,7,6,1,3,0,2,0,2,0,0,2,0,17,4,0
6309357,2025-05-02,10,596712,Nebraska,4,596604,Minnesota,6,1,1,1,1,0,0,0,1,5156,13560,1,39,4,9,3,0,1,3,5,2,3,0,1,2,0,9,18,13,47,2,30,15,0,1,10,47,12,6,5,6,6,0,0,1,2,1,0,0,0,12,9,0,1,37,6,12,3,0,1,6,6,1,6,0,3,2,1,12,9,11,47,1,30,10,2,0,10,47,9,4,3,5,3,0,1,1,2,0,0,0,0,9,18,0
6309734,2025-05-02,9,596575,Kansas,2,596521,Cincinnati,7,1,1,1,1,0,0,0,1,1205,8940,1,33,2,6,1,0,1,2,4,0,9,0,0,0,0,10,8,8,37,0,27,8,0,0,9,38,9,7,7,2,10,0,0,3,0,0,0,1,0,5,11,0,1,34,7,9,1,0,3,7,2,1,10,1,0,0,0,5,11,4,38,0,27,11,0,0,9,37,6,2,2,4,9,0,0,1,0,0,0,0,0,10,8,0
6310375,2025-05-02,9,596443,Washington,4,596569,Iowa,3,1,1,1,1,0,0,0,1,1353,12360,1,26,4,3,0,0,0,4,5,3,15,1,0,1,2,3,6,3,35,0,27,10,0,0,9,37,7,3,3,3,9,0,0,1,0,0,0,1,0,10,7,1,1,32,3,7,2,0,1,3,3,1,9,1,0,0,0,10,7,7,37,0,26,7,1,0,8.2,35,3,4,4,5,15,0,1,0,1,2,0,1,0,3,6,0
6310554,2025-05-02,9,596679,South Fla.,5,596426,UTSA,11,1,1,1,1,0,0,0,1,996,11160,1,34,5,8,1,0,0,5,6,0,4,1,0,0,0,9,13,9,41,0,27,7,1,0,9,46,14,11,11,4,14,0,1,2,0,0,0,0,0,7,5,0,1,40,11,14,2,0,2,10,4,2,14,0,0,0,0,7,5,8,46,1,27,9,1,0,9,41,8,5,3,6,4,0,2,0,0,0,0,1,0,9,13,0
6310656,2025-05-02,8,596434,Vanderbilt,12,596480,Alabama,2,1,1,1,1,0,0,0,1,3802,10380,1,38,12,16,5,1,1,12,5,1,8,0,1,0,0,8,7,7,45,0,24,3,0,0,8,32,5,2,2,3,11,0,1,0,0,0,0,0,0,5,8,0,1,29,2,5,1,0,0,1,3,0,11,0,0,0,0,5,8,6,32,0,23,6,0,0,7.2,45,16,12,12,5,8,0,2,1,0,0,0,0,0,8,7,0
6310696,2025-05-02,9,596557,Hawaii,4,596643,Oregon St.,11,1,1,1,1,0,0,0,0,4635,12060,1,30,4,5,0,0,0,2,4,1,10,0,1,1,1,13,3,5,36,1,27,8,0,0,9,47,15,11,10,7,12,0,3,0,3,1,1,1,0,4,8,0,1,39,11,15,6,0,0,9,7,0,12,1,0,3,1,4,8,9,47,2,27,13,1,0,9,36,5,4,2,4,10,0,1,0,1,1,0,0,0,13,3,2
6310704,2025-05-02,9,596653,Purdue,6,596636,Northwestern,8,1,1,1,1,0,0,0,1,1689,10260,1,35,6,9,1,0,1,6,4,2,6,0,0,0,0,8,12,8,41,0,27,5,1,0,9,44,9,8,8,6,7,0,0,0,0,0,0,2,0,6,14,0,1,33,8,9,3,0,0,8,6,2,7,2,1,0,0,6,14,9,44,0,27,8,0,0,9,41,9,6,6,4,6,0,0,1,0,0,0,0,0,8,12,2
6310812,2025-05-02,8,596672,San Jose St.,5,596619,UNLV,19,1,1,1,1,0,0,0,1,328,11280,1,33,5,9,2,1,1,5,3,2,12,1,0,0,0,7,5,10,39,2,24,4,0,0,8,51,11,19,18,14,9,0,5,1,2,0,0,1,0,5,9,0,1,34,19,11,3,1,1,15,14,1,9,1,1,2,0,5,9,8,51,1,24,7,0,0,8,39,9,5,5,3,12,0,2,1,0,0,1,1,0,7,5,0
6310963,2025-05-02,10,596418,Utah Tech,10,596465,Seattle U,9,1,1,1,1,0,0,0,1,498,11040,1,46,10,16,2,0,2,9,3,0,3,0,0,3,0,10,15,10,49,2,30,12,1,1,10,52,16,9,4,6,5,0,0,1,0,0,0,1,0,9,14,0,1,44,9,16,4,0,1,6,6,1,5,1,0,0,0,9,14,12,52,3,29,10,1,0,9.2,49,16,10,8,3,3,0,0,2,3,0,0,0,0,10,15,0
6311273,2025-05-02,9,596647,Penn St.,4,596593,Maryland,7,1,1,1,1,0,0,0,1,816,10500,1,37,4,10,4,0,0,3,5,0,7,1,0,2,0,3,16,12,43,1,27,10,0,0,9,44,11,7,7,5,9,0,3,3,0,0,0,0,0,8,8,0,1,37,7,11,2,0,3,6,5,2,9,0,0,0,0,8,8,10,44,3,27,4,1,0,9,43,10,4,1,5,7,0,1,0,2,0,0,1,0,3,16,0
6312978,2025-05-02,9,596642,Old Dominion,4,596591,Marshall,11,1,1,1,1,0,0,0,1,317,10740,1,34,4,9,2,0,2,4,5,0,5,0,0,0,0,10,10,8,39,1,27,17,2,0,9,47,13,11,11,8,5,0,3,2,3,0,0,1,0,15,4,0,1,37,11,13,5,0,2,10,8,1,5,1,0,3,0,15,4,9,47,0,27,10,3,0,9,39,9,4,4,5,5,0,0,2,0,0,0,0,0,10,10,0
6313327,2025-05-02,11,596545,Florida St.,6,596523,Clemson,5,1,1,1,1,0,0,0,1,6700,13800,1,41,6,14,3,0,2,6,4,0,9,1,2,1,1,11,9,9,48,0,33,11,1,0,11,50,10,5,5,7,9,0,0,1,1,1,0,0,0,10,11,1,1,39,5,10,4,0,1,5,7,3,9,0,1,1,1,10,11,12,50,1,31,14,1,0,10.1,48,14,6,6,4,9,0,0,2,1,1,0,1,0,11,9,0
6314285,2025-05-02,9,596496,Boston College,0,596688,Stanford,2,1,1,1,1,0,0,0,1,872,10620,1,31,0,3,0,0,0,0,3,0,13,0,0,0,0,12,2,7,34,0,27,7,0,0,9,37,8,2,2,3,12,0,1,0,0,0,0,0,0,7,7,0,1,33,2,8,2,0,0,2,3,0,12,0,1,0,0,7,7,8,37,2,27,12,0,0,9,34,3,0,0,3,13,0,2,0,0,0,0,0,0,12,2,0
6316384,2025-05-02,9,596600,Miami (FL),6,596628,NC State,4,1,1,1,1,0,0,0,1,3307,9960,1,32,6,10,3,0,2,5,2,0,10,1,0,3,1,8,4,4,35,2,27,14,0,0,9,36,11,4,3,2,6,0,1,0,0,1,0,1,0,10,6,0,1,32,4,11,4,0,0,3,2,0,6,1,1,0,1,10,6,4,36,0,24,9,2,1,8,35,10,6,6,2,10,0,1,2,3,1,0,1,0,8,4,0
6316572,2025-05-02,9,596493,Baylor,7,596485,Arizona St.,4,1,1,1,1,0,0,0,1,1820,11580,1,34,7,8,2,0,0,4,8,0,15,0,0,2,0,3,5,10,42,2,27,9,0,0,9,35,5,4,3,5,5,0,0,2,2,1,0,0,0,5,13,0,1,29,4,5,1,0,2,4,5,1,5,0,0,2,1,5,13,3,35,4,24,4,3,1,8,42,8,7,1,8,15,0,0,0,2,0,0,0,0,3,5,0
6317303,2025-05-02,9,596649,Pittsburgh,9,596438,Virginia Tech,5,1,1,1,1,0,0,0,1,407,9000,1,35,9,12,1,0,1,8,6,1,14,1,0,0,0,3,6,10,43,2,27,9,0,0,9,41,10,5,3,3,7,0,0,2,1,0,0,0,0,9,10,0,1,38,5,10,1,1,2,3,3,0,7,0,0,1,0,9,10,9,41,2,24,4,1,2,8,43,12,9,6,6,14,0,1,1,0,0,0,1,0,3,6,0
6317375,2025-05-02,9,596553,Georgia Tech,13,596445,Western Caro.,5,1,1,1,1,0,0,0,0,1174,11220,1,37,13,14,2,1,1,12,4,0,6,1,1,4,0,6,12,6,43,2,27,4,0,0,9,45,9,5,5,6,9,0,2,2,1,0,0,0,0,4,13,0,1,37,5,9,2,0,2,4,6,2,9,0,0,1,0,4,13,13,45,2,24,6,1,0,8,43,14,13,12,4,6,0,1,1,4,0,0,1,0,6,12,0
6354750,2025-05-02,9,596641,Oklahoma,2,596607,Ole Miss,0,1,1,1,1,0,0,0,1,3144,9240,1,26,2,3,0,0,0,2,4,0,10,0,0,0,1,6,7,4,30,0,27,8,0,0,9,34,2,0,0,4,10,0,0,0,0,1,0,0,0,6,9,0,1,27,0,2,0,0,0,0,4,3,10,0,0,0,1,6,9,7,34,1,24,5,1,0,8,30,3,2,2,4,10,0,0,0,0,1,0,0,0,6,7,0
6356895,2025-05-02,9,596608,Missouri,2,596554,Georgia,9,1,1,1,1,0,0,0,1,1647,11160,1,33,2,8,2,0,1,2,1,3,8,1,0,0,0,10,8,9,38,0,27,7,1,0,9,44,10,9,9,4,11,0,0,4,0,1,0,0,0,7,8,0,1,36,9,10,0,1,4,9,4,4,11,0,0,0,1,7,8,8,44,0,27,10,0,0,9,38,8,2,2,1,8,0,0,1,0,0,1,1,0,10,8,0
6303950,2025-05-03,9,596420,Texas A&M,3,596583,LSU,1,1,1,1,1,0,0,0,1,7768,11580,1,30,3,6,1,1,0,3,4,1,16,1,0,0,0,4,4,9,36,0,27,8,0,0,9,38,8,1,1,5,8,0,0,1,0,0,0,0,0,5,12,1,1,33,1,8,2,0,1,1,5,0,8,0,0,0,0,5,12,9,38,1,24,4,1,0,8,36,6,3,3,4,16,0,0,0,0,0,0,1,0,4,4,0
6303951,2025-05-03,,596639,Ohio St.,,596602,Michigan,,1,1,0,0,0,0,0,1,,,0,0,0,0,0,0,0,0,0,0,0,0,0,0,0,0,0,0,0,0,0,0,0,0,0,0,0,0,0,0,0,0,0,0,0,0,0,0,0,0,0,0,0,0,0,0,0,0,0,0,0,0,0,0,0,0,0,0,0,0,0,0,0,0,0,0,0,0,0,0,0,0,0,0,0,0,0,0,0,0,0,0,0,0
6304004,2025-05-03,11,596605,Mississippi St.,6,596577,Kentucky,5,1,1,1,1,0,0,0,1,13970,12660,1,40,6,9,2,0,3,5,3,1,8,0,0,0,1,11,11,6,44,0,33,7,0,1,11,46,5,5,5,5,15,0,0,1,2,0,0,1,0,13,7,0,1,37,5,5,0,2,1,5,5,3,15,1,0,2,0,13,7,8,46,3,31,12,0,0,10.1,44,9,6,5,3,8,0,0,3,0,1,0,0,0,11,11,0
6304010,2025-05-03,9,596677,South Carolina,3,596546,Florida,22,1,1,1,1,0,0,0,1,7752,13800,1,37,3,9,0,0,1,2,6,0,8,0,0,0,1,9,9,13,43,2,27,14,0,0,9,57,15,22,18,13,9,0,0,3,5,0,0,0,0,13,5,0,1,41,22,15,3,0,3,22,13,1,9,0,2,5,0,13,5,8,57,3,27,10,0,0,9,43,9,3,2,6,8,0,2,1,0,1,0,0,0,9,9,0
6304013,2025-05-03,9,596714,Oklahoma St.,3,596519,UCF,1,1,1,1,1,0,0,0,1,4633,10080,1,30,3,7,0,0,0,3,2,1,9,0,1,1,0,7,7,7,34,1,27,13,1,1,9,31,5,1,1,0,7,0,1,1,0,1,0,0,0,10,8,0,1,31,1,5,2,0,1,1,0,0,7,0,0,0,1,10,8,3,31,3,24,7,0,0,8,34,7,3,3,2,9,0,1,0,1,0,0,0,0,7,7,0
6304016,2025-05-03,9,596420,Texas A&M,1,596583,LSU,2,1,1,1,1,0,0,0,1,7271,9180,1,31,1,3,0,0,1,1,1,0,14,0,0,0,0,7,6,4,32,0,27,6,1,0,9,34,6,2,2,2,12,0,0,0,2,0,0,0,0,6,8,0,1,31,2,6,2,0,0,2,2,0,12,0,1,2,0,6,8,5,34,1,27,7,1,0,9,32,3,1,1,1,14,0,1,1,0,0,0,0,0,7,6,0
6304017,2025-05-03,7,596639,Ohio St.,1,596602,Michigan,23,1,1,1,1,0,0,0,1,1174,11880,1,26,1,5,1,0,0,1,3,0,6,0,0,0,0,9,6,7,29,1,21,5,0,0,7,53,13,23,22,13,6,0,8,1,1,1,0,1,0,5,9,0,1,33,23,13,5,0,1,16,13,6,6,1,0,1,1,5,9,9,53,0,21,7,0,0,7,29,5,1,1,3,6,0,0,0,0,0,0,0,0,9,6,0
6304039,2025-05-03,9,596487,Arkansas,13,596425,Texas,8,1,1,1,1,0,0,0,1,11031,12240,1,35,13,11,1,0,5,13,10,1,11,0,0,2,0,8,5,9,46,0,27,4,0,0,9,41,9,8,8,5,9,0,0,3,0,0,0,0,0,4,14,0,1,36,8,9,4,0,3,8,5,0,9,0,0,0,0,4,14,6,41,1,24,8,0,0,8,46,11,13,13,10,11,0,0,5,2,0,0,0,0,8,5,0
6304047,2025-05-03,9,596637,Notre Dame,7,596585,Louisville,4,1,1,1,1,0,0,0,1,647,11100,1,31,7,8,1,0,1,6,5,2,7,0,0,0,0,10,6,7,38,1,27,16,0,0,9,41,9,4,4,4,4,0,2,0,3,0,0,0,0,15,7,0,1,35,4,9,2,0,0,4,4,2,4,0,0,3,0,15,7,10,41,0,24,11,2,0,8,38,8,7,7,5,7,0,3,1,0,0,0,0,0,10,6,0
6304049,2025-05-03,9,596681,Southern California,7,596514,UCLA,5,1,1,1,1,0,0,0,1,1588,10380,1,36,7,12,4,0,1,7,1,0,7,0,0,0,0,6,11,6,37,0,27,12,0,0,9,38,7,5,5,4,6,0,0,1,0,0,0,0,0,15,6,0,1,34,5,7,1,0,1,5,4,0,6,0,0,0,0,15,6,6,38,1,24,5,0,0,8,37,12,7,7,1,7,0,1,1,0,0,1,0,0,6,11,0
6304052,2025-05-03,9,596620,Nevada,6,596707,Fresno St.,5,1,1,1,1,0,0,0,1,1237,10020,1,31,6,7,0,0,3,6,5,3,7,1,0,0,0,8,10,8,40,0,27,11,1,0,9,37,8,5,5,2,4,0,0,1,0,0,0,0,0,12,10,0,1,34,5,8,3,0,1,5,2,1,4,0,0,0,0,12,10,5,37,0,26,10,1,0,8.2,40,7,6,6,5,7,0,0,3,0,0,0,1,0,8,10,0
6304053,2025-05-03,9,596499,BYU,4,596574,Kansas St.,13,1,1,1,1,0,0,0,1,2616,11700,1,35,4,9,2,0,0,4,5,1,11,0,0,0,0,7,7,10,41,0,27,15,2,0,9,50,18,13,13,8,6,0,1,2,0,0,0,1,0,10,7,0,1,40,13,18,6,1,2,12,8,1,6,1,0,0,0,10,7,9,50,1,27,7,1,0,9,41,9,4,3,5,11,0,1,0,0,0,0,0,0,7,7,0
6304062,2025-05-03,9,596669,San Diego St.,8,596623,New Mexico,9,1,1,1,1,0,0,0,1,548,12420,1,38,8,12,2,1,1,6,2,2,8,1,0,0,0,9,9,8,43,0,27,9,1,0,9,46,11,9,9,8,6,0,1,0,2,0,0,0,0,7,13,0,1,37,9,11,5,1,0,9,8,1,6,0,0,2,0,7,13,10,46,2,27,10,0,1,9,43,12,8,5,2,8,0,1,1,0,0,0,1,0,9,9,0
6304071,2025-05-03,9,596462,Grand Canyon,4,596509,Sacramento St.,14,1,1,1,1,0,0,0,1,386,11160,1,36,4,12,1,1,1,4,2,1,8,0,1,1,0,9,8,9,40,0,27,6,2,0,9,54,23,14,14,2,10,0,3,1,0,0,0,0,0,6,11,0,1,49,14,23,5,1,1,14,2,3,10,0,0,0,0,6,11,13,54,1,27,11,1,0,9,40,12,4,4,2,8,0,0,1,1,0,0,0,0,9,8,0
6307984,2025-05-03,11,596721,Tennessee,5,596489,Auburn,4,1,1,1,1,0,0,0,1,5406,15180,1,41,5,17,3,0,1,5,7,1,14,1,2,0,1,7,6,12,52,2,33,16,0,0,11,46,8,4,3,5,10,0,1,0,4,1,0,0,0,13,8,1,1,40,4,8,3,0,0,3,5,0,10,0,1,4,1,13,8,8,46,0,31,10,1,1,10.1,52,17,5,5,7,14,0,1,1,0,1,1,1,0,7,6,1
6309102,2025-05-03,9,596442,Washington St.,3,596430,Air Force,10,1,1,1,1,0,0,0,1,1001,11700,1,35,3,8,0,0,0,3,2,2,2,0,0,0,1,9,13,9,39,4,27,11,2,1,9,43,11,10,5,2,9,0,1,0,0,2,0,1,0,9,8,0,1,36,10,11,3,0,0,8,2,3,9,1,1,0,2,9,8,6,43,3,27,11,0,0,9,39,8,3,3,2,2,0,2,0,0,1,0,0,0,9,13,0
6309358,2025-05-03,9,596712,Nebraska,5,596604,Minnesota,4,1,1,1,1,0,0,0,1,6785,9480,1,31,5,9,2,0,1,5,4,1,2,0,1,0,1,5,15,4,37,0,27,10,1,0,9,37,8,4,4,2,7,0,0,1,1,0,0,0,0,11,9,0,1,34,4,8,1,0,1,4,2,0,7,0,1,1,0,11,9,6,37,1,25,7,0,0,8.1,37,9,5,4,4,2,0,1,1,0,1,0,0,0,5,15,0
6309735,2025-05-03,10,596575,Kansas,14,596521,Cincinnati,18,1,1,1,1,0,0,0,1,1278,15960,1,44,14,16,2,0,1,12,6,3,8,2,0,0,0,6,16,11,55,2,30,6,0,1,10,60,23,18,18,7,14,0,0,6,3,0,0,1,0,6,10,0,1,51,18,23,0,0,6,17,7,0,14,1,1,3,0,6,10,12,60,1,30,7,0,1,10,55,16,14,13,6,8,0,2,1,0,0,0,2,0,6,16,0
6310380,2025-05-03,9,596443,Washington,3,596569,Iowa,1,1,1,1,1,0,0,0,1,1479,11760,1,29,3,6,0,0,1,3,3,1,11,0,0,2,0,7,5,5,33,1,27,6,2,0,9,39,7,1,1,5,9,0,3,0,1,0,0,0,0,6,11,0,1,33,1,7,2,0,0,1,5,1,9,0,0,1,0,6,11,11,39,2,25,8,0,0,8.1,33,6,3,3,3,11,0,0,1,2,0,1,0,0,7,5,0
6310555,2025-05-03,9,596679,South Fla.,7,596426,UTSA,9,1,1,1,1,0,0,0,1,833,11280,1,39,7,11,1,0,2,7,3,2,5,1,0,2,0,6,16,11,45,1,27,13,0,0,9,41,10,9,8,5,1,0,1,0,0,1,0,1,0,11,12,0,1,34,9,10,1,0,0,9,5,1,1,1,0,0,1,11,12,5,41,2,27,4,2,2,9,45,11,7,7,3,5,0,0,2,2,0,0,1,0,6,16,0
6310659,2025-05-03,9,596434,Vanderbilt,2,596480,Alabama,5,1,1,1,1,0,0,0,1,3802,10980,1,31,2,4,0,0,0,1,2,0,14,0,0,0,0,5,8,4,33,0,27,4,0,0,9,40,8,5,5,3,13,0,2,1,2,0,0,0,0,5,9,0,1,35,5,8,4,0,1,4,3,2,13,0,0,2,0,5,9,8,40,0,27,4,0,0,9,33,4,2,2,2,14,0,2,0,0,0,1,0,0,5,8,0
6310700,2025-05-03,9,596557,Hawaii,2,596643,Oregon St.,3,1,1,1,1,0,0,0,0,4488,10380,1,31,2,5,3,0,0,2,5,0,11,0,0,2,1,6,9,7,36,0,27,6,0,1,9,33,4,3,3,3,12,0,2,1,0,1,0,0,0,4,10,0,1,30,3,4,0,0,1,3,3,0,12,0,0,0,1,4,10,3,33,0,27,7,0,0,9,36,5,2,2,5,11,0,0,0,2,1,1,0,0,6,9,0
6310707,2025-05-03,,596653,Purdue,,596636,Northwestern,,1,1,0,0,0,0,0,1,,,0,0,0,0,0,0,0,0,0,0,0,0,0,0,0,0,0,0,0,0,0,0,0,0,0,0,0,0,0,0,0,0,0,0,0,0,0,0,0,0,0,0,0,0,0,0,0,0,0,0,0,0,0,0,0,0,0,0,0,0,0,0,0,0,0,0,0,0,0,0,0,0,0,0,0,0,0,0,0,0,0,0,0,0
6310818,2025-05-03,12,596672,San Jose St.,3,596619,UNLV,5,1,1,1,1,0,0,0,1,466,13140,1,48,3,12,0,0,1,1,2,1,10,0,1,2,0,13,12,13,52,1,36,14,0,0,12,49,11,5,3,3,9,0,1,1,1,2,0,2,0,13,11,0,1,43,5,11,1,0,1,5,3,1,9,2,0,1,2,13,11,8,49,3,36,11,1,0,12,52,12,3,1,2,10,0,0,1,2,0,0,0,0,13,12,0
6310964,2025-05-03,7,596418,Utah Tech,2,596465,Seattle U,12,1,1,1,1,0,0,0,1,560,8040,1,31,2,12,0,0,2,2,1,1,4,0,0,0,0,12,3,10,33,1,21,7,2,0,7,38,9,12,11,7,5,0,1,3,1,0,0,0,0,7,9,0,1,31,12,9,2,0,3,11,7,0,5,0,0,1,0,7,9,5,38,1,21,13,0,0,7,33,12,2,2,1,4,0,0,2,0,0,0,0,0,12,3,0
6311276,2025-05-03,11,596647,Penn St.,11,596593,Maryland,12,1,1,1,1,0,0,0,1,856,15060,1,46,11,17,2,0,3,9,6,2,8,1,1,2,0,9,15,12,56,3,33,13,2,0,11,61,22,12,9,6,10,0,1,2,1,1,0,0,0,9,11,0,1,54,12,22,1,2,2,12,6,1,10,0,0,1,1,9,11,16,61,0,33,10,2,0,11,56,17,11,11,6,8,0,3,3,2,0,0,1,0,9,15,0
6312984,2025-05-03,9,596642,Old Dominion,5,596591,Marshall,4,1,1,1,1,0,0,0,1,209,9720,1,29,5,6,3,0,0,5,3,2,10,0,0,1,0,9,4,4,34,1,27,10,0,0,9,41,8,4,4,4,12,0,2,2,1,0,0,0,0,8,6,0,1,35,4,8,0,0,2,4,4,2,12,0,0,1,0,8,6,10,41,1,24,10,0,0,8,34,6,5,5,3,10,0,1,0,1,0,0,0,0,9,4,0
6313329,2025-05-03,9,596545,Florida St.,3,596523,Clemson,6,1,1,1,1,0,0,0,1,6700,9780,1,34,3,9,1,0,2,3,5,2,6,0,0,1,1,7,12,11,41,2,27,14,1,0,9,35,7,6,4,3,8,0,0,0,1,1,0,1,0,12,5,1,1,29,6,7,3,1,0,4,3,0,8,1,2,1,1,12,5,2,35,1,27,6,1,0,9,41,9,3,3,5,6,0,0,2,1,1,0,0,0,7,12,0
6314286,2025-05-03,9,596496,Boston College,6,596688,Stanford,2,1,1,1,1,0,0,0,1,778,10560,1,30,6,7,1,0,0,6,4,3,9,0,1,1,0,7,7,8,38,1,27,4,0,0,9,38,9,2,2,1,11,0,0,1,0,0,0,0,0,5,11,0,1,37,2,9,2,0,1,2,1,0,11,0,0,0,0,5,11,9,38,1,24,6,0,0,8,38,7,6,6,4,9,0,2,0,1,0,0,0,0,7,7,0
6316385,2025-05-03,9,596600,Miami (FL),10,596628,NC State,3,1,1,1,1,0,0,0,1,3368,11340,1,34,10,15,3,0,0,10,6,1,5,0,1,0,0,12,2,8,42,2,27,13,1,0,9,39,9,3,2,2,9,0,0,0,0,0,0,0,0,11,4,0,1,34,3,9,0,0,0,3,2,3,9,0,0,0,0,11,4,9,39,1,24,16,3,0,8,42,15,10,8,6,5,0,1,0,0,0,0,0,0,12,2,0
6316575,2025-05-03,9,596493,Baylor,1,596485,Arizona St.,4,1,1,1,1,0,0,0,1,2345,9720,1,28,1,4,0,0,0,1,6,0,10,0,0,2,2,5,9,6,34,2,27,14,1,0,9,40,8,4,4,4,9,0,0,0,2,0,0,0,0,11,5,0,1,35,4,8,2,0,0,4,4,1,9,0,0,2,0,11,5,9,40,0,27,7,2,0,9,34,4,1,1,6,10,0,0,0,2,2,0,0,0,5,9,0
6317306,2025-05-03,,596649,Pittsburgh,,596438,Virginia Tech,,1,1,0,0,0,0,0,1,,,0,0,0,0,0,0,0,0,0,0,0,0,0,0,0,0,0,0,0,0,0,0,0,0,0,0,0,0,0,0,0,0,0,0,0,0,0,0,0,0,0,0,0,0,0,0,0,0,0,0,0,0,0,0,0,0,0,0,0,0,0,0,0,0,0,0,0,0,0,0,0,0,0,0,0,0,0,0,0,0,0,0,0,0
6317376,2025-05-03,9,596553,Georgia Tech,4,596445,Western Caro.,2,1,1,1,1,0,0,0,0,1286,9000,1,27,4,5,2,0,0,3,5,2,7,1,0,1,1,6,8,7,35,2,27,9,2,0,9,41,7,2,2,4,13,0,0,0,0,0,0,0,0,10,4,0,1,34,2,7,1,0,0,2,4,2,13,0,1,0,0,10,4,12,41,2,24,8,0,0,8,35,5,4,4,5,7,0,1,0,1,1,0,1,0,6,8,0
6354752,2025-05-03,9,596641,Oklahoma,5,596607,Ole Miss,3,1,1,1,1,0,0,0,1,3578,10800,1,32,5,10,1,1,2,5,6,1,7,0,0,2,1,8,7,10,39,0,27,5,1,0,9,38,10,3,3,2,11,0,3,1,1,0,0,0,0,6,9,0,1,35,3,10,2,0,1,3,2,0,11,0,1,1,0,6,9,8,38,0,24,10,1,0,8,39,10,5,5,6,7,0,0,2,2,1,0,0,0,8,7,0
6356896,2025-05-03,9,596608,Missouri,2,596554,Georgia,5,1,1,1,1,0,0,0,1,1794,11340,1,30,2,4,1,0,1,2,2,0,14,0,0,1,0,5,7,3,32,1,27,7,0,0,9,42,4,5,5,7,12,0,0,1,0,0,0,0,0,7,8,0,1,32,5,4,2,0,1,5,7,3,12,0,0,0,0,7,8,10,42,0,27,7,0,1,9,32,4,2,2,2,14,0,0,1,1,0,0,0,0,5,7,0
6382436,2025-05-03,9,596653,Purdue,5,596636,Northwestern,3,1,1,1,1,0,0,0,1,0,9360,1,30,5,9,2,0,0,4,4,1,6,0,1,1,0,10,6,7,36,0,27,11,1,0,9,35,10,3,3,0,8,0,1,0,1,1,0,0,0,9,8,0,1,35,3,10,1,0,0,2,0,0,8,0,0,1,1,9,8,5,35,1,24,11,1,0,8,36,9,5,5,4,6,0,2,0,1,0,0,0,0,10,6,0
6382496,2025-05-03,7,596605,Mississippi St.,14,596577,Kentucky,4,1,1,1,1,0,0,0,1,13970,10980,1,34,14,15,4,0,1,12,6,1,7,0,0,0,0,6,7,9,41,1,21,7,0,0,7,33,6,4,3,3,6,0,1,0,0,0,0,0,0,6,7,0,1,26,4,6,1,2,0,4,3,3,6,0,1,0,0,6,7,8,33,0,18,4,1,0,6,41,15,14,14,6,7,0,2,1,0,0,0,0,0,6,7,0
6382509,2025-05-03,9,596653,Purdue,7,596636,Northwestern,5,1,1,1,1,0,0,0,1,2081,9600,1,32,7,10,1,1,1,4,4,1,6,0,1,3,1,8,8,7,38,1,27,6,2,0,9,41,8,5,4,3,7,0,1,0,0,0,0,2,0,6,14,2,1,32,5,8,1,0,0,5,3,2,7,2,2,0,0,6,14,9,41,1,24,8,0,0,8,38,10,7,5,4,6,0,2,1,3,1,0,0,0,8,8,0
6304036,2025-05-04,,596537,Eastern Ill.,,596488,Little Rock,,1,1,0,0,1,0,0,1,,,0,0,0,0,0,0,0,0,0,0,0,0,0,0,0,0,0,0,0,0,0,0,0,0,0,0,0,0,0,0,0,0,0,0,0,0,0,0,0,0,0,0,0,0,0,0,0,0,0,0,0,0,0,0,0,0,0,0,0,0,0,0,0,0,0,0,0,0,0,0,0,0,0,0,0,0,0,0,0,0,0,0,0,0
6304072,2025-05-04,9,596605,Mississippi St.,6,596577,Kentucky,1,1,1,1,1,0,0,0,1,10635,11580,1,28,6,7,0,0,0,6,5,2,7,2,0,0,0,8,8,7,37,0,27,6,1,0,9,38,6,1,1,4,8,0,1,0,0,1,0,1,0,5,12,0,1,28,1,6,0,1,0,1,4,3,8,1,2,0,1,5,12,10,38,2,24,9,0,0,8,37,7,6,6,5,7,0,0,0,0,0,0,2,0,8,8,0
6304078,2025-05-04,7,596677,South Carolina,0,596546,Florida,8,1,1,1,1,0,0,0,1,7151,8340,1,23,0,4,3,0,0,0,2,2,6,0,0,0,0,6,7,6,27,2,21,9,2,0,7,36,12,8,6,2,7,0,2,3,3,1,0,0,0,6,5,0,1,31,8,12,1,0,3,8,2,2,7,0,1,3,1,6,5,7,36,0,21,7,2,0,7,27,4,0,0,2,6,0,0,0,0,0,0,0,0,6,7,0
6304081,2025-05-04,9,596714,Oklahoma St.,10,596519,UCF,6,1,1,1,1,0,0,0,1,4312,13140,1,32,10,8,0,0,3,10,6,1,11,0,0,1,0,5,7,5,39,3,27,7,0,0,9,43,7,6,2,5,7,0,0,0,0,0,0,1,0,8,11,0,1,34,6,7,2,0,0,4,5,3,7,1,0,0,0,8,11,10,43,2,24,7,1,0,8,39,8,10,7,6,11,0,0,3,1,0,0,0,0,5,7,0
6304084,2025-05-04,9,596420,Texas A&M,6,596583,LSU,4,1,1,1,1,0,0,0,1,7233,12360,1,33,6,9,3,0,2,6,4,3,9,0,0,0,0,9,6,10,40,0,27,6,0,0,9,36,7,4,4,2,8,0,0,1,0,0,0,0,0,9,10,0,1,34,4,7,2,0,1,4,2,0,8,0,0,0,0,9,10,5,36,1,24,8,0,0,8,40,9,6,6,4,9,0,1,2,0,0,0,0,0,9,6,0
6304085,2025-05-04,8,596639,Ohio St.,3,596602,Michigan,13,1,1,1,1,0,0,0,1,2143,10020,1,27,3,4,2,0,0,3,4,1,10,0,0,0,0,5,8,5,32,2,24,9,1,0,8,50,13,13,10,9,9,0,3,2,0,0,0,0,0,9,5,0,1,37,13,13,3,0,2,10,9,4,9,0,0,0,0,9,5,13,50,0,24,6,1,0,8,32,4,3,3,4,10,0,1,0,0,0,0,0,0,5,8,0
6304090,2025-05-04,9,596462,Grand Canyon,9,596509,Sacramento St.,2,1,1,1,1,0,0,0,1,358,10860,1,35,9,14,5,1,1,8,9,1,4,1,1,1,0,10,8,14,47,0,27,11,1,0,9,36,6,2,2,2,4,0,1,1,0,0,0,0,0,12,10,0,1,32,2,6,2,0,1,2,2,2,4,0,0,0,0,12,10,7,36,1,24,12,1,0,8,47,14,9,8,9,4,0,2,1,1,0,0,1,0,10,8,0
6304096,2025-05-04,9,596669,San Diego St.,7,596623,New Mexico,15,1,1,1,1,0,0,0,1,772,12300,1,38,7,13,6,0,0,7,3,0,6,0,0,1,0,7,12,7,41,3,27,3,2,0,9,50,19,15,10,4,8,0,0,5,2,0,0,0,0,3,14,0,1,45,15,19,2,0,5,15,4,0,8,0,1,2,0,3,14,8,50,0,27,9,2,0,9,41,13,7,7,3,6,0,2,0,1,0,0,0,0,7,12,0
6304099,2025-05-04,10,596620,Nevada,9,596707,Fresno St.,8,1,1,1,1,0,0,0,1,732,12120,1,43,9,15,4,0,1,9,4,1,10,0,0,0,0,8,9,7,48,0,30,14,2,0,10,45,13,8,8,4,2,0,1,3,3,0,0,1,0,17,9,0,1,40,8,13,2,0,3,8,4,0,2,1,0,3,0,17,9,7,45,2,29,11,2,0,9.2,48,15,9,9,4,10,0,0,1,0,0,0,0,0,8,9,0
6304123,2025-05-04,9,596681,Southern California,11,596514,UCLA,5,1,1,1,1,0,0,0,1,2873,11820,1,34,11,11,3,0,4,11,3,3,6,0,1,0,0,10,7,6,41,1,27,8,1,0,9,38,9,5,3,2,9,0,0,1,0,1,0,0,0,8,9,0,1,35,5,9,1,0,1,5,2,0,9,0,1,0,1,8,9,6,38,1,24,10,0,0,8,41,11,11,11,3,6,0,1,4,0,0,0,0,0,10,7,0
6304127,2025-05-04,,596537,Eastern Ill.,,596488,Little Rock,,1,1,0,0,1,0,0,1,,,0,0,0,0,0,0,0,0,0,0,0,0,0,0,0,0,0,0,0,0,0,0,0,0,0,0,0,0,0,0,0,0,0,0,0,0,0,0,0,0,0,0,0,0,0,0,0,0,0,0,0,0,0,0,0,0,0,0,0,0,0,0,0,0,0,0,0,0,0,0,0,0,0,0,0,0,0,0,0,0,0,0,0,0
6307985,2025-05-04,7,596721,Tennessee,1,596489,Auburn,8,1,1,1,1,0,0,0,1,6041,8220,1,23,1,4,1,0,1,1,1,2,7,0,0,0,0,2,10,4,26,0,21,11,2,0,7,34,10,8,8,5,6,0,3,0,0,0,0,1,0,9,4,0,1,28,8,10,1,0,0,7,5,0,6,1,0,0,0,9,4,3,34,0,21,4,1,1,7,26,4,1,1,1,7,0,0,1,0,0,0,0,0,2,10,0
6309105,2025-05-04,9,596442,Washington St.,10,596430,Air Force,2,1,1,1,1,0,0,0,1,833,9540,1,34,10,12,4,1,2,7,4,1,3,2,0,0,0,11,9,7,41,0,27,13,0,0,9,33,8,2,2,0,10,0,0,1,1,1,0,0,0,9,6,0,1,33,2,8,3,0,1,2,0,0,10,0,0,1,1,9,6,4,33,2,24,13,1,0,8,41,12,10,8,4,3,0,1,2,0,0,0,2,0,11,9,0
6309359,2025-05-04,9,596712,Nebraska,8,596604,Minnesota,3,1,1,1,1,0,0,0,1,5602,11880,1,37,8,13,2,0,1,7,4,1,6,1,0,1,1,5,12,10,43,1,27,9,0,0,9,42,10,3,3,4,7,0,1,1,1,0,0,0,0,8,12,1,1,38,3,10,2,0,1,3,4,0,7,0,0,1,0,8,12,12,42,1,24,5,0,0,8,43,13,8,8,4,6,0,1,1,1,1,0,1,0,5,12,0
6309737,2025-05-04,9,596575,Kansas,4,596521,Cincinnati,13,1,1,1,1,0,0,0,1,1620,12660,1,34,4,7,0,0,1,3,3,0,7,0,0,0,1,10,9,6,37,2,27,10,0,1,9,49,14,13,12,8,7,0,4,2,2,0,0,2,0,10,10,0,1,36,13,14,3,0,2,13,8,0,7,2,3,2,0,10,10,9,49,1,27,12,0,0,9,37,7,4,4,3,7,0,1,1,0,1,0,0,0,10,9,0
6310384,2025-05-04,9,596443,Washington,0,596569,Iowa,8,1,1,1,1,0,0,0,1,1589,11160,1,29,0,3,2,0,0,0,4,0,11,0,0,2,0,4,11,6,33,1,27,8,1,2,9,47,11,8,6,8,11,0,1,1,4,0,0,0,0,8,8,0,1,36,8,11,4,0,1,6,8,1,11,0,2,4,0,8,8,12,47,0,27,4,1,0,9,33,3,0,0,4,11,0,0,0,2,0,0,0,0,4,11,1
6310557,2025-05-04,9,596679,South Fla.,2,596426,UTSA,3,1,1,1,1,0,0,0,1,1183,8580,1,30,2,4,1,0,1,2,0,0,7,0,0,0,0,5,14,1,30,1,27,10,1,1,9,37,9,3,3,1,3,0,1,1,0,0,0,0,0,9,13,0,1,34,3,9,4,0,1,3,1,1,3,0,1,0,0,9,13,7,37,0,27,5,2,0,9,30,4,2,2,0,7,0,0,1,0,0,0,0,0,5,14,0
6310663,2025-05-04,9,596434,Vanderbilt,9,596480,Alabama,7,1,1,1,1,0,0,0,1,3802,11160,1,36,9,10,1,1,4,9,3,1,7,0,1,0,0,9,10,6,41,0,27,4,0,0,9,40,8,7,7,5,14,0,0,2,0,0,0,0,0,2,9,0,1,33,7,8,1,1,2,7,5,2,14,0,0,0,0,2,9,5,40,1,26,9,1,0,8.2,41,10,9,9,3,7,0,0,4,0,0,0,0,0,9,10,0
6310703,2025-05-04,9,596557,Hawaii,5,596643,Oregon St.,0,1,1,1,1,0,0,0,0,4406,9300,1,28,5,9,1,0,1,5,4,2,3,1,1,1,1,12,6,6,36,0,27,11,1,0,9,34,3,0,0,6,8,0,0,0,0,0,1,0,0,9,8,0,1,28,0,3,2,0,0,0,6,0,8,0,0,0,0,9,8,7,34,0,24,17,2,0,8,36,9,5,5,4,3,0,0,1,1,1,0,1,0,12,6,0
6310710,2025-05-04,,596653,Purdue,,596636,Northwestern,,1,1,0,0,0,0,0,1,,,0,0,0,0,0,0,0,0,0,0,0,0,0,0,0,0,0,0,0,0,0,0,0,0,0,0,0,0,0,0,0,0,0,0,0,0,0,0,0,0,0,0,0,0,0,0,0,0,0,0,0,0,0,0,0,0,0,0,0,0,0,0,0,0,0,0,0,0,0,0,0,0,0,0,0,0,0,0,0,0,0,0,0,0
6310821,2025-05-04,9,596672,San Jose St.,4,596619,UNLV,3,1,1,1,1,0,0,0,1,402,9180,1,32,4,10,2,0,1,4,3,1,4,0,1,1,1,8,10,9,37,0,27,9,1,0,9,40,11,3,3,3,10,0,1,1,0,0,0,1,0,9,7,0,1,36,3,11,2,0,1,2,3,0,10,1,0,0,0,9,7,10,40,1,24,8,1,0,8,37,10,4,4,3,4,0,0,1,1,1,0,0,0,8,10,0
6310965,2025-05-04,9,596418,Utah Tech,7,596465,Seattle U,3,1,1,1,1,0,0,0,1,471,10140,1,35,7,12,1,0,1,6,4,1,6,1,0,1,1,4,13,10,41,0,27,8,0,0,9,36,4,3,3,6,6,0,0,1,1,0,0,0,0,9,11,0,1,30,3,4,0,0,1,3,6,0,6,0,0,1,0,9,11,6,36,2,24,5,1,1,8,41,12,7,7,4,6,0,6,1,1,1,1,1,0,4,13,0
6311279,2025-05-04,9,596647,Penn St.,8,596593,Maryland,4,1,1,1,1,0,0,0,1,527,9720,1,37,8,12,2,1,0,8,2,0,2,0,0,2,0,6,15,7,39,0,27,9,0,0,9,42,9,4,4,6,9,0,0,2,1,0,0,0,0,8,9,0,1,34,4,9,0,0,2,4,6,1,9,0,1,1,0,8,9,11,42,2,24,10,0,0,8,39,12,8,4,2,2,0,0,0,2,0,0,0,0,6,15,0
6312981,2025-05-04,9,596642,Old Dominion,8,596591,Marshall,2,1,1,1,1,0,0,0,1,126,10260,1,31,8,9,3,0,0,7,8,3,8,0,2,2,0,9,6,12,44,0,27,11,1,0,9,34,7,2,2,2,7,0,0,1,1,0,0,0,0,9,9,0,1,32,2,7,2,0,1,2,2,0,7,0,0,1,0,9,9,5,34,0,24,11,2,0,8,44,9,8,8,8,8,0,2,0,2,0,1,0,0,9,6,0
6313332,2025-05-04,8,596545,Florida St.,20,596523,Clemson,9,1,1,1,1,0,0,0,1,5542,13140,1,41,20,21,2,0,6,19,6,3,7,1,0,2,1,6,7,9,51,0,24,5,1,0,8,41,11,9,9,5,12,0,1,2,0,1,1,0,0,5,6,0,1,33,9,11,1,0,2,8,5,2,12,0,1,0,1,5,6,8,41,1,22,6,0,1,7.1,51,21,20,20,6,7,0,1,6,2,1,0,1,0,6,7,0
6314288,2025-05-04,9,596496,Boston College,7,596688,Stanford,11,1,1,1,1,0,0,0,1,685,11940,1,40,7,14,2,0,1,6,3,0,6,1,0,3,0,7,13,10,44,0,27,8,1,0,9,46,16,11,11,4,7,0,3,1,0,0,0,1,0,8,10,0,1,40,11,16,3,0,1,10,4,1,7,1,0,0,0,8,10,8,46,1,27,8,1,0,9,44,14,7,6,3,6,0,0,1,3,0,1,1,0,7,13,0
6316387,2025-05-04,,596600,Miami (FL),,596628,NC State,,1,1,0,0,1,0,0,1,,,0,0,0,0,0,0,0,0,0,0,0,0,0,0,0,0,0,0,0,0,0,0,0,0,0,0,0,0,0,0,0,0,0,0,0,0,0,0,0,0,0,0,0,0,0,0,0,0,0,0,0,0,0,0,0,0,0,0,0,0,0,0,0,0,0,0,0,0,0,0,0,0,0,0,0,0,0,0,0,0,0,0,0,0
6316578,2025-05-04,9,596493,Baylor,6,596485,Arizona St.,8,1,1,1,1,0,0,0,1,2110,12660,1,36,6,10,3,0,1,6,7,1,11,1,1,0,0,9,6,13,46,2,27,15,0,1,9,42,12,8,2,3,5,0,1,0,0,1,0,1,0,13,8,0,1,37,8,12,4,0,0,8,3,0,5,1,1,0,1,13,8,6,42,2,27,8,0,0,9,46,10,6,6,7,11,0,0,1,0,0,0,1,0,9,6,0
6317309,2025-05-04,13,596649,Pittsburgh,14,596438,Virginia Tech,13,1,1,1,1,0,0,0,1,231,20700,1,60,14,23,3,0,4,14,6,0,21,1,1,3,1,7,9,14,68,2,39,13,0,0,13,68,14,13,11,11,17,0,0,4,2,0,0,0,0,10,9,1,1,51,13,14,3,0,4,12,11,5,17,0,1,2,0,10,9,16,68,2,38,9,3,0,12.2,68,23,14,13,6,21,0,2,4,3,1,0,1,0,7,9,1
6317377,2025-05-04,7,596553,Georgia Tech,13,596445,Western Caro.,0,1,1,1,1,0,0,0,0,1613,9240,1,29,13,13,4,1,3,12,8,2,3,0,0,4,1,3,10,8,39,1,21,3,1,1,7,26,2,0,0,2,9,0,0,0,0,0,0,0,0,3,8,0,1,22,0,2,1,0,0,0,2,1,9,0,0,0,0,3,8,4,25,0,18,5,0,0,6,39,13,13,13,8,3,0,0,3,4,1,0,0,0,3,10,0
6354753,2025-05-04,10,596641,Oklahoma,3,596607,Ole Miss,7,1,1,1,1,0,0,0,1,3105,12720,1,31,3,7,0,2,0,3,4,0,7,1,0,2,0,10,8,6,36,2,27,11,1,0,9,42,11,7,6,2,14,0,1,1,0,2,0,0,0,8,3,0,1,39,7,11,2,1,1,6,2,1,14,0,0,0,2,8,3,8,42,0,27,13,0,0,9,36,7,3,3,4,7,0,0,0,2,0,0,1,0,10,8,0
6356897,2025-05-04,9,596608,Missouri,2,596554,Georgia,4,1,1,1,1,0,0,0,1,1631,10860,1,29,2,5,2,0,0,1,2,0,10,1,2,1,1,8,8,5,34,1,27,6,0,0,9,42,9,4,3,4,12,0,1,1,5,0,0,0,0,8,7,0,1,37,4,9,3,0,1,4,4,1,12,0,0,5,0,8,7,11,42,2,27,10,0,0,9,34,5,2,1,2,10,0,0,0,1,1,0,1,0,8,8,0
6382426,2025-05-04,9,596639,Ohio St.,4,596602,Michigan,11,1,1,1,1,0,0,0,1,2143,10620,1,32,4,7,1,0,1,4,8,1,8,0,1,0,0,11,7,11,42,1,27,6,1,0,9,44,13,11,10,3,7,0,0,1,2,0,0,0,0,6,13,0,1,40,11,13,5,0,1,11,3,1,7,0,0,2,0,6,13,6,44,0,27,12,0,0,9,42,7,4,4,8,8,0,2,1,0,0,0,0,0,11,7,0
6382660,2025-05-04,7,596649,Pittsburgh,5,596438,Virginia Tech,3,1,1,1,1,0,0,0,1,384,8580,1,26,5,8,0,0,0,5,2,1,7,0,1,3,0,6,5,7,30,1,21,11,0,0,7,31,8,3,3,2,3,0,0,0,2,0,0,2,0,12,5,0,1,26,3,8,1,0,0,3,2,0,3,2,1,2,0,12,5,7,31,1,18,3,1,0,6,30,8,5,4,2,7,0,0,0,3,0,0,0,0,6,5,0
6310706,2025-05-05,9,596557,Hawaii,3,596643,Oregon St.,7,1,1,1,1,0,0,0,0,4451,12900,1,32,3,8,1,0,0,3,5,0,10,0,0,2,1,8,6,7,37,0,27,10,2,1,9,43,8,7,6,9,10,0,3,3,1,1,0,0,0,7,8,0,1,32,7,8,1,0,3,7,9,1,10,0,1,1,1,7,8,9,43,0,27,12,2,0,9,37,8,3,3,5,10,0,0,0,2,1,0,0,0,8,6,0
6304142,2025-05-06,9,596546,Florida,1,596679,South Fla.,7,1,1,1,1,0,0,0,0,5298,10620,1,27,1,3,2,0,0,0,3,1,8,0,0,1,0,7,9,3,31,1,27,9,2,0,9,43,13,7,7,4,12,0,1,0,1,0,0,0,0,8,6,0,1,39,7,13,2,0,0,7,4,0,12,0,0,1,0,8,6,9,43,1,27,9,0,0,9,31,3,1,0,3,8,0,0,0,1,0,0,0,0,7,9,0
6304157,2025-05-06,9,596507,Long Beach St.,4,596514,UCLA,2,1,1,1,1,0,0,0,0,2208,11760,1,30,4,8,1,0,0,4,3,3,4,0,0,0,1,7,11,8,36,1,27,9,0,0,9,39,4,2,2,6,5,0,0,0,0,1,0,0,0,8,13,0,1,31,2,4,1,1,0,2,6,2,5,0,0,0,1,8,13,10,39,0,24,10,0,1,8,36,8,4,3,3,4,0,2,0,0,1,0,0,0,7,11,1
6304160,2025-05-06,9,596673,Santa Clara,13,596688,Stanford,6,1,1,1,1,0,0,0,0,805,13680,1,37,13,15,2,1,1,12,8,3,10,1,0,0,0,7,5,12,49,2,27,14,1,0,9,41,12,6,6,3,9,0,1,3,2,0,0,1,0,11,4,0,1,35,6,12,1,0,3,6,3,0,9,1,0,2,0,11,4,8,39,2,24,10,2,0,8,49,15,13,7,8,10,0,1,1,0,0,0,1,0,7,5,0
6304163,2025-05-06,9,596509,Sacramento St.,4,596620,Nevada,6,1,1,1,1,0,0,0,0,434,8700,1,37,4,8,1,1,2,4,1,0,7,0,0,0,0,6,15,7,38,0,27,8,0,0,9,35,4,6,6,1,9,0,1,1,0,0,0,0,0,7,11,0,1,32,6,4,1,0,1,5,1,2,9,0,0,0,0,7,11,2,35,1,27,6,0,0,9,38,8,4,1,1,7,0,2,2,0,0,0,0,0,6,15,0
6304164,2025-05-06,9,596669,San Diego St.,3,596508,CSUN,8,1,1,1,1,0,0,0,0,494,11460,1,33,3,6,1,0,1,3,7,1,7,1,0,0,0,10,10,12,42,3,27,4,0,0,9,45,9,8,5,6,12,0,1,0,5,0,0,1,0,2,12,0,1,37,8,9,2,1,0,7,6,1,12,1,0,5,0,2,12,10,45,1,27,10,1,1,9,42,6,3,2,7,7,0,1,1,0,0,0,1,0,10,10,0
6304166,2025-05-06,,596564,UIC,,596569,Iowa,,1,1,0,0,1,0,0,0,,,0,0,0,0,0,0,0,0,0,0,0,0,0,0,0,0,0,0,0,0,0,0,0,0,0,0,0,0,0,0,0,0,0,0,0,0,0,0,0,0,0,0,0,0,0,0,0,0,0,0,0,0,0,0,0,0,0,0,0,0,0,0,0,0,0,0,0,0,0,0,0,0,0,0,0,0,0,0,0,0,0,0,0,0
6304167,2025-05-06,9,596429,Troy,2,596480,Alabama,10,1,1,1,1,0,0,0,0,3892,11520,1,36,2,8,2,0,0,2,6,0,8,0,0,0,0,12,7,13,42,1,27,13,0,0,9,44,14,10,9,2,8,0,0,2,0,0,0,0,0,11,6,0,1,39,10,14,3,0,2,10,2,3,8,0,0,0,0,11,6,7,44,1,27,10,2,0,9,42,8,2,2,6,8,0,1,0,0,0,0,0,0,12,7,0
6304168,2025-05-06,9,596553,Georgia Tech,8,596551,Ga. Southern,5,1,1,1,1,0,0,0,0,1336,11280,1,35,8,11,2,0,3,8,5,2,5,0,1,1,0,7,11,11,43,1,27,8,1,0,9,43,12,5,4,2,10,0,0,2,0,0,0,0,0,8,9,0,1,38,5,12,2,0,2,4,2,1,10,0,1,0,0,8,9,11,42,3,24,8,0,0,8,43,11,8,5,5,5,0,2,3,1,0,0,0,0,7,11,0
6304172,2025-05-06,,596488,Little Rock,,596457,Central Ark.,,1,1,0,0,1,0,0,0,,,0,0,0,0,0,0,0,0,0,0,0,0,0,0,0,0,0,0,0,0,0,0,0,0,0,0,0,0,0,0,0,0,0,0,0,0,0,0,0,0,0,0,0,0,0,0,0,0,0,0,0,0,0,0,0,0,0,0,0,0,0,0,0,0,0,0,0,0,0,0,0,0,0,0,0,0,0,0,0,0,0,0,0,0
6304173,2025-05-06,,596639,Ohio St.,,596640,Ohio,,1,1,0,0,1,0,0,0,,,0,0,0,0,0,0,0,0,0,0,0,0,0,0,0,0,0,0,0,0,0,0,0,0,0,0,0,0,0,0,0,0,0,0,0,0,0,0,0,0,0,0,0,0,0,0,0,0,0,0,0,0,0,0,0,0,0,0,0,0,0,0,0,0,0,0,0,0,0,0,0,0,0,0,0,0,0,0,0,0,0,0,0,0
6304175,2025-05-06,9,596707,Fresno St.,17,596505,CSU Bakersfield,1,1,1,1,1,0,0,0,0,1190,10800,1,46,17,21,6,0,5,16,3,2,6,0,0,0,0,10,8,10,51,1,27,7,0,0,9,39,4,1,1,7,7,0,0,0,0,0,0,0,0,7,12,0,1,31,1,4,2,0,0,1,7,1,7,0,0,0,0,7,12,11,39,1,24,7,1,0,8,51,21,17,16,3,6,0,1,5,0,0,0,0,0,10,8,0
6304178,2025-05-06,,596583,LSU,,596710,Grambling,,1,1,0,0,1,0,0,0,,,0,0,0,0,0,0,0,0,0,0,0,0,0,0,0,0,0,0,0,0,0,0,0,0,0,0,0,0,0,0,0,0,0,0,0,0,0,0,0,0,0,0,0,0,0,0,0,0,0,0,0,0,0,0,0,0,0,0,0,0,0,0,0,0,0,0,0,0,0,0,0,0,0,0,0,0,0,0,0,0,0,0,0,0
6304180,2025-05-06,9,596685,Missouri St.,2,596519,UCF,13,1,1,1,1,0,0,0,0,1077,13200,1,33,2,7,2,0,0,2,4,0,9,0,0,1,0,8,9,8,37,2,27,9,1,0,9,51,17,13,13,5,7,0,2,2,3,0,0,1,0,9,10,0,1,42,13,17,4,0,2,13,5,2,7,1,1,3,0,9,10,11,51,0,27,8,1,0,9,37,7,2,2,4,9,0,0,0,1,0,0,0,0,8,9,0
6304182,2025-05-06,9,596462,Grand Canyon,5,596706,Arizona,2,1,1,1,1,0,0,0,0,1405,10080,1,31,5,8,0,0,2,4,2,1,11,1,0,5,0,7,6,6,35,0,27,3,1,0,9,38,5,2,2,8,10,0,0,1,1,1,0,1,0,4,11,0,1,29,2,5,1,0,1,2,8,0,10,1,0,1,1,4,11,9,38,2,24,6,1,0,8,35,8,5,3,2,11,0,2,2,5,0,0,1,0,7,6,0
6308424,2025-05-06,7,596653,Purdue,14,596491,Ball St.,4,1,1,1,1,0,0,0,0,2146,9960,1,31,14,13,3,0,2,13,8,2,5,1,0,4,0,3,11,6,42,0,21,7,0,0,7,27,7,4,4,0,5,0,0,1,0,0,0,1,0,6,8,1,1,25,4,7,0,0,1,4,0,1,5,1,0,0,0,6,8,2,27,0,20,5,2,0,6.2,42,13,14,14,8,5,0,1,2,4,0,0,1,0,3,11,0
6308964,2025-05-06,9,596712,Nebraska,7,596529,Creighton,8,1,1,1,1,0,0,0,0,5802,11580,1,35,7,10,0,0,2,7,2,1,4,1,0,0,0,11,9,5,39,1,27,11,2,0,9,44,9,8,5,5,3,0,1,0,0,0,0,1,0,10,12,0,1,33,8,9,5,0,0,7,5,4,3,1,1,0,0,10,12,9,44,2,27,15,2,0,9,39,10,7,6,2,4,0,0,2,0,0,0,1,0,11,9,0
6309738,2025-05-06,9,596715,Oral Roberts,2,596521,Cincinnati,10,1,1,1,1,0,0,0,0,492,11700,1,34,2,7,0,0,0,2,2,1,10,0,0,0,0,6,11,8,37,1,27,6,0,0,9,46,16,10,9,4,10,0,0,1,5,0,0,2,0,3,12,0,1,39,10,16,4,0,1,8,4,1,10,2,0,5,1,3,12,8,46,0,27,4,0,0,9,37,7,2,2,2,10,0,1,0,0,0,0,0,0,6,11,0
6310901,2025-05-06,,596561,Houston,,596420,Texas A&M,,1,1,0,0,1,0,0,0,,,0,0,0,0,0,0,0,0,0,0,0,0,0,0,0,0,0,0,0,0,0,0,0,0,0,0,0,0,0,0,0,0,0,0,0,0,0,0,0,0,0,0,0,0,0,0,0,0,0,0,0,0,0,0,0,0,0,0,0,0,0,0,0,0,0,0,0,0,0,0,0,0,0,0,0,0,0,0,0,0,0,0,0,0
6310966,2025-05-06,,596619,UNLV,,596418,Utah Tech,,1,1,0,0,1,0,0,0,,,0,0,0,0,0,0,0,0,0,0,0,0,0,0,0,0,0,0,0,0,0,0,0,0,0,0,0,0,0,0,0,0,0,0,0,0,0,0,0,0,0,0,0,0,0,0,0,0,0,0,0,0,0,0,0,0,0,0,0,0,0,0,0,0,0,0,0,0,0,0,0,0,0,0,0,0,0,0,0,0,0,0,0,0
6311904,2025-05-06,9,596465,Seattle U,6,596442,Washington St.,4,1,1,1,1,0,0,0,0,123,11520,1,33,6,10,3,0,2,6,6,0,5,0,0,0,1,7,11,9,39,2,27,11,0,0,9,43,9,4,4,7,2,0,1,1,1,1,1,1,0,9,14,0,1,35,4,9,0,0,1,3,7,0,2,1,0,1,1,9,14,12,43,0,24,9,1,0,8,39,10,6,6,6,5,0,1,2,0,1,1,0,0,7,11,0
6313166,2025-05-06,9,596425,Texas,9,596579,Lamar University,3,1,1,1,1,0,0,0,0,6921,13320,1,31,9,8,2,0,1,9,16,2,8,0,0,0,1,8,7,16,49,0,27,10,0,0,9,36,6,3,3,4,7,0,1,1,0,0,0,0,0,8,10,0,1,31,3,6,1,0,1,3,4,1,7,0,0,0,0,8,10,6,36,0,24,8,2,2,8,49,8,9,9,16,8,0,1,1,0,1,0,0,0,8,7,0
6313335,2025-05-06,9,596524,Coastal Carolina,5,596523,Clemson,3,1,1,1,1,0,0,0,0,5300,11220,1,29,5,9,0,0,0,3,2,6,11,1,2,3,0,8,4,11,40,1,27,7,1,0,9,37,6,3,3,4,9,0,0,1,0,0,0,0,0,6,11,0,1,32,3,6,0,0,1,3,4,0,9,0,1,0,0,6,11,7,37,0,24,5,1,1,8,40,9,5,4,2,11,0,1,0,3,0,1,1,0,8,4,0
6314427,2025-05-06,9,596449,Wichita St.,2,596499,BYU,9,1,1,1,1,0,0,0,0,1389,13560,1,33,2,9,3,0,0,2,3,2,9,0,1,0,0,10,6,10,39,1,27,5,2,0,9,46,13,9,9,6,12,0,2,1,2,0,0,1,0,6,9,0,1,38,9,13,1,0,1,8,6,0,12,1,1,2,0,6,9,10,46,0,27,11,0,0,9,39,9,2,2,3,9,0,1,0,0,0,0,0,0,10,6,0
6315867,2025-05-06,,596468,UIW,,596426,UTSA,,1,1,0,0,1,0,0,0,,,0,0,0,0,0,0,0,0,0,0,0,0,0,0,0,0,0,0,0,0,0,0,0,0,0,0,0,0,0,0,0,0,0,0,0,0,0,0,0,0,0,0,0,0,0,0,0,0,0,0,0,0,0,0,0,0,0,0,0,0,0,0,0,0,0,0,0,0,0,0,0,0,0,0,0,0,0,0,0,0,0,0,0,0
6316497,2025-05-06,7,596721,Tennessee,12,596565,Indiana St.,1,1,1,1,1,0,0,0,0,5099,9060,1,28,12,11,1,0,5,12,3,2,1,1,0,0,1,8,7,4,34,1,21,6,1,1,7,32,6,1,1,6,9,0,2,0,2,1,0,0,0,4,6,0,1,24,1,6,2,0,0,0,6,0,9,0,2,2,1,4,6,10,32,3,18,7,1,0,6,34,11,12,11,3,1,0,1,5,0,1,0,1,0,8,7,0
6317103,2025-05-06,9,596585,Louisville,5,596434,Vanderbilt,4,1,1,1,1,0,0,0,0,3132,11460,1,26,5,6,1,0,0,5,4,4,9,1,3,3,2,5,8,9,38,1,27,8,0,0,9,38,6,4,3,4,12,0,2,1,4,0,0,1,0,7,8,0,1,32,4,6,2,1,1,2,4,1,12,1,0,4,0,7,8,7,38,3,24,8,0,0,8,38,6,5,2,4,9,0,1,0,3,2,0,1,0,5,8,0
6320430,2025-05-06,7,596545,Florida St.,14,596572,Jacksonville,2,1,1,1,1,0,0,0,0,4523,9720,1,30,14,11,5,0,2,13,8,1,8,0,0,5,0,7,2,7,39,0,21,7,1,0,7,31,5,2,2,4,9,0,1,0,0,0,0,0,0,7,5,0,1,26,2,5,1,0,0,2,4,1,9,0,0,0,0,7,5,8,31,2,18,9,0,0,6,39,11,14,14,8,8,0,2,2,5,0,0,0,0,7,2,0
6356749,2025-05-06,9,596608,Missouri,5,596575,Kansas,6,1,1,1,1,0,0,0,0,1948,12060,1,34,5,10,2,1,2,4,4,3,14,0,1,1,0,8,3,10,42,0,27,10,1,1,9,39,7,6,6,6,7,0,1,2,1,0,0,1,0,10,8,0,1,31,6,7,1,0,2,6,6,1,7,1,0,1,0,10,8,6,39,1,27,10,2,1,9,42,10,5,5,4,14,0,1,2,1,0,0,0,0,8,3,0
6304191,2025-05-07,9,596598,Mercer,3,596553,Georgia Tech,4,1,1,1,1,0,0,0,0,1513,,1,34,3,10,1,0,1,3,0,0,4,0,1,0,0,13,8,5,35,1,27,15,2,0,9,37,7,4,3,3,7,0,2,2,0,0,0,0,0,13,6,0,1,33,4,7,1,0,2,3,3,0,7,0,1,0,0,13,6,6,37,0,27,15,1,0,9,35,10,3,3,0,4,0,0,1,0,0,0,0,0,13,8,0
6309250,2025-05-07,9,596600,Miami (FL),10,596544,FIU,6,1,1,1,1,0,0,0,0,2642,10920,1,34,10,13,0,1,3,10,5,1,5,0,1,1,0,11,6,7,41,1,27,13,0,0,9,42,14,6,4,1,9,0,0,1,2,0,0,0,0,13,5,0,1,40,6,14,2,0,1,6,1,0,9,0,1,2,0,13,5,9,42,0,24,11,1,0,8,41,13,10,10,5,5,0,0,3,1,0,1,0,0,11,6,0
6313128,2025-05-07,,596423,Texas Tech,,596623,New Mexico,,1,1,0,0,1,0,0,0,,,0,0,0,0,0,0,0,0,0,0,0,0,0,0,0,0,0,0,0,0,0,0,0,0,0,0,0,0,0,0,0,0,0,0,0,0,0,0,0,0,0,0,0,0,0,0,0,0,0,0,0,0,0,0,0,0,0,0,0,0,0,0,0,0,0,0,0,0,0,0,0,0,0,0,0,0,0,0,0,0,0,0,0,0
6314224,2025-05-07,9,596581,Liberty,7,596438,Virginia Tech,4,1,1,1,1,0,0,0,0,1668,10020,1,28,7,6,0,0,1,7,5,3,6,2,0,4,0,4,14,7,38,0,27,9,0,0,9,39,10,4,4,1,8,0,0,2,0,0,0,0,0,10,9,0,1,37,4,10,0,0,2,3,1,1,8,0,0,0,0,10,9,8,39,0,24,3,0,0,8,38,6,7,7,5,6,0,1,1,4,0,0,2,0,4,14,0
6315083,2025-05-07,9,596439,Virginia,19,596428,Towson,1,1,1,1,1,0,0,0,0,4012,10560,1,37,19,13,2,0,4,18,9,5,2,1,0,5,0,8,14,9,52,1,27,11,0,0,9,36,7,1,0,4,9,0,0,0,0,0,0,0,0,9,7,0,1,32,1,7,0,0,0,1,4,0,9,0,0,0,0,9,7,7,36,2,24,7,1,0,8,52,13,19,17,9,2,0,0,4,5,0,0,1,0,8,14,0
6316751,2025-05-07,7,596436,VCU,2,596642,Old Dominion,8,1,1,1,1,0,0,0,0,332,9480,1,24,2,6,1,0,0,2,3,2,10,0,0,0,0,3,6,8,29,0,21,8,0,0,7,37,9,8,8,7,10,0,2,2,1,0,0,0,0,3,6,0,1,28,8,9,3,1,2,7,7,2,10,0,0,1,0,3,6,8,37,0,18,2,1,0,6,29,6,2,2,3,10,0,1,0,0,0,0,0,0,3,6,0
6304193,2025-05-08,7,596489,Auburn,24,596677,South Carolina,2,1,1,1,1,0,0,0,1,4974,9600,1,37,24,20,4,1,5,24,5,5,7,0,0,1,0,5,4,5,47,0,21,9,2,0,7,30,5,2,2,4,9,0,0,1,1,0,0,0,0,9,3,0,1,26,2,5,2,0,1,2,4,0,9,0,0,1,0,9,3,7,30,1,18,6,0,0,6,47,20,24,21,5,7,0,2,5,1,0,0,0,0,5,4,0
6356259,2025-05-08,9,596575,Kansas,5,596499,BYU,7,1,1,1,1,0,0,0,1,1277,10140,1,30,5,4,0,0,1,5,7,2,5,1,0,0,0,11,10,8,40,1,27,11,0,0,9,39,9,7,7,3,8,0,3,1,0,0,0,1,0,9,7,0,1,31,7,9,2,0,1,6,3,3,8,1,1,0,0,9,7,5,39,1,27,11,1,0,9,40,4,5,5,7,5,0,3,1,0,0,0,1,0,11,10,0
6304198,2025-05-09,9,596605,Mississippi St.,4,596607,Ole Miss,1,1,1,1,1,0,0,0,1,14468,9060,1,30,4,7,2,0,0,4,3,0,9,0,1,1,0,7,7,6,34,0,27,5,1,0,9,35,7,1,1,1,16,0,0,0,0,0,0,1,0,3,7,0,1,32,1,7,1,0,0,1,1,1,16,1,0,0,0,3,7,7,35,1,24,8,1,0,8,34,7,4,2,3,9,0,0,0,1,0,0,0,0,7,7,0
6304202,2025-05-09,9,596489,Auburn,11,596677,South Carolina,10,1,1,1,1,0,0,0,1,6196,12480,1,36,11,13,2,0,3,11,6,4,7,1,0,1,1,5,11,9,47,1,27,13,1,1,9,45,17,10,10,3,6,0,0,3,0,1,0,1,0,13,7,0,1,40,10,17,4,0,3,10,3,0,6,1,1,0,1,13,7,8,45,1,25,7,1,1,8.1,47,13,11,9,6,7,0,1,3,1,1,0,1,0,5,11,1
6304203,2025-05-09,9,596465,Seattle U,4,596476,California Baptist,11,1,1,1,1,0,0,0,1,136,13260,1,34,4,7,2,0,1,4,1,0,11,1,0,2,0,9,7,5,36,3,27,12,0,0,9,48,14,11,9,4,4,0,2,0,4,2,0,1,0,9,11,0,1,38,11,14,1,3,0,9,4,5,4,1,0,4,2,9,11,9,48,1,27,8,0,0,9,36,7,4,4,1,11,0,0,1,2,0,0,1,0,9,7,0
6304205,2025-05-09,9,596425,Texas,2,596546,Florida,8,1,1,1,1,0,0,0,1,7149,12000,1,34,2,7,0,1,0,2,3,2,16,0,0,0,0,4,6,10,39,0,27,11,1,0,9,44,9,8,8,5,11,0,1,0,3,0,0,0,0,11,5,0,1,35,8,9,4,0,0,7,5,3,11,0,1,3,0,11,5,9,44,1,27,3,0,0,9,39,7,2,1,3,16,0,0,0,0,0,0,0,0,4,6,0
6304211,2025-05-09,9,596577,Kentucky,4,596641,Oklahoma,3,1,1,1,1,0,0,0,1,4446,10680,1,29,4,8,1,1,1,4,2,1,6,0,1,2,0,9,7,5,33,0,27,5,1,1,9,40,7,3,2,6,9,0,1,1,1,0,0,0,0,8,10,0,1,34,3,7,0,0,1,3,6,0,9,0,0,1,0,8,10,10,40,0,24,10,0,0,8,33,8,4,4,2,6,0,1,1,2,0,0,0,0,9,7,0
6304212,2025-05-09,10,596583,LSU,5,596487,Arkansas,4,1,1,1,1,0,0,0,1,11658,11940,1,35,5,9,2,0,1,5,2,1,12,1,1,1,0,12,4,6,40,0,30,14,1,0,10,43,11,4,4,3,13,0,1,2,0,0,0,1,0,11,4,0,1,37,4,11,2,0,2,4,3,1,13,1,1,0,0,11,4,9,43,0,29,10,2,0,9.2,40,9,5,5,2,12,0,1,1,1,0,0,1,0,12,4,1
6304214,2025-05-09,9,596712,Nebraska,3,596602,Michigan,2,1,1,1,1,0,0,0,1,5804,9960,1,29,3,7,1,0,0,2,5,1,8,0,2,0,1,10,5,10,37,0,27,12,0,0,9,36,7,2,2,3,7,0,0,0,2,0,0,0,0,12,5,0,1,31,2,7,0,0,0,2,3,2,7,0,0,2,0,12,5,7,36,1,24,12,3,0,8,37,7,3,3,5,8,0,2,0,0,1,0,0,0,10,5,0
6304233,2025-05-09,9,596563,Illinois,9,596514,UCLA,10,1,1,1,1,0,0,0,1,1852,12600,1,37,9,10,2,0,3,8,3,2,7,0,0,1,0,8,12,6,42,4,27,13,0,0,9,47,8,10,7,8,7,0,2,0,3,0,0,1,0,13,6,0,1,34,10,8,2,0,0,6,8,3,7,1,1,3,0,13,6,10,47,0,27,9,1,0,9,42,10,9,9,3,7,0,1,3,1,0,0,0,0,8,12,0
6304243,2025-05-09,9,596688,Stanford,3,596462,Grand Canyon,4,1,1,1,1,0,0,0,0,1617,8160,1,33,3,10,1,0,1,3,0,1,7,0,0,0,1,9,7,4,34,1,27,17,3,0,9,39,11,4,3,3,2,0,1,0,1,0,0,0,0,14,8,0,1,34,4,11,2,0,0,4,3,0,2,0,2,1,0,14,8,8,39,0,27,11,2,0,9,34,10,3,3,0,7,0,0,1,0,1,0,0,0,9,7,0
6304249,2025-05-09,12,596573,James Madison,4,596642,Old Dominion,6,1,1,1,1,0,0,0,1,513,15000,1,43,4,11,1,0,0,4,6,2,8,0,3,1,1,16,10,12,54,3,36,17,0,0,12,58,11,6,4,9,10,0,1,2,1,0,0,0,0,14,10,0,1,46,6,11,2,0,2,4,9,2,10,0,1,1,0,14,10,14,58,1,36,20,1,0,12,54,11,4,2,6,8,0,1,0,1,1,0,0,0,16,10,3
6304251,2025-05-09,9,596523,Clemson,9,596708,Duke,7,1,1,1,1,0,0,0,1,4975,12420,1,30,9,9,3,0,1,9,5,2,12,1,0,0,0,5,5,5,38,2,27,7,2,0,9,44,11,7,5,6,11,0,1,2,1,0,0,0,0,5,8,0,1,36,7,11,1,0,2,7,6,1,11,0,1,1,0,5,8,9,44,0,24,6,1,0,8,38,9,9,9,5,12,0,2,1,0,0,0,1,0,5,5,0
6304252,2025-05-09,9,596535,East Carolina,5,596426,UTSA,8,1,1,1,1,0,0,0,1,4161,10980,1,37,5,11,3,0,0,5,1,1,11,0,0,0,0,6,8,7,39,0,27,6,1,0,9,43,9,8,8,5,7,0,0,1,2,0,0,0,0,5,15,0,1,36,8,9,1,0,1,8,5,2,7,0,0,2,0,5,15,8,43,1,27,7,0,0,9,39,11,5,5,1,11,0,1,0,0,0,0,0,0,6,8,0
6304255,2025-05-09,9,596488,Little Rock,1,596692,UT Martin,9,1,1,1,1,0,0,0,1,305,10920,1,33,1,10,0,0,1,1,5,0,7,0,0,1,0,8,8,10,38,1,27,9,4,0,9,44,10,9,8,5,6,0,2,1,3,1,0,1,0,9,10,0,1,32,9,10,1,0,1,8,5,3,6,1,3,3,1,9,10,8,44,0,27,12,1,0,9,38,10,1,1,5,7,0,0,1,1,0,0,0,0,8,8,0
6304256,2025-05-09,9,596566,Indiana,8,596653,Purdue,0,1,1,1,1,0,0,0,1,2484,9900,1,32,8,10,2,0,0,8,8,0,10,1,1,0,0,8,6,10,42,1,27,14,0,1,9,35,6,0,0,2,6,0,0,0,1,0,0,0,0,14,5,0,1,31,0,6,1,0,0,0,2,1,6,0,1,1,0,14,5,7,35,0,24,7,1,0,8,42,10,8,8,8,10,0,1,0,0,0,0,1,0,8,6,0
6304259,2025-05-09,10,596707,Fresno St.,10,596672,San Jose St.,12,1,1,1,1,0,0,0,1,2230,13380,1,43,10,15,0,0,6,10,1,1,8,0,0,1,0,9,11,5,45,0,30,6,2,0,10,54,17,12,12,4,15,0,1,4,0,0,0,0,0,4,10,0,1,46,12,17,5,1,4,12,4,4,15,0,0,0,0,4,10,12,54,0,30,12,0,0,10,45,15,10,10,1,8,0,3,6,1,0,0,0,0,9,11,1
6304262,2025-05-09,9,596620,Nevada,4,596669,San Diego St.,7,1,1,1,1,0,0,0,1,894,11220,1,34,4,8,0,0,1,4,2,1,13,0,1,2,0,7,6,7,38,2,27,11,1,1,9,41,10,7,6,3,7,0,0,1,1,0,0,0,0,10,8,0,1,37,7,10,3,1,1,6,3,0,7,0,1,1,0,10,8,7,41,1,27,7,0,0,9,38,8,4,2,2,13,0,0,1,2,0,0,0,0,7,6,1
6304266,2025-05-09,7,596637,Notre Dame,10,596497,Bowling Green,0,1,1,1,1,0,0,0,0,789,7800,1,28,10,11,3,0,1,8,5,0,7,0,1,2,1,2,8,6,34,1,21,8,0,0,7,26,5,0,0,0,9,0,0,0,0,0,0,0,0,8,4,0,1,25,0,5,0,1,0,0,0,0,9,0,1,0,0,8,4,4,26,2,18,3,0,0,6,34,11,10,8,5,7,0,1,1,2,1,0,0,0,2,8,0
6304268,2025-05-09,9,596423,Texas Tech,3,596519,UCF,7,1,1,1,1,0,0,0,1,3453,13140,1,34,3,7,1,0,0,3,2,2,11,0,1,1,0,8,7,9,39,1,27,13,0,0,9,46,14,7,7,5,9,0,1,1,2,1,0,0,0,12,5,0,1,38,7,14,4,0,1,7,5,1,9,0,2,2,1,12,5,12,46,3,27,7,0,0,9,39,7,3,3,2,11,0,0,0,1,0,0,0,0,8,7,0
6304274,2025-05-09,9,596489,Auburn,11,596677,South Carolina,3,1,1,1,1,0,0,0,1,6196,11040,1,40,11,18,3,0,3,9,2,2,5,0,0,0,0,10,7,9,44,0,27,10,2,0,9,36,7,3,3,0,9,0,0,1,2,0,0,0,0,10,8,0,1,34,3,7,1,0,1,3,0,2,9,0,0,2,0,10,8,6,36,1,24,10,0,0,8,44,18,11,11,2,5,0,1,3,0,0,0,0,0,10,7,0
6309107,2025-05-09,9,596430,Air Force,14,596623,New Mexico,9,1,1,1,1,0,0,0,1,300,10500,1,36,14,13,3,1,1,14,5,0,4,3,0,5,0,9,12,6,44,2,27,11,0,1,9,41,12,9,7,1,7,0,3,1,1,0,0,0,0,13,7,0,1,40,9,12,4,1,1,9,1,0,7,0,0,1,0,13,7,5,41,2,24,9,0,0,8,44,13,14,13,5,4,0,2,1,5,0,0,3,0,9,12,0
6309740,2025-05-09,9,596421,TCU,17,596521,Cincinnati,11,1,1,1,1,0,0,0,1,4080,13020,1,43,17,20,4,0,3,16,6,0,6,0,0,3,0,11,6,8,49,0,27,7,1,0,9,42,12,11,11,4,17,0,0,3,4,1,0,0,0,5,3,0,1,37,11,12,2,0,3,11,4,1,17,0,0,4,1,5,3,4,42,0,24,11,1,2,8,49,20,17,17,6,6,0,4,3,3,0,0,0,0,11,6,0
6310390,2025-05-09,9,596569,Iowa,6,596643,Oregon St.,9,1,1,1,1,0,0,1,0,6966,12240,1,33,6,9,2,0,1,5,4,1,9,0,0,0,0,9,6,5,38,3,27,5,2,0,9,45,10,9,5,6,15,0,1,1,3,0,0,0,0,6,6,0,1,37,9,10,1,0,1,7,6,1,15,0,1,3,0,6,6,9,45,1,27,12,0,0,9,38,9,6,6,4,9,0,0,1,0,0,0,0,0,9,6,0
6310670,2025-05-09,9,596480,Alabama,9,596554,Georgia,3,1,1,1,1,0,0,0,1,3987,12240,1,29,9,7,0,0,3,9,9,1,9,1,1,1,0,7,8,8,41,0,27,8,0,0,9,42,12,3,3,2,13,0,3,0,2,1,0,1,0,6,7,1,1,37,3,12,2,0,0,3,2,2,13,1,0,2,1,6,7,12,42,0,24,7,0,1,8,41,7,9,9,9,9,0,1,3,1,0,0,1,0,7,8,0
6310709,2025-05-09,9,596506,Cal St. Fullerton,7,596557,Hawaii,8,1,1,1,1,0,0,0,1,902,12120,1,36,7,11,2,0,2,7,9,0,12,1,0,0,0,6,9,12,46,1,27,7,1,0,9,41,10,8,7,4,12,0,0,1,1,1,0,0,0,7,8,0,1,37,8,10,8,0,1,8,4,0,12,0,0,1,1,7,8,6,41,0,27,5,0,0,9,46,11,7,7,9,12,0,0,2,0,0,0,1,0,6,9,0
6310902,2025-05-09,9,596420,Texas A&M,6,596608,Missouri,9,1,1,1,1,0,0,0,1,6521,12600,1,33,6,7,0,0,4,6,5,2,7,0,0,0,0,5,14,7,40,1,27,11,1,0,9,44,12,9,7,4,10,0,1,1,2,0,0,0,0,9,7,0,1,38,9,12,2,0,1,6,4,1,10,0,1,2,0,9,7,7,44,0,27,5,0,0,9,40,7,6,6,5,7,0,0,4,0,0,0,0,0,5,14,1
6311196,2025-05-09,7,596636,Northwestern,12,596639,Ohio St.,2,1,1,1,1,0,0,0,1,1317,9300,1,29,12,11,3,0,0,11,9,1,8,1,0,2,1,6,5,7,40,1,21,4,0,0,7,29,3,2,1,4,5,0,0,0,0,0,0,1,0,4,11,0,1,23,2,3,0,0,0,2,4,1,5,1,0,0,0,4,11,6,29,0,20,9,1,1,6.2,40,11,12,12,9,8,0,2,0,2,1,0,1,0,6,5,0
6311281,2025-05-09,9,596660,Rutgers,5,596647,Penn St.,7,1,1,1,1,0,0,0,1,712,12600,1,36,5,11,2,0,1,5,10,1,10,0,1,2,1,6,10,16,48,0,27,7,0,0,9,43,12,7,7,4,9,0,1,1,1,0,0,2,0,6,11,0,1,37,7,12,3,0,1,7,4,0,9,2,0,1,0,6,11,9,43,0,27,7,1,0,9,48,11,5,5,10,10,0,1,1,2,1,0,0,0,6,10,0
6313021,2025-05-09,9,596442,Washington St.,3,596619,UNLV,4,1,1,1,1,0,0,0,1,965,10020,1,38,3,11,3,0,0,3,2,0,9,0,0,0,1,6,11,10,40,0,27,10,0,0,9,38,7,4,4,7,5,0,2,1,1,0,0,0,0,11,8,0,1,30,4,7,1,0,1,3,7,0,5,0,1,1,0,11,8,7,38,1,27,7,3,1,9,40,11,3,3,2,9,0,0,0,0,1,0,0,0,6,11,0
6316498,2025-05-09,9,596721,Tennessee,3,596434,Vanderbilt,2,1,1,1,1,0,0,0,1,5923,12060,1,28,3,9,3,0,0,3,2,0,7,0,1,0,0,12,1,4,31,1,27,7,3,0,9,33,6,2,2,0,14,0,0,1,0,0,0,0,0,6,6,0,1,32,2,6,1,0,1,2,0,1,14,0,0,0,0,6,6,4,33,0,24,17,1,0,8,31,9,3,3,2,7,0,2,0,0,0,0,0,0,12,1,0
6316570,2025-05-09,9,596485,Arizona St.,5,596561,Houston,6,1,1,1,1,0,0,0,1,2925,11460,1,34,5,9,0,0,1,4,2,1,9,0,0,1,1,9,7,5,37,0,27,10,1,1,9,38,5,6,5,5,13,0,1,0,0,1,0,0,0,9,4,0,1,30,6,5,0,0,0,5,5,2,13,0,1,0,1,9,4,5,38,0,27,13,0,0,9,37,9,5,5,2,9,0,1,1,1,1,0,0,0,9,7,0
6317107,2025-05-09,7,596553,Georgia Tech,2,596585,Louisville,16,1,1,1,1,0,0,0,1,1246,10380,1,23,2,7,1,1,0,2,4,2,1,0,0,0,0,9,6,6,29,2,21,11,4,0,7,47,15,16,15,9,3,0,0,3,2,0,0,0,0,11,7,0,1,35,16,15,2,0,3,16,9,1,3,0,2,2,0,11,7,10,47,0,21,13,0,0,7,29,7,2,2,4,1,0,0,0,0,0,0,0,0,9,6,0
6317480,2025-05-09,9,596439,Virginia,6,596600,Miami (FL),1,1,1,1,1,0,0,0,1,4926,10560,1,32,6,8,1,0,2,6,3,1,9,0,0,0,0,10,5,6,36,1,27,8,0,0,9,35,4,1,0,3,11,0,0,0,0,0,0,0,0,9,8,0,1,31,1,4,1,0,0,1,3,0,11,0,1,0,0,9,8,7,35,0,24,10,0,0,8,36,8,6,6,3,9,0,1,2,0,0,0,0,0,10,5,0
6320406,2025-05-09,9,596511,California,2,596545,Florida St.,8,1,1,1,1,0,0,0,1,1106,9900,1,34,2,6,3,0,0,1,3,1,15,0,0,1,0,4,9,9,38,2,27,11,0,0,9,42,12,8,5,3,8,0,0,2,0,2,0,0,0,7,9,0,1,38,8,12,1,0,2,7,3,1,8,0,0,0,2,7,9,7,42,1,27,4,0,0,9,38,6,2,1,3,15,0,2,0,1,0,0,0,0,4,9,0
6356261,2025-05-09,9,596575,Kansas,10,596499,BYU,1,1,1,1,1,0,0,0,1,1407,10020,1,38,10,15,5,0,1,10,10,1,8,1,0,3,0,4,12,16,50,0,27,11,0,1,9,32,5,1,1,1,10,0,1,0,0,0,0,0,0,14,2,0,1,31,1,5,0,0,0,1,1,0,10,0,0,0,0,14,2,4,32,1,24,4,1,0,8,50,15,10,10,10,8,0,2,1,3,0,1,1,0,4,12,0
6383797,2025-05-09,9,596605,Mississippi St.,4,596607,Ole Miss,10,1,1,1,1,0,0,0,1,14468,11220,1,32,4,6,1,1,2,4,4,2,9,0,0,0,0,11,6,7,38,2,27,6,0,0,9,43,9,10,8,6,12,0,1,4,0,1,0,0,0,6,8,0,1,36,10,9,2,0,4,9,6,0,12,0,1,0,1,6,8,6,43,0,27,11,1,0,9,38,6,4,4,4,9,0,0,2,0,0,0,0,0,11,6,0
6383841,2025-05-09,7,596480,Alabama,3,596554,Georgia,19,1,1,1,1,0,0,0,1,0,11160,1,25,3,4,2,0,0,3,5,1,12,0,0,0,0,1,7,7,31,1,21,5,0,0,7,43,15,19,14,7,10,0,0,6,0,0,0,1,0,4,6,0,1,35,19,15,2,0,6,19,7,0,10,1,0,0,0,4,6,3,43,1,21,2,0,0,7,31,4,3,2,5,12,0,1,0,0,0,0,0,0,1,7,0
6304275,2025-05-10,9,596465,Seattle U,2,596476,California Baptist,4,1,1,1,1,0,0,0,1,185,9840,1,33,2,7,1,1,0,2,4,2,6,0,0,0,0,8,10,10,39,1,27,12,3,0,9,38,8,4,3,5,2,0,1,1,3,0,1,0,0,11,11,0,1,32,4,8,1,0,1,4,5,0,2,0,1,3,0,11,11,7,38,2,27,10,3,1,9,39,7,2,2,4,6,0,0,0,0,0,0,0,0,8,10,0
6304277,2025-05-10,9,596425,Texas,5,596546,Florida,2,1,1,1,1,0,0,0,1,7073,10620,1,31,5,7,3,0,2,5,5,0,8,0,0,2,0,3,13,7,36,1,27,8,0,0,9,36,5,2,1,2,16,0,0,0,0,0,0,0,0,6,4,0,1,32,2,5,1,0,0,2,2,2,16,0,0,0,0,6,4,7,36,0,24,4,1,0,8,36,7,5,5,5,8,0,0,2,2,0,0,0,0,3,13,0
6304283,2025-05-10,9,596577,Kentucky,8,596641,Oklahoma,5,1,1,1,1,0,0,0,1,4137,11700,1,27,8,5,1,2,0,8,7,4,4,1,0,2,0,10,9,7,39,0,27,5,1,0,9,37,8,5,5,3,9,0,0,1,1,0,0,0,0,4,12,0,1,33,5,8,2,0,1,5,3,1,9,0,0,1,0,4,12,5,37,0,24,8,0,0,8,39,5,8,8,7,4,0,0,0,2,0,0,1,0,10,9,0
6304284,2025-05-10,7,596583,LSU,13,596487,Arkansas,3,1,1,1,1,0,0,0,1,12264,10560,1,31,13,11,0,0,4,12,9,0,8,1,1,0,0,4,9,8,42,0,21,4,0,0,7,31,8,3,3,2,12,0,1,0,0,0,0,1,0,4,5,0,1,28,3,8,1,0,0,3,2,0,12,1,0,0,0,4,5,7,31,1,20,3,0,0,6.2,42,11,13,12,9,8,0,2,4,0,0,0,1,0,4,9,0
6304286,2025-05-10,9,596712,Nebraska,5,596602,Michigan,2,1,1,1,1,0,0,0,1,5832,9000,1,30,5,6,1,0,2,5,1,2,4,0,0,1,0,10,10,3,33,0,27,8,1,1,9,34,5,2,2,2,8,0,0,1,0,0,0,1,0,9,10,0,1,31,2,5,1,1,1,2,2,0,8,1,0,0,0,9,10,5,34,0,25,9,0,0,8.1,33,6,5,5,1,4,0,0,2,1,0,0,0,0,10,10,0
6304300,2025-05-10,9,596563,Illinois,1,596514,UCLA,9,1,1,1,1,0,0,0,1,1386,10620,1,32,1,7,0,0,0,0,3,0,6,0,0,0,0,12,7,7,35,0,27,11,2,0,9,45,12,9,9,4,3,0,0,1,0,0,0,1,0,12,10,0,1,35,9,12,0,0,1,9,4,4,3,1,1,0,0,12,10,9,45,0,27,12,2,0,9,35,7,1,1,3,6,0,0,0,0,0,0,0,0,12,7,0
6304307,2025-05-10,9,596688,Stanford,6,596462,Grand Canyon,10,1,1,1,1,0,0,0,0,1513,11280,1,38,6,9,1,0,3,6,2,1,10,0,0,1,0,8,10,8,41,1,27,13,0,0,9,47,12,10,9,7,10,0,0,3,1,0,0,0,0,11,6,0,1,40,10,12,3,1,3,10,7,0,10,0,0,1,0,11,6,10,47,1,27,8,0,0,9,41,9,6,6,2,10,0,1,3,1,0,0,0,0,8,10,0
6304313,2025-05-10,8,596637,Notre Dame,11,596497,Bowling Green,1,1,1,1,1,0,0,0,0,931,8400,1,35,11,13,1,0,2,10,4,1,5,0,0,1,1,6,10,5,40,1,24,10,0,0,8,30,3,1,1,2,4,0,0,0,1,0,0,0,0,10,11,1,1,27,1,3,0,0,0,1,2,0,4,0,1,1,0,10,11,5,30,1,22,7,0,0,7.1,40,13,11,9,4,5,0,0,2,1,1,0,0,0,6,10,0
6304314,2025-05-10,9,596523,Clemson,10,596708,Duke,15,1,1,1,1,0,0,0,1,4962,14940,1,37,10,10,1,0,1,8,8,2,15,0,0,2,1,6,3,9,47,1,27,6,2,0,9,54,13,15,5,11,14,0,0,4,2,0,0,0,0,5,7,0,1,40,15,13,3,0,4,14,11,3,14,0,0,2,0,5,7,12,54,4,27,8,1,0,9,47,10,10,6,8,15,0,1,1,2,1,0,0,0,6,3,0
6304315,2025-05-10,9,596566,Indiana,1,596653,Purdue,5,1,1,1,1,0,0,0,1,2534,9360,1,31,1,7,2,0,0,1,3,2,4,0,0,0,1,12,8,8,36,1,27,8,2,0,9,36,7,5,4,1,11,0,0,2,3,0,1,0,0,10,6,0,1,34,5,7,0,1,2,4,1,1,11,0,0,3,0,10,6,4,36,1,27,15,0,0,9,36,7,1,1,3,4,0,0,0,0,1,0,0,0,12,8,0
6304319,2025-05-10,9,596620,Nevada,4,596669,San Diego St.,3,1,1,1,1,0,0,0,1,909,10800,1,33,4,9,1,0,1,4,3,3,6,0,0,1,0,10,8,7,39,3,27,12,2,0,9,38,9,3,2,2,4,0,0,0,1,0,0,0,0,12,8,1,1,34,3,9,0,0,0,2,2,0,4,0,2,1,0,12,8,8,38,0,26,13,3,0,8.2,39,9,4,4,3,6,0,0,1,1,0,0,0,0,10,8,0
6304321,2025-05-10,11,596423,Texas Tech,3,596519,UCF,2,1,1,1,1,0,0,0,1,3726,11280,1,33,3,9,1,0,1,3,4,1,2,1,1,1,0,15,9,7,40,1,33,15,4,0,11,44,7,2,2,5,8,0,1,1,1,1,0,0,0,12,11,0,1,37,2,7,0,0,1,2,5,0,8,0,2,1,1,12,11,9,44,0,30,18,1,0,10,40,9,3,3,4,2,0,0,1,1,0,0,1,0,15,9,2
6304328,2025-05-10,9,596438,Virginia Tech,2,596598,Mercer,0,1,1,1,1,0,0,0,0,1444,7980,1,25,2,4,1,0,1,2,1,0,5,0,1,0,0,9,8,1,27,0,27,12,2,0,9,34,4,0,0,4,5,0,1,0,1,0,0,0,0,11,10,0,1,29,0,4,0,0,0,0,4,0,5,0,1,1,0,11,10,7,34,0,24,11,1,0,8,27,4,2,2,1,5,0,0,1,0,0,0,0,0,9,8,1
6304329,2025-05-10,7,596707,Fresno St.,10,596672,San Jose St.,0,1,1,1,1,0,0,0,1,1621,6600,1,28,10,14,2,1,3,8,0,3,4,1,0,0,0,5,6,2,32,0,21,5,2,0,7,23,2,0,0,1,6,0,0,0,0,1,0,0,0,4,10,0,1,22,0,2,0,0,0,0,1,0,6,0,0,0,1,4,10,2,23,1,18,7,0,0,6,32,14,10,9,0,4,0,2,3,0,0,0,1,0,5,6,0
6304333,2025-05-10,9,596573,James Madison,6,596642,Old Dominion,9,1,1,1,1,0,0,0,1,657,12300,1,37,6,10,1,0,1,6,2,5,6,0,0,1,0,10,11,11,44,0,27,14,0,0,9,47,14,9,9,4,8,0,1,2,3,0,0,0,0,14,5,0,1,41,9,14,2,0,2,8,4,2,8,0,0,3,0,14,5,11,47,0,27,9,0,1,9,44,10,6,6,2,6,0,1,1,1,0,0,0,0,10,11,0
6304334,2025-05-10,9,596535,East Carolina,8,596426,UTSA,7,1,1,1,1,0,0,0,1,4525,11520,1,33,8,9,1,0,1,8,8,0,4,0,2,0,0,10,11,9,43,3,27,12,0,0,9,39,9,7,6,3,8,0,1,0,1,0,0,2,0,11,7,1,1,33,7,9,1,0,0,6,3,0,8,2,1,1,0,11,7,5,39,1,25,9,1,0,8.1,43,9,8,8,8,4,0,0,1,0,0,0,0,0,10,11,1
6304335,2025-05-10,9,596488,Little Rock,11,596692,UT Martin,4,1,1,1,1,0,0,0,1,302,10680,1,34,11,11,5,0,1,11,4,3,7,0,0,6,1,7,8,5,41,2,27,10,1,1,9,39,8,4,2,3,12,0,0,1,5,1,0,0,0,7,7,0,1,36,4,8,0,0,1,4,3,0,12,0,0,5,1,7,7,8,39,1,24,11,0,0,8,41,11,11,9,4,7,0,1,1,6,1,0,0,0,7,8,0
6309109,2025-05-10,9,596430,Air Force,6,596623,New Mexico,9,1,1,1,1,0,0,0,1,300,11880,1,36,6,12,2,1,1,5,5,1,6,0,0,2,1,10,8,9,42,1,27,9,1,0,9,47,14,9,8,5,4,0,1,4,1,0,0,1,0,10,13,0,1,41,9,14,1,0,4,8,5,0,4,1,0,1,0,10,13,11,47,0,27,9,0,0,9,42,12,6,6,5,6,0,0,1,2,1,0,0,0,10,8,0
6309742,2025-05-10,9,596421,TCU,7,596521,Cincinnati,6,1,1,1,1,0,0,0,1,4227,10440,1,31,7,9,1,0,5,7,2,0,7,1,0,1,0,9,7,3,34,0,27,6,1,0,9,42,7,6,6,8,8,0,0,2,2,0,0,0,0,7,12,0,1,34,6,7,0,0,2,6,8,0,8,0,0,2,0,7,12,9,42,0,24,9,0,0,8,34,9,7,7,2,7,0,0,5,1,0,0,1,0,9,7,0
6310397,2025-05-10,9,596569,Iowa,1,596643,Oregon St.,5,1,1,1,1,0,0,1,0,6270,10320,1,33,1,5,1,0,0,1,3,0,16,0,0,0,0,4,7,8,36,0,27,8,0,0,9,39,6,5,5,5,9,0,1,1,0,0,0,0,0,10,6,0,1,30,5,6,2,0,1,4,5,3,9,0,1,0,0,10,6,7,39,1,27,2,2,0,9,36,5,1,1,3,16,0,1,0,0,0,0,0,0,4,7,0
6310712,2025-05-10,9,596506,Cal St. Fullerton,9,596557,Hawaii,1,1,1,1,1,0,0,0,1,853,9000,1,36,9,14,3,1,1,7,4,3,4,0,1,2,0,11,8,11,44,0,27,9,1,0,9,30,2,1,1,2,6,0,0,1,0,0,0,0,0,9,11,1,1,28,1,2,0,0,1,1,2,0,6,0,0,0,0,9,11,2,30,3,24,9,0,0,8,44,14,9,9,4,4,0,1,1,2,0,1,0,0,11,8,0
6310911,2025-05-10,9,596420,Texas A&M,1,596608,Missouri,4,1,1,1,1,0,0,0,1,6753,11640,1,28,1,2,0,0,0,0,5,1,12,0,0,0,0,7,7,6,34,1,27,5,2,0,9,41,11,4,3,3,12,0,1,1,0,0,0,0,0,5,9,0,1,38,4,11,2,0,1,4,3,0,12,0,0,0,0,5,9,10,41,1,27,8,0,0,9,34,2,1,0,5,12,0,0,0,0,0,0,0,0,7,7,0
6311197,2025-05-10,9,596636,Northwestern,6,596639,Ohio St.,11,1,1,1,1,0,0,0,1,777,10620,1,31,6,6,2,0,0,5,6,3,6,1,1,0,0,7,13,9,42,2,27,9,1,0,9,43,13,11,11,3,5,0,0,4,1,0,0,0,0,7,13,0,1,37,11,13,3,0,4,11,3,2,5,0,1,1,0,7,13,5,43,2,27,7,0,0,9,42,6,6,5,6,6,0,0,0,0,0,0,1,0,7,13,0
6311282,2025-05-10,9,596660,Rutgers,7,596647,Penn St.,11,1,1,1,1,0,0,0,1,1047,10980,1,33,7,8,3,0,1,7,7,1,8,1,0,0,0,8,10,8,42,1,27,7,1,0,9,45,11,11,10,5,10,0,0,3,1,1,0,0,0,6,10,0,1,37,11,11,2,0,3,11,5,1,10,0,2,1,1,6,10,7,45,0,27,9,0,0,9,42,8,7,7,7,8,0,0,1,0,0,0,1,0,8,10,0
6313026,2025-05-10,9,596442,Washington St.,5,596619,UNLV,4,1,1,1,1,0,0,0,1,1232,7920,1,29,5,7,0,0,1,5,3,3,2,0,1,0,0,16,6,7,36,0,27,9,1,0,9,33,6,4,4,0,3,0,0,2,0,0,0,0,0,9,15,0,1,33,4,6,2,0,2,4,0,0,3,0,0,0,0,9,15,2,33,1,24,16,0,0,8,36,7,5,4,3,2,0,1,1,0,0,0,0,0,16,6,0
6316499,2025-05-10,9,596721,Tennessee,6,596434,Vanderbilt,10,1,1,1,1,0,0,0,1,6329,12840,1,36,6,10,1,0,3,6,2,1,11,0,0,0,0,4,11,6,39,2,27,6,1,0,9,41,10,10,9,3,14,0,0,1,8,2,1,0,0,5,6,0,1,35,10,10,2,0,1,9,3,3,14,0,0,8,2,5,6,4,41,0,27,5,1,0,9,39,10,6,6,2,11,0,0,3,0,0,0,0,0,4,11,0
6316573,2025-05-10,9,596485,Arizona St.,13,596561,Houston,3,1,1,1,1,0,0,0,1,2374,12420,1,37,13,14,4,0,3,12,5,2,6,0,1,1,0,7,10,8,45,1,27,6,1,0,9,41,8,3,2,7,10,0,0,0,2,1,0,2,0,6,9,0,1,31,3,8,2,0,0,3,7,1,10,2,0,2,1,6,9,11,41,3,24,8,1,0,8,45,14,13,11,5,6,0,0,3,1,0,0,0,0,7,10,0
6317483,2025-05-10,9,596439,Virginia,10,596600,Miami (FL),9,1,1,1,1,0,0,0,1,5054,12900,1,37,10,13,2,0,2,10,6,2,7,0,1,1,0,9,9,10,46,1,27,8,0,0,9,46,11,9,9,7,7,0,1,2,1,0,0,1,0,9,10,0,1,37,9,11,2,0,2,9,7,1,7,1,0,1,0,9,10,10,46,0,25,8,0,0,8.1,46,13,10,10,6,7,0,0,2,1,0,0,0,0,9,9,0
6320407,2025-05-10,9,596511,California,5,596545,Florida St.,0,1,1,1,1,0,0,0,1,992,8940,1,28,5,7,1,0,2,4,5,0,8,0,0,1,1,8,5,4,33,0,27,4,1,0,9,33,6,0,0,0,13,0,0,0,0,0,0,0,0,8,6,0,1,33,0,6,0,0,0,0,0,0,13,0,0,0,0,8,6,6,33,0,24,11,0,0,8,33,7,5,5,5,8,0,1,2,1,1,0,0,0,8,5,0
6356263,2025-05-10,9,596575,Kansas,7,596499,BYU,6,1,1,1,1,0,0,0,1,1684,11940,1,35,7,10,3,0,1,7,7,1,5,1,0,0,0,7,12,10,44,1,27,8,1,0,9,43,9,6,6,6,4,0,2,3,1,0,0,0,0,9,14,0,1,34,6,9,1,0,3,6,6,1,4,0,2,1,0,9,14,10,43,1,25,8,0,0,8.1,44,10,7,7,7,5,0,1,1,0,0,1,1,0,7,12,0
6383981,2025-05-10,9,596535,East Carolina,6,596426,UTSA,7,1,1,1,1,0,0,0,1,4525,12120,1,38,6,12,1,1,2,6,3,0,9,1,0,1,0,7,11,9,42,1,27,9,0,0,9,42,10,7,7,4,7,0,1,0,2,0,0,0,0,10,10,0,1,37,7,10,1,0,0,7,4,1,7,0,0,2,0,10,10,8,42,0,27,7,0,0,9,42,12,6,6,3,9,0,0,2,1,0,0,1,0,7,11,0
6384065,2025-05-10,9,596605,Mississippi St.,6,596607,Ole Miss,5,1,1,1,1,0,0,0,1,11641,12780,1,37,6,13,3,0,0,6,2,1,8,0,1,0,0,5,10,11,41,2,27,10,1,0,9,44,6,5,4,11,10,0,1,1,1,0,0,0,0,9,6,0,1,32,5,6,1,0,1,5,11,1,10,0,0,1,0,9,6,12,44,3,24,5,3,0,8,41,13,6,4,2,8,0,0,0,0,0,0,0,0,5,10,0
6304347,2025-05-11,9,596465,Seattle U,6,596476,California Baptist,2,1,1,1,1,0,0,0,1,159,10020,1,34,6,12,2,0,0,5,3,0,8,0,3,2,0,8,8,10,40,0,27,11,0,1,9,41,8,2,2,5,8,0,0,0,0,0,0,0,0,9,9,0,1,34,2,8,2,1,0,2,5,2,8,0,0,0,0,9,9,12,41,1,24,6,1,0,8,40,12,6,5,3,8,0,1,0,2,0,0,0,0,8,8,0
6304350,2025-05-11,9,596425,Texas,1,596546,Florida,4,1,1,1,1,0,0,0,1,7021,11220,1,31,1,4,0,0,0,1,7,0,13,0,0,0,0,7,7,10,38,1,27,12,0,0,9,39,8,4,3,2,8,0,0,1,0,2,0,0,0,9,7,0,1,32,4,8,2,0,1,4,2,4,8,0,1,0,2,9,7,6,39,0,27,6,0,0,9,38,4,1,1,7,13,0,0,0,0,0,0,0,0,7,7,0
6304356,2025-05-11,9,596577,Kentucky,7,596641,Oklahoma,2,1,1,1,1,0,0,0,1,3706,11100,1,34,7,13,1,1,2,6,3,2,8,0,1,2,1,8,6,9,40,0,27,7,1,0,9,38,9,2,2,2,10,0,0,0,1,0,0,0,0,7,9,0,1,35,2,9,1,0,0,2,2,1,10,0,0,1,0,7,9,9,38,1,24,11,0,0,8,40,13,7,7,3,8,0,1,2,2,1,0,0,0,8,6,0
6304357,2025-05-11,9,596583,LSU,4,596487,Arkansas,7,1,1,1,1,0,0,0,1,11079,14280,1,37,4,10,1,0,2,4,3,2,15,0,0,1,0,7,4,11,42,1,27,6,1,0,9,46,10,7,7,9,10,0,0,0,3,0,0,1,0,6,11,0,1,35,7,10,3,0,0,7,9,0,10,1,1,3,0,6,11,12,46,1,27,8,1,0,9,42,10,4,4,3,15,0,2,2,1,0,0,0,0,7,4,0
6304359,2025-05-11,9,596712,Nebraska,1,596602,Michigan,3,1,1,1,1,0,0,0,1,6044,10260,1,34,1,7,2,0,0,1,5,0,5,0,0,0,0,7,14,11,39,1,27,14,1,0,9,35,6,3,3,2,6,0,0,2,0,1,0,0,0,11,7,0,1,30,3,6,1,0,2,3,2,2,6,0,1,0,1,11,7,5,35,1,27,7,1,0,9,39,7,1,0,5,5,0,0,0,0,0,0,0,0,7,14,0
6304363,2025-05-11,9,596563,Illinois,4,596514,UCLA,8,1,1,1,1,0,0,0,1,1074,12660,1,31,4,6,0,0,0,4,11,2,7,0,0,0,0,8,10,13,44,0,27,7,2,0,9,40,8,8,8,5,10,0,2,5,1,1,0,0,0,6,10,0,1,34,8,8,1,0,5,8,5,1,10,0,0,1,1,6,10,5,40,0,27,9,0,1,9,44,6,4,4,11,7,0,2,0,0,0,0,0,0,8,10,0
6304369,2025-05-11,7,596620,Nevada,11,596669,San Diego St.,1,1,1,1,1,0,0,0,1,909,8100,1,33,11,15,4,0,2,10,4,0,3,0,1,3,0,10,6,7,38,0,21,10,0,0,7,28,8,1,1,0,4,0,0,0,1,0,0,0,0,9,7,0,1,28,1,8,1,0,0,1,0,0,4,0,0,1,0,9,7,6,28,0,19,9,0,0,6.1,38,15,11,11,4,3,0,0,2,3,0,1,0,0,10,6,0
6304378,2025-05-11,10,596688,Stanford,16,596462,Grand Canyon,15,1,1,1,1,0,0,0,0,1660,16080,1,48,16,19,5,0,3,15,6,4,10,0,1,0,0,6,13,11,59,0,30,10,0,0,10,57,20,15,15,6,7,0,1,2,2,0,0,1,0,10,11,0,1,47,15,20,1,0,2,14,6,3,7,1,0,2,0,10,11,12,57,2,29,7,1,0,9.2,59,19,16,14,6,10,0,1,3,0,0,0,0,0,6,13,0
6304385,2025-05-11,9,596573,James Madison,2,596642,Old Dominion,4,1,1,1,1,0,0,0,1,477,10440,1,29,2,5,1,0,0,2,4,0,3,2,0,1,0,11,12,6,35,0,27,9,1,0,9,41,5,4,4,9,11,0,1,0,3,0,0,2,0,9,5,0,1,28,4,5,1,0,0,4,9,2,11,2,0,3,0,9,5,9,41,0,27,12,1,0,9,35,5,2,2,4,3,0,0,0,1,0,0,2,0,11,12,0
6304388,2025-05-11,9,596523,Clemson,4,596708,Duke,8,1,1,1,1,0,0,0,1,4547,10560,1,32,4,7,2,0,0,4,3,0,11,1,0,0,0,8,7,5,36,0,27,6,0,1,9,40,11,8,8,2,10,0,1,3,0,0,0,1,0,4,11,0,1,34,8,11,2,0,3,7,2,2,10,1,1,0,0,4,11,5,40,1,27,8,2,0,9,36,7,4,4,3,11,0,0,0,0,0,0,1,0,8,7,0
6304394,2025-05-11,9,596488,Little Rock,6,596692,UT Martin,11,1,1,1,1,0,0,0,1,245,11520,1,40,6,13,2,0,1,5,4,2,2,0,0,0,0,8,16,13,46,3,27,16,0,0,9,47,14,11,9,7,6,0,1,2,7,0,0,0,0,12,5,0,1,39,11,14,2,0,2,10,7,0,6,0,1,7,0,12,5,9,47,2,27,10,1,1,9,46,13,6,5,4,2,0,0,1,0,0,0,0,0,8,16,1
6304396,2025-05-11,7,596566,Indiana,14,596653,Purdue,4,1,1,1,1,0,0,0,1,2264,9120,1,26,14,10,2,0,2,13,9,4,3,1,1,1,0,5,10,6,41,1,21,11,0,0,7,29,7,4,1,1,6,0,0,1,0,1,0,0,0,11,2,1,1,27,4,7,2,0,1,4,1,1,6,0,0,0,1,11,2,4,29,0,19,6,1,0,6.1,41,10,14,14,9,3,0,2,2,1,0,0,1,0,5,10,0
6304401,2025-05-11,9,596438,Virginia Tech,6,596598,Mercer,5,1,1,1,1,0,0,0,0,1376,11520,1,25,6,5,0,0,1,4,7,0,7,2,1,2,1,6,9,5,35,2,27,6,1,0,9,41,6,5,4,7,9,0,0,1,2,0,0,1,0,6,12,0,1,33,5,6,1,0,1,5,7,0,9,1,0,2,0,6,12,9,41,1,24,8,0,1,8,35,5,6,3,7,7,0,1,1,2,1,0,2,0,6,9,0
6304403,2025-05-11,9,596707,Fresno St.,7,596672,San Jose St.,9,1,1,1,1,0,0,0,1,1338,10860,1,34,7,10,1,0,2,7,5,1,6,1,0,2,1,7,12,7,41,1,27,7,1,0,9,44,14,9,6,4,7,0,1,3,0,0,0,0,0,7,12,0,1,40,9,14,2,0,3,9,4,0,7,0,0,0,0,7,12,8,44,0,27,10,0,0,9,41,10,7,7,5,6,0,3,2,2,1,0,1,0,7,12,0
6304405,2025-05-11,9,596423,Texas Tech,6,596519,UCF,15,1,1,1,1,0,0,0,1,3427,9840,1,33,6,8,3,0,2,6,1,2,7,1,0,0,0,6,12,4,37,0,27,13,2,0,9,46,18,15,15,2,3,0,0,4,2,0,0,1,0,11,11,0,1,42,15,18,5,1,4,15,2,1,3,1,0,2,0,11,11,4,46,1,27,7,1,0,9,37,8,6,5,1,7,0,1,2,0,0,0,1,0,6,12,0
6304409,2025-05-11,9,596497,Bowling Green,0,596637,Notre Dame,4,1,1,1,1,0,0,0,0,524,9120,1,31,0,6,0,0,0,0,0,2,6,0,2,0,0,12,8,8,35,2,27,11,1,0,9,37,5,4,3,3,9,0,0,0,1,0,0,1,0,11,6,0,1,31,4,5,2,0,0,3,3,2,9,1,0,1,0,11,6,6,37,2,27,12,1,0,9,35,6,0,0,0,6,0,0,0,0,0,0,0,0,12,8,0
6309112,2025-05-11,9,596430,Air Force,5,596623,New Mexico,4,1,1,1,1,0,0,0,1,217,10080,1,36,5,13,4,0,0,5,1,0,3,0,1,3,0,11,10,9,38,0,27,11,0,0,9,40,9,4,4,4,9,0,1,2,2,0,0,0,0,10,7,1,1,35,4,9,1,0,2,4,4,1,9,0,0,2,0,10,7,9,40,1,24,7,1,0,8,38,13,5,5,1,3,0,2,0,3,0,0,0,0,11,10,0
6309744,2025-05-11,9,596421,TCU,8,596521,Cincinnati,9,1,1,1,1,0,0,0,1,3956,14160,1,41,8,16,3,0,1,8,5,0,11,1,0,1,0,8,7,12,47,0,27,7,1,0,9,41,10,9,9,6,8,0,3,4,2,0,0,1,0,4,12,0,1,33,9,10,2,0,4,8,6,1,8,1,0,2,0,4,12,5,41,0,27,7,1,0,9,47,16,8,8,5,11,0,4,1,1,0,0,1,0,8,7,0
6310403,2025-05-11,10,596569,Iowa,6,596643,Oregon St.,6,1,1,1,1,0,0,1,0,3815,12840,1,38,6,9,2,1,1,6,6,0,12,0,2,1,0,10,8,10,46,1,30,11,0,0,10,46,4,6,5,12,12,0,1,1,0,1,0,0,0,7,9,0,1,31,6,4,2,0,1,6,12,1,12,0,2,0,1,7,9,10,46,2,30,8,1,0,10,46,9,6,5,6,12,0,0,1,1,0,0,0,0,10,8,2
6310674,2025-05-11,7,596480,Alabama,5,596554,Georgia,4,1,1,1,1,0,0,0,1,3329,9840,1,24,5,6,1,0,2,5,4,1,9,0,0,0,0,3,6,6,29,2,21,6,0,0,7,32,7,4,4,3,10,0,1,2,0,0,0,0,0,5,5,1,1,28,4,7,1,0,2,4,3,1,10,0,0,0,0,5,5,7,32,0,18,3,0,1,6,29,6,5,5,4,9,0,0,2,0,0,0,0,0,3,6,0
6310714,2025-05-11,9,596506,Cal St. Fullerton,2,596557,Hawaii,10,1,1,1,1,0,0,0,1,686,13620,1,35,2,9,0,0,1,2,6,1,13,0,1,0,1,8,6,14,43,3,27,10,0,0,9,43,15,10,10,3,7,0,1,1,1,1,0,0,0,7,11,0,1,39,10,15,1,1,1,9,3,0,7,0,1,1,1,7,11,6,43,1,27,8,1,0,9,43,9,2,2,6,13,0,4,1,0,1,0,0,0,8,6,0
6310912,2025-05-11,9,596420,Texas A&M,1,596608,Missouri,10,1,1,1,1,0,0,0,1,5623,10800,1,26,1,2,0,0,1,1,4,0,10,0,1,0,0,6,8,3,31,0,27,9,3,0,9,45,15,10,10,3,10,0,0,1,0,1,1,0,0,5,8,0,1,37,10,15,3,1,1,9,3,4,10,0,1,0,1,5,8,8,45,1,27,9,2,0,9,31,2,1,1,4,10,0,0,1,0,0,0,0,0,6,8,0
6311198,2025-05-11,7,596636,Northwestern,17,596639,Ohio St.,2,1,1,1,1,0,0,0,1,340,8760,1,29,17,11,2,1,4,17,13,1,6,0,0,0,0,8,4,8,43,0,21,6,1,0,7,28,5,2,2,2,4,0,0,0,0,0,0,0,0,7,10,0,1,26,2,5,2,0,0,2,2,0,4,0,0,0,0,7,10,5,28,0,18,6,0,1,6,43,11,17,17,13,6,0,3,4,0,0,0,0,0,8,4,0
6311283,2025-05-11,9,596660,Rutgers,9,596647,Penn St.,6,1,1,1,1,0,0,0,1,722,12360,1,33,9,12,3,0,1,7,6,0,3,0,2,3,1,14,6,8,41,3,27,7,0,1,9,48,6,6,4,11,8,0,0,1,3,0,0,1,0,8,11,0,1,36,6,6,0,0,1,5,11,0,8,1,0,3,0,8,11,15,48,0,24,12,0,0,8,41,12,9,9,6,3,0,3,1,3,1,0,0,0,14,6,0
6313028,2025-05-11,9,596442,Washington St.,2,596619,UNLV,5,1,1,1,1,0,0,0,1,847,9600,1,33,2,7,1,0,1,2,2,1,5,0,0,0,1,11,10,7,36,3,27,11,0,0,9,41,11,5,5,1,5,0,0,0,1,0,0,2,0,10,12,0,1,37,5,11,4,0,0,4,1,1,5,2,0,1,0,10,12,9,41,0,27,13,0,0,9,36,7,2,2,2,5,0,0,1,0,1,0,0,0,11,10,0
6316500,2025-05-11,9,596721,Tennessee,5,596434,Vanderbilt,7,1,1,1,1,0,0,0,1,6070,19680,1,38,5,11,1,0,2,5,2,3,6,1,0,0,0,8,13,12,44,3,27,6,0,0,9,37,9,7,6,3,11,0,0,4,2,2,0,0,0,5,10,0,1,34,7,9,0,1,4,6,3,0,11,0,0,2,2,5,10,2,37,1,27,8,0,1,9,44,11,5,4,2,6,0,1,2,0,0,0,1,0,8,13,0
6316576,2025-05-11,7,596485,Arizona St.,13,596561,Houston,1,1,1,1,1,0,0,0,1,2409,8580,1,30,13,15,2,0,2,12,4,0,5,0,0,2,1,6,4,3,34,0,21,8,2,0,7,25,3,1,1,1,5,0,0,1,1,0,0,0,0,9,7,0,1,24,1,3,0,0,1,1,1,0,5,0,0,1,0,9,7,3,25,1,18,9,0,1,6,34,15,13,13,4,5,0,2,2,2,1,0,0,0,6,4,0
6317113,2025-05-11,7,596553,Georgia Tech,6,596585,Louisville,0,1,1,1,1,0,0,0,1,1454,8580,1,27,6,10,2,0,0,4,3,0,8,0,0,1,1,4,4,6,30,0,21,7,0,0,7,25,1,0,0,3,5,0,0,0,1,0,0,0,0,8,8,0,1,21,0,1,0,0,0,0,3,0,5,0,1,1,0,8,8,4,25,2,18,11,0,2,6,30,10,6,5,3,8,0,2,0,1,1,0,0,0,4,4,0
6317117,2025-05-11,9,596553,Georgia Tech,2,596585,Louisville,1,1,1,1,1,0,0,0,1,1454,9600,1,27,2,6,2,0,0,2,5,1,8,1,1,0,0,8,7,9,35,1,27,10,1,0,9,33,1,1,1,3,4,0,1,1,1,0,0,0,0,10,13,0,1,27,1,1,0,0,1,1,3,1,4,0,1,1,0,10,13,5,32,2,24,5,0,0,8,35,6,2,2,5,8,0,0,0,0,0,0,1,0,8,7,0
6317484,2025-05-11,9,596439,Virginia,8,596600,Miami (FL),6,1,1,1,1,0,0,0,1,5105,11640,1,33,8,9,4,0,2,8,3,0,4,0,0,1,1,8,10,4,36,1,27,8,0,1,9,42,9,6,6,5,10,0,0,1,1,0,0,0,0,8,8,0,1,36,6,9,1,0,1,6,5,1,10,0,0,1,0,8,8,9,42,2,24,9,1,0,8,36,9,8,7,3,4,0,0,2,1,1,0,0,0,8,10,0
6320408,2025-05-11,9,596511,California,1,596545,Florida St.,5,1,1,1,1,0,0,0,1,706,10620,1,31,1,5,0,0,0,0,6,1,11,0,1,1,1,4,11,11,39,2,27,13,0,0,9,38,8,5,3,2,5,0,0,0,0,0,0,0,0,13,8,0,1,36,5,8,3,0,0,5,2,0,5,0,0,0,0,13,8,6,38,1,27,6,0,0,9,39,5,1,1,6,11,0,1,0,1,1,0,0,0,4,11,0
6301454,2025-05-13,9,596637,Notre Dame,12,596539,Eastern Mich.,10,1,1,1,1,0,0,0,0,211,15120,1,33,12,11,1,1,0,9,9,2,5,1,0,6,1,5,12,9,45,1,27,10,1,0,9,47,12,10,10,7,5,0,1,2,1,0,0,1,0,12,10,0,1,36,10,12,2,0,2,10,7,2,5,1,1,1,0,12,10,10,47,3,24,6,1,0,8,45,11,12,11,9,5,0,2,0,6,1,1,1,0,5,12,0
6304412,2025-05-13,,596605,Mississippi St.,,596475,North Ala.,,1,1,0,0,1,0,0,0,,,0,0,0,0,0,0,0,0,0,0,0,0,0,0,0,0,0,0,0,0,0,0,0,0,0,0,0,0,0,0,0,0,0,0,0,0,0,0,0,0,0,0,0,0,0,0,0,0,0,0,0,0,0,0,0,0,0,0,0,0,0,0,0,0,0,0,0,0,0,0,0,0,0,0,0,0,0,0,0,0,0,0,0,0
6304415,2025-05-13,7,596489,Auburn,19,596571,Jacksonville St.,1,1,1,1,1,0,0,0,0,5076,9420,1,34,19,16,6,0,3,19,10,1,6,0,0,1,0,5,7,8,45,0,21,6,0,0,7,25,4,1,1,1,5,0,0,0,0,0,0,0,0,9,7,0,1,23,1,4,2,0,0,1,1,1,5,0,0,0,0,9,7,3,25,0,18,4,1,0,6,45,16,19,19,10,6,0,0,3,1,0,0,0,0,5,7,0
6304420,2025-05-13,,596491,Ball St.,,596653,Purdue,,1,1,0,0,1,0,0,0,,,0,0,0,0,0,0,0,0,0,0,0,0,0,0,0,0,0,0,0,0,0,0,0,0,0,0,0,0,0,0,0,0,0,0,0,0,0,0,0,0,0,0,0,0,0,0,0,0,0,0,0,0,0,0,0,0,0,0,0,0,0,0,0,0,0,0,0,0,0,0,0,0,0,0,0,0,0,0,0,0,0,0,0,0
6304427,2025-05-13,7,596707,Fresno St.,10,596645,Pacific,0,1,1,1,1,0,0,0,0,1241,,1,31,10,9,3,0,3,10,3,2,3,0,0,2,0,6,11,4,36,0,21,3,0,0,7,26,4,0,0,1,11,0,0,0,0,0,0,0,0,4,6,0,1,25,0,4,1,0,0,0,1,0,11,0,0,0,0,4,6,5,26,2,20,6,0,0,6.2,36,9,10,7,3,3,0,1,3,2,0,0,0,0,6,11,0
6304430,2025-05-13,9,596555,Gonzaga,9,596442,Washington St.,0,1,1,1,1,0,0,0,0,689,10500,1,33,9,11,3,0,1,9,6,2,4,1,0,0,0,8,10,9,42,1,27,8,0,0,9,32,4,0,0,2,9,0,1,0,1,0,0,0,0,9,8,0,1,30,0,4,1,0,0,0,2,0,9,0,0,1,0,9,8,5,32,1,24,9,1,0,8,42,11,9,8,6,4,0,1,1,0,0,0,1,0,8,10,0
6304436,2025-05-13,,596521,Cincinnati,,596566,Indiana,,1,1,0,0,1,0,0,0,,,0,0,0,0,0,0,0,0,0,0,0,0,0,0,0,0,0,0,0,0,0,0,0,0,0,0,0,0,0,0,0,0,0,0,0,0,0,0,0,0,0,0,0,0,0,0,0,0,0,0,0,0,0,0,0,0,0,0,0,0,0,0,0,0,0,0,0,0,0,0,0,0,0,0,0,0,0,0,0,0,0,0,0,0
6304440,2025-05-13,9,596519,UCF,22,596464,Presbyterian,5,1,1,1,1,0,0,0,0,1572,11280,1,44,22,23,6,0,2,21,3,1,8,2,0,3,0,5,10,4,50,3,27,14,1,1,9,39,7,5,4,1,6,0,0,0,0,0,0,0,0,12,9,0,1,38,5,7,3,0,0,4,1,0,6,0,0,0,0,12,9,7,39,0,24,5,0,0,8,50,23,22,22,3,8,0,0,2,3,0,0,2,0,5,10,0
6304441,2025-05-13,7,596485,Arizona St.,17,596462,Grand Canyon,7,1,1,1,1,0,0,0,0,3351,11100,1,33,17,16,6,0,6,16,8,3,4,2,0,4,0,7,7,8,46,1,21,7,2,0,7,33,8,7,5,5,10,0,1,1,1,1,0,0,0,6,3,0,1,28,7,8,2,1,1,7,5,0,10,0,0,1,1,6,3,5,33,4,20,9,0,2,6.2,46,16,17,16,8,4,0,3,6,4,0,0,2,0,7,7,0
6304442,2025-05-13,9,596677,South Carolina,6,596451,Winthrop,5,1,1,1,1,0,0,0,0,6342,10800,1,31,6,8,2,0,1,6,1,1,6,0,0,1,1,6,10,3,33,1,27,6,1,0,9,40,8,5,5,5,7,0,0,3,3,0,0,0,0,8,11,0,1,34,5,8,1,0,3,5,5,1,7,0,0,3,0,8,11,8,40,2,24,7,1,0,8,33,8,6,3,1,6,0,1,1,1,1,0,0,0,6,10,0
6304443,2025-05-13,9,596577,Kentucky,6,596634,Northern Ky.,1,1,1,1,1,0,0,0,0,3038,11100,1,29,6,7,0,0,1,5,4,1,5,1,1,3,0,6,12,6,36,0,27,10,1,0,9,37,6,1,1,5,11,0,1,0,0,0,0,0,0,7,7,1,1,31,1,6,0,0,0,1,5,1,11,0,0,0,0,7,7,9,37,1,24,7,1,0,8,36,7,6,6,4,5,0,2,1,3,0,0,1,0,6,12,0
6310406,2025-05-13,,596639,Ohio St.,,596503,Butler,,1,1,0,0,1,0,0,0,,,0,0,0,0,0,0,0,0,0,0,0,0,0,0,0,0,0,0,0,0,0,0,0,0,0,0,0,0,0,0,0,0,0,0,0,0,0,0,0,0,0,0,0,0,0,0,0,0,0,0,0,0,0,0,0,0,0,0,0,0,0,0,0,0,0,0,0,0,0,0,0,0,0,0,0,0,0,0,0,0,0,0,0,0
6311199,2025-05-13,9,596636,Northwestern,12,596433,Valparaiso,4,1,1,1,1,0,0,0,0,285,10920,1,37,12,13,3,0,3,11,8,0,2,0,0,1,1,11,10,9,45,0,27,8,0,0,9,37,9,4,4,0,8,0,0,1,0,0,0,1,0,7,11,0,1,34,4,9,2,0,1,4,0,2,8,1,0,0,0,7,11,6,37,0,24,10,1,1,8,45,13,12,12,8,2,0,1,3,1,1,0,0,0,11,10,0
6311284,2025-05-13,7,596649,Pittsburgh,15,596647,Penn St.,1,1,1,1,1,0,0,1,0,3348,7800,1,31,15,13,2,1,1,14,2,2,5,1,0,1,0,7,6,3,36,1,21,6,0,0,7,28,7,1,1,1,6,0,0,1,1,0,0,0,0,5,8,0,1,27,1,7,1,0,1,1,1,0,6,0,0,1,0,5,8,6,28,2,18,7,1,0,6,36,13,15,13,2,5,0,1,1,1,0,0,1,0,7,6,0
6312487,2025-05-13,,596658,Richmond,,596642,Old Dominion,,1,1,0,0,1,0,0,0,,,0,0,0,0,0,0,0,0,0,0,0,0,0,0,0,0,0,0,0,0,0,0,0,0,0,0,0,0,0,0,0,0,0,0,0,0,0,0,0,0,0,0,0,0,0,0,0,0,0,0,0,0,0,0,0,0,0,0,0,0,0,0,0,0,0,0,0,0,0,0,0,0,0,0,0,0,0,0,0,0,0,0,0,0
6312968,2025-05-13,,596438,Virginia Tech,,596591,Marshall,,1,1,0,0,1,0,0,0,,,0,0,0,0,0,0,0,0,0,0,0,0,0,0,0,0,0,0,0,0,0,0,0,0,0,0,0,0,0,0,0,0,0,0,0,0,0,0,0,0,0,0,0,0,0,0,0,0,0,0,0,0,0,0,0,0,0,0,0,0,0,0,0,0,0,0,0,0,0,0,0,0,0,0,0,0,0,0,0,0,0,0,0,0
6313696,2025-05-13,9,596721,Tennessee,9,596470,Belmont,4,1,1,1,1,0,0,0,0,5263,13440,1,33,9,11,1,0,2,9,7,1,5,0,0,0,1,9,7,8,41,0,27,8,1,0,9,36,6,4,4,5,12,0,1,2,0,2,0,0,0,7,5,0,1,30,4,6,2,0,2,4,5,1,12,0,0,0,2,7,5,5,36,1,24,11,0,0,8,41,11,9,4,7,5,0,1,2,0,1,0,0,0,9,7,0
6317485,2025-05-13,,596439,Virginia,,596548,George Mason,,1,1,0,0,1,0,0,0,,,0,0,0,0,0,0,0,0,0,0,0,0,0,0,0,0,0,0,0,0,0,0,0,0,0,0,0,0,0,0,0,0,0,0,0,0,0,0,0,0,0,0,0,0,0,0,0,0,0,0,0,0,0,0,0,0,0,0,0,0,0,0,0,0,0,0,0,0,0,0,0,0,0,0,0,0,0,0,0,0,0,0,0,0
6354755,2025-05-13,9,596607,Ole Miss,11,596692,UT Martin,5,1,1,1,1,0,0,0,0,8750,12060,1,34,11,12,2,0,4,10,6,5,4,0,1,3,1,5,12,11,46,1,27,14,1,0,9,40,11,5,5,6,10,0,2,1,1,1,0,0,0,6,6,0,1,34,5,11,3,0,1,5,6,0,10,0,0,1,1,6,6,7,40,1,24,6,2,0,8,46,12,11,9,6,4,0,1,4,3,1,0,0,0,5,12,0
6356265,2025-05-13,9,596499,BYU,9,596432,Utah,8,1,1,1,1,0,0,0,0,2585,12900,1,31,9,10,1,0,1,8,7,2,9,1,0,2,2,5,8,7,41,0,27,7,0,0,9,49,12,8,8,8,7,0,1,2,2,0,0,1,0,9,10,0,1,37,8,12,3,0,2,7,8,3,7,1,0,2,0,9,10,14,49,1,24,7,1,0,8,41,10,9,8,7,9,0,1,1,2,2,0,1,0,5,8,0
6304445,2025-05-15,9,596608,Missouri,7,596605,Mississippi St.,25,1,1,1,1,0,0,0,1,1455,14280,1,36,7,9,2,0,2,7,5,1,13,0,1,0,0,9,5,9,43,1,27,2,0,0,9,61,23,25,23,5,14,0,3,8,0,0,0,2,0,4,10,0,1,50,25,23,4,1,8,22,5,4,14,2,0,0,0,4,10,9,61,1,27,10,0,0,9,43,9,7,7,5,13,0,3,2,0,0,0,0,0,9,5,0
6304446,2025-05-15,9,596677,South Carolina,6,596583,LSU,5,1,1,1,1,0,0,0,1,6841,12060,1,28,6,8,0,3,1,5,5,3,7,2,1,0,1,8,8,5,39,1,27,12,2,0,9,41,11,5,5,4,8,0,0,1,1,0,0,1,0,7,8,1,1,34,5,11,1,0,1,5,4,2,8,1,0,1,0,7,8,9,41,0,26,11,2,0,8.2,39,8,6,6,5,7,0,1,1,0,1,0,2,0,8,8,1
6304447,2025-05-15,9,596546,Florida,7,596480,Alabama,6,1,1,1,1,0,0,0,1,5881,10860,1,33,7,9,2,0,1,6,3,3,8,0,0,1,0,7,7,8,39,2,27,5,2,0,9,39,6,6,5,4,10,0,0,2,0,0,0,0,0,4,12,0,1,34,6,6,1,0,2,5,4,1,10,0,0,0,0,4,12,6,39,2,24,8,1,0,8,39,9,7,4,3,8,0,1,1,1,0,0,0,0,7,7,0
6304453,2025-05-15,9,596434,Vanderbilt,8,596577,Kentucky,7,1,1,1,1,0,0,0,1,3802,11400,1,36,8,10,2,0,3,8,4,1,9,0,0,0,0,7,10,7,41,2,27,10,0,0,9,45,8,7,6,4,11,0,1,2,3,0,0,0,0,8,7,0,1,34,7,8,2,0,2,6,4,6,11,0,1,3,0,8,7,11,45,2,26,7,1,0,8.2,41,10,8,8,4,9,0,0,3,0,0,0,0,0,7,10,0
6304455,2025-05-15,9,596600,Miami (FL),2,596637,Notre Dame,3,1,1,1,1,0,0,0,1,3454,8520,1,33,2,6,1,0,1,2,1,0,7,0,0,1,0,8,13,5,34,0,27,6,0,0,9,35,6,3,3,1,10,0,0,1,2,0,0,0,0,7,9,0,1,32,3,6,2,0,1,3,1,2,10,0,0,2,0,7,9,5,35,0,27,9,1,0,9,34,6,2,2,1,7,0,1,1,1,0,0,0,0,8,13,1
6304457,2025-05-15,9,596718,Southeast Mo. St.,19,596488,Little Rock,0,1,1,1,1,0,0,0,1,175,11340,1,34,19,11,2,0,1,18,15,4,7,0,1,1,0,8,9,11,54,1,27,11,0,0,9,28,2,0,0,1,7,0,0,0,0,0,0,0,0,7,10,0,1,27,0,2,0,0,0,0,1,0,7,0,0,0,0,7,10,1,28,0,24,8,3,1,8,54,11,19,19,15,7,0,2,1,1,0,0,0,0,8,9,0
6304475,2025-05-15,9,596700,Tarleton St.,4,596462,Grand Canyon,2,1,1,1,1,0,0,0,1,553,9300,1,31,4,8,2,0,1,3,3,1,5,0,1,2,0,12,7,8,36,2,27,14,0,0,9,36,8,2,2,1,5,0,0,2,1,0,0,0,0,12,8,0,1,33,2,8,1,0,2,2,1,2,5,0,0,1,0,12,8,7,36,0,24,10,2,2,8,36,8,4,1,3,5,0,1,1,2,0,0,0,0,12,7,0
6304476,2025-05-15,7,596569,Iowa,0,596644,Oregon,10,1,1,1,1,0,0,0,1,2475,8280,1,23,0,2,0,0,0,0,1,2,8,0,0,0,1,3,9,5,26,0,21,4,0,0,7,37,11,10,10,4,13,0,0,4,1,0,0,0,0,3,5,0,1,32,10,11,1,0,4,10,4,0,13,0,1,1,0,3,5,6,37,1,21,3,0,0,7,26,2,0,0,1,8,0,0,0,0,1,0,0,0,3,9,0
6304480,2025-05-15,9,596623,New Mexico,5,596707,Fresno St.,7,1,1,1,1,0,0,0,1,825,9540,1,35,5,9,3,0,2,5,4,0,7,0,0,0,0,10,8,7,39,0,27,10,1,0,9,40,11,7,7,2,9,0,0,1,0,0,0,0,0,8,10,0,1,38,7,11,1,1,1,7,2,0,9,0,0,0,0,8,10,6,40,1,27,12,0,0,9,39,9,5,5,4,7,0,0,2,0,0,0,0,0,10,8,0
6304492,2025-05-15,9,596669,San Diego St.,3,596442,Washington St.,2,1,1,1,1,0,0,0,1,601,8400,1,27,3,6,0,1,1,3,3,0,8,1,0,0,2,7,7,4,31,2,27,9,2,0,9,32,5,2,0,1,11,0,1,0,0,2,0,0,0,8,6,0,1,30,2,5,0,0,0,1,1,1,11,0,0,0,2,8,6,3,32,1,24,9,1,0,8,31,6,3,3,3,8,0,0,1,0,2,0,1,0,7,7,0
6304498,2025-05-15,9,596514,UCLA,4,596636,Northwestern,9,1,1,1,1,0,0,0,1,390,12840,1,34,4,9,3,0,1,4,2,5,9,0,0,0,0,8,8,10,41,1,27,7,1,0,9,47,13,9,8,5,6,0,3,4,1,1,0,0,0,6,14,0,1,39,9,13,2,0,4,8,5,2,6,0,1,1,1,6,14,11,47,0,27,6,0,0,9,41,9,4,4,2,9,0,0,1,0,0,0,0,0,8,8,1
6304499,2025-05-15,9,596708,Duke,6,596553,Georgia Tech,7,1,1,1,1,0,0,0,1,613,11640,1,35,6,8,1,0,1,5,10,2,7,0,0,0,0,13,6,14,47,1,27,11,1,0,9,41,13,7,7,1,11,0,1,1,1,1,0,0,0,11,4,0,1,39,7,13,2,0,1,7,1,1,11,0,0,1,1,11,4,7,41,1,27,14,1,0,9,47,8,6,6,10,7,0,1,1,0,0,0,0,0,13,6,0
6304504,2025-05-15,9,596487,Arkansas,7,596721,Tennessee,10,1,1,1,1,0,0,0,1,10693,14580,1,40,7,15,3,0,0,7,5,1,8,0,0,1,0,10,7,11,46,1,27,8,1,0,9,48,15,10,10,7,11,0,1,4,3,0,0,0,0,6,9,0,1,41,10,15,0,0,4,9,7,0,11,0,0,3,0,6,9,11,48,1,27,13,1,0,9,46,15,7,7,5,8,0,0,0,1,0,0,0,0,10,7,0
6304505,2025-05-15,9,596519,UCF,4,596493,Baylor,5,1,1,1,1,0,0,0,1,1802,10440,1,33,4,10,2,1,0,4,1,0,4,1,1,0,0,9,12,4,36,4,27,11,0,0,9,37,5,5,3,6,6,0,0,1,2,0,0,0,0,9,8,0,1,27,5,5,1,0,1,3,6,3,6,0,1,2,0,9,8,5,37,1,27,13,3,0,9,36,10,4,4,1,4,0,0,0,0,0,0,1,0,9,12,0
6304656,2025-05-15,9,596521,Cincinnati,7,596574,Kansas St.,4,1,1,1,1,0,0,0,1,1206,11880,1,28,7,8,2,0,0,6,6,2,6,2,2,3,0,6,11,9,40,0,27,6,1,0,9,40,9,4,4,4,10,0,2,0,1,1,0,1,0,7,9,1,1,33,4,9,3,0,0,4,4,1,10,1,1,1,1,7,9,9,40,1,24,7,0,1,8,40,8,7,5,6,6,0,1,0,3,0,0,2,0,6,11,0
6307940,2025-05-15,9,596639,Ohio St.,3,596563,Illinois,4,1,1,1,1,0,0,0,1,700,10980,1,33,3,8,0,0,1,3,4,1,8,0,1,2,1,11,7,9,39,2,27,7,0,0,9,44,8,4,2,6,10,0,2,0,2,2,0,1,0,7,8,0,1,33,4,8,2,0,0,2,6,3,10,1,1,2,2,7,8,13,44,0,27,12,0,0,9,39,8,3,3,4,8,0,0,1,2,1,0,0,0,11,7,0
6307990,2025-05-15,9,596607,Ole Miss,9,596489,Auburn,2,1,1,1,1,0,0,0,1,8947,10740,1,34,9,11,2,0,0,8,3,3,11,1,0,0,0,7,5,8,41,0,27,8,0,0,9,35,6,2,2,4,12,0,0,0,2,1,0,0,0,4,9,0,1,31,2,6,2,0,0,2,4,0,12,0,0,2,1,4,9,6,35,1,24,8,0,0,8,41,11,9,5,3,11,0,2,0,0,0,0,1,0,7,5,0
6308035,2025-05-15,9,596672,San Jose St.,2,596620,Nevada,3,1,1,1,1,0,0,0,1,377,9420,1,35,2,8,2,1,0,2,1,0,9,0,0,0,0,8,10,7,36,0,27,10,0,0,9,35,6,3,3,2,8,0,0,1,0,0,0,0,0,8,10,0,1,31,3,6,0,0,1,3,2,1,8,0,1,0,0,8,10,5,35,1,27,8,1,0,9,36,8,2,2,1,9,0,0,0,0,0,0,0,0,8,10,0
6309114,2025-05-15,10,596619,UNLV,4,596430,Air Force,3,1,1,1,1,0,0,0,1,597,10200,1,35,4,8,2,0,2,3,0,2,11,1,0,0,0,5,12,4,38,1,30,6,0,0,10,39,5,3,3,6,7,0,1,1,2,2,0,1,0,4,17,0,1,32,3,5,0,1,1,3,6,0,7,1,0,2,2,4,17,6,39,0,28,6,0,0,9.1,38,8,4,4,0,11,0,1,2,0,0,0,1,0,5,12,0
6310716,2025-05-15,9,596653,Purdue,9,596712,Nebraska,11,1,1,1,1,0,0,0,1,1407,11760,1,36,9,11,0,0,1,9,2,2,5,1,1,3,1,7,14,6,42,2,27,6,1,2,9,48,14,11,4,2,7,0,0,1,0,1,0,0,0,5,14,0,1,41,11,14,5,0,1,11,2,4,7,0,1,0,1,5,14,10,48,1,27,7,1,0,9,42,11,9,8,2,5,0,2,1,3,1,0,1,0,7,14,0
6310717,2025-05-15,9,596557,Hawaii,6,596694,UC San Diego,3,1,1,1,1,0,0,0,1,3973,10620,1,29,6,8,0,1,0,6,2,2,8,1,2,3,1,10,5,6,36,0,27,11,0,0,9,40,11,3,3,2,9,0,0,0,0,0,0,1,0,10,6,1,1,34,3,11,1,0,0,3,2,2,9,1,1,0,0,10,6,10,40,2,24,11,2,0,8,36,8,6,6,2,8,0,1,0,3,1,0,1,0,10,5,0
6310913,2025-05-15,9,596554,Georgia,10,596420,Texas A&M,6,1,1,1,1,0,0,0,1,3633,12660,1,36,10,12,3,0,3,10,3,1,6,0,0,1,0,7,11,6,40,0,27,6,0,0,9,40,9,6,6,5,17,0,3,3,0,0,0,0,0,4,5,0,1,35,6,9,1,0,3,5,5,0,17,0,0,0,0,4,5,7,40,0,24,6,1,1,8,40,12,10,10,3,6,0,0,3,1,0,0,0,0,7,11,0
6311285,2025-05-15,9,596647,Penn St.,7,596454,Xavier,1,1,1,1,1,0,0,0,0,822,10860,1,29,7,7,2,0,0,6,3,2,8,2,0,2,0,8,6,5,36,2,27,7,1,1,9,39,4,1,0,6,10,0,0,0,0,0,0,0,0,7,10,0,1,32,1,4,2,0,0,0,6,1,10,0,0,0,0,7,10,11,39,3,24,10,0,0,8,36,7,7,4,3,8,0,1,0,2,0,0,2,0,8,6,0
6311907,2025-05-15,9,596424,UT Arlington,2,596465,Seattle U,6,1,1,1,1,0,0,0,1,331,7380,1,36,2,10,1,0,0,2,1,1,6,0,0,0,0,9,10,9,38,1,27,11,2,0,9,42,12,6,4,2,2,0,0,1,1,0,0,0,0,13,12,0,1,40,6,12,4,0,1,6,2,0,2,0,0,1,0,13,12,9,42,2,27,10,0,0,9,38,10,2,2,1,6,0,1,0,0,0,0,0,0,9,10,0
6313342,2025-05-15,9,596649,Pittsburgh,1,596523,Clemson,6,1,1,1,1,0,0,0,1,710,10740,1,27,1,0,0,0,0,0,6,2,13,0,0,0,0,5,8,7,35,1,27,11,1,0,9,45,13,6,5,2,8,0,1,2,3,0,0,0,0,10,7,0,1,39,6,13,1,0,2,5,2,4,8,0,0,3,0,10,7,12,45,1,27,7,2,0,9,35,0,1,1,6,13,0,1,0,0,0,0,0,0,5,8,0
6314289,2025-05-15,9,596628,NC State,7,596688,Stanford,2,1,1,1,1,0,0,0,1,2631,10380,1,35,7,11,0,1,2,7,5,0,4,1,0,0,0,9,11,10,41,0,27,10,0,0,9,33,7,2,2,1,6,0,0,1,0,1,0,0,0,8,11,0,1,32,2,7,1,0,1,2,1,0,6,0,0,0,1,8,11,4,33,1,24,8,1,0,8,41,11,7,3,5,4,0,1,2,0,0,0,1,0,9,11,0
6315086,2025-05-15,9,596714,Oklahoma St.,6,596485,Arizona St.,2,1,1,1,1,0,0,0,1,4364,9780,1,31,6,7,3,0,2,6,3,0,11,0,0,0,0,7,6,4,34,0,27,10,0,0,9,36,9,2,2,2,8,0,0,0,0,0,0,0,0,8,9,0,1,34,2,9,0,0,0,2,2,0,8,0,0,0,0,8,9,7,36,0,24,6,1,0,8,34,7,6,6,3,11,0,0,2,0,0,0,0,0,7,6,0
6315872,2025-05-15,9,596426,UTSA,15,596657,Rice,7,1,1,1,1,0,0,0,1,717,13320,1,35,15,10,4,0,1,12,10,1,11,1,0,0,1,7,5,8,47,0,27,6,0,0,9,40,10,7,7,4,9,0,0,3,0,0,0,0,0,6,11,0,1,34,7,10,3,0,3,7,4,0,9,0,2,0,0,6,11,6,40,3,24,7,0,0,8,47,10,15,6,10,11,0,1,1,0,1,0,1,0,7,5,0
6316727,2025-05-15,9,596642,Old Dominion,3,596524,Coastal Carolina,6,1,1,1,1,0,0,0,1,447,10980,1,33,3,5,1,1,0,3,3,1,14,0,1,0,0,9,4,8,38,1,27,8,0,1,9,40,6,6,6,5,14,0,2,1,0,2,0,0,0,6,5,0,1,29,6,6,0,0,1,6,5,3,14,0,3,0,2,6,5,7,40,2,27,9,0,0,9,38,5,3,3,3,14,0,0,0,0,0,0,0,0,9,4,0
6317487,2025-05-15,9,596438,Virginia Tech,2,596439,Virginia,12,1,1,1,1,0,0,0,1,1080,11640,1,30,2,5,1,0,1,2,1,1,7,0,0,1,0,7,11,3,32,2,27,13,2,1,9,47,20,12,11,3,5,0,0,2,3,2,0,0,0,10,8,0,1,44,12,20,3,0,2,11,3,0,5,0,0,3,2,10,8,8,47,0,27,9,3,0,9,32,5,2,2,1,7,0,0,1,1,0,0,0,0,7,11,0
6320431,2025-05-15,9,596545,Florida St.,3,596614,North Carolina,8,1,1,1,1,0,0,0,1,5413,9600,1,30,3,4,2,0,1,3,0,0,7,1,0,0,0,10,10,1,31,1,27,10,0,0,9,41,8,8,8,5,9,0,1,2,0,0,0,2,0,11,5,0,1,30,8,8,0,1,2,8,5,3,9,2,1,0,0,11,5,6,41,0,27,10,1,0,9,31,4,3,3,0,7,0,1,1,0,0,0,1,0,10,10,0
6356266,2025-05-15,9,596499,BYU,13,596423,Texas Tech,4,1,1,1,1,0,0,0,1,2182,11220,1,37,13,16,4,3,2,13,3,1,6,1,0,1,0,6,10,5,42,1,27,10,0,0,9,37,8,4,3,4,6,0,0,1,1,0,0,3,0,12,7,0,1,30,4,8,2,0,1,4,4,0,6,3,0,1,0,12,7,6,37,0,24,7,2,0,8,42,16,13,13,3,6,0,0,2,1,0,1,1,0,6,10,0
6356750,2025-05-15,9,596444,West Virginia,0,596575,Kansas,3,1,1,1,1,0,0,0,1,3716,9900,1,32,0,6,0,0,0,0,0,0,10,0,0,0,0,7,9,5,32,0,27,6,1,0,9,39,8,3,3,3,11,0,0,2,0,0,0,0,0,7,9,0,1,34,3,8,1,0,2,3,3,1,11,0,1,0,0,7,9,9,39,0,27,9,0,1,9,32,6,0,0,0,10,0,0,0,0,0,0,0,0,7,9,0
6357745,2025-05-15,9,596641,Oklahoma,4,596425,Texas,7,1,1,1,1,0,0,0,1,3577,13140,1,31,4,5,1,0,1,3,3,3,8,0,0,1,1,8,10,6,37,2,27,10,0,1,9,42,10,7,5,3,10,0,1,1,3,0,0,0,0,11,6,0,1,38,7,10,3,0,1,6,3,1,10,0,0,3,0,11,6,8,42,0,27,8,0,0,9,37,5,4,4,3,8,0,1,1,1,1,0,0,0,8,10,0
6304512,2025-05-16,7,596608,Missouri,3,596605,Mississippi St.,13,1,1,1,1,0,0,0,1,1436,9240,1,26,3,5,1,0,0,3,3,1,11,0,0,1,0,5,5,6,30,1,21,8,0,0,7,40,13,13,10,4,8,0,0,4,0,0,0,1,0,6,6,0,1,33,13,13,4,0,4,12,4,2,8,1,0,0,0,6,6,6,40,0,21,7,1,1,7,30,5,3,2,3,11,0,0,0,1,0,0,0,0,5,5,0
6304514,2025-05-16,9,596677,South Carolina,1,596583,LSU,8,1,1,1,1,0,0,0,1,7225,11580,1,32,1,5,1,0,0,1,4,1,10,0,0,1,0,9,8,9,37,0,27,10,1,0,9,45,10,8,8,9,4,0,1,3,1,0,0,1,0,10,11,0,1,32,8,10,2,0,3,8,9,1,4,1,2,1,0,10,11,10,45,0,27,10,1,0,9,37,5,1,1,4,10,0,1,0,1,0,0,0,0,9,8,0
6304515,2025-05-16,9,596546,Florida,6,596480,Alabama,9,1,1,1,1,0,0,0,1,6199,11340,1,34,6,10,2,0,0,6,3,2,12,1,0,1,0,6,7,7,40,3,27,4,2,1,9,42,6,9,5,5,17,0,2,1,2,0,0,2,0,5,6,0,1,34,9,6,1,0,1,8,5,1,17,2,0,2,0,5,6,6,42,0,27,8,0,0,9,40,10,6,6,3,12,0,0,0,1,0,0,1,0,6,7,1
6304521,2025-05-16,9,596434,Vanderbilt,9,596577,Kentucky,8,1,1,1,1,0,0,0,1,3802,12420,1,37,9,14,3,0,3,9,5,1,8,0,0,2,2,9,5,8,43,0,27,7,0,0,9,44,16,8,8,4,9,0,0,2,0,0,0,0,0,5,10,0,1,39,8,16,3,0,2,8,4,0,9,0,1,0,0,5,10,9,44,1,25,13,0,0,8.1,43,14,9,8,5,8,0,0,3,2,2,0,0,0,9,5,0
6304523,2025-05-16,7,596600,Miami (FL),15,596637,Notre Dame,1,1,1,1,1,0,0,0,1,2948,9240,1,32,15,14,5,0,3,12,9,3,6,2,0,0,0,6,6,13,46,0,21,12,0,0,7,25,3,1,1,1,7,0,0,1,1,1,0,0,0,10,3,1,1,23,1,3,0,0,1,1,1,1,7,0,0,1,1,10,3,3,25,3,18,7,0,0,6,46,14,15,11,9,6,0,0,3,0,0,0,2,0,6,6,0
6304525,2025-05-16,9,596718,Southeast Mo. St.,10,596488,Little Rock,4,1,1,1,1,0,0,0,1,145,10620,1,32,10,10,1,0,1,10,7,3,6,0,0,4,1,3,13,7,42,1,27,11,1,1,9,34,5,4,3,0,10,0,1,2,0,0,0,0,0,9,9,0,1,33,4,5,1,0,2,4,0,1,10,0,0,0,0,9,9,3,34,2,24,6,0,3,8,42,10,10,7,7,6,0,2,1,4,1,0,0,0,3,13,0
6304550,2025-05-16,7,596669,San Diego St.,15,596442,Washington St.,2,1,1,1,1,0,0,0,1,814,10680,1,32,15,17,6,2,0,14,6,2,3,3,0,1,1,4,10,10,43,2,21,3,0,0,7,30,8,2,1,1,9,0,0,0,0,0,0,0,0,3,8,0,1,28,2,8,2,0,0,1,1,1,9,0,0,0,0,3,8,7,30,3,18,5,1,0,6,43,17,15,14,6,3,0,0,0,1,1,0,3,0,4,10,0
6304552,2025-05-16,9,596569,Iowa,6,596644,Oregon,9,1,1,1,1,0,0,0,1,3339,12660,1,37,6,12,4,0,2,6,2,2,6,1,0,1,0,10,10,9,42,0,27,12,1,1,9,46,13,9,7,4,6,0,2,2,3,0,0,0,0,13,8,0,1,39,9,13,4,0,2,8,4,2,6,0,1,3,0,13,8,10,46,0,27,7,0,0,9,42,12,6,6,2,6,0,1,2,1,0,0,1,0,10,10,0
6304553,2025-05-16,9,596521,Cincinnati,7,596574,Kansas St.,0,1,1,1,1,0,0,0,1,909,9900,1,31,7,10,2,0,2,7,3,2,6,1,1,0,1,9,8,7,38,1,27,9,0,0,9,35,7,0,0,1,12,0,0,0,1,0,0,0,0,8,6,0,1,34,0,7,2,0,0,0,1,0,12,0,0,1,0,8,6,8,35,0,24,8,1,0,8,38,10,7,7,3,6,0,1,2,0,1,0,1,0,9,8,0
6304558,2025-05-16,11,596623,New Mexico,10,596707,Fresno St.,11,1,1,1,1,0,0,0,1,627,15180,1,47,10,15,4,0,3,9,5,0,12,0,2,1,0,8,13,11,54,0,33,14,0,0,11,54,14,11,11,7,10,0,1,2,0,0,0,0,0,9,12,1,1,45,11,14,5,1,2,11,7,2,10,0,0,0,0,9,12,10,54,1,33,7,2,0,11,54,15,10,8,5,12,0,2,3,1,0,0,0,0,8,13,1
6304571,2025-05-16,9,596514,UCLA,8,596636,Northwestern,2,1,1,1,1,0,0,0,1,911,10560,1,38,8,14,2,0,1,8,2,2,5,1,0,2,0,8,10,11,43,0,27,7,1,0,9,35,7,2,2,1,11,0,1,0,0,0,0,1,0,7,8,0,1,32,2,7,1,0,0,2,1,1,11,1,0,0,0,7,8,6,35,3,24,9,1,0,8,43,14,8,7,2,5,0,2,1,2,0,0,1,0,8,10,0
6304572,2025-05-16,7,596708,Duke,14,596553,Georgia Tech,4,1,1,1,1,0,0,0,1,948,9540,1,29,14,11,6,0,2,14,9,2,4,0,0,0,0,6,8,8,40,0,21,6,0,0,7,31,6,4,4,3,4,0,2,0,0,0,0,0,0,6,11,0,1,27,4,6,3,0,0,3,3,1,4,0,0,0,0,6,11,6,31,0,18,4,0,0,6,40,11,14,14,9,4,0,0,2,0,0,0,0,0,6,8,0
6304577,2025-05-16,9,596487,Arkansas,8,596721,Tennessee,6,1,1,1,1,0,0,0,1,10925,12480,1,35,8,13,1,0,3,7,4,1,14,0,0,1,1,5,3,8,40,0,27,12,1,0,9,43,14,6,6,2,6,0,0,1,0,0,0,0,0,12,8,0,1,40,6,14,5,0,1,6,2,1,6,0,0,0,0,12,8,10,43,1,24,5,1,0,8,40,13,8,6,4,14,0,0,3,1,1,0,0,0,5,3,0
6304578,2025-05-16,9,596519,UCF,4,596493,Baylor,5,1,1,1,1,0,0,0,1,2111,11700,1,35,4,8,0,0,2,3,0,1,3,0,0,1,0,10,13,5,36,3,27,13,1,0,9,42,10,5,4,7,5,0,0,1,1,0,0,0,0,10,8,0,1,34,5,10,3,0,1,5,7,0,5,0,1,1,0,10,8,10,42,2,27,10,2,0,9,36,8,4,3,0,3,0,0,2,1,0,0,0,0,10,13,0
6307942,2025-05-16,9,596639,Ohio St.,9,596563,Illinois,18,1,1,1,1,0,0,0,1,565,11160,1,40,9,12,3,0,2,8,4,1,8,0,0,0,0,14,6,9,45,2,27,9,0,0,9,52,13,18,18,11,6,0,2,5,1,1,0,0,0,7,12,0,1,39,18,13,1,0,5,17,11,2,6,0,0,1,1,7,12,7,52,0,27,14,2,1,9,45,12,9,8,4,8,0,1,2,0,0,0,0,0,14,6,0
6307992,2025-05-16,9,596607,Ole Miss,15,596489,Auburn,11,1,1,1,1,0,0,0,1,9036,13560,1,36,15,13,2,0,3,14,5,2,12,0,0,0,0,4,6,3,43,2,27,7,1,0,9,50,15,11,11,6,11,0,2,4,1,0,0,0,0,7,9,0,1,43,11,15,4,0,4,11,6,1,11,0,0,1,0,7,9,12,50,1,24,7,0,0,8,43,13,15,14,5,12,0,2,3,0,0,0,0,0,4,6,0
6308040,2025-05-16,9,596672,San Jose St.,0,596620,Nevada,12,1,1,1,1,0,0,0,1,464,9540,1,35,0,8,2,0,0,0,0,0,5,0,0,0,0,4,18,8,35,2,27,9,0,0,9,49,16,12,8,4,6,0,4,0,1,0,0,0,0,8,12,0,1,44,12,16,3,1,0,11,4,1,6,0,0,1,0,8,12,10,49,0,27,3,0,0,9,35,8,0,0,0,5,0,0,0,0,0,0,0,0,4,18,0
6309116,2025-05-16,9,596619,UNLV,10,596430,Air Force,4,1,1,1,1,0,0,0,1,638,10440,1,38,10,13,5,1,2,8,5,2,12,0,0,4,0,7,5,11,45,0,27,7,0,0,9,35,5,4,4,4,11,0,0,0,1,0,0,1,0,6,9,0,1,30,4,5,3,1,0,4,4,0,11,1,0,1,0,6,9,4,35,2,24,7,0,0,8,45,13,10,10,5,12,0,1,2,4,0,0,0,0,7,5,0
6310718,2025-05-16,9,596653,Purdue,5,596712,Nebraska,4,1,1,1,1,0,0,0,1,1606,10200,1,33,5,9,1,0,2,5,3,0,5,2,0,0,0,8,12,7,38,0,27,12,1,1,9,36,10,4,4,0,7,0,0,1,0,1,0,1,0,10,8,0,1,33,4,10,1,1,1,4,0,1,7,1,1,0,1,10,8,5,36,4,26,7,2,0,8.2,38,9,5,3,3,5,0,0,2,0,0,0,2,0,8,12,0
6310719,2025-05-16,9,596557,Hawaii,6,596694,UC San Diego,12,1,1,1,1,0,0,0,1,4529,13980,1,36,6,9,2,0,0,3,4,1,10,0,0,0,0,11,5,8,41,0,27,5,1,2,9,46,6,12,11,8,15,0,3,1,0,0,0,0,0,4,10,0,1,35,12,6,2,1,1,11,8,3,15,0,0,0,0,4,10,7,46,1,27,14,0,1,9,41,9,6,4,4,10,0,5,0,0,0,0,0,0,11,5,1
6310915,2025-05-16,9,596554,Georgia,0,596420,Texas A&M,6,1,1,1,1,0,0,0,1,3633,10440,1,30,0,3,1,0,0,0,0,0,15,0,0,0,0,5,7,3,30,0,27,6,0,0,9,41,7,6,6,7,13,0,0,2,0,0,0,0,0,7,6,0,1,33,6,7,1,0,2,6,7,1,13,0,0,0,0,7,6,8,41,0,27,4,1,1,9,30,3,0,0,0,15,0,0,0,0,0,0,0,0,5,7,1
6311286,2025-05-16,9,596647,Penn St.,7,596454,Xavier,6,1,1,1,1,0,0,0,0,525,10200,1,30,7,7,1,0,2,7,5,1,5,0,0,1,1,8,9,5,36,1,27,8,0,0,9,42,12,6,5,2,9,0,1,0,2,0,0,0,0,7,11,0,1,39,6,12,1,0,0,4,2,1,9,0,0,2,0,7,11,9,42,0,24,11,0,0,8,36,7,7,7,5,5,0,1,2,1,1,0,0,0,8,9,0
6311908,2025-05-16,9,596424,UT Arlington,5,596465,Seattle U,10,1,1,1,1,0,0,0,1,331,10620,1,35,5,9,1,1,0,4,0,2,13,0,0,0,0,7,5,5,37,2,27,7,2,1,9,46,16,10,10,4,10,0,3,0,1,1,0,0,0,6,10,0,1,42,10,16,3,0,0,10,4,0,10,0,0,1,1,6,10,9,46,1,27,9,0,0,9,37,9,5,5,0,13,0,3,0,0,0,0,0,0,7,5,0
6313345,2025-05-16,9,596649,Pittsburgh,2,596523,Clemson,11,1,1,1,1,0,0,0,1,665,11040,1,31,2,5,1,0,1,2,2,0,7,0,0,0,0,9,10,4,33,1,27,11,1,0,9,49,14,11,11,5,8,0,3,1,6,0,0,1,0,13,6,0,1,39,11,14,4,0,1,9,5,3,8,1,1,6,0,13,6,11,49,0,27,10,0,0,9,33,5,2,2,2,7,0,1,1,0,0,0,0,0,9,10,0
6314290,2025-05-16,10,596628,NC State,3,596688,Stanford,4,1,1,1,1,0,0,0,1,2904,11640,1,35,3,5,4,0,0,3,4,0,5,0,0,0,1,9,15,6,39,0,30,10,0,0,10,42,8,4,4,3,8,0,0,1,0,0,0,1,0,11,10,0,1,35,4,8,3,0,1,4,3,2,8,1,1,0,0,11,10,8,42,1,30,10,1,0,10,39,5,3,3,4,5,0,0,0,0,1,1,0,0,9,15,0
6315093,2025-05-16,9,596714,Oklahoma St.,9,596485,Arizona St.,6,1,1,1,1,0,0,0,1,4793,11880,1,33,9,9,3,0,3,9,6,1,11,0,1,2,0,7,6,8,41,0,27,13,0,0,9,43,12,6,6,3,8,0,0,1,1,0,0,2,0,12,7,0,1,37,6,12,4,0,1,6,3,1,8,2,0,1,0,12,7,10,43,1,24,7,0,0,8,41,9,9,9,6,11,0,0,3,2,0,0,0,0,7,6,0
6315876,2025-05-16,9,596426,UTSA,11,596657,Rice,4,1,1,1,1,0,0,0,1,905,10620,1,30,11,8,2,0,1,10,10,6,4,2,0,1,0,8,12,13,48,1,27,9,0,0,9,39,9,4,4,2,9,0,0,1,0,0,0,1,0,7,10,0,1,35,4,9,0,0,1,4,2,1,9,1,0,0,0,7,10,8,39,0,24,7,0,1,8,48,8,11,11,10,4,0,4,1,1,0,0,2,0,8,12,0
6316729,2025-05-16,9,596642,Old Dominion,7,596524,Coastal Carolina,16,1,1,1,1,0,0,0,1,476,12960,1,33,7,8,2,0,2,7,2,2,12,1,1,0,0,7,7,5,39,3,27,7,1,0,9,55,15,16,14,5,8,0,4,0,2,0,0,2,0,6,12,0,1,39,16,15,4,1,0,13,5,6,8,2,1,2,0,6,12,12,53,1,27,9,1,0,9,39,8,7,4,2,12,0,0,2,0,0,0,1,0,7,7,0
6317490,2025-05-16,9,596438,Virginia Tech,5,596439,Virginia,4,1,1,1,1,0,0,0,1,1091,12900,1,31,5,9,2,0,1,5,4,0,6,1,1,0,0,6,11,6,37,1,27,10,0,0,9,41,9,4,4,5,7,0,0,1,3,1,0,0,0,7,11,0,1,34,4,9,2,0,1,4,5,2,7,0,0,3,1,7,11,10,41,0,24,7,1,0,8,37,9,5,5,4,6,0,1,1,0,0,0,1,0,6,11,0
6320432,2025-05-16,7,596545,Florida St.,1,596614,North Carolina,11,1,1,1,1,0,0,0,1,5999,10020,1,28,1,7,1,0,0,1,1,0,7,0,0,0,0,9,5,7,29,1,21,8,0,0,7,44,13,11,11,8,9,0,0,1,1,0,0,1,0,9,3,0,1,32,11,13,3,0,1,11,8,2,9,1,1,1,0,9,3,12,44,0,21,6,0,0,7,29,7,1,1,1,7,0,0,0,0,0,0,0,0,9,5,0
6356269,2025-05-16,9,596499,BYU,6,596423,Texas Tech,5,1,1,1,1,0,0,0,1,2493,10740,1,35,6,10,1,0,1,6,3,1,7,0,0,4,0,5,12,9,39,2,27,6,0,0,9,42,12,5,5,1,6,0,1,1,1,0,0,1,0,9,12,0,1,39,5,12,3,1,1,5,1,1,6,1,0,1,0,9,12,10,42,1,24,4,0,0,8,39,10,6,5,3,7,0,0,1,4,0,0,0,0,5,12,0
6356751,2025-05-16,9,596444,West Virginia,5,596575,Kansas,8,1,1,1,1,0,0,0,1,4084,11520,1,36,5,11,1,0,2,3,3,0,9,0,0,0,0,10,6,7,39,1,27,6,2,0,9,43,8,8,8,6,10,0,2,1,0,0,0,2,0,4,12,0,1,33,8,8,2,0,1,6,6,2,10,2,0,0,0,4,12,8,43,1,27,11,1,0,9,39,11,5,5,3,9,0,1,2,0,0,0,0,0,10,6,0
6357746,2025-05-16,9,596641,Oklahoma,8,596425,Texas,6,1,1,1,1,0,0,0,1,5177,13140,1,32,8,11,1,0,2,6,2,0,8,0,4,2,0,9,6,6,38,2,27,6,1,0,9,45,10,6,6,5,17,0,0,0,3,1,0,1,0,6,4,0,1,36,6,10,1,1,0,5,5,3,17,1,0,3,1,6,4,11,45,2,24,9,0,0,8,38,11,8,6,2,8,0,1,2,2,0,0,0,0,9,6,1
6384883,2025-05-16,8,596700,Tarleton St.,16,596462,Grand Canyon,6,1,1,1,1,0,0,0,1,544,10140,1,32,16,11,1,0,4,15,8,3,7,0,0,2,0,10,4,6,43,0,24,7,0,0,8,36,9,6,6,1,5,0,0,2,1,0,0,0,0,6,12,0,1,32,6,9,1,0,2,6,1,3,5,0,0,1,0,6,12,6,36,1,21,9,1,1,7,43,11,16,15,8,7,0,0,4,2,0,0,0,0,10,4,0
6384884,2025-05-16,11,596700,Tarleton St.,12,596462,Grand Canyon,11,1,1,1,1,0,0,0,1,517,17220,1,47,12,16,1,1,2,12,7,2,11,1,0,4,0,10,11,11,57,1,33,13,0,3,11,60,14,11,5,11,7,0,2,1,0,0,0,1,0,14,13,0,1,47,11,14,1,0,1,9,11,0,7,1,1,0,0,14,13,16,60,0,32,7,0,0,10.2,57,16,12,12,7,11,0,0,2,4,0,1,1,0,10,11,0
6304583,2025-05-17,7,596608,Missouri,1,596605,Mississippi St.,12,1,1,1,1,0,0,0,1,1668,8460,1,23,1,4,0,0,0,1,0,3,11,1,0,0,0,4,5,5,27,1,21,9,1,0,7,40,11,12,12,4,6,0,1,3,1,0,1,0,0,10,4,0,1,32,12,11,3,0,3,12,4,4,6,0,0,1,0,10,4,7,40,1,21,5,1,0,7,27,4,1,1,0,11,0,0,0,0,0,0,1,0,4,5,0
6304586,2025-05-17,9,596677,South Carolina,3,596583,LSU,7,1,1,1,1,0,0,0,1,7145,12300,1,31,3,6,1,0,2,3,4,0,8,0,0,0,0,14,3,5,35,2,27,7,2,0,9,43,12,7,7,2,10,0,3,3,3,0,0,0,0,5,10,0,1,39,7,12,1,0,3,6,2,2,10,0,0,3,0,5,10,9,43,0,27,15,2,0,9,35,6,3,3,4,8,0,0,2,0,0,0,0,0,14,3,0
6304587,2025-05-17,9,596546,Florida,9,596480,Alabama,3,1,1,1,1,0,0,0,1,6595,10800,1,36,9,12,1,0,3,7,5,2,6,0,0,3,0,13,4,10,43,4,27,6,1,0,9,38,6,3,1,3,9,0,0,0,0,0,0,1,0,9,8,0,1,34,3,6,3,0,0,2,3,0,9,1,0,0,0,9,8,8,38,2,24,11,1,0,8,43,12,9,8,5,6,0,0,3,3,0,0,0,0,13,4,1
6304593,2025-05-17,9,596434,Vanderbilt,5,596577,Kentucky,3,1,1,1,1,0,0,0,1,3802,9600,1,28,5,5,1,0,0,5,5,2,9,0,1,0,0,9,6,7,36,1,27,8,0,0,9,33,5,3,2,0,11,0,0,2,0,1,0,0,0,7,8,1,1,32,3,5,1,0,2,3,0,1,11,0,0,0,1,7,8,3,33,1,24,7,0,0,8,36,5,5,5,5,9,0,0,0,0,0,0,0,0,9,6,0
6304595,2025-05-17,9,596600,Miami (FL),2,596637,Notre Dame,12,1,1,1,1,0,0,0,1,2924,10740,1,34,2,7,3,0,0,2,1,1,5,0,0,0,0,9,13,7,36,0,27,8,0,0,9,44,9,12,12,7,9,0,0,3,0,1,1,3,0,6,10,1,1,30,12,9,1,0,3,11,7,3,9,3,1,0,1,6,10,5,44,0,27,7,1,0,9,36,7,2,2,1,5,0,0,0,0,0,0,0,0,9,13,0
6304597,2025-05-17,7,596718,Southeast Mo. St.,14,596488,Little Rock,4,1,1,1,1,0,0,0,1,285,9300,1,31,14,13,5,0,1,13,4,3,1,0,0,1,0,10,6,6,38,1,21,9,1,0,7,28,6,4,3,2,3,0,0,1,0,0,0,0,0,9,8,0,1,26,4,6,2,0,1,4,2,0,3,0,0,0,0,9,8,3,28,2,18,10,1,0,6,38,13,14,14,4,1,0,2,1,1,0,0,0,0,10,6,0
6304600,2025-05-17,9,596569,Iowa,4,596644,Oregon,13,1,1,1,1,0,0,0,1,2261,12660,1,32,4,6,3,0,1,4,6,2,8,0,0,1,1,11,6,9,40,0,27,10,1,0,9,49,13,13,13,9,7,0,0,5,1,0,0,0,0,10,9,0,1,38,13,13,2,0,5,13,9,0,7,0,2,1,0,10,9,9,49,0,27,10,1,0,9,40,6,4,4,6,8,0,1,1,1,1,0,0,0,11,6,0
6304605,2025-05-17,9,596669,San Diego St.,12,596442,Washington St.,10,1,1,1,1,0,0,0,1,649,12660,1,36,12,13,6,0,2,12,3,0,3,0,1,1,1,7,13,4,40,1,27,9,0,0,9,48,14,10,9,6,8,0,1,2,1,1,0,1,0,8,9,0,1,38,10,14,3,0,2,10,6,3,8,1,0,1,1,8,9,11,48,1,24,8,1,0,8,40,13,12,11,3,3,0,1,2,1,1,0,0,0,7,13,0
6304609,2025-05-17,9,596519,UCF,11,596493,Baylor,7,1,1,1,1,0,0,0,1,1811,12780,1,40,11,17,3,0,2,9,4,0,7,0,1,1,0,8,8,10,45,0,27,4,1,0,9,43,13,7,7,5,12,0,0,5,0,0,0,1,0,2,11,0,1,37,7,13,0,0,5,7,5,0,12,1,0,0,0,2,11,9,43,2,24,7,2,0,8,45,17,11,8,4,7,0,0,2,1,0,0,0,0,8,8,0
6304627,2025-05-17,7,596514,UCLA,11,596636,Northwestern,1,1,1,1,1,0,0,0,1,885,8340,1,28,11,12,2,0,2,11,9,0,2,1,1,2,1,8,8,5,39,0,21,7,1,0,7,28,4,1,1,2,5,0,0,1,0,0,0,0,0,7,9,2,1,25,1,4,1,0,1,1,2,1,5,0,0,0,0,7,9,6,28,0,20,10,0,0,6.2,39,12,11,11,9,2,0,0,2,2,1,0,1,0,8,8,0
6304640,2025-05-17,9,596487,Arkansas,8,596721,Tennessee,4,1,1,1,1,0,0,0,1,10925,12660,1,31,8,7,1,0,2,7,9,0,12,0,0,2,1,4,7,8,40,0,27,6,0,0,9,40,9,4,4,4,14,0,0,1,1,0,0,0,0,6,7,0,1,36,4,9,1,0,1,4,4,0,14,0,0,1,0,6,7,9,40,2,24,6,0,0,8,40,7,8,7,9,12,0,0,2,2,1,1,0,0,4,7,0
6304650,2025-05-17,9,596521,Cincinnati,5,596574,Kansas St.,9,1,1,1,1,0,0,0,1,1065,10440,1,37,5,11,4,0,1,5,1,0,8,0,0,2,0,13,5,6,38,1,27,13,1,0,9,44,12,9,9,4,7,0,2,2,2,0,0,1,0,13,6,0,1,35,9,12,3,0,2,9,4,2,7,1,2,2,0,13,6,8,44,0,27,14,1,0,9,38,11,5,5,1,8,0,0,1,2,0,0,0,0,13,5,0
6304653,2025-05-17,9,596708,Duke,2,596553,Georgia Tech,8,1,1,1,1,0,0,0,1,1059,11160,1,29,2,6,1,0,1,2,6,3,6,1,1,0,0,5,14,11,40,1,27,10,2,1,9,44,14,8,6,3,5,0,0,2,0,0,0,1,0,8,12,0,1,39,8,14,3,0,2,8,3,1,5,1,0,0,0,8,12,8,44,0,27,6,1,0,9,40,6,2,2,6,6,0,0,1,0,0,0,1,0,5,14,0
6304654,2025-05-17,9,596623,New Mexico,12,596707,Fresno St.,10,1,1,1,1,0,0,0,1,762,9960,1,38,12,18,8,0,1,12,6,0,4,1,1,0,0,13,5,10,46,0,27,13,2,0,9,43,14,10,10,3,6,0,1,2,0,1,0,1,0,13,7,1,1,39,10,14,2,0,2,10,3,0,6,1,0,0,1,13,7,6,43,1,24,14,0,0,8,46,18,12,12,6,4,0,1,1,0,0,0,1,0,13,5,1
6307944,2025-05-17,10,596639,Ohio St.,11,596563,Illinois,10,1,1,1,1,0,0,0,1,878,12780,1,41,11,13,3,1,3,11,5,1,11,1,0,3,1,11,6,7,48,1,30,8,0,0,10,47,12,10,9,6,8,0,3,4,0,0,0,0,0,7,14,0,1,41,10,12,2,1,4,9,6,0,8,0,0,0,0,7,14,7,47,1,29,12,0,0,9.2,48,13,11,10,5,11,0,2,3,3,1,0,1,0,11,6,0
6307995,2025-05-17,9,596607,Ole Miss,8,596489,Auburn,13,1,1,1,1,0,0,0,1,9153,14280,1,39,8,13,2,0,2,8,1,2,6,0,0,1,0,10,10,7,42,3,27,10,1,0,9,51,13,13,9,10,8,0,2,1,0,0,1,0,0,7,9,0,1,39,13,13,5,0,1,10,10,2,8,0,0,0,0,7,9,11,51,0,27,11,3,0,9,42,13,8,8,1,6,0,0,2,1,0,0,0,0,10,10,2
6308037,2025-05-17,9,596672,San Jose St.,10,596620,Nevada,2,1,1,1,1,0,0,0,1,573,9540,1,34,10,13,2,1,3,10,5,1,4,0,1,1,0,8,9,6,41,1,27,7,2,0,9,35,7,2,1,1,9,0,0,0,0,0,0,1,0,5,12,0,1,33,2,7,2,0,0,2,1,0,9,1,0,0,0,5,12,6,35,1,24,10,1,0,8,41,13,10,9,5,4,0,1,3,1,0,0,0,0,8,9,0
6309118,2025-05-17,9,596619,UNLV,9,596430,Air Force,8,1,1,1,1,0,0,0,1,1588,11100,1,37,9,11,3,0,1,7,5,2,8,1,1,0,0,7,9,13,46,2,27,9,0,0,9,42,11,8,3,5,9,0,0,1,0,1,0,0,0,6,9,2,1,36,8,11,2,1,1,8,5,1,9,0,0,0,1,6,9,7,42,3,24,7,1,0,8,46,11,9,8,5,8,0,2,1,0,0,0,1,0,7,9,0
6310720,2025-05-17,8,596653,Purdue,2,596712,Nebraska,14,1,1,1,1,0,0,0,1,1807,12360,1,30,2,6,1,0,0,2,4,3,12,0,0,1,0,6,6,11,37,3,24,9,0,0,8,51,15,14,11,4,4,0,2,1,3,0,0,3,0,8,12,0,1,40,14,15,4,1,1,12,4,4,4,3,0,3,0,8,12,13,51,0,24,5,1,0,8,37,6,2,2,4,12,0,1,0,1,0,0,0,0,6,6,0
6310917,2025-05-17,9,596554,Georgia,7,596420,Texas A&M,5,1,1,1,1,0,0,0,1,3633,12240,1,36,7,11,1,0,2,7,4,2,13,0,0,0,0,4,7,11,42,0,27,6,0,0,9,38,8,5,5,3,14,0,0,4,0,0,0,0,0,7,6,0,1,35,5,8,1,0,4,5,3,0,14,0,0,0,0,7,6,6,38,0,24,4,0,0,8,42,11,7,7,4,13,0,1,2,0,0,0,0,0,4,7,0
6311287,2025-05-17,9,596647,Penn St.,6,596454,Xavier,8,1,1,1,1,0,0,0,0,947,13140,1,37,6,12,3,0,1,6,4,2,6,0,0,0,1,9,10,10,43,0,27,10,1,0,9,46,11,8,8,10,3,0,1,1,2,1,0,1,0,8,13,0,1,34,8,11,2,0,1,8,10,1,3,1,0,2,1,8,13,11,46,0,27,9,1,0,9,43,12,6,6,4,6,0,0,1,0,1,0,0,0,9,10,0
6311909,2025-05-17,9,596424,UT Arlington,8,596465,Seattle U,1,1,1,1,1,0,0,0,1,347,7740,1,31,8,10,2,0,0,7,3,1,1,1,0,0,1,11,10,4,36,0,27,9,0,0,9,35,5,1,1,3,5,0,0,0,0,0,0,0,0,7,13,0,1,30,1,5,0,0,0,1,3,2,5,0,0,0,0,7,13,7,35,1,24,13,2,0,8,36,10,8,7,3,1,0,0,0,0,1,0,1,0,11,10,0
6313348,2025-05-17,9,596649,Pittsburgh,6,596523,Clemson,13,1,1,1,1,0,0,0,1,733,12300,1,37,6,12,3,0,2,6,4,0,7,1,0,0,1,8,11,9,42,1,27,12,0,0,9,50,16,13,12,8,8,0,1,3,4,1,1,0,0,9,7,0,1,40,13,16,5,1,3,12,8,1,8,0,1,4,1,9,7,10,50,0,27,9,2,0,9,42,12,6,6,4,7,0,2,2,0,1,0,1,0,8,11,0
6314291,2025-05-17,9,596628,NC State,3,596688,Stanford,6,1,1,1,1,0,0,0,1,2924,12240,1,33,3,9,2,0,0,3,4,2,3,2,0,0,0,7,16,11,41,1,27,8,1,0,9,39,12,6,5,1,7,0,0,0,0,0,0,0,0,7,11,0,1,37,6,12,2,0,0,5,1,1,7,0,0,0,0,7,11,4,39,1,27,6,1,0,9,41,9,3,3,4,3,0,0,0,0,0,0,2,0,7,16,0
6315096,2025-05-17,9,596714,Oklahoma St.,7,596485,Arizona St.,4,1,1,1,1,0,0,0,1,4648,10080,1,31,7,9,1,0,3,6,6,1,9,0,0,3,1,8,5,7,38,2,27,6,1,1,9,41,11,4,4,1,9,0,0,1,2,0,1,0,0,6,12,0,1,40,4,11,1,1,1,4,1,0,9,0,0,2,0,6,12,10,41,1,24,9,0,0,8,38,9,7,7,6,9,0,1,3,3,1,0,0,0,8,5,0
6315878,2025-05-17,9,596426,UTSA,7,596657,Rice,0,1,1,1,1,0,0,0,1,731,11040,1,28,7,9,0,0,1,6,6,6,6,2,0,2,1,8,7,11,42,1,27,9,2,0,9,32,4,0,0,1,9,0,0,0,0,0,0,0,0,9,8,0,1,31,0,4,1,0,0,0,1,0,9,0,0,0,0,9,8,5,32,1,24,11,0,0,8,42,9,7,7,6,6,0,2,1,2,1,0,2,0,8,7,0
6316732,2025-05-17,7,596642,Old Dominion,1,596524,Coastal Carolina,12,1,1,1,1,0,0,0,1,519,8640,1,26,1,6,2,0,1,1,0,0,10,0,0,0,0,4,6,4,26,1,21,7,0,0,7,39,9,12,12,3,8,0,0,3,3,0,0,1,0,5,7,0,1,29,12,9,3,0,3,12,3,6,8,1,0,3,0,5,7,6,39,0,21,6,1,0,7,26,6,1,1,0,10,0,0,1,0,0,0,0,0,4,6,0
6317491,2025-05-17,9,596438,Virginia Tech,1,596439,Virginia,3,1,1,1,1,0,0,0,1,1840,11400,1,33,1,7,0,0,1,1,2,1,8,0,0,0,1,6,12,8,36,0,27,8,1,0,9,43,11,3,3,4,10,0,0,2,1,0,0,0,0,9,8,0,1,38,3,11,4,0,2,3,4,1,10,0,0,1,0,9,8,13,43,0,27,6,0,0,9,36,7,1,1,2,8,0,1,1,0,1,0,0,0,6,12,1
6320433,2025-05-17,9,596545,Florida St.,5,596614,North Carolina,4,1,1,1,1,0,0,0,1,5254,11220,1,33,5,10,2,0,1,5,6,1,5,0,1,0,0,10,9,13,41,1,27,13,0,0,9,37,7,4,4,5,7,0,1,2,2,0,0,0,0,10,7,1,1,32,4,7,1,0,2,4,5,0,7,0,0,2,0,10,7,6,37,1,24,10,3,0,8,42,10,5,5,6,5,0,1,1,0,0,0,0,0,10,9,0
6356271,2025-05-17,9,596499,BYU,4,596423,Texas Tech,7,1,1,1,1,0,0,0,1,2489,10800,1,30,4,4,0,0,0,4,6,2,11,1,0,1,0,5,11,8,39,1,27,13,0,0,9,41,10,7,5,2,5,0,1,1,2,0,0,0,0,13,9,0,1,37,7,10,2,1,1,7,2,1,5,0,1,2,0,13,9,7,41,0,27,3,0,0,9,39,4,4,4,6,11,0,1,0,1,0,0,1,0,5,11,0
6356756,2025-05-17,9,596444,West Virginia,0,596575,Kansas,7,1,1,1,1,0,0,0,1,4062,10740,1,29,0,2,1,0,0,0,3,1,10,0,0,1,0,9,7,6,33,0,27,11,1,0,9,42,11,7,7,3,10,0,1,2,0,0,0,0,0,10,6,0,1,37,7,11,3,0,2,6,3,2,10,0,0,0,0,10,6,8,42,1,27,10,1,0,9,33,2,0,0,3,10,0,3,0,1,0,0,0,0,9,7,0
6357747,2025-05-17,9,596641,Oklahoma,1,596425,Texas,9,1,1,1,1,0,0,0,1,4844,11400,1,28,1,2,0,0,1,1,1,1,11,0,0,0,1,4,11,2,30,3,27,8,0,0,9,43,8,9,8,4,13,0,1,2,2,0,0,0,0,10,5,0,1,36,9,8,0,0,2,9,4,3,13,0,0,2,0,10,5,7,43,0,27,6,1,0,9,30,2,1,1,1,11,0,0,1,0,1,0,0,0,4,11,0
6310721,2025-05-18,9,596557,Hawaii,13,596694,UC San Diego,2,1,1,1,1,0,0,0,1,4545,10800,1,40,13,15,1,0,2,11,5,1,10,0,0,3,1,4,9,9,46,0,27,12,0,0,9,33,5,2,2,0,5,0,0,2,0,0,0,0,0,8,14,0,1,32,2,5,1,0,2,2,0,1,5,0,0,0,0,8,14,4,33,1,24,5,0,0,8,46,15,13,12,5,10,0,1,2,3,1,0,0,0,4,9,0
6385112,2025-05-20,9,596426,UTSA,4,596657,Rice,2,1,1,1,1,0,0,1,0,0,9600,1,32,4,9,2,0,1,4,0,1,8,0,0,0,1,6,9,5,33,1,27,6,0,0,9,36,2,2,1,5,14,0,1,0,2,0,0,0,0,8,6,0,1,29,2,2,0,0,0,2,5,0,14,0,2,2,0,8,6,7,36,0,24,6,0,1,8,33,9,4,4,0,8,0,0,1,0,1,0,0,0,6,9,0
6385131,2025-05-20,8,596600,Miami (FL),2,596511,California,12,1,1,1,1,0,0,1,0,1721,10560,1,29,2,5,1,0,1,2,0,0,11,0,0,0,0,6,7,3,29,2,24,9,0,0,8,47,13,12,11,7,5,0,0,2,4,0,0,0,0,8,9,0,1,36,12,13,1,0,2,12,7,4,5,0,0,4,0,8,9,11,47,1,24,6,1,0,8,29,5,2,2,0,11,0,0,1,0,0,0,0,0,6,7,0
6385132,2025-05-20,9,596438,Virginia Tech,7,596688,Stanford,4,1,1,1,1,0,0,1,0,2197,12360,1,34,7,11,1,0,1,7,5,0,5,0,0,1,0,9,9,8,39,0,27,3,1,0,9,41,7,4,4,4,13,0,1,2,2,0,0,0,0,5,9,0,1,34,4,7,2,0,2,3,4,3,13,0,0,2,0,5,9,10,41,0,24,9,0,1,8,39,11,7,7,5,5,0,1,1,1,0,0,0,0,9,9,0
6385134,2025-05-20,10,596637,Notre Dame,4,596496,Boston College,5,1,1,1,1,0,0,1,0,2579,11940,1,34,4,8,2,0,1,4,5,2,12,1,2,0,0,9,8,10,44,0,30,13,1,0,10,39,8,5,5,3,12,0,1,1,1,1,0,0,0,12,3,0,1,33,5,8,0,0,1,5,3,1,12,0,2,1,1,12,3,3,39,0,30,10,1,0,10,44,8,4,4,5,12,0,0,1,0,0,0,1,0,9,8,0
6385137,2025-05-20,10,596712,Nebraska,5,596601,Michigan St.,4,1,1,1,1,0,0,1,0,2843,13140,1,38,5,12,2,0,0,4,2,1,9,1,2,1,1,10,9,9,44,1,30,7,0,0,10,43,7,4,3,6,11,0,0,0,0,0,1,0,0,8,10,0,1,35,4,7,1,0,0,2,6,1,11,0,1,0,0,8,10,9,43,2,29,13,1,0,9.2,44,12,5,3,2,9,0,0,0,1,1,0,1,0,10,9,0
6385231,2025-05-20,9,596480,Alabama,4,596608,Missouri,1,1,1,1,1,0,0,1,0,6525,9240,1,29,4,8,0,0,1,4,7,0,4,1,0,0,1,10,8,9,37,1,27,7,1,0,9,40,9,1,1,1,10,0,0,1,1,1,0,0,0,5,11,0,1,36,1,9,0,0,1,1,1,3,10,0,0,1,1,5,11,12,40,0,24,11,0,0,8,37,8,4,4,7,4,0,1,1,0,1,0,1,0,10,8,0
6385232,2025-05-20,9,596641,Oklahoma,5,596577,Kentucky,1,1,1,1,1,0,0,1,0,6525,10500,1,29,5,7,0,1,1,5,2,1,6,1,0,3,0,8,9,4,33,1,27,15,1,0,9,34,6,1,0,3,6,0,0,0,1,0,1,0,0,12,6,0,1,31,1,6,1,0,0,0,3,0,6,0,0,1,0,12,6,6,34,0,24,4,3,0,8,33,7,5,5,2,6,0,1,1,3,0,0,1,0,8,9,0
6385233,2025-05-20,9,596546,Florida,11,596677,South Carolina,3,1,1,1,1,0,0,1,0,0,11040,1,37,11,13,4,0,3,11,6,0,10,0,0,1,0,5,8,8,43,0,27,14,1,0,9,40,11,3,3,3,6,0,0,0,0,0,0,0,0,12,8,0,1,37,3,11,2,0,0,2,3,0,6,0,0,0,0,12,8,10,40,2,24,3,1,0,8,43,13,11,11,6,10,0,0,3,1,0,0,0,0,5,8,0
6384924,2025-05-21,9,596697,Southern Ind.,1,596488,Little Rock,10,1,1,1,1,0,0,1,0,1583,9720,1,31,1,6,2,0,1,1,2,0,8,0,0,1,1,5,12,5,33,4,27,12,1,0,9,44,11,10,8,5,10,0,0,1,3,1,0,0,0,10,5,0,1,36,10,11,2,0,1,9,5,1,10,0,2,3,1,10,5,7,44,0,27,7,0,0,9,33,6,1,1,2,8,0,0,1,1,1,0,0,0,5,12,0
6384927,2025-05-21,9,596718,Southeast Mo. St.,7,596488,Little Rock,9,1,1,1,1,0,0,1,0,1583,12660,1,34,7,8,2,1,1,7,4,2,7,0,0,0,1,8,11,6,40,2,27,8,0,0,9,47,12,9,7,6,10,0,4,2,1,1,1,0,0,7,8,0,1,40,9,12,3,0,2,9,6,0,10,0,1,1,1,7,8,11,47,0,27,10,2,0,9,40,8,7,7,4,7,0,1,1,0,1,0,0,0,8,11,0
6385128,2025-05-21,9,596523,Clemson,6,596438,Virginia Tech,1,1,1,1,1,0,0,1,0,2535,10560,1,33,6,10,3,0,1,5,4,1,14,1,0,2,0,3,7,9,39,1,27,8,0,0,9,34,4,1,1,2,10,0,1,1,0,0,0,0,0,8,9,1,1,32,1,4,0,0,1,1,2,0,10,0,0,0,0,8,9,6,34,1,24,3,0,0,8,39,10,6,6,4,14,0,1,1,2,0,0,1,0,3,7,0
6385130,2025-05-21,9,596439,Virginia,8,596496,Boston College,12,1,1,1,1,0,0,1,0,2992,14220,1,37,8,11,1,0,2,8,6,0,8,0,0,0,0,8,9,8,43,5,27,10,2,0,9,44,11,12,7,3,11,0,2,0,7,3,1,0,0,7,5,0,1,36,12,11,4,0,0,9,3,3,11,0,1,7,3,7,5,5,43,1,27,11,1,0,9,43,11,8,4,6,8,0,2,2,0,0,1,0,0,8,9,0
6385138,2025-05-21,9,596514,UCLA,8,596563,Illinois,6,1,1,1,1,0,0,1,0,0,13140,1,31,8,10,4,0,1,7,5,3,6,1,1,0,0,11,5,9,41,1,27,11,1,0,9,43,7,6,6,9,7,0,4,1,0,0,0,1,0,11,6,2,1,30,6,7,1,0,1,5,9,2,7,1,1,0,0,11,6,10,43,0,24,12,2,0,8,41,10,8,8,5,6,0,0,1,0,0,1,1,0,11,5,0
6385139,2025-05-21,9,596443,Washington,3,596647,Penn St.,5,1,1,1,1,0,0,1,0,0,10740,1,33,3,8,0,0,1,3,4,2,6,0,0,0,1,6,13,9,39,0,27,6,1,0,9,36,6,5,5,4,11,0,0,1,0,0,0,1,0,5,10,0,1,30,5,6,1,0,1,5,4,0,11,1,1,0,0,5,10,4,36,0,27,7,0,0,9,39,8,3,3,4,6,0,0,1,0,1,0,0,0,6,13,1
6385140,2025-05-21,9,596569,Iowa,4,596660,Rutgers,3,1,1,1,1,0,0,1,0,2343,11040,1,34,4,10,0,0,0,4,4,0,9,0,0,0,0,6,7,10,38,1,27,6,2,0,9,40,9,3,3,3,13,0,0,0,0,0,0,1,0,6,8,0,1,35,3,9,1,0,0,3,3,1,13,1,0,0,0,6,8,10,40,3,24,7,0,0,8,38,10,4,4,4,9,0,2,0,0,0,0,0,0,6,7,0
6385227,2025-05-21,9,596721,Tennessee,15,596480,Alabama,10,1,1,1,1,0,0,1,0,11117,14280,1,41,15,20,3,0,1,14,6,1,7,0,1,0,1,6,7,10,49,1,27,5,2,1,9,41,10,10,5,4,12,0,0,0,2,0,0,1,0,5,9,0,1,36,10,10,5,0,0,8,4,0,12,1,0,2,0,5,9,4,41,2,24,10,0,0,8,49,20,15,14,6,7,0,4,1,0,1,0,0,0,6,7,0
6385228,2025-05-21,9,596554,Georgia,2,596641,Oklahoma,3,1,1,1,1,0,0,1,0,11117,9960,1,30,2,5,0,1,1,2,0,1,8,1,0,0,0,10,8,3,32,2,27,10,1,0,9,36,8,3,3,3,10,0,0,0,0,0,0,1,0,10,5,0,1,30,3,8,1,0,0,3,3,0,10,1,2,0,0,10,5,6,36,0,27,10,2,0,9,32,5,2,2,0,8,0,1,1,0,0,0,1,0,10,8,0
6385229,2025-05-21,9,596607,Ole Miss,3,596546,Florida,1,1,1,1,1,0,0,1,0,0,9780,1,29,3,7,2,0,0,2,1,0,11,0,0,1,1,7,3,3,30,3,27,9,2,0,9,34,4,1,0,1,11,0,0,0,1,0,0,0,0,7,7,0,1,31,1,4,1,0,0,0,1,2,11,0,0,1,0,7,7,5,34,2,24,9,1,0,8,30,7,3,1,1,11,0,0,0,1,1,0,0,0,7,3,0
6385234,2025-05-21,9,596605,Mississippi St.,0,596420,Texas A&M,9,1,1,1,1,0,0,1,0,7242,10980,1,31,0,6,0,0,0,0,3,1,7,0,1,0,0,10,9,9,36,2,27,6,1,0,9,43,10,9,7,4,10,0,0,1,2,0,0,1,0,7,10,0,1,37,9,10,3,0,1,9,4,1,10,1,0,2,0,7,10,7,43,0,27,10,0,0,9,36,6,0,0,3,7,0,0,0,0,0,0,0,0,10,9,0
6385238,2025-05-21,9,596429,Troy,2,596642,Old Dominion,4,1,1,1,1,0,0,1,0,752,11280,1,30,2,4,0,0,0,2,1,2,11,0,1,0,0,5,11,5,34,1,27,12,0,0,9,38,8,4,4,4,6,0,1,0,1,1,0,0,0,8,11,0,1,33,4,8,3,0,0,4,4,1,6,0,0,1,1,8,11,6,38,0,27,5,2,0,9,34,4,2,2,1,11,0,1,0,0,0,0,0,0,5,11,0
6385255,2025-05-21,9,596462,Grand Canyon,7,596418,Utah Tech,6,1,1,1,1,0,0,1,0,0,10440,1,30,7,8,2,0,0,7,8,1,4,1,1,1,0,9,11,10,41,2,27,12,0,1,9,43,14,6,5,2,5,0,0,0,0,0,0,0,0,11,9,0,1,39,6,14,3,0,0,5,2,1,5,0,1,0,0,11,9,10,43,0,24,8,2,0,8,41,8,7,7,8,4,0,1,0,1,0,0,1,0,9,11,0
6385327,2025-05-21,9,596623,New Mexico,3,596672,San Jose St.,6,1,1,1,1,0,0,1,0,446,11400,1,35,3,9,0,0,2,3,5,0,6,0,0,0,0,9,11,10,40,1,27,7,1,0,9,40,9,6,2,3,4,0,0,0,0,0,0,1,0,6,17,0,1,35,6,9,1,0,0,6,3,0,4,1,1,0,0,6,17,7,40,0,27,11,0,0,9,40,9,3,3,5,6,0,0,2,0,0,0,0,0,9,11,0
6385328,2025-05-21,9,596619,UNLV,0,596669,San Diego St.,8,1,1,1,1,0,0,1,0,0,11040,1,34,0,6,0,0,0,0,3,1,7,0,0,0,1,7,12,10,38,1,27,14,0,1,9,45,14,8,7,4,2,0,1,0,4,0,0,1,0,12,12,0,1,38,8,14,3,0,0,7,4,0,2,1,2,4,0,12,12,10,45,2,27,7,0,0,9,38,6,0,0,3,7,0,0,0,0,1,1,0,0,7,12,0
6385373,2025-05-21,9,596485,Arizona St.,0,596499,BYU,2,1,1,1,1,0,0,1,0,5704,10440,1,32,0,6,0,0,0,0,0,1,2,0,0,0,0,7,17,6,33,0,27,2,1,0,9,43,5,2,2,8,18,0,2,0,1,0,1,0,0,2,7,0,1,32,2,5,2,1,0,2,8,3,18,0,0,1,0,2,7,14,43,0,27,7,0,0,9,33,6,0,0,0,2,0,0,0,0,0,0,0,0,7,17,0
6385374,2025-05-21,9,596521,Cincinnati,6,596423,Texas Tech,5,1,1,1,1,0,0,1,0,0,9600,1,30,6,7,0,1,1,5,4,0,9,1,0,2,1,7,6,5,35,0,27,8,0,0,9,39,8,5,5,4,12,0,1,1,0,0,0,0,0,8,7,0,1,35,5,8,3,0,1,5,4,0,12,0,0,0,0,8,7,7,39,3,24,8,0,0,8,35,7,6,3,4,9,0,0,1,2,1,1,1,0,7,6,0
6385377,2025-05-21,9,596557,Hawaii,6,596510,UC Santa Barbara,2,1,1,1,1,0,0,1,0,478,9360,1,30,6,8,1,0,2,6,3,1,5,1,0,0,0,7,11,5,35,1,27,7,0,0,9,37,7,2,2,2,4,0,0,0,0,1,0,1,0,8,14,0,1,32,2,7,0,0,0,2,2,1,4,1,1,0,1,8,14,8,37,0,24,8,0,0,8,35,8,6,6,3,5,0,0,2,0,0,0,1,0,7,11,0
6385479,2025-05-21,9,596619,UNLV,0,596669,San Diego St.,8,1,1,1,1,0,0,1,1,0,11040,1,34,0,6,0,0,0,0,3,1,7,0,0,0,1,7,12,10,38,1,27,14,0,1,9,45,14,8,7,4,2,0,1,0,4,0,0,1,0,12,12,0,1,38,8,14,3,0,0,7,4,0,2,1,2,4,0,12,12,10,45,2,27,7,0,0,9,38,6,0,0,3,7,0,0,0,0,1,1,0,0,7,12,0
6385113,2025-05-22,9,596426,UTSA,6,596701,Tulane,10,1,1,1,1,0,0,1,0,0,11640,1,34,6,9,2,0,1,6,2,2,5,0,0,0,0,11,9,5,38,0,27,6,2,0,9,45,14,10,10,4,7,0,0,5,1,0,0,0,0,6,14,0,1,41,10,14,2,0,5,10,4,0,7,0,0,1,0,6,14,8,45,0,27,15,0,0,9,38,9,6,6,2,5,0,1,1,0,0,0,0,0,11,9,0
6385123,2025-05-22,9,596553,Georgia Tech,10,596511,California,3,1,1,1,1,0,0,1,0,2235,10560,1,32,10,10,0,0,7,10,2,3,10,0,1,0,0,6,7,4,38,0,27,5,1,0,9,42,12,3,3,2,13,0,1,0,2,0,0,0,0,6,8,0,1,39,3,12,0,0,0,3,2,1,13,0,0,2,0,6,8,12,42,0,24,5,0,0,8,38,10,10,10,2,10,0,1,7,0,0,0,0,0,6,7,0
6385124,2025-05-22,9,596628,NC State,6,596523,Clemson,7,1,1,1,1,0,0,1,0,4866,12180,1,32,6,12,1,0,0,5,4,1,7,0,1,0,0,9,5,5,38,0,27,11,4,0,9,43,16,7,7,2,13,0,2,1,3,1,0,1,0,6,5,0,1,39,7,16,0,1,1,7,2,1,13,1,0,3,1,6,5,9,43,1,27,16,1,0,9,38,12,6,6,4,7,0,1,0,0,0,0,0,0,9,5,0
6385141,2025-05-22,9,596514,UCLA,7,596602,Michigan,5,1,1,1,1,0,0,1,0,0,10200,1,33,7,10,1,1,1,7,3,0,7,0,1,0,0,8,9,6,37,1,27,11,0,0,9,39,8,5,5,3,6,0,1,2,0,0,0,0,0,12,8,0,1,35,5,8,2,0,2,5,3,1,6,0,0,0,0,12,8,7,39,1,24,8,1,0,8,37,10,7,7,3,7,0,0,1,0,0,0,0,0,8,9,0
6385142,2025-05-22,9,596681,Southern California,1,596647,Penn St.,2,1,1,1,1,0,0,1,0,0,11040,1,33,1,7,3,0,0,1,6,1,6,0,0,2,0,7,13,12,40,0,27,17,0,0,9,36,9,2,2,2,8,0,1,1,1,1,0,0,0,13,4,1,1,33,2,9,0,0,1,2,2,0,8,0,1,1,1,13,4,7,36,2,27,10,1,0,9,40,7,1,1,6,6,0,1,0,2,0,0,0,0,7,13,0
6385145,2025-05-22,9,596569,Iowa,0,596566,Indiana,5,1,1,1,1,0,0,1,0,1909,10680,1,33,0,5,1,0,0,0,2,1,7,0,0,2,0,3,18,9,36,0,27,11,0,0,9,43,7,5,5,9,9,0,1,1,0,1,0,1,0,7,8,0,1,30,5,7,0,0,1,5,9,3,9,1,0,0,1,7,8,11,43,0,27,3,2,0,9,36,5,0,0,2,7,0,2,0,2,0,0,0,0,3,18,0
6385222,2025-05-22,12,596425,Texas,5,596721,Tennessee,7,1,1,1,1,0,0,1,0,10135,15660,1,44,5,10,1,1,0,5,6,0,18,1,0,4,0,7,10,10,51,1,36,12,1,0,12,48,9,7,6,2,12,0,0,1,0,0,0,1,0,10,11,2,1,41,7,9,2,0,1,7,2,3,12,1,1,0,0,10,11,5,48,2,36,10,3,0,12,51,10,5,4,6,18,0,1,0,4,0,0,1,0,7,10,0
6385223,2025-05-22,9,596434,Vanderbilt,6,596641,Oklahoma,1,1,1,1,1,0,0,1,0,10135,11460,1,33,6,8,3,0,0,6,2,2,4,0,0,3,0,10,8,7,37,0,27,5,2,1,9,38,2,1,1,6,17,0,2,0,3,0,0,0,0,5,5,0,1,29,1,2,0,0,0,1,6,3,17,0,0,3,0,5,5,10,38,3,24,12,0,0,8,37,8,6,4,2,4,0,0,0,3,0,0,0,0,10,8,0
6385230,2025-05-22,9,596489,Auburn,2,596420,Texas A&M,3,1,1,1,1,0,0,1,0,9812,10920,1,30,2,6,0,0,2,2,4,0,6,0,0,0,1,9,9,5,34,0,27,3,2,0,9,37,4,3,3,3,14,0,1,1,0,0,0,0,0,3,10,0,1,30,3,4,0,0,1,3,3,3,14,0,1,0,0,3,10,7,37,0,27,12,0,0,9,34,6,2,2,4,6,0,0,2,0,1,0,0,0,9,9,0
6385244,2025-05-22,7,596719,Southern Miss.,10,596642,Old Dominion,0,1,1,1,1,0,0,1,0,876,7800,1,33,10,14,0,0,3,10,5,1,7,0,1,1,0,6,5,9,40,0,21,5,1,0,7,28,4,0,0,4,7,0,0,0,1,0,0,0,0,5,8,0,1,24,0,4,0,0,0,0,4,0,7,0,0,1,0,5,8,7,28,2,19,6,1,0,6.1,40,14,10,8,5,7,0,2,3,1,0,0,0,0,6,5,0
6385257,2025-05-22,9,596509,Sacramento St.,7,596462,Grand Canyon,5,1,1,1,1,0,0,1,0,0,10080,1,31,7,11,1,0,0,7,5,1,8,0,1,1,0,8,5,6,38,0,27,9,2,0,9,43,11,5,5,7,4,0,0,0,1,0,0,0,0,9,12,0,1,36,5,11,3,0,0,4,7,0,4,0,0,1,0,9,12,11,43,0,24,14,2,0,8,38,11,7,7,5,8,0,0,0,1,0,0,0,0,8,5,0
6385259,2025-05-22,9,596424,UT Arlington,9,596462,Grand Canyon,7,1,1,1,1,0,0,1,0,0,9360,1,39,9,16,2,1,1,9,4,1,9,0,0,0,1,8,6,11,44,2,27,15,0,0,9,40,14,7,3,1,4,0,0,1,1,0,0,0,0,13,6,1,1,39,7,14,2,0,1,7,1,0,4,0,0,1,0,13,6,5,40,0,24,9,3,0,8,44,16,9,9,4,9,0,0,1,0,1,0,0,0,8,6,0
6385329,2025-05-22,7,596620,Nevada,15,596669,San Diego St.,4,1,1,1,1,0,0,1,0,0,9960,1,32,15,16,5,1,1,15,6,0,8,1,0,4,0,3,6,6,39,1,21,3,1,0,7,33,8,4,3,3,6,0,0,1,0,0,0,1,0,3,12,0,1,29,4,8,0,0,1,4,3,0,6,1,0,0,0,3,12,8,33,1,18,4,0,0,6,39,16,15,15,6,8,0,0,1,4,0,0,1,0,3,6,0
6385330,2025-05-22,9,596707,Fresno St.,7,596672,San Jose St.,3,1,1,1,1,0,0,1,0,632,8400,1,33,7,10,3,0,1,6,3,0,5,0,1,1,0,11,7,6,37,1,27,10,0,0,9,37,9,3,3,0,7,0,0,0,0,0,0,0,0,10,9,0,1,36,3,9,0,1,0,3,0,1,7,0,0,0,0,10,9,7,37,1,24,12,1,0,8,37,10,7,4,3,5,0,0,1,1,0,0,0,0,11,7,0
6385336,2025-05-22,10,596537,Eastern Ill.,8,596488,Little Rock,9,1,1,1,1,0,0,1,0,1034,13380,1,43,8,13,5,1,0,8,9,1,6,0,0,5,0,9,15,15,53,2,30,14,0,0,10,46,13,9,9,5,4,0,0,2,0,1,0,0,0,11,12,0,1,40,9,13,2,0,2,9,5,1,4,0,0,0,1,11,12,7,46,1,30,7,1,0,10,53,13,8,8,9,6,0,4,0,5,0,0,0,0,9,15,0
6385369,2025-05-22,9,596706,Arizona,4,596499,BYU,1,1,1,1,1,0,0,1,0,6032,10740,1,31,4,9,3,1,2,4,6,0,11,0,0,0,1,5,6,9,37,0,27,8,1,0,9,35,6,1,1,2,10,0,1,0,0,0,0,0,0,11,6,0,1,33,1,6,2,0,0,1,2,0,10,0,0,0,0,11,6,7,35,1,24,7,0,0,8,37,9,4,4,6,11,0,0,2,0,1,0,0,0,5,6,0
6385370,2025-05-22,9,596444,West Virginia,10,596521,Cincinnati,3,1,1,1,1,0,0,1,0,0,11280,1,31,10,8,0,0,1,10,8,1,9,2,0,0,0,5,11,8,42,0,27,4,0,0,9,35,8,3,3,1,9,0,0,1,0,0,0,0,0,3,14,0,1,34,3,8,3,0,1,2,1,0,9,0,0,0,0,3,14,5,35,1,24,5,1,0,8,42,8,10,10,8,9,0,1,1,0,0,0,2,0,5,11,0
6385371,2025-05-22,9,596575,Kansas,7,596714,Oklahoma St.,6,1,1,1,1,0,0,1,0,0,11760,1,33,7,10,2,0,2,7,4,0,7,1,1,0,0,6,11,4,39,0,27,7,1,0,9,40,7,6,6,7,12,0,0,1,1,1,0,0,0,5,9,1,1,32,6,7,1,0,1,6,7,0,12,0,1,1,1,5,9,7,40,2,25,7,0,0,8.1,39,10,7,7,4,7,0,0,2,0,0,0,1,0,6,11,0
6385378,2025-05-22,9,596513,UC Irvine,7,596557,Hawaii,5,1,1,1,1,0,0,1,0,554,11220,1,32,7,7,0,0,0,6,2,4,7,0,0,0,0,5,12,7,38,0,27,9,0,0,9,39,11,5,5,3,9,0,0,1,1,0,0,0,0,6,10,0,1,35,5,11,1,0,1,5,3,0,9,0,1,1,0,6,10,7,39,1,24,4,1,0,8,38,7,7,5,2,7,0,2,0,0,0,0,0,0,5,12,0
6384871,2025-05-23,8,596575,Kansas,1,596421,TCU,11,1,1,1,1,0,0,1,0,4257,10440,1,28,1,5,1,0,0,1,3,0,9,0,0,0,0,4,10,6,31,1,24,10,1,0,8,43,16,11,11,3,5,0,5,0,1,0,0,1,0,7,11,1,1,38,11,16,4,1,0,10,3,1,5,1,0,1,0,7,11,8,43,0,24,5,0,0,8,31,5,1,1,3,9,0,2,0,0,0,0,0,0,4,10,0
6385115,2025-05-23,9,596426,UTSA,6,596543,Fla. Atlantic,3,1,1,1,1,0,0,1,0,0,9420,1,31,6,9,1,0,0,6,4,0,4,1,1,0,0,11,9,7,37,1,27,7,0,0,9,38,9,3,2,1,9,0,0,1,0,1,0,0,0,7,10,0,1,36,3,9,1,0,1,3,1,1,9,0,0,0,1,7,10,8,38,0,24,7,1,0,8,37,9,6,6,4,4,0,0,0,0,0,0,1,0,11,9,0
6385125,2025-05-23,9,596545,Florida St.,14,596708,Duke,7,1,1,1,1,0,0,1,0,4122,10860,1,39,14,18,2,1,3,14,2,4,12,1,1,0,1,7,3,9,47,0,27,8,0,1,9,40,9,7,7,4,10,0,1,1,0,0,0,0,0,8,8,0,1,35,7,9,2,0,1,6,4,1,10,0,0,0,0,8,8,6,40,2,24,9,1,0,8,47,18,14,13,2,12,0,1,3,0,1,0,1,0,7,3,0
6385224,2025-05-23,9,596487,Arkansas,2,596607,Ole Miss,5,1,1,1,1,0,0,1,0,13627,11220,1,32,2,5,1,0,1,2,3,1,11,0,0,0,0,7,9,7,36,1,27,13,0,0,9,39,10,5,1,3,13,0,0,1,0,0,0,0,0,7,5,0,1,36,5,10,1,0,1,5,3,0,13,0,0,0,0,7,5,6,39,0,27,7,1,0,9,36,5,2,2,3,11,0,0,1,0,0,0,0,0,7,9,0
6385225,2025-05-23,9,596583,LSU,4,596420,Texas A&M,3,1,1,1,1,0,0,1,0,13627,9000,1,27,4,5,2,0,1,4,1,0,8,0,1,0,0,8,7,1,29,0,27,8,1,1,9,34,6,3,3,2,16,0,0,0,0,0,0,2,0,5,5,0,1,30,3,6,1,1,0,3,2,0,16,2,0,0,0,5,5,4,34,0,24,8,1,0,8,29,5,4,4,1,8,0,0,1,0,0,0,0,0,8,7,0
6385246,2025-05-23,9,596429,Troy,9,596642,Old Dominion,4,1,1,1,1,0,0,1,0,958,12480,1,34,9,11,1,0,1,9,7,3,10,0,1,6,0,6,7,10,45,0,27,8,0,0,9,38,11,4,4,2,9,0,0,1,0,0,0,0,0,9,7,0,1,35,4,11,1,1,1,4,2,0,9,0,1,0,0,9,7,7,38,1,24,6,2,0,8,45,11,9,7,7,10,0,1,1,6,0,0,0,0,6,7,0
6385331,2025-05-23,9,596669,San Diego St.,6,596672,San Jose St.,7,1,1,1,1,0,0,1,0,657,12480,1,38,6,15,2,0,0,6,1,2,7,2,0,0,0,9,8,10,43,2,27,6,2,0,9,43,11,7,5,5,11,0,0,1,1,0,0,0,0,8,7,0,1,37,7,11,4,0,1,6,5,0,11,0,1,1,0,8,7,9,43,0,27,11,1,0,9,43,15,6,6,1,7,0,1,0,0,0,0,2,0,9,8,1
6385332,2025-05-23,14,596620,Nevada,7,596707,Fresno St.,12,1,1,1,1,0,0,1,0,657,17820,1,54,7,14,1,0,1,7,6,1,12,0,1,0,0,15,13,13,62,2,42,16,2,0,14,70,18,12,12,6,15,0,3,0,2,0,0,3,0,14,14,0,1,55,12,18,6,1,0,11,6,3,15,3,3,2,0,14,14,16,70,1,42,16,0,0,14,62,14,7,7,6,12,0,0,1,0,0,0,0,0,15,13,2
6385333,2025-05-23,10,596620,Nevada,3,596672,San Jose St.,4,1,1,1,1,0,0,1,0,0,11880,1,38,3,10,2,0,1,3,4,1,10,0,0,0,0,7,11,10,43,0,30,8,1,0,10,47,11,4,4,3,12,0,2,0,1,0,0,2,0,7,12,0,1,39,4,11,3,2,0,3,3,2,12,2,1,1,0,7,12,13,47,0,29,7,0,0,9.2,43,10,3,3,4,10,0,1,1,0,0,0,0,0,7,11,0
6385339,2025-05-23,9,596695,Lindenwood,1,596488,Little Rock,4,1,1,1,1,0,0,1,0,729,9900,1,31,1,5,0,0,0,1,2,2,6,0,0,0,0,7,13,7,35,0,27,13,1,0,9,38,11,4,4,1,4,0,0,1,1,1,0,0,0,10,10,0,1,35,4,11,0,0,1,3,1,2,4,0,0,1,1,10,10,6,38,0,27,7,2,0,9,35,5,1,1,2,6,0,1,0,0,0,0,0,0,7,13,0
6385381,2025-05-23,9,596506,Cal St. Fullerton,4,596557,Hawaii,16,1,1,1,1,0,0,0,0,769,12540,1,34,4,9,1,0,0,4,4,1,5,0,1,0,0,7,14,9,40,2,27,14,1,0,9,53,19,16,14,7,7,0,1,2,3,0,0,0,0,10,7,0,1,45,16,19,3,1,2,16,7,0,7,0,1,3,0,10,7,10,53,0,27,8,2,0,9,40,9,4,4,4,5,0,3,0,0,0,0,0,0,7,14,0
6384795,2025-05-24,9,596553,Georgia Tech,4,596523,Clemson,9,1,1,1,1,0,0,1,0,5118,10620,1,33,4,7,0,0,1,3,3,1,7,0,0,0,0,6,12,6,37,1,27,8,2,0,9,40,8,9,8,4,12,0,0,2,1,1,0,0,0,7,6,0,1,32,9,8,3,0,2,8,4,3,12,0,1,1,1,7,6,4,40,2,27,9,1,0,9,37,7,4,3,3,7,0,2,1,0,0,0,0,0,6,12,1
6384796,2025-05-24,9,596545,Florida St.,5,596614,North Carolina,7,1,1,1,1,0,0,1,0,8165,12060,1,33,5,6,2,0,1,3,8,0,5,0,0,0,0,12,10,9,41,2,27,6,0,0,9,41,9,7,6,3,11,0,0,1,4,1,0,0,0,9,6,0,1,34,7,9,4,0,1,7,3,2,11,0,2,4,1,9,6,7,41,1,27,11,0,0,9,41,6,5,3,8,5,0,2,1,0,0,0,0,0,12,10,0
6385116,2025-05-24,9,596426,UTSA,3,596701,Tulane,6,1,1,1,1,0,0,1,0,0,10380,1,33,3,6,0,0,0,1,3,0,3,0,0,1,0,13,10,6,36,2,27,7,1,0,9,40,8,6,6,4,11,0,0,0,0,0,0,2,0,7,7,0,1,33,6,8,2,0,0,5,4,1,11,2,0,0,0,7,7,7,40,1,27,13,2,0,9,36,6,3,0,3,3,0,0,0,1,0,0,0,0,13,10,0
6385146,2025-05-24,9,596644,Oregon,3,596712,Nebraska,7,1,1,1,1,0,0,1,0,8541,11280,1,35,3,12,5,0,0,3,3,0,6,1,0,0,0,6,11,9,39,4,27,7,3,1,9,44,11,7,5,3,8,0,0,1,1,0,0,0,0,6,12,0,1,38,7,11,2,0,1,7,3,2,8,0,1,1,0,6,12,10,44,0,27,7,0,0,9,39,12,3,3,3,6,0,1,0,0,0,0,1,0,6,11,0
6385148,2025-05-24,9,596514,UCLA,9,596569,Iowa,3,1,1,1,1,0,0,1,0,0,11400,1,33,9,14,4,0,1,9,5,0,6,2,1,0,1,9,7,8,41,0,27,8,1,0,9,35,5,3,3,2,10,0,0,1,0,0,0,0,0,7,9,0,1,31,3,5,0,0,1,3,2,2,10,0,0,0,0,7,9,5,35,1,24,10,1,0,8,41,14,9,9,5,6,0,0,1,0,1,0,2,0,9,7,0
6385149,2025-05-24,9,596712,Nebraska,6,596647,Penn St.,3,1,1,1,1,0,0,1,0,8541,11340,1,35,6,12,3,0,1,6,1,2,8,0,0,0,0,10,5,7,38,0,27,9,0,0,9,41,9,3,3,4,9,0,1,2,1,0,0,0,0,11,7,0,1,36,3,9,2,0,2,3,4,1,9,0,0,1,0,11,7,11,41,0,24,12,0,0,8,38,12,6,6,1,8,0,0,1,0,0,0,0,0,10,5,0
6385220,2025-05-24,7,596434,Vanderbilt,10,596721,Tennessee,0,1,1,1,1,0,0,1,0,0,8760,1,29,10,13,0,0,0,8,2,0,4,0,0,2,2,1,10,3,31,0,21,5,1,0,7,28,4,0,0,3,11,0,1,0,0,0,0,0,0,3,7,0,1,25,0,4,1,0,0,0,3,0,11,0,0,0,0,3,7,7,28,2,18,5,0,0,6,31,13,10,8,2,4,0,3,0,2,2,0,0,0,1,10,0
6385221,2025-05-24,9,596583,LSU,0,596607,Ole Miss,2,1,1,1,1,0,0,1,0,14775,9780,1,27,0,2,0,0,0,0,5,1,8,0,0,0,1,6,11,6,33,1,27,6,1,0,9,35,3,2,1,5,14,0,1,1,1,0,0,0,0,5,7,0,1,29,2,3,0,0,1,2,5,1,14,0,0,1,0,5,7,6,35,0,27,7,1,0,9,33,2,0,0,5,8,0,0,0,0,1,0,0,0,6,11,1
6385334,2025-05-24,9,596707,Fresno St.,9,596672,San Jose St.,1,1,1,1,1,0,0,1,0,449,11160,1,36,9,15,3,0,2,9,5,0,4,0,2,2,0,9,10,10,43,0,27,10,1,0,9,32,4,1,1,2,11,0,0,0,0,0,0,0,0,8,6,0,1,29,1,4,2,0,0,1,2,1,11,0,0,0,0,8,6,4,32,0,24,10,2,0,8,43,15,9,9,5,4,0,0,2,2,0,0,0,0,9,10,0
6385341,2025-05-24,9,596537,Eastern Ill.,1,596488,Little Rock,2,1,1,1,1,0,0,1,0,670,6840,1,32,1,6,0,0,0,1,1,1,3,0,0,0,1,10,12,6,34,1,27,11,1,0,9,36,8,2,1,0,5,0,0,0,0,0,0,0,0,10,10,0,1,34,2,8,2,1,0,2,0,2,5,0,0,0,0,10,10,7,36,1,27,10,1,0,9,34,6,1,1,1,3,0,0,0,0,1,0,0,0,10,12,0
6385382,2025-05-24,9,596504,Cal Poly,2,596557,Hawaii,1,1,1,1,1,0,0,1,0,579,9480,1,27,2,4,0,0,0,2,2,0,7,1,0,1,1,8,7,4,30,0,27,17,1,0,9,35,8,1,1,2,5,0,1,0,0,1,0,0,0,14,5,0,1,32,1,8,1,0,0,1,2,1,5,0,0,0,1,14,5,7,35,2,24,9,1,0,8,30,4,2,2,2,7,0,1,0,1,1,0,1,0,8,7,0
6384793,2025-05-25,9,596614,North Carolina,14,596523,Clemson,4,1,1,1,1,0,0,1,0,9159,12660,1,37,14,13,3,0,3,13,5,3,8,1,1,1,0,8,8,9,47,1,27,7,0,0,9,42,9,4,4,6,13,0,1,1,0,0,0,0,0,5,7,0,1,35,4,9,1,0,1,4,6,1,13,0,0,0,0,5,7,11,42,2,24,9,2,0,8,47,13,14,11,5,8,0,4,3,1,0,0,1,0,8,8,0
6385147,2025-05-25,9,596514,UCLA,0,596712,Nebraska,5,1,1,1,1,0,0,1,0,15139,10920,1,30,0,4,1,0,0,0,3,1,8,0,0,0,0,9,9,7,34,0,27,15,1,1,9,39,8,5,5,3,7,0,1,1,1,1,0,0,0,14,5,0,1,34,5,8,2,0,1,4,3,2,7,0,0,1,1,14,5,7,39,0,27,11,0,0,9,34,4,0,0,3,8,0,0,0,0,0,0,0,0,9,9,0
6385219,2025-05-25,9,596434,Vanderbilt,3,596607,Ole Miss,2,1,1,1,1,0,0,1,0,13518,9660,1,29,3,7,1,0,2,3,0,2,5,0,0,2,1,9,7,4,31,0,27,8,1,0,9,36,4,2,2,6,10,0,0,1,0,0,1,0,0,6,9,0,1,29,2,4,0,0,1,2,6,1,10,0,0,0,0,6,9,7,36,1,24,11,2,0,8,31,7,3,3,0,5,0,1,2,2,1,0,0,0,9,7,0
6385705,2025-05-30,9,596434,Vanderbilt,4,596453,Wright St.,3,1,1,1,1,0,0,0,0,3802,8760,1,27,4,4,0,0,3,4,4,1,9,0,0,0,1,5,9,4,32,0,27,6,0,0,9,33,5,3,3,1,15,0,0,2,0,0,0,0,0,5,7,0,1,32,3,5,2,0,2,3,1,0,15,0,0,0,0,5,7,3,33,0,24,6,0,0,8,32,4,4,4,4,9,0,0,3,0,1,0,0,0,5,9,0
6385710,2025-05-30,9,596480,Alabama,3,596600,Miami (FL),5,1,1,1,1,0,0,1,0,5329,10620,1,35,3,7,2,0,0,3,2,2,10,0,0,0,0,9,8,9,39,1,27,14,0,1,9,38,8,5,5,5,9,0,0,2,0,1,0,0,0,12,4,0,1,33,5,8,2,0,2,5,5,0,9,0,0,0,1,12,4,6,38,1,27,8,1,0,9,39,7,3,3,2,10,0,0,0,0,0,0,0,0,9,8,0
6385716,2025-05-30,9,596545,Florida St.,6,596494,Bethune-Cookman,2,1,1,1,1,0,0,0,0,4837,9420,1,29,6,6,0,0,3,5,6,0,8,0,0,1,0,9,6,5,35,0,27,8,1,1,9,37,10,2,2,2,9,0,0,0,3,0,0,0,0,5,10,0,1,34,2,10,0,0,0,2,2,1,9,0,0,3,0,5,10,8,37,1,24,7,3,0,8,35,6,6,6,6,8,0,2,3,1,0,0,0,0,9,6,0
6385717,2025-05-30,9,596631,Northeastern,2,596605,Mississippi St.,11,1,1,1,1,0,0,1,0,4496,9960,1,33,2,5,0,0,0,1,3,0,6,0,0,0,0,13,8,7,36,0,27,12,0,0,9,44,13,11,11,4,8,0,1,2,0,0,0,0,0,15,4,0,1,40,11,13,4,0,2,11,4,0,8,0,0,0,0,15,4,6,44,1,27,14,0,0,9,36,5,2,1,3,6,0,1,0,0,0,0,0,0,13,8,0
6385729,2025-05-30,9,596641,Oklahoma,7,596712,Nebraska,4,1,1,1,1,0,0,1,0,967,13320,1,33,7,11,1,0,2,7,6,2,8,1,0,2,0,10,4,11,42,2,27,7,1,0,9,40,6,4,2,2,14,0,1,0,2,0,0,1,0,7,6,0,1,34,4,6,1,1,0,4,2,3,14,1,0,2,0,7,6,9,40,1,24,12,0,2,8,42,11,7,4,6,8,0,0,2,2,0,0,1,0,10,4,0
6385734,2025-05-30,9,596546,Florida,6,596535,East Carolina,11,1,1,1,1,0,0,1,0,4517,12000,1,37,6,9,1,0,3,6,1,0,11,0,0,0,0,10,7,5,38,2,27,6,0,0,9,51,15,11,8,5,7,0,3,1,3,0,0,2,0,8,12,0,1,42,11,15,2,0,1,10,5,2,7,2,0,3,0,8,12,13,51,0,27,10,0,0,9,38,9,6,6,1,11,0,1,3,0,0,0,0,0,10,7,1
6385747,2025-05-30,9,596489,Auburn,9,596518,Central Conn. St.,5,1,1,1,1,0,0,0,0,7367,11400,1,35,9,13,2,1,1,8,8,0,6,1,0,0,0,9,8,11,44,1,27,10,1,0,9,44,14,5,5,4,9,0,1,0,0,0,0,0,0,11,5,0,1,40,5,14,1,0,0,5,4,0,9,0,0,0,0,11,5,10,44,1,24,9,1,0,8,44,13,9,9,8,6,0,0,1,0,0,0,1,0,9,8,0
6385752,2025-05-30,9,596425,Texas,7,596560,Houston Christian,1,1,1,1,1,0,0,0,0,7673,11100,1,32,7,7,1,0,0,6,4,1,4,0,0,4,0,10,8,6,37,0,27,12,0,0,9,36,8,1,1,1,6,0,0,0,0,0,0,0,0,13,7,0,1,33,1,8,1,0,0,1,1,1,6,0,1,0,0,13,7,8,36,3,24,13,0,0,8,37,7,7,1,4,4,0,0,0,4,0,0,0,0,10,8,0
6385753,2025-05-30,9,596426,UTSA,10,596574,Kansas St.,2,1,1,1,1,0,0,1,0,7025,11520,1,35,10,10,0,0,2,8,6,2,9,0,0,2,0,5,10,9,43,0,27,7,0,0,9,38,6,2,2,5,10,0,1,1,0,1,0,1,0,7,9,0,1,31,2,6,0,0,1,2,5,1,10,1,0,0,1,7,9,9,38,2,24,4,0,0,8,43,10,10,9,6,9,0,2,2,2,0,0,0,0,5,10,0
6385758,2025-05-30,9,596514,UCLA,19,596707,Fresno St.,4,1,1,1,1,0,0,0,0,1245,11580,1,44,19,22,4,0,3,19,1,4,2,1,1,0,1,7,13,8,51,0,27,13,1,0,9,37,9,4,4,2,1,0,2,2,0,0,0,1,0,13,12,0,1,33,4,9,1,0,2,4,2,0,1,1,1,0,0,13,12,6,37,2,24,8,1,0,8,51,22,19,16,1,2,0,1,3,0,1,1,1,0,7,13,0
6385759,2025-05-30,9,596513,UC Irvine,2,596485,Arizona St.,4,1,1,1,1,0,0,1,0,1034,9480,1,30,2,5,2,0,0,1,6,1,11,0,2,0,0,8,7,10,39,1,27,11,1,0,9,38,8,4,4,2,12,0,0,2,0,0,0,0,0,10,4,0,1,35,4,8,4,0,2,4,2,1,12,0,0,0,0,10,4,7,38,2,27,9,1,0,9,39,5,2,2,6,11,0,0,0,0,0,0,0,0,8,7,0
6385764,2025-05-30,9,596553,Georgia Tech,9,596447,Western Ky.,2,1,1,1,1,0,0,1,0,11592,10560,1,31,9,11,1,0,2,8,5,1,6,1,3,0,0,10,8,8,41,1,27,14,1,0,9,36,9,2,2,2,9,0,1,0,0,1,0,1,0,12,5,0,1,33,2,9,1,0,0,2,2,0,9,1,0,0,1,12,5,7,36,1,24,8,0,0,8,41,11,9,8,5,6,0,1,2,0,0,0,1,0,10,8,0
6385765,2025-05-30,9,596607,Ole Miss,6,596612,Murray St.,9,1,1,1,1,0,0,0,0,11925,13020,1,35,6,8,1,0,2,6,4,3,13,0,0,0,0,9,5,9,42,2,27,10,0,0,9,48,12,9,7,7,10,0,1,1,0,0,0,1,0,13,5,0,1,39,9,12,5,0,1,9,7,1,10,1,0,0,0,13,5,12,48,0,27,8,0,0,9,42,8,6,6,4,13,0,1,2,0,0,0,0,0,9,5,0
6385770,2025-05-30,9,596554,Georgia,20,596495,Binghamton,4,1,1,1,1,0,0,0,0,3633,11880,1,37,20,15,4,0,5,18,10,3,6,1,0,1,0,9,7,7,51,0,27,9,3,0,9,36,6,4,4,3,7,0,1,0,0,0,0,0,0,9,11,0,1,33,4,6,3,0,0,4,3,0,7,0,0,0,0,9,11,5,36,1,24,12,0,0,8,51,15,20,19,10,6,0,2,5,1,0,0,1,0,9,7,0
6385776,2025-05-30,9,596583,LSU,7,596488,Little Rock,0,1,1,1,1,0,0,0,0,11678,9840,1,35,7,11,4,0,2,7,5,0,7,0,1,0,0,7,10,10,41,0,27,19,0,0,9,32,5,0,0,1,9,0,0,0,0,0,0,0,0,13,3,1,1,30,0,5,0,0,0,0,1,1,9,0,0,0,0,13,3,4,32,1,24,7,1,0,8,41,11,7,7,5,7,0,3,2,0,0,0,0,0,7,10,0
6385782,2025-05-30,9,596444,West Virginia,4,596577,Kentucky,3,1,1,1,1,0,0,1,0,5288,10740,1,32,4,7,2,0,0,2,1,1,5,1,1,2,0,7,13,7,36,2,27,9,0,0,9,38,5,3,1,3,8,0,0,0,3,0,0,0,0,8,10,0,1,31,3,5,1,0,0,1,3,2,8,0,2,3,0,8,10,8,38,2,25,8,1,1,8.1,36,7,4,1,1,5,0,0,0,2,0,0,1,0,7,13,1
6385783,2025-05-30,9,596523,Clemson,7,596469,USC Upstate,3,1,1,1,1,0,0,0,0,6046,9960,1,32,7,10,1,0,1,7,3,1,11,1,1,6,0,2,11,7,38,0,27,11,0,0,9,38,8,3,3,2,10,0,0,2,1,1,0,0,0,8,7,0,1,33,3,8,1,0,2,3,2,3,10,0,0,1,1,8,7,8,38,0,24,4,1,0,8,38,10,7,7,3,11,0,0,1,6,0,0,1,0,2,11,0
6385788,2025-05-30,9,596441,Wake Forest,6,596521,Cincinnati,11,1,1,1,1,0,0,1,0,5416,12480,1,35,6,10,0,0,4,6,5,0,8,1,0,1,0,8,10,8,41,2,27,3,1,0,9,45,10,11,10,8,13,0,0,3,3,0,1,2,0,3,11,0,1,35,11,10,0,0,3,10,8,0,13,2,0,3,0,3,11,7,45,0,27,6,0,1,9,41,10,6,6,5,8,0,0,4,1,0,0,1,0,8,10,0
6385789,2025-05-30,9,596721,Tennessee,9,596599,Miami (OH),2,1,1,1,1,0,0,0,0,5969,10260,1,32,9,9,2,0,1,8,7,0,3,1,0,0,2,3,16,6,40,1,27,10,0,0,9,34,5,2,2,3,12,0,0,1,0,0,0,0,0,10,4,0,1,31,2,5,2,0,1,2,3,0,12,0,0,0,0,10,4,5,34,2,24,7,1,0,8,40,9,9,6,7,3,0,0,1,0,2,0,1,0,3,16,0
6385794,2025-05-30,9,596487,Arkansas,6,596629,North Dakota St.,2,1,1,1,1,0,0,0,0,9994,9360,1,30,6,9,2,0,1,6,3,0,5,2,1,1,0,8,11,6,36,0,27,8,0,0,9,37,9,2,2,4,11,0,0,1,0,2,0,0,0,6,7,0,1,32,2,9,1,0,1,2,4,0,11,0,1,0,2,6,7,8,37,1,24,7,1,1,8,36,9,6,6,3,5,0,0,1,1,0,0,2,0,8,11,1
6385795,2025-05-30,9,596575,Kansas,4,596529,Creighton,11,1,1,1,1,0,0,1,0,9681,11220,1,33,4,6,0,0,3,4,2,1,6,0,0,0,0,5,16,5,36,1,27,5,0,0,9,50,16,11,8,5,11,0,0,2,0,1,0,1,0,4,11,0,1,41,11,16,3,2,2,11,5,2,11,1,1,0,1,4,11,12,50,0,27,5,0,0,9,36,6,4,4,2,6,0,1,3,0,0,0,0,0,5,16,0
6385706,2025-05-31,9,596434,Vanderbilt,2,596585,Louisville,3,1,1,1,1,0,0,0,0,3802,10560,1,34,2,5,0,0,0,0,2,1,10,0,0,0,0,11,6,8,37,1,27,8,0,0,9,37,8,3,2,2,9,0,0,2,2,1,0,0,0,6,10,0,1,33,3,8,3,0,2,2,2,1,9,0,1,2,1,6,10,7,37,3,27,9,2,0,9,37,5,2,1,2,10,0,2,0,0,0,0,0,0,11,6,0
6385712,2025-05-31,9,596600,Miami (FL),14,596525,Columbia,1,1,1,1,1,0,0,1,0,5329,10380,1,37,14,16,4,0,3,13,8,1,6,0,1,2,0,7,9,7,47,0,27,11,1,0,9,34,8,1,1,1,9,0,0,1,0,0,0,0,0,10,6,2,1,33,1,8,2,0,1,1,1,0,9,0,0,0,0,10,6,6,34,1,24,8,2,0,8,47,16,14,14,8,6,0,1,3,2,0,0,0,0,7,9,0
6385713,2025-05-31,9,596719,Southern Miss.,6,596480,Alabama,5,1,1,1,1,0,0,0,0,5329,8460,1,32,6,8,0,0,3,6,4,1,4,0,0,0,0,11,9,7,37,0,27,5,0,0,9,40,9,5,5,4,10,0,0,3,0,0,0,0,0,7,9,1,1,35,5,9,1,0,3,5,4,1,10,0,0,0,0,7,9,8,40,1,24,10,1,0,8,37,8,6,6,4,4,0,0,3,0,0,0,0,0,11,9,1
6385718,2025-05-31,9,596605,Mississippi St.,3,596545,Florida St.,10,1,1,1,1,0,0,0,0,5463,11460,1,32,3,5,1,0,2,3,2,0,16,0,0,0,0,7,4,4,34,2,27,8,0,0,9,50,9,10,10,14,16,0,0,3,5,0,0,0,0,7,3,0,1,36,10,9,1,0,3,10,14,0,16,0,0,5,0,7,3,13,50,0,27,7,1,0,9,34,5,3,3,2,16,0,0,2,0,0,0,0,0,7,4,1
6385730,2025-05-31,9,596614,North Carolina,11,596641,Oklahoma,5,1,1,1,1,0,0,0,0,4029,12300,1,37,11,13,1,0,3,11,5,1,9,0,0,2,0,9,5,8,43,1,27,9,1,1,9,42,12,5,4,2,11,0,0,0,1,0,0,0,0,9,7,0,1,40,5,12,1,0,0,5,2,0,11,0,0,1,0,9,7,10,42,1,24,8,0,2,8,43,13,11,5,5,9,0,3,3,2,0,0,0,0,9,5,0
6385731,2025-05-31,9,596712,Nebraska,4,596559,Holy Cross,1,1,1,1,1,0,0,1,0,897,8700,1,34,4,10,3,0,2,4,2,1,3,0,0,2,0,7,14,9,37,0,27,16,0,0,9,33,5,1,1,2,6,0,0,1,0,1,0,0,0,11,7,0,1,29,1,5,1,0,1,1,2,2,6,0,0,0,1,11,7,4,33,0,24,6,1,0,8,37,10,4,4,2,3,0,0,2,2,0,0,0,0,7,14,0
6385737,2025-05-31,9,596540,Fairfield,2,596546,Florida,17,1,1,1,1,0,0,1,0,4321,12480,1,29,2,5,0,0,1,2,5,0,9,1,0,0,0,8,8,6,35,5,27,6,2,0,9,58,16,17,7,11,10,0,0,3,1,1,0,1,0,7,8,0,1,44,17,16,2,0,3,17,11,2,10,1,0,1,1,7,8,14,58,0,27,9,1,0,9,35,5,2,2,5,9,0,0,1,0,0,0,1,0,8,8,0
6385748,2025-05-31,9,596720,Stetson,5,596489,Auburn,8,1,1,1,1,0,0,0,0,7434,11220,1,36,5,12,2,0,0,5,3,1,5,0,1,0,0,12,8,9,41,1,27,7,1,0,9,42,12,8,8,3,7,0,0,1,0,0,0,0,0,8,12,0,1,39,8,12,8,0,1,8,3,0,7,0,0,0,0,8,12,7,42,0,27,13,0,0,9,41,12,5,5,3,5,0,0,0,0,0,0,0,0,12,8,0
6385754,2025-05-31,9,596425,Texas,7,596426,UTSA,9,1,1,1,1,0,0,0,0,7953,13200,1,37,7,10,2,0,1,6,8,3,12,0,0,3,0,6,9,14,48,2,27,18,0,1,9,39,12,9,6,2,7,0,0,0,2,0,0,1,0,7,7,0,1,34,9,12,3,0,0,8,2,2,7,1,0,2,0,7,7,2,39,0,27,7,2,0,9,48,10,7,7,8,12,0,1,1,3,0,0,0,0,6,9,0
6385760,2025-05-31,9,596485,Arizona St.,5,596514,UCLA,11,1,1,1,1,0,0,0,0,1185,10860,1,31,5,6,2,0,0,3,4,1,5,1,0,0,0,7,12,5,37,2,27,11,2,0,9,46,12,11,10,5,7,0,3,1,1,0,0,0,0,10,8,0,1,37,11,12,2,1,1,10,5,3,7,0,1,1,0,10,8,8,46,2,27,10,1,0,9,37,6,5,4,4,5,0,0,0,0,0,0,1,0,7,12,0
6385761,2025-05-31,9,596707,Fresno St.,3,596513,UC Irvine,8,1,1,1,1,0,0,1,0,725,11040,1,35,3,7,0,0,1,3,1,1,6,0,0,1,0,10,11,7,37,0,27,10,0,0,9,45,11,8,8,7,9,0,1,2,1,0,0,1,0,8,7,0,1,32,8,11,0,0,2,7,7,3,9,1,2,1,0,8,7,10,45,1,27,9,3,0,9,37,7,3,2,1,6,0,0,1,1,0,0,0,0,10,11,0
6385766,2025-05-31,9,596612,Murray St.,13,596553,Georgia Tech,11,1,1,1,1,0,0,1,0,11835,13500,1,36,13,14,2,0,4,13,7,2,8,1,0,0,0,7,8,9,46,1,27,7,1,1,9,45,10,11,10,5,10,0,0,1,2,0,0,0,0,8,9,1,1,38,11,10,4,0,1,10,5,2,10,0,0,2,0,8,9,7,45,1,24,7,0,0,8,46,14,13,13,7,8,0,0,4,0,0,0,1,0,7,8,0
6385767,2025-05-31,9,596447,Western Ky.,6,596607,Ole Miss,8,1,1,1,1,0,0,0,0,11703,11820,1,40,6,14,4,0,1,4,3,0,9,0,1,0,0,6,9,11,44,1,27,9,2,0,9,43,15,8,7,1,11,0,1,6,0,0,0,0,0,10,7,0,1,42,8,15,1,0,6,8,1,0,11,0,0,0,0,10,7,8,43,3,27,10,1,0,9,44,14,6,3,3,9,0,0,1,0,0,0,0,0,6,9,0
6385772,2025-05-31,9,596554,Georgia,3,596708,Duke,6,1,1,1,1,0,0,0,0,3633,12900,1,35,3,9,1,1,2,3,1,1,13,0,0,0,0,5,8,7,37,0,27,4,1,0,9,42,11,6,6,4,11,0,0,3,0,0,0,0,0,3,11,0,1,36,6,11,3,0,3,6,4,2,11,0,0,0,0,3,11,9,42,0,27,5,2,0,9,37,9,3,3,1,13,0,0,2,0,0,0,0,0,5,8,0
6385778,2025-05-31,9,596583,LSU,12,596703,DBU,0,1,1,1,1,0,0,0,0,11884,12120,1,34,12,10,1,1,1,9,7,5,8,1,2,2,0,11,5,13,49,0,27,7,0,0,9,37,4,0,0,5,15,0,2,0,0,0,0,0,0,5,7,0,1,31,0,4,0,0,0,0,5,1,15,0,0,0,0,5,7,10,37,4,24,11,1,0,8,49,10,12,8,7,8,0,6,1,2,0,0,1,0,11,5,0
6385779,2025-05-31,9,596656,Rhode Island,10,596488,Little Rock,22,1,1,1,1,0,0,1,0,10936,15600,1,38,10,12,1,1,2,9,8,1,8,1,0,0,0,10,9,11,48,2,27,10,0,0,9,60,20,22,19,7,6,0,3,2,0,0,0,1,0,10,10,0,1,46,22,20,5,2,2,21,7,5,6,1,1,0,0,10,10,11,60,0,27,9,0,0,9,48,12,10,10,8,8,0,3,2,0,0,0,1,0,10,9,0
6385784,2025-05-31,9,596523,Clemson,6,596444,West Virginia,9,1,1,1,1,0,0,0,0,6475,13740,1,34,6,8,2,1,1,6,4,2,11,1,0,0,0,4,11,8,41,1,27,8,1,0,9,47,15,9,9,2,4,0,0,0,1,1,0,0,0,7,13,0,1,41,9,15,4,0,0,9,2,4,4,0,0,1,1,7,13,11,47,2,27,5,1,0,9,41,8,6,6,4,11,0,0,1,0,0,0,1,0,4,11,1
6385785,2025-05-31,9,596577,Kentucky,7,596469,USC Upstate,3,1,1,1,1,0,0,1,0,5248,10200,1,26,7,8,0,0,1,7,6,1,7,0,2,4,1,9,4,4,35,0,27,5,2,0,9,36,4,3,3,3,12,0,0,0,0,0,0,1,0,7,8,0,1,30,3,4,2,0,0,3,3,2,12,1,0,0,0,7,8,6,36,0,24,14,0,0,8,35,8,7,7,6,7,0,1,1,4,1,0,0,0,9,4,0
6385790,2025-05-31,9,596521,Cincinnati,6,596721,Tennessee,10,1,1,1,1,0,0,0,0,6235,12540,1,34,6,7,2,0,1,5,6,0,15,1,0,3,0,3,9,8,41,0,27,9,0,0,9,46,12,10,10,8,8,0,0,1,0,0,0,1,0,9,9,0,1,37,10,12,4,1,1,10,8,0,8,1,0,0,0,9,9,9,46,2,27,6,0,1,9,41,7,6,3,6,15,0,0,1,3,0,1,1,0,3,9,0
6385796,2025-05-31,9,596529,Creighton,1,596487,Arkansas,12,1,1,1,1,0,0,0,0,10115,11460,1,32,1,5,1,0,0,1,3,1,10,0,0,0,0,11,6,8,36,0,27,10,0,0,9,52,13,12,12,12,9,0,2,5,3,0,0,0,0,9,7,0,1,38,12,13,1,0,5,12,12,2,9,0,0,3,0,9,7,13,52,0,27,11,1,0,9,36,5,1,1,3,10,0,0,0,0,0,0,0,0,11,6,0
6385797,2025-05-31,9,596629,North Dakota St.,4,596575,Kansas,3,1,1,1,1,0,0,1,0,9685,9840,1,29,4,9,2,0,0,3,4,3,9,0,3,0,1,8,6,11,39,1,27,10,0,0,9,37,5,3,2,2,6,0,2,1,0,0,0,0,0,10,10,1,1,32,3,5,0,0,1,3,2,3,6,0,0,0,0,10,10,7,37,2,24,8,1,0,8,39,9,4,4,4,9,0,1,0,0,1,0,0,0,8,6,0
6385708,2025-06-01,9,596453,Wright St.,5,596434,Vanderbilt,4,1,1,1,1,0,0,0,0,3802,9780,1,29,5,8,1,0,2,5,4,0,9,0,2,3,1,8,5,6,35,1,27,9,1,0,9,38,3,4,4,8,4,0,0,1,0,0,0,0,0,8,14,0,1,30,4,3,1,0,1,4,8,0,4,0,0,0,0,8,14,7,38,0,24,13,1,1,8,35,8,5,4,4,9,0,0,2,3,1,0,0,0,8,5,0
6385715,2025-06-01,9,596600,Miami (FL),6,596719,Southern Miss.,17,1,1,1,1,0,0,0,0,5329,14040,1,38,6,10,2,0,1,5,2,1,3,0,0,0,0,16,8,8,41,0,27,7,0,0,9,54,13,17,17,9,7,0,0,4,1,0,0,2,0,8,12,0,1,36,17,13,0,0,4,17,9,5,7,2,2,1,0,8,12,10,54,1,27,15,0,0,9,41,10,6,5,2,3,0,0,1,0,0,0,0,0,16,8,0
6385720,2025-06-01,9,596605,Mississippi St.,3,596631,Northeastern,2,1,1,1,1,0,0,1,0,4393,11400,1,35,3,13,1,0,0,3,2,0,3,1,0,0,0,8,12,11,38,0,27,6,1,0,9,35,4,2,2,3,11,0,0,0,2,1,0,0,0,4,10,0,1,29,2,4,1,0,0,2,3,3,11,0,0,2,1,4,10,6,35,0,24,7,1,0,8,38,13,3,3,2,3,0,0,0,0,0,1,1,0,8,12,0
6385721,2025-06-01,9,596545,Florida St.,5,596605,Mississippi St.,2,1,1,1,1,0,0,0,0,5222,11220,1,34,5,10,3,0,1,5,7,2,15,0,1,2,0,8,1,15,44,0,27,10,0,0,9,33,5,2,2,3,12,0,1,2,0,0,0,0,0,9,4,0,1,30,2,5,0,0,2,2,3,0,12,0,0,0,0,9,4,4,33,1,24,7,2,0,8,44,10,5,4,7,15,0,0,1,2,0,1,0,0,8,1,0
6385732,2025-06-01,9,596712,Nebraska,1,596641,Oklahoma,17,1,1,1,1,0,0,1,0,809,10920,1,34,1,6,1,0,0,1,3,0,12,0,0,0,0,4,11,9,37,5,27,8,0,2,9,52,18,17,14,4,6,0,0,2,1,0,0,3,0,9,11,0,1,45,17,18,5,1,2,17,4,0,6,3,0,1,0,9,11,8,52,1,27,5,1,0,9,37,6,1,0,3,12,0,0,0,0,0,0,0,0,4,11,0
6385733,2025-06-01,9,596641,Oklahoma,9,596614,North Carolina,5,1,1,1,1,0,0,0,0,4001,14160,1,35,9,11,2,0,3,8,9,1,9,0,0,0,1,8,5,11,45,1,27,11,0,0,9,41,7,5,5,5,8,0,0,1,0,0,0,0,0,11,7,0,1,34,5,7,3,0,1,5,5,2,8,0,0,0,0,11,7,9,41,2,24,9,1,1,8,45,11,9,4,9,9,0,0,3,0,1,0,0,0,8,5,0
6385738,2025-06-01,9,596535,East Carolina,11,596546,Florida,4,1,1,1,1,0,0,1,0,4442,11040,1,38,11,12,3,0,1,9,5,3,8,0,1,1,0,7,9,12,47,1,27,9,0,0,9,36,7,4,4,4,8,0,0,0,0,1,0,0,0,6,10,0,1,32,4,7,2,0,0,2,4,0,8,0,0,0,1,6,10,5,36,3,24,6,2,1,8,47,12,11,7,5,8,0,1,1,1,0,0,0,0,7,9,0
6385751,2025-06-01,9,596628,NC State,1,596489,Auburn,11,1,1,1,1,0,0,0,0,7373,12720,1,34,1,9,2,0,0,1,1,0,10,1,0,0,0,5,11,8,36,0,27,9,0,1,9,50,15,11,11,9,13,0,0,1,1,1,0,0,0,6,6,0,1,40,11,15,3,0,1,11,9,1,13,0,0,1,1,6,6,12,50,0,27,4,1,0,9,36,9,1,1,1,10,0,1,0,0,0,0,1,0,5,11,0
6385756,2025-06-01,9,596574,Kansas St.,8,596425,Texas,15,1,1,1,1,0,0,0,0,7231,12540,1,33,8,6,0,0,3,8,2,5,6,0,0,0,0,10,11,5,40,2,27,8,0,0,9,51,16,15,13,6,6,0,0,3,4,0,0,1,0,8,11,0,1,41,15,16,1,1,3,14,6,3,6,1,0,4,0,8,11,9,51,0,27,10,2,0,9,40,6,8,8,2,6,0,0,3,0,0,0,0,0,10,11,1
6385757,2025-06-01,9,596426,UTSA,7,596425,Texas,4,1,1,1,1,0,0,0,0,7407,10740,1,31,7,8,2,0,1,7,3,5,7,0,1,0,0,14,3,9,40,1,27,10,0,0,9,40,9,4,4,2,11,0,0,2,1,0,0,0,0,6,9,0,1,36,4,9,2,0,2,4,2,2,11,0,0,1,0,6,9,9,40,1,24,13,0,0,8,40,8,7,7,3,7,0,0,1,0,0,0,0,0,14,3,0
6385762,2025-06-01,9,596485,Arizona St.,6,596513,UC Irvine,11,1,1,1,1,0,0,1,0,704,12540,1,34,6,10,2,0,1,6,7,1,6,1,1,0,0,12,8,11,44,2,27,9,1,0,9,49,16,11,10,5,8,0,0,5,1,0,0,0,0,7,10,0,1,41,11,16,1,0,5,10,5,2,8,0,1,1,0,7,10,10,49,0,27,9,0,0,9,44,10,6,6,7,6,0,0,1,0,0,0,1,0,12,8,1
6385763,2025-06-01,9,596513,UC Irvine,5,596514,UCLA,8,1,1,1,1,0,0,0,0,1070,13320,1,32,5,6,1,0,1,5,7,3,13,0,0,0,0,7,6,10,42,1,27,15,1,0,9,45,11,8,8,6,3,0,1,1,2,0,0,3,0,14,8,0,1,33,8,11,1,0,1,8,6,2,3,3,1,2,0,14,8,10,45,0,27,8,2,0,9,42,6,5,5,7,13,0,0,1,0,0,0,0,0,7,6,0
6385768,2025-06-01,9,596607,Ole Miss,11,596553,Georgia Tech,9,1,1,1,1,0,0,0,0,11620,14640,1,38,11,14,4,0,3,11,5,1,9,1,0,1,0,7,8,10,45,2,27,6,0,0,9,48,12,9,8,7,11,0,2,4,1,0,0,0,0,6,9,0,1,39,9,12,3,0,4,9,7,1,11,0,1,1,0,6,9,12,48,1,24,7,1,1,8,45,14,11,10,5,9,0,0,3,1,0,0,1,0,7,8,1
6385769,2025-06-01,9,596612,Murray St.,8,596607,Ole Miss,19,1,1,1,1,0,0,0,0,11617,14280,1,41,8,14,5,1,1,8,4,1,10,0,0,1,0,11,7,11,46,1,27,11,0,0,9,57,19,19,17,10,6,0,4,5,0,0,0,1,0,9,11,0,1,43,19,19,1,1,5,16,10,3,6,1,0,0,0,9,11,11,57,0,27,8,1,0,9,46,14,8,8,4,10,0,0,1,1,0,0,0,0,11,7,0
6385774,2025-06-01,9,596714,Oklahoma St.,11,596554,Georgia,9,1,1,1,1,0,0,0,0,3120,15060,1,35,11,11,0,0,4,11,7,1,12,1,0,1,0,7,6,5,44,1,27,12,0,0,9,44,11,9,9,4,9,0,0,4,2,1,0,0,0,10,6,0,1,36,9,11,1,0,4,8,4,4,9,0,0,2,1,10,6,7,44,1,26,7,1,0,8.2,44,11,11,10,7,12,0,0,4,1,0,0,1,0,7,6,1
6385780,2025-06-01,9,596488,Little Rock,8,596703,DBU,6,1,1,1,1,0,0,1,0,10895,10980,1,35,8,13,1,0,4,8,2,0,5,0,0,0,1,8,8,4,37,0,27,6,1,0,9,42,9,6,6,6,8,0,2,0,2,0,0,0,0,7,10,0,1,34,6,9,2,0,0,5,6,2,8,0,0,2,0,7,10,9,42,2,24,12,2,0,8,37,13,8,7,2,5,0,1,4,0,1,1,0,0,8,8,0
6385781,2025-06-01,9,596488,Little Rock,10,596583,LSU,4,1,1,1,1,0,0,0,0,11510,13620,1,30,10,8,2,0,1,9,11,0,10,1,1,0,0,9,5,9,43,2,27,10,0,0,9,41,11,4,4,4,5,0,1,0,1,1,0,0,0,8,12,0,1,37,4,11,2,0,0,2,4,0,5,0,0,1,1,8,12,10,41,0,24,9,1,0,8,43,8,10,10,11,10,0,4,1,0,0,0,1,0,9,5,1
6385786,2025-06-01,9,596577,Kentucky,16,596523,Clemson,4,1,1,1,1,0,0,0,0,5492,12480,1,34,16,13,4,0,0,12,4,3,3,2,0,1,1,8,9,3,43,1,27,8,2,0,9,41,9,4,4,5,11,0,4,0,0,0,0,0,0,7,7,0,1,35,4,9,0,0,0,1,5,1,11,0,0,0,0,7,7,10,41,7,24,11,2,1,8,43,13,16,11,4,3,0,1,0,1,1,0,2,0,8,9,0
6385787,2025-06-01,9,596444,West Virginia,13,596577,Kentucky,12,1,1,1,1,0,0,1,0,5330,16260,1,38,13,12,1,0,1,13,7,2,4,0,0,0,0,11,9,10,47,5,27,4,0,1,9,52,13,12,10,10,14,0,0,2,3,2,0,1,0,2,8,1,1,39,12,13,1,0,2,11,10,2,14,1,0,3,2,2,8,13,52,2,24,11,0,0,8,47,12,13,11,7,4,0,1,1,0,0,0,0,0,11,9,0
6385792,2025-06-01,9,596521,Cincinnati,3,596441,Wake Forest,10,1,1,1,1,0,0,1,0,5395,10260,1,34,3,8,2,0,0,3,2,2,5,0,0,0,0,8,13,8,38,2,27,10,1,0,9,44,9,10,9,6,9,0,0,3,0,0,0,1,0,11,6,0,1,35,10,9,2,0,3,10,6,1,9,1,1,0,0,11,6,7,44,0,27,9,1,0,9,38,8,3,3,2,5,0,0,0,0,0,0,0,0,8,13,0
6385793,2025-06-01,9,596441,Wake Forest,7,596721,Tennessee,6,1,1,1,1,0,0,0,0,6015,11460,1,34,7,10,2,1,2,7,6,0,17,0,0,0,0,4,3,6,40,1,27,7,0,0,9,39,6,6,4,5,12,0,0,2,0,0,0,0,0,6,9,0,1,34,6,6,1,0,2,6,5,0,12,0,0,0,0,6,9,6,39,1,24,2,0,0,8,40,10,7,7,6,17,0,0,2,0,0,0,0,0,4,3,0
6385799,2025-06-01,9,596487,Arkansas,8,596529,Creighton,3,1,1,1,1,0,0,0,0,9946,9180,1,29,8,9,1,1,4,8,4,2,3,0,1,0,1,11,7,4,36,0,27,4,2,0,9,33,5,3,3,0,20,0,0,1,0,0,0,0,0,3,4,0,1,32,3,5,0,0,1,3,0,1,20,0,0,0,0,3,4,3,33,0,24,14,0,0,8,36,9,8,8,4,3,0,0,4,0,1,0,0,0,11,7,0
6385916,2025-06-02,,596545,Florida St.,,596605,Mississippi St.,,1,1,0,0,0,0,0,0,,,0,0,0,0,0,0,0,0,0,0,0,0,0,0,0,0,0,0,0,0,0,0,0,0,0,0,0,0,0,0,0,0,0,0,0,0,0,0,0,0,0,0,0,0,0,0,0,0,0,0,0,0,0,0,0,0,0,0,0,0,0,0,0,0,0,0,0,0,0,0,0,0,0,0,0,0,0,0,0,0,0,0,0,0
6385918,2025-06-02,9,596641,Oklahoma,4,596614,North Carolina,14,1,1,1,1,0,0,0,0,3914,12060,1,34,4,7,1,0,2,4,5,0,13,0,0,0,0,6,8,8,39,1,27,12,0,0,9,50,17,14,11,6,8,0,0,3,1,1,0,1,0,12,5,0,1,41,14,17,1,0,3,14,6,1,8,1,1,1,1,12,5,9,50,0,27,4,1,0,9,39,7,4,4,5,13,0,0,2,0,0,1,0,0,6,8,0
6385919,2025-06-02,9,596721,Tennessee,11,596441,Wake Forest,5,1,1,1,1,0,0,0,0,6198,12480,1,31,11,9,2,0,2,9,7,2,11,0,0,2,0,7,4,5,40,0,27,6,2,0,9,36,6,5,5,3,16,0,0,2,3,0,0,0,0,5,6,1,1,33,5,6,2,0,2,5,3,0,16,0,0,3,0,5,6,4,36,0,24,8,0,0,8,40,9,11,11,7,11,0,2,2,2,0,0,0,0,7,4,0
6385921,2025-06-02,,596426,UTSA,,596425,Texas,,1,1,0,0,0,0,0,0,,,0,0,0,0,0,0,0,0,0,0,0,0,0,0,0,0,0,0,0,0,0,0,0,0,0,0,0,0,0,0,0,0,0,0,0,0,0,0,0,0,0,0,0,0,0,0,0,0,0,0,0,0,0,0,0,0,0,0,0,0,0,0,0,0,0,0,0,0,0,0,0,0,0,0,0,0,0,0,0,0,0,0,0,0
6385923,2025-06-02,,596444,West Virginia,,596577,Kentucky,,1,1,0,0,0,0,1,0,,,0,0,0,0,0,0,0,0,0,0,0,0,0,0,0,0,0,0,0,0,0,0,0,0,0,0,0,0,0,0,0,0,0,0,0,0,0,0,0,0,0,0,0,0,0,0,0,0,0,0,0,0,0,0,0,0,0,0,0,0,0,0,0,0,0,0,0,0,0,0,0,0,0,0,0,0,0,0,0,0,0,0,0,0
6385924,2025-06-02,9,596719,Southern Miss.,4,596600,Miami (FL),5,1,1,1,1,0,0,0,0,5329,10920,1,31,4,6,0,0,1,4,4,1,8,0,0,0,1,13,4,5,36,0,27,6,1,1,9,38,9,5,5,2,15,0,0,2,1,0,0,0,0,5,7,0,1,35,5,9,2,0,2,5,2,0,15,0,1,1,0,5,7,6,38,0,27,15,0,0,9,36,6,4,4,4,8,0,0,1,0,1,0,0,0,13,4,0
6385928,2025-06-02,,596628,NC State,,596489,Auburn,,1,1,0,0,0,0,0,0,,,0,0,0,0,0,0,0,0,0,0,0,0,0,0,0,0,0,0,0,0,0,0,0,0,0,0,0,0,0,0,0,0,0,0,0,0,0,0,0,0,0,0,0,0,0,0,0,0,0,0,0,0,0,0,0,0,0,0,0,0,0,0,0,0,0,0,0,0,0,0,0,0,0,0,0,0,0,0,0,0,0,0,0,0
6385929,2025-06-02,,596444,West Virginia,,596577,Kentucky,,1,1,0,0,0,0,1,0,,,0,0,0,0,0,0,0,0,0,0,0,0,0,0,0,0,0,0,0,0,0,0,0,0,0,0,0,0,0,0,0,0,0,0,0,0,0,0,0,0,0,0,0,0,0,0,0,0,0,0,0,0,0,0,0,0,0,0,0,0,0,0,0,0,0,0,0,0,0,0,0,0,0,0,0,0,0,0,0,0,0,0,0,0
6385930,2025-06-02,9,596607,Ole Miss,11,596612,Murray St.,12,1,1,1,1,0,0,0,0,11905,13620,1,37,11,10,0,0,3,11,4,2,15,0,0,0,0,8,8,5,43,2,27,10,0,0,9,48,19,12,7,1,10,0,1,0,1,0,0,0,0,12,6,0,1,47,12,19,4,1,0,10,1,0,10,0,0,1,0,12,6,9,48,0,27,4,1,0,9,43,10,11,11,4,15,0,0,3,0,0,0,0,0,8,8,0
6385932,2025-06-02,,596487,Arkansas,,596529,Creighton,,1,1,0,0,0,0,0,0,,,0,0,0,0,0,0,0,0,0,0,0,0,0,0,0,0,0,0,0,0,0,0,0,0,0,0,0,0,0,0,0,0,0,0,0,0,0,0,0,0,0,0,0,0,0,0,0,0,0,0,0,0,0,0,0,0,0,0,0,0,0,0,0,0,0,0,0,0,0,0,0,0,0,0,0,0,0,0,0,0,0,0,0,0
6385935,2025-06-02,9,596488,Little Rock,6,596583,LSU,10,1,1,1,1,0,0,0,0,11656,13440,1,34,6,8,0,0,0,6,5,1,16,0,2,2,0,9,2,9,42,2,27,7,0,0,9,48,11,10,9,8,7,0,4,4,0,0,0,0,0,7,14,0,1,40,10,11,2,0,4,10,8,0,7,0,0,0,0,7,14,11,48,1,27,9,0,0,9,42,8,6,5,5,16,0,0,0,2,0,0,0,0,9,2,1
6385946,2025-06-02,,596545,Florida St.,,596605,Mississippi St.,,1,1,0,0,0,0,0,0,,,0,0,0,0,0,0,0,0,0,0,0,0,0,0,0,0,0,0,0,0,0,0,0,0,0,0,0,0,0,0,0,0,0,0,0,0,0,0,0,0,0,0,0,0,0,0,0,0,0,0,0,0,0,0,0,0,0,0,0,0,0,0,0,0,0,0,0,0,0,0,0,0,0,0,0,0,0,0,0,0,0,0,0,0
6385974,2025-06-06,9,596585,Louisville,8,596600,Miami (FL),1,1,1,1,1,0,0,0,0,5776,10500,1,34,8,10,2,0,3,6,3,1,1,1,0,0,0,8,15,7,39,0,27,6,0,0,9,40,6,1,1,5,12,0,0,0,1,0,0,1,0,6,9,1,1,32,1,6,4,0,0,1,5,2,12,1,0,1,0,6,9,12,40,1,24,8,0,0,8,39,10,8,7,3,1,0,0,3,0,0,0,1,0,8,15,0
6385977,2025-06-06,10,596643,Oregon St.,5,596545,Florida St.,4,1,1,1,1,0,0,0,0,4378,12180,1,40,5,13,5,0,0,4,2,0,11,0,0,0,0,9,7,6,42,0,30,8,0,0,10,42,11,4,4,4,15,0,1,1,0,0,0,0,0,4,8,1,1,38,4,11,2,0,1,4,4,0,15,0,0,0,0,4,8,6,42,0,28,10,0,0,9.1,42,13,5,5,2,11,0,1,0,0,0,1,0,0,9,7,1
6385983,2025-06-06,10,596489,Auburn,6,596524,Coastal Carolina,7,1,1,1,1,0,0,0,0,7891,12180,1,37,6,11,3,0,2,5,5,0,6,1,1,0,1,8,12,8,44,1,30,5,2,0,10,42,10,7,7,1,12,0,1,4,0,2,0,0,0,4,12,0,1,39,7,10,0,0,4,7,1,2,12,0,0,0,2,4,12,4,42,2,30,12,0,0,10,44,11,6,5,5,6,0,2,2,0,1,0,1,0,8,12,0
6385975,2025-06-07,9,596600,Miami (FL),9,596585,Louisville,6,1,1,1,1,0,0,0,0,6066,11100,1,35,9,13,3,0,2,9,3,1,4,0,2,0,0,9,10,8,41,0,27,13,1,0,9,41,9,6,6,4,5,0,0,3,2,0,0,0,0,11,8,1,1,32,6,9,1,0,3,6,4,4,5,0,1,2,0,11,8,6,41,1,24,10,2,0,8,41,13,9,5,3,4,0,0,2,0,0,0,0,0,9,10,0
6385978,2025-06-07,9,596545,Florida St.,3,596643,Oregon St.,1,1,1,1,1,0,0,0,0,4408,11220,1,31,3,6,1,0,0,3,5,0,14,0,0,1,0,9,1,9,36,0,27,4,0,0,9,36,6,1,1,3,14,0,1,0,1,0,0,0,0,4,8,0,1,32,1,6,0,0,0,1,3,1,14,0,0,1,0,4,8,8,36,1,24,8,1,0,8,36,6,3,2,5,14,0,0,0,1,0,0,0,0,9,1,0
6385984,2025-06-07,9,596524,Coastal Carolina,4,596489,Auburn,1,1,1,1,1,0,0,0,0,7841,11100,1,33,4,11,2,0,0,3,4,3,5,0,1,0,0,6,11,13,41,0,27,6,2,0,9,39,8,1,1,4,11,0,0,0,0,0,0,0,0,7,9,0,1,35,1,8,0,0,0,1,4,0,11,0,0,0,0,7,9,11,39,1,24,5,0,0,8,41,11,4,2,4,5,0,1,0,0,0,0,0,0,6,11,0
6385986,2025-06-07,9,596514,UCLA,5,596426,UTSA,2,1,1,1,1,0,0,0,0,1392,9900,1,33,5,10,2,1,0,5,6,2,4,1,0,1,0,6,13,13,42,0,27,17,1,0,9,33,6,2,2,0,5,0,0,1,1,0,0,0,0,15,6,0,1,32,2,6,0,0,1,1,0,1,5,0,0,1,0,15,6,4,33,1,24,6,0,0,8,42,10,5,5,6,4,0,0,0,1,0,0,1,0,6,13,0
6385992,2025-06-07,9,596583,LSU,16,596444,West Virginia,9,1,1,1,1,0,0,0,0,12093,13560,1,31,16,8,1,0,3,16,8,5,4,0,1,0,0,8,11,5,45,2,27,9,1,0,9,43,11,9,8,4,8,0,2,2,1,0,0,0,0,9,10,0,1,38,9,11,1,0,2,8,4,0,8,0,1,1,0,9,10,7,43,1,24,7,0,1,8,45,8,16,16,8,4,0,0,3,0,0,0,0,0,8,11,0
6385995,2025-06-07,9,596487,Arkansas,4,596721,Tennessee,3,1,1,1,1,0,0,0,0,10205,9120,1,32,4,10,0,0,1,3,2,1,7,0,0,2,0,12,3,7,35,1,27,11,2,0,9,31,2,3,2,2,8,0,0,2,0,0,0,0,0,11,7,0,1,29,3,2,0,0,2,3,2,0,8,0,0,0,0,11,7,1,31,0,24,9,1,0,8,35,10,4,4,2,7,0,1,1,2,0,0,0,0,12,3,0
6385976,2025-06-08,9,596585,Louisville,3,596600,Miami (FL),2,1,1,1,1,0,0,0,0,6046,11280,1,33,3,10,2,0,0,3,3,0,7,0,1,1,0,10,7,10,37,0,27,10,0,0,9,37,8,2,2,4,5,0,0,1,0,0,0,0,0,8,12,0,1,33,2,8,1,0,1,2,4,0,5,0,0,0,0,8,12,8,37,0,24,8,2,0,8,37,10,3,3,3,7,0,1,0,1,0,0,0,0,10,7,0
6385979,2025-06-08,9,596643,Oregon St.,14,596545,Florida St.,10,1,1,1,1,0,0,0,0,4380,12420,1,35,14,12,0,0,5,14,4,2,6,0,0,0,0,7,10,3,41,1,27,9,1,0,9,47,17,10,10,3,9,0,2,3,1,0,0,1,0,12,5,0,1,43,10,17,2,0,3,10,3,0,9,1,0,1,0,12,5,10,47,0,24,7,1,0,8,41,12,14,14,4,6,0,1,5,0,0,0,0,0,7,10,0
6385987,2025-06-08,9,596426,UTSA,0,596514,UCLA,7,1,1,1,1,0,0,0,0,1793,12960,1,29,0,4,1,0,0,0,2,2,9,0,0,0,1,5,11,6,33,2,27,14,1,2,9,44,12,7,7,4,7,0,1,0,1,1,0,1,0,12,6,0,1,33,7,12,2,0,0,6,4,3,7,1,3,1,1,12,6,10,44,1,27,6,1,0,9,33,4,0,0,2,9,0,0,0,0,1,0,0,0,5,11,0
6385993,2025-06-08,9,596444,West Virginia,5,596583,LSU,12,1,1,1,1,0,0,0,0,12301,13260,1,34,5,6,0,0,3,5,4,1,11,0,0,2,0,7,9,7,39,3,27,11,0,0,9,49,10,12,7,9,6,0,1,1,1,0,0,0,0,10,9,0,1,37,12,10,3,0,1,11,9,3,6,0,0,1,0,10,9,10,49,1,27,12,1,0,9,39,6,5,5,4,11,0,1,3,2,0,0,0,0,7,9,0
6385996,2025-06-08,9,596721,Tennessee,4,596487,Arkansas,11,1,1,1,1,0,0,0,0,10273,13680,1,34,4,8,1,0,1,3,4,0,10,0,0,0,0,6,10,7,38,0,27,5,1,1,9,45,10,11,11,8,8,0,4,3,0,0,0,0,0,6,11,0,1,35,11,10,1,0,3,10,8,2,8,0,0,0,0,6,11,7,45,0,27,6,1,0,9,38,8,4,4,4,10,0,1,1,0,0,0,0,0,6,10,1
6386114,2025-06-14,9,596514,UCLA,6,596612,Murray St.,4,1,1,1,1,0,0,1,0,24346,10920,1,30,6,9,2,0,0,6,4,2,4,0,2,1,0,8,12,8,38,0,27,8,0,0,9,40,9,4,4,5,8,0,0,0,0,0,0,1,0,8,10,0,1,34,4,9,1,0,0,4,5,0,8,1,0,0,0,8,10,9,40,0,24,7,1,0,8,38,9,6,6,4,4,0,0,0,1,0,0,0,0,8,12,0
6386115,2025-06-14,9,596487,Arkansas,1,596583,LSU,4,1,1,1,1,0,0,1,0,25464,10140,1,29,1,4,0,0,1,1,2,0,10,0,0,0,0,10,5,3,31,0,27,7,2,0,9,39,6,4,4,4,16,0,0,0,0,0,0,0,0,7,4,0,1,33,4,6,1,0,0,4,4,2,16,0,0,0,0,7,4,8,39,0,27,9,0,0,9,31,4,1,1,2,10,0,1,1,0,0,0,0,0,10,5,0
6386116,2025-06-16,9,596583,LSU,9,596514,UCLA,5,1,1,1,1,0,0,1,0,24623,13260,1,36,9,12,0,0,1,9,5,2,7,0,0,0,0,14,3,10,43,0,27,15,0,0,9,39,9,5,5,2,6,0,1,0,0,0,0,0,0,16,4,0,1,34,5,9,1,0,0,5,2,2,6,0,1,0,0,16,4,7,39,0,24,13,1,0,8,43,12,9,9,5,7,0,0,1,0,0,0,0,0,14,3,0
6386117,2025-06-16,9,596612,Murray St.,0,596487,Arkansas,3,1,1,1,1,0,0,1,0,24074,9060,1,27,0,0,0,0,0,0,0,1,19,0,0,0,0,5,3,1,28,1,27,6,0,0,9,39,10,3,3,2,11,0,0,0,4,1,0,1,0,5,10,0,1,35,3,10,2,0,0,3,2,0,11,1,1,4,1,5,10,9,39,0,27,3,0,0,9,28,0,0,0,0,19,0,0,0,0,0,0,0,0,5,3,0
6386118,2025-06-17,9,596487,Arkansas,7,596514,UCLA,3,1,1,1,1,0,0,1,0,24171,12000,1,31,7,10,2,1,1,6,5,0,6,0,1,1,0,9,7,6,37,3,27,11,2,0,9,36,6,3,1,4,8,0,2,0,0,1,0,0,0,11,7,1,1,32,3,6,0,1,0,1,4,0,8,0,0,0,1,11,7,4,36,1,24,11,1,1,8,37,10,7,7,5,6,0,1,1,1,0,0,0,0,9,7,0
6386119,2025-06-18,9,596583,LSU,6,596487,Arkansas,5,1,1,1,1,0,0,1,0,25740,12000,1,34,6,10,4,0,1,6,4,2,14,0,1,0,1,6,5,7,41,3,27,12,0,0,9,38,9,5,4,0,11,0,1,1,2,0,0,0,0,12,4,2,1,36,5,9,1,0,1,4,0,1,11,0,0,2,0,12,4,6,37,1,26,8,0,0,8.2,41,10,6,6,4,14,0,0,1,0,1,0,0,0,6,5,0
6386120,2025-06-21,9,596583,LSU,1,596524,Coastal Carolina,0,1,1,1,1,0,0,1,0,25761,9300,1,30,1,6,1,0,0,1,2,0,11,0,0,0,0,7,5,7,32,0,27,11,1,1,9,36,3,0,0,5,10,0,0,0,0,1,0,0,0,9,7,0,1,28,0,3,1,0,0,0,5,2,10,0,1,0,1,9,7,8,36,1,24,9,0,1,8,32,6,1,1,2,11,0,0,0,0,0,0,0,0,7,5,0
6386171,2025-06-22,9,596524,Coastal Carolina,3,596583,LSU,5,1,1,1,1,0,0,1,0,24734,10500,1,34,3,8,0,0,2,3,1,1,13,0,0,1,0,7,6,6,36,2,27,10,1,0,9,41,10,5,5,3,9,0,0,0,0,1,0,0,0,8,8,0,1,35,5,10,1,0,0,5,3,1,9,0,2,0,1,8,8,9,41,0,27,8,1,0,9,36,8,3,3,1,13,0,0,2,1,0,0,0,0,7,6,0
